{"id":4,"slug":"1-10-anglefort","nom_standard":"Anglefort","code_postal":"1","code_departement":"1","libelle_departement":"Ain","code_commune":"10","Tour 1":{"Inscrits":751,"Abstentions":486,"% Abs/Ins":64.71,"Votants":265,"% Vot/Ins":35.29,"Blancs":12,"% Blancs/Ins":1.6,"% Blancs/Vot":4.53,"Nuls":58,"% Nuls/Ins":7.72,"% Nuls/Vot":21.89,"Exprimés":195,"% Exp/Ins":25.97,"% Exp/Vot":73.58,"resultats":[{"N.Pan.":null,"Code Nuance":"LNC","Sexe":"M","Nom":"THIBOUD","Prénom":"Bernard","Liste":"CONTINUONS ANGLEFORT","Sièges / Elu":"15","Sièges Secteur":0,"Sièges CC":2,"Voix":195,"% Voix/Ins":25.97,"% Voix/Exp":100}]},"population":{"F0-2":19.3809763508397,"F3-5":25.7074352356641,"F6-10":49.0573043135212,"F11-17":57.5245066329863,"F18-24":21.6849883437162,"F25-39":115.814443508188,"F40-54":111.71096525412,"F55-64":52.4974013835528,"F65-79":75.2405223547477,"F80+":31.669642848079,"H0-2":21.2274218325849,"H3-5":22.0805124658866,"H6-10":50.3127395154408,"H11-17":46.2824597946739,"H18-24":24.345525837859,"H25-39":116.074850365936,"H40-54":113.065200115166,"H55-64":70.9951577017223,"H65-79":62.9817935852744,"H80+":13.3461525600408},"Analyse":{"Votes décisifs":196,"tour décisif":1,"majeurs":809.4266438584021,"Non votants de 18-24":30.96048115181085}}