{"id":54,"slug":"1-157-fareins","nom_standard":"Fareins","code_postal":"1","code_departement":"1","libelle_departement":"Ain","code_commune":"157","Tour 1":{"Inscrits":1751,"Abstentions":1220,"% Abs/Ins":69.67,"Votants":531,"% Vot/Ins":30.33,"Blancs":14,"% Blancs/Ins":0.8,"% Blancs/Vot":2.64,"Nuls":19,"% Nuls/Ins":1.09,"% Nuls/Vot":3.58,"Exprimés":498,"% Exp/Ins":28.44,"% Exp/Vot":93.79,"resultats":[{"N.Pan.":null,"Code Nuance":"LNC","Sexe":"M","Nom":"DUMOULIN","Prénom":"Yves","Liste":"FAREINS POUR DEMAIN","Sièges / Elu":"19","Sièges Secteur":0,"Sièges CC":2,"Voix":498,"% Voix/Ins":28.44,"% Voix/Exp":100}]},"population":{"F0-2":37.8430945458825,"F3-5":39.7693393192304,"F6-10":89.6361432569218,"F11-17":113.723334275189,"F18-24":66.6515304425559,"F25-39":199.855480001633,"F40-54":238.586523939959,"F55-64":155.162877592155,"F65-79":189.655781304437,"F80+":51.8927059662625,"H0-2":45.5585048243459,"H3-5":50.2616910607311,"H6-10":81.9600721853078,"H11-17":107.915509472195,"H18-24":71.1304446857728,"H25-39":191.509444815416,"H40-54":240.543096867072,"H55-64":143.867969027843,"H65-79":181.20656538505,"H80+":42.2698910320405},"Analyse":{"Votes décisifs":499,"tour décisif":1,"majeurs":1772.3323110601966,"Non votants de 18-24":96.5017770883926}}