{"id":70,"slug":"1-195-jasseron","nom_standard":"Jasseron","code_postal":"1","code_departement":"1","libelle_departement":"Ain","code_commune":"195","Tour 1":{"Inscrits":1298,"Abstentions":581,"% Abs/Ins":44.76,"Votants":717,"% Vot/Ins":55.24,"Blancs":6,"% Blancs/Ins":0.46,"% Blancs/Vot":0.84,"Nuls":5,"% Nuls/Ins":0.39,"% Nuls/Vot":0.7,"Exprimés":706,"% Exp/Ins":54.39,"% Exp/Vot":98.47,"resultats":[{"N.Pan.":null,"Code Nuance":"LNC","Sexe":"M","Nom":"MATHIEU","Prénom":"Alain","Liste":"AGIR POUR JASSERON","Sièges / Elu":"4","Sièges Secteur":0,"Sièges CC":0,"Voix":325,"% Voix/Ins":25.04,"% Voix/Exp":46.03},{"N.Pan.":2,"Code Nuance":"LNC","Sexe":"M","Nom":"GOBERT","Prénom":"Sébastien","Liste":"UN NOUVEL ELAN POUR JASSERON","Sièges / Elu":"15","Sièges Secteur":0,"Sièges CC":1,"Voix":381,"% Voix/Ins":29.35,"% Voix/Exp":53.97}]},"population":{"F0-2":30.5426082968791,"F3-5":30.5165807607044,"F6-10":60.0751487643745,"F11-17":102.912086908366,"F18-24":43.0315018628041,"F25-39":133.870418863907,"F40-54":189.477989152657,"F55-64":116.398980837334,"F65-79":151.392519737978,"F80+":113.048832170975,"H0-2":31.5005234601351,"H3-5":27.660090109333,"H6-10":59.9629303305354,"H11-17":93.4053497829258,"H18-24":53.59096291919,"H25-39":119.587946236205,"H40-54":160.686033446835,"H55-64":131.683062091579,"H65-79":124.173435948199,"H80+":48.4829983190845},"Analyse":{"Votes décisifs":57,"tour décisif":1,"majeurs":1385.4246815867477,"Non votants de 18-24":46.617359365982395}}