{"id":76,"slug":"1-213-leyment","nom_standard":"Leyment","code_postal":"1","code_departement":"1","libelle_departement":"Ain","code_commune":"213","Tour 1":{"Inscrits":937,"Abstentions":639,"% Abs/Ins":68.2,"Votants":298,"% Vot/Ins":31.8,"Blancs":21,"% Blancs/Ins":2.24,"% Blancs/Vot":7.05,"Nuls":31,"% Nuls/Ins":3.31,"% Nuls/Vot":10.4,"Exprimés":246,"% Exp/Ins":26.25,"% Exp/Vot":82.55,"resultats":[{"N.Pan.":null,"Code Nuance":"LNC","Sexe":"F","Nom":"BOTTEX","Prénom":"Marilyn","Liste":"UNIS POUR DEMAIN","Sièges / Elu":"15","Sièges Secteur":0,"Sièges CC":1,"Voix":246,"% Voix/Ins":26.25,"% Voix/Exp":100}]},"population":{"F0-2":21.6990143224765,"F3-5":32.6953186211254,"F6-10":55.0690573815524,"F11-17":81.1473560648609,"F18-24":35.1595497967068,"F25-39":123.781977580404,"F40-54":158.367482966734,"F55-64":102.886136437611,"F65-79":47.7890638552095,"F80+":26.1433128191974,"H0-2":26.6410462468071,"H3-5":29.6974216584671,"H6-10":49.4724216184187,"H11-17":51.3800874870968,"H18-24":55.9142635504472,"H25-39":112.849229381007,"H40-54":148.196970933512,"H55-64":102.744722789316,"H65-79":58.951272876733,"H80+":11.4142936123171},"Analyse":{"Votes décisifs":247,"tour décisif":1,"majeurs":984.1982765991951,"Non votants de 18-24":63.498072744120634}}