{"id":78,"slug":"1-229-malafretaz","nom_standard":"Malafretaz","code_postal":"1","code_departement":"1","libelle_departement":"Ain","code_commune":"229","Tour 1":{"Inscrits":875,"Abstentions":562,"% Abs/Ins":64.23,"Votants":313,"% Vot/Ins":35.77,"Blancs":7,"% Blancs/Ins":0.8,"% Blancs/Vot":2.24,"Nuls":88,"% Nuls/Ins":10.06,"% Nuls/Vot":28.12,"Exprimés":218,"% Exp/Ins":24.91,"% Exp/Vot":69.65,"resultats":[{"N.Pan.":null,"Code Nuance":"LNC","Sexe":"M","Nom":"LEROUX","Prénom":"Gary","Liste":"Ensemble, construisons une dynamique pour Malafretaz","Sièges / Elu":"15","Sièges Secteur":0,"Sièges CC":1,"Voix":218,"% Voix/Ins":24.91,"% Voix/Exp":100}]},"population":{"F0-2":19.6669817493365,"F3-5":24.4661302569967,"F6-10":31.0551032008977,"F11-17":53.9726019241746,"F18-24":45.5934290534489,"F25-39":104.654038827485,"F40-54":120.451752577247,"F55-64":72.1373944370831,"F65-79":93.9966257604323,"F80+":45.5769147264263,"H0-2":22.573986690649,"H3-5":29.1027110211863,"H6-10":34.370083969903,"H11-17":70.9549163949366,"H18-24":43.4364514636145,"H25-39":110.354639292983,"H40-54":119.906258744412,"H55-64":81.007358089623,"H65-79":76.607934136555,"H80+":26.1146876826091},"Analyse":{"Votes décisifs":219,"tour décisif":1,"majeurs":939.8374847919191,"Non votants de 18-24":59.379698381573796}}