{"id":79,"slug":"1-231-manziat","nom_standard":"Manziat","code_postal":"1","code_departement":"1","libelle_departement":"Ain","code_commune":"231","Tour 1":{"Inscrits":1548,"Abstentions":996,"% Abs/Ins":64.34,"Votants":552,"% Vot/Ins":35.66,"Blancs":6,"% Blancs/Ins":0.39,"% Blancs/Vot":1.09,"Nuls":20,"% Nuls/Ins":1.29,"% Nuls/Vot":3.62,"Exprimés":526,"% Exp/Ins":33.98,"% Exp/Vot":95.29,"resultats":[{"N.Pan.":null,"Code Nuance":"LNC","Sexe":"M","Nom":"LARDET","Prénom":"Denis","Liste":"POUR MANZIAT","Sièges / Elu":"19","Sièges Secteur":0,"Sièges CC":3,"Voix":526,"% Voix/Ins":33.98,"% Voix/Exp":100}]},"population":{"F0-2":33.3131392945367,"F3-5":28.2067230733345,"F6-10":61.9346417320053,"F11-17":82.9703415147261,"F18-24":49.57807636906,"F25-39":147.182512632771,"F40-54":201.765929862887,"F55-64":140.901080613735,"F65-79":173.562429533251,"F80+":55.0642729450432,"H0-2":29.3651570016377,"H3-5":26.3249686305778,"H6-10":70.6672773527641,"H11-17":94.453375003086,"H18-24":50.2570318523474,"H25-39":157.787032210082,"H40-54":218.790377505182,"H55-64":130.303822839919,"H65-79":152.446028093138,"H80+":43.1257819399176},"Analyse":{"Votes décisifs":527,"tour décisif":1,"majeurs":1520.7643763973329,"Non votants de 18-24":63.59742367702769}}