{"id":87,"slug":"1-246-mezeriat","nom_standard":"Mézériat","code_postal":"1","code_departement":"1","libelle_departement":"Ain","code_commune":"246","Tour 1":{"Inscrits":1545,"Abstentions":841,"% Abs/Ins":54.43,"Votants":704,"% Vot/Ins":45.57,"Blancs":22,"% Blancs/Ins":1.42,"% Blancs/Vot":3.13,"Nuls":16,"% Nuls/Ins":1.04,"% Nuls/Vot":2.27,"Exprimés":666,"% Exp/Ins":43.11,"% Exp/Vot":94.6,"resultats":[{"N.Pan.":null,"Code Nuance":"LNC","Sexe":"M","Nom":"DUPUIT","Prénom":"Guy","Liste":"AGIR ENSEMBLE MEZERIAT","Sièges / Elu":"15","Sièges Secteur":0,"Sièges CC":2,"Voix":335,"% Voix/Ins":21.68,"% Voix/Exp":50.3},{"N.Pan.":2,"Code Nuance":"LNC","Sexe":"F","Nom":"VOLATIER","Prénom":"Leslie","Liste":"J'AIME MÉZÉRIAT","Sièges / Elu":"4","Sièges Secteur":0,"Sièges CC":1,"Voix":331,"% Voix/Ins":21.42,"% Voix/Exp":49.7}]},"population":{"F0-2":49.7963541953217,"F3-5":46.805398815339,"F6-10":66.7823450716725,"F11-17":124.075383181274,"F18-24":60.1611451212346,"F25-39":205.196954851837,"F40-54":214.439776547755,"F55-64":131.237513622912,"F65-79":170.970621908373,"F80+":62.9385644506862,"H0-2":34.2999356006261,"H3-5":35.8420430584145,"H6-10":75.1456654678809,"H11-17":114.440392641681,"H18-24":62.3834360063307,"H25-39":201.598995486509,"H40-54":200.034052720043,"H55-64":124.926517008981,"H65-79":170.951857477539,"H80+":51.9730467655896},"Analyse":{"Votes décisifs":5,"tour décisif":1,"majeurs":1656.81248196779,"Non votants de 18-24":70.47388148427086}}