{"id":8,"slug":"1-24-attignat","nom_standard":"Attignat","code_postal":"1","code_departement":"1","libelle_departement":"Ain","code_commune":"24","Tour 1":{"Inscrits":2423,"Abstentions":1574,"% Abs/Ins":64.96,"Votants":849,"% Vot/Ins":35.04,"Blancs":36,"% Blancs/Ins":1.49,"% Blancs/Vot":4.24,"Nuls":36,"% Nuls/Ins":1.49,"% Nuls/Vot":4.24,"Exprimés":777,"% Exp/Ins":32.07,"% Exp/Vot":91.52,"resultats":[{"N.Pan.":null,"Code Nuance":"LNC","Sexe":"M","Nom":"MARTIN","Prénom":"Walter","Liste":"ATTIGNAT 2020... ensemble pour l'avenir !","Sièges / Elu":"23","Sièges Secteur":0,"Sièges CC":2,"Voix":777,"% Voix/Ins":32.07,"% Voix/Exp":100}]},"population":{"F0-2":52.327004381922,"F3-5":66.1590645308743,"F6-10":121.024816826428,"F11-17":164.915544972877,"F18-24":92.9864117089124,"F25-39":306.506624521512,"F40-54":370.010820612257,"F55-64":189.79316626472,"F65-79":218.007717353833,"F80+":85.1125312389652,"H0-2":47.9278908233626,"H3-5":67.6852081032344,"H6-10":128.454541452545,"H11-17":167.768338735913,"H18-24":109.967640009117,"H25-39":305.206793389203,"H40-54":350.296805278047,"H55-64":184.748330871368,"H65-79":217.264904007807,"H80+":52.8358449171038},"Analyse":{"Votes décisifs":778,"tour décisif":1,"majeurs":2482.7375901728456,"Non votants de 18-24":133.55163456744722}}