{"id":109,"slug":"1-301-polliat","nom_standard":"Polliat","code_postal":"1","code_departement":"1","libelle_departement":"Ain","code_commune":"301","Tour 1":{"Inscrits":2003,"Abstentions":1261,"% Abs/Ins":62.96,"Votants":742,"% Vot/Ins":37.04,"Blancs":50,"% Blancs/Ins":2.5,"% Blancs/Vot":6.74,"Nuls":53,"% Nuls/Ins":2.65,"% Nuls/Vot":7.14,"Exprimés":639,"% Exp/Ins":31.9,"% Exp/Vot":86.12,"resultats":[{"N.Pan.":null,"Code Nuance":"LNC","Sexe":"M","Nom":"BIENVENU","Prénom":"Bernard","Liste":"POLLIAT, ENSEMBLE POUR DEMAIN","Sièges / Elu":"23","Sièges Secteur":0,"Sièges CC":1,"Voix":639,"% Voix/Ins":31.9,"% Voix/Exp":100}]},"population":{"F0-2":52.002248728445,"F3-5":46.4546546350835,"F6-10":82.5982145466825,"F11-17":111.107165752535,"F18-24":53.0423288193186,"F25-39":212.240931448758,"F40-54":280.856897764089,"F55-64":194.067461900032,"F65-79":207.27703435201,"F80+":78.5024011090572,"H0-2":44.393657798521,"H3-5":53.484099686352,"H6-10":83.3434140626354,"H11-17":115.764926208845,"H18-24":67.2335147153263,"H25-39":200.681848479589,"H40-54":280.038399016509,"H55-64":186.831692247135,"H65-79":193.209178774433,"H80+":62.8699299546438},"Analyse":{"Votes décisifs":640,"tour décisif":1,"majeurs":2016.8516185809005,"Non votants de 18-24":76.02634343235133}}