{"id":121,"slug":"1-339-saint-bernard","nom_standard":"Saint-Bernard","code_postal":"1","code_departement":"1","libelle_departement":"Ain","code_commune":"339","Tour 1":{"Inscrits":1261,"Abstentions":687,"% Abs/Ins":54.48,"Votants":574,"% Vot/Ins":45.52,"Blancs":6,"% Blancs/Ins":0.48,"% Blancs/Vot":1.05,"Nuls":2,"% Nuls/Ins":0.16,"% Nuls/Vot":0.35,"Exprimés":566,"% Exp/Ins":44.89,"% Exp/Vot":98.61,"resultats":[{"N.Pan.":null,"Code Nuance":"LNC","Sexe":"M","Nom":"REY","Prénom":"Bernard","Liste":"Bien Vivre à Saint-Bernard","Sièges / Elu":"13","Sièges Secteur":0,"Sièges CC":2,"Voix":359,"% Voix/Ins":28.47,"% Voix/Exp":63.43},{"N.Pan.":2,"Code Nuance":"LNC","Sexe":"F","Nom":"PFLIEGER-LEGOUGE","Prénom":"Caroline","Liste":"Saint-Bernard, Ensemble","Sièges / Elu":"2","Sièges Secteur":0,"Sièges CC":0,"Voix":207,"% Voix/Ins":16.42,"% Voix/Exp":36.57}]},"population":{"F0-2":14.261869001948,"F3-5":31.5837206679285,"F6-10":34.5300009637913,"F11-17":64.1036840296155,"F18-24":36.9748209501588,"F25-39":87.5659149859262,"F40-54":170.484300098737,"F55-64":106.51648754605,"F65-79":137.318721789237,"F80+":73.838251538512,"H0-2":16.3605228448462,"H3-5":32.5079940501813,"H6-10":39.6497450244852,"H11-17":77.3213732305804,"H18-24":35.7993503272163,"H25-39":82.5067110767524,"H40-54":158.436439437094,"H55-64":123.188384221496,"H65-79":115.560535108124,"H80+":45.4911731073189},"Analyse":{"Votes décisifs":153,"tour décisif":1,"majeurs":1173.6810901866224,"Non votants de 18-24":37.18326446079578}}