{"id":122,"slug":"1-343-saint-cyr-sur-menthon","nom_standard":"Saint-Cyr-sur-Menthon","code_postal":"1","code_departement":"1","libelle_departement":"Ain","code_commune":"343","Tour 1":{"Inscrits":1302,"Abstentions":925,"% Abs/Ins":71.04,"Votants":377,"% Vot/Ins":28.96,"Blancs":11,"% Blancs/Ins":0.84,"% Blancs/Vot":2.92,"Nuls":44,"% Nuls/Ins":3.38,"% Nuls/Vot":11.67,"Exprimés":322,"% Exp/Ins":24.73,"% Exp/Vot":85.41,"resultats":[{"N.Pan.":null,"Code Nuance":"LNC","Sexe":"M","Nom":"CAMILLERI","Prénom":"Jean-Luc","Liste":"PARTAGEONS DEMAIN","Sièges / Elu":"19","Sièges Secteur":0,"Sièges CC":3,"Voix":322,"% Voix/Ins":24.73,"% Voix/Exp":100}]},"population":{"F0-2":33.1434225407406,"F3-5":43.3879592380977,"F6-10":63.2029529030953,"F11-17":81.7999721373032,"F18-24":37.9326420923757,"F25-39":170.227770786494,"F40-54":192.522259152441,"F55-64":128.771492048267,"F65-79":99.8036865074089,"F80+":42.3623623316014,"H0-2":34.3419534646901,"H3-5":47.4583778822108,"H6-10":74.2760319914083,"H11-17":107.862551018225,"H18-24":39.640062506804,"H25-39":159.873162165185,"H40-54":202.603463503544,"H55-64":123.358815653466,"H65-79":114.278234938419,"H80+":25.1528271382219},"Analyse":{"Votes décisifs":323,"tour décisif":1,"majeurs":1336.5267788242281,"Non votants de 18-24":55.691429867357165}}