{"id":131,"slug":"1-360-saint-jean-de-gonville","nom_standard":"Saint-Jean-de-Gonville","code_postal":"1","code_departement":"1","libelle_departement":"Ain","code_commune":"360","Tour 1":{"Inscrits":1028,"Abstentions":495,"% Abs/Ins":48.15,"Votants":533,"% Vot/Ins":51.85,"Blancs":4,"% Blancs/Ins":0.39,"% Blancs/Vot":0.75,"Nuls":5,"% Nuls/Ins":0.49,"% Nuls/Vot":0.94,"Exprimés":524,"% Exp/Ins":50.97,"% Exp/Vot":98.31,"resultats":[{"N.Pan.":null,"Code Nuance":"LNC","Sexe":"M","Nom":"BRULHART","Prénom":"Michel","Liste":"VIVRE ENSEMBLE A SAINT JEAN","Sièges / Elu":"17","Sièges Secteur":0,"Sièges CC":1,"Voix":389,"% Voix/Ins":37.84,"% Voix/Exp":74.24},{"N.Pan.":2,"Code Nuance":"LNC","Sexe":"F","Nom":"BERTOSSI","Prénom":"Régina","Liste":"MIEUX VIVRE A SAINT-JEAN","Sièges / Elu":"2","Sièges Secteur":0,"Sièges CC":0,"Voix":135,"% Voix/Ins":13.13,"% Voix/Exp":25.76}]},"population":{"F0-2":31.6593236444717,"F3-5":53.879237086679,"F6-10":76.8722278281777,"F11-17":89.0631276769251,"F18-24":45.7752940046654,"F25-39":232.837818498814,"F40-54":219.699408075033,"F55-64":110.075751637816,"F65-79":90.6270063208031,"F80+":26.464662747046,"H0-2":47.2214483466197,"H3-5":47.2203016038356,"H6-10":69.2733479872085,"H11-17":81.3718629784457,"H18-24":44.1878909186395,"H25-39":215.341995712176,"H40-54":245.926945789058,"H55-64":112.432230671054,"H65-79":79.1088314015518,"H80+":14.9612870709809},"Analyse":{"Votes décisifs":255,"tour décisif":1,"majeurs":1437.4391228476375,"Non votants de 18-24":56.60498783379655}}