{"id":158,"slug":"1-422-tossiat","nom_standard":"Tossiat","code_postal":"1","code_departement":"1","libelle_departement":"Ain","code_commune":"422","Tour 1":{"Inscrits":1072,"Abstentions":453,"% Abs/Ins":42.26,"Votants":619,"% Vot/Ins":57.74,"Blancs":9,"% Blancs/Ins":0.84,"% Blancs/Vot":1.45,"Nuls":1,"% Nuls/Ins":0.09,"% Nuls/Vot":0.16,"Exprimés":609,"% Exp/Ins":56.81,"% Exp/Vot":98.38,"resultats":[{"N.Pan.":null,"Code Nuance":"LNC","Sexe":"M","Nom":"FENET","Prénom":"Roger","Liste":"EXPERIENCE ET RENOUVEAU POUR TOSSIAT","Sièges / Elu":"3","Sièges Secteur":0,"Sièges CC":0,"Voix":241,"% Voix/Ins":22.48,"% Voix/Exp":39.57},{"N.Pan.":2,"Code Nuance":"LNC","Sexe":"M","Nom":"DAVI","Prénom":"Jean-Marie","Liste":"ENSEMBLE POUR TOSSIAT","Sièges / Elu":"12","Sièges Secteur":0,"Sièges CC":1,"Voix":368,"% Voix/Ins":34.33,"% Voix/Exp":60.43}]},"population":{"F0-2":18.2992382696928,"F3-5":25.9776985641849,"F6-10":39.5419225177595,"F11-17":66.0606075937364,"F18-24":21.6740697701476,"F25-39":118.126581965924,"F40-54":143.990000332474,"F55-64":103.247684464583,"F65-79":102.823472175044,"F80+":37.4203433259573,"H0-2":27.2354071668047,"H3-5":17.3186939605306,"H6-10":45.9587865468623,"H11-17":62.7382395085475,"H18-24":37.5455084133503,"H25-39":100.402761935135,"H40-54":176.289775264318,"H55-64":87.7579996979008,"H65-79":102.037024554115,"H80+":19.5541839729331},"Analyse":{"Votes décisifs":128,"tour décisif":1,"majeurs":1050.869405871882,"Non votants de 18-24":24.337109733318023}}