{"id":171,"slug":"1-452-virieu-le-grand","nom_standard":"Virieu-le-Grand","code_postal":"1","code_departement":"1","libelle_departement":"Ain","code_commune":"452","Tour 1":{"Inscrits":703,"Abstentions":291,"% Abs/Ins":41.39,"Votants":412,"% Vot/Ins":58.61,"Blancs":8,"% Blancs/Ins":1.14,"% Blancs/Vot":1.94,"Nuls":11,"% Nuls/Ins":1.56,"% Nuls/Vot":2.67,"Exprimés":393,"% Exp/Ins":55.9,"% Exp/Vot":95.39,"resultats":[{"N.Pan.":null,"Code Nuance":"LNC","Sexe":"M","Nom":"BOUSCAUD","Prénom":"Alexandre","Liste":"VIRIEU LE GRAND POUR UN SOCLE COMMUN","Sièges / Elu":"13","Sièges Secteur":0,"Sièges CC":1,"Voix":247,"% Voix/Ins":35.14,"% Voix/Exp":62.85},{"N.Pan.":2,"Code Nuance":"LNC","Sexe":"M","Nom":"GERIN","Prénom":"Georges","Liste":"EXPÉRIENCE ET RENOUVEAU POUR VIRIEU","Sièges / Elu":"2","Sièges Secteur":0,"Sièges CC":0,"Voix":146,"% Voix/Ins":20.77,"% Voix/Exp":37.15}]},"population":{"F0-2":15.7451150124493,"F3-5":18.6092833974154,"F6-10":35.3679744886405,"F11-17":53.1524659621558,"F18-24":47.6734834415184,"F25-39":99.2583094847161,"F40-54":108.647354455054,"F55-64":92.5130256478017,"F65-79":68.5063135145028,"F80+":38.3636972990626,"H0-2":20.6558660190241,"H3-5":25.5944263696217,"H6-10":32.289714520009,"H11-17":52.9287331843138,"H18-24":29.8084635611807,"H25-39":111.340943270513,"H40-54":119.772829295693,"H55-64":62.2831049271635,"H65-79":66.3076406597906,"H80+":28.1812554893745},"Analyse":{"Votes décisifs":102,"tour décisif":1,"majeurs":872.656421046371,"Non votants de 18-24":40.901041396303825}}