{"id":172,"slug":"1-454-virignin","nom_standard":"Virignin","code_postal":"1","code_departement":"1","libelle_departement":"Ain","code_commune":"454","Tour 1":{"Inscrits":672,"Abstentions":407,"% Abs/Ins":60.57,"Votants":265,"% Vot/Ins":39.43,"Blancs":14,"% Blancs/Ins":2.08,"% Blancs/Vot":5.28,"Nuls":17,"% Nuls/Ins":2.53,"% Nuls/Vot":6.42,"Exprimés":234,"% Exp/Ins":34.82,"% Exp/Vot":88.3,"resultats":[{"N.Pan.":null,"Code Nuance":"LNC","Sexe":"M","Nom":"BANDET","Prénom":"Marcel","Liste":"ENSEMBLE POUR VIRIGNIN : NOTRE PRIORITE","Sièges / Elu":"15","Sièges Secteur":0,"Sièges CC":1,"Voix":234,"% Voix/Ins":34.82,"% Voix/Exp":100}]},"population":{"F0-2":21.0815137509821,"F3-5":19.0185805498041,"F6-10":54.0703584659857,"F11-17":62.0745392516697,"F18-24":27.0726786613526,"F25-39":123.499254609862,"F40-54":108.619965249289,"F55-64":73.6482081466171,"F65-79":62.7086366675226,"F80+":23.2764536651288,"H0-2":17.0394900243419,"H3-5":23.0352356881966,"H6-10":43.05154159162,"H11-17":58.0745600538955,"H18-24":40.218651470989,"H25-39":100.476450408339,"H40-54":122.79667408908,"H55-64":69.5225093785226,"H65-79":56.5712764828406,"H80+":12.1434217939615},"Analyse":{"Votes décisifs":235,"tour décisif":1,"majeurs":820.5541806235049,"Non votants de 18-24":45.559428807409496}}