{"id":1,"slug":"1-4-amberieu-en-bugey","nom_standard":"Ambérieu-en-Bugey","code_postal":"1","code_departement":"1","libelle_departement":"Ain","code_commune":"4","Tour 1":{"Inscrits":8109,"Abstentions":5253,"% Abs/Ins":64.78,"Votants":2856,"% Vot/Ins":35.22,"Blancs":32,"% Blancs/Ins":0.39,"% Blancs/Vot":1.12,"Nuls":58,"% Nuls/Ins":0.72,"% Nuls/Vot":2.03,"Exprimés":2766,"% Exp/Ins":34.11,"% Exp/Vot":96.85,"resultats":[{"N.Pan.":null,"Code Nuance":"LDVC","Sexe":"M","Nom":"FABRE","Prénom":"Daniel","Liste":"UNIS POUR AMBERIEU","Sièges / Elu":"26","Sièges Secteur":0,"Sièges CC":11,"Voix":1410,"% Voix/Ins":17.39,"% Voix/Exp":50.98},{"N.Pan.":2,"Code Nuance":"LDVG","Sexe":"M","Nom":"MARINO-MORABITO","Prénom":"Antoine","Liste":"AMBERIEU CITOYENNE","Sièges / Elu":"3","Sièges Secteur":0,"Sièges CC":1,"Voix":607,"% Voix/Ins":7.49,"% Voix/Exp":21.95},{"N.Pan.":3,"Code Nuance":"LEXG","Sexe":"M","Nom":"BOUVET","Prénom":"Patrick","Liste":"LUTTE OUVRIERE - FAIRE ENTENDRE LE CAMP DES TRAVAILLEURS","Sièges / Elu":0,"Sièges CC":0,"Voix":119,"% Voix/Ins":1.47,"% Voix/Exp":4.3},{"N.Pan.":4,"Code Nuance":"LDVG","Sexe":"M","Nom":"CHRISTIN","Prénom":"Rémi","Liste":"VIVONS NOTRE VILLE","Sièges / Elu":4,"Sièges CC":1,"Voix":630,"% Voix/Ins":7.77,"% Voix/Exp":22.78}]},"population":{"F0-2":294.667754899811,"F3-5":245.153009235092,"F6-10":382.800636213197,"F11-17":599.105268641172,"F18-24":680.830755111795,"F25-39":1451.11078155233,"F40-54":1268.50235333509,"F55-64":903.06198141889,"F65-79":1064.9922401503,"F80+":517.132984278569,"H0-2":256.303605572618,"H3-5":289.985106797421,"H6-10":485.793198969148,"H11-17":613.181777316202,"H18-24":669.385043623463,"H25-39":1542.69909175048,"H40-54":1238.11987048589,"H55-64":782.771067717195,"H65-79":750.039922678049,"H80+":252.363550253291},"Analyse":{"Votes décisifs":55,"tour décisif":1,"majeurs":11121.00964235534,"Non votants de 18-24":1003.4652387410324}}