{"id":668,"slug":"10-224-marigny-le-chatel","nom_standard":"Marigny-le-Châtel","code_postal":"10","code_departement":"10","libelle_departement":"Aube","code_commune":"224","Tour 1":{"Inscrits":1185,"Abstentions":778,"% Abs/Ins":65.65,"Votants":407,"% Vot/Ins":34.35,"Blancs":6,"% Blancs/Ins":0.51,"% Blancs/Vot":1.47,"Nuls":41,"% Nuls/Ins":3.46,"% Nuls/Vot":10.07,"Exprimés":360,"% Exp/Ins":30.38,"% Exp/Vot":88.45,"resultats":[{"N.Pan.":null,"Code Nuance":"LNC","Sexe":"M","Nom":"THIRIOT","Prénom":"Philippe","Liste":"Ensemble poursuivons le développement de Marigny","Sièges / Elu":"19","Sièges Secteur":0,"Sièges CC":8,"Voix":360,"% Voix/Ins":30.38,"% Voix/Exp":100}]},"population":{"F0-2":40.5874998734149,"F3-5":39.439124070628,"F6-10":51.381671874117,"F11-17":76.9436217813007,"F18-24":34.8428098552014,"F25-39":174.798552465707,"F40-54":178.451576773946,"F55-64":116.771871623125,"F65-79":147.214902563102,"F80+":49.5535596818393,"H0-2":24.6708729385641,"H3-5":32.5813800540629,"H6-10":80.7746567380142,"H11-17":92.8792660160166,"H18-24":44.8909031303226,"H25-39":170.408192912298,"H40-54":155.351905723409,"H55-64":98.4930682107866,"H65-79":127.833197150582,"H80+":23.1313665635622},"Analyse":{"Votes décisifs":361,"tour décisif":1,"majeurs":1321.7419066538807,"Non votants de 18-24":55.18155115896685}}