{"id":648,"slug":"10-3-aix-villemaur-palis","nom_standard":"Aix-Villemaur-Pâlis","code_postal":"10","code_departement":"10","libelle_departement":"Aube","code_commune":"3","Tour 1":{"Inscrits":2593,"Abstentions":1247,"% Abs/Ins":48.09,"Votants":1346,"% Vot/Ins":51.91,"Blancs":16,"% Blancs/Ins":0.62,"% Blancs/Vot":1.19,"Nuls":43,"% Nuls/Ins":1.66,"% Nuls/Vot":3.19,"Exprimés":1287,"% Exp/Ins":49.63,"% Exp/Vot":95.62,"resultats":[{"N.Pan.":null,"Code Nuance":"LDVG","Sexe":"M","Nom":"TRUTAT","Prénom":"Gérard","Liste":"La maison commune d'Aix-Villemaur-Pâlis","Sièges / Elu":"5","Sièges Secteur":0,"Sièges CC":3,"Voix":505,"% Voix/Ins":19.48,"% Voix/Exp":39.24},{"N.Pan.":2,"Code Nuance":"LDVD","Sexe":"M","Nom":"BROQUET","Prénom":"Roland","Liste":"ENSEMBLE POUR AIX VILLEMAUR PALIS","Sièges / Elu":"24","Sièges Secteur":0,"Sièges CC":11,"Voix":782,"% Voix/Ins":30.16,"% Voix/Exp":60.76}]},"population":{"F0-2":45.4355499844184,"F3-5":47.3768436376243,"F6-10":90.7980308407302,"F11-17":170.093861990536,"F18-24":81.4359289406388,"F25-39":243.203759033147,"F40-54":336.159647187587,"F55-64":235.776368538413,"F65-79":365.099859099046,"F80+":206.197779009836,"H0-2":42.5583901293348,"H3-5":53.3261929942656,"H6-10":122.544578535349,"H11-17":180.226616859735,"H18-24":106.25632858645,"H25-39":256.486924691726,"H40-54":326.458910318926,"H55-64":211.727806466501,"H65-79":307.816010375792,"H80+":108.020612779943},"Analyse":{"Votes décisifs":278,"tour décisif":1,"majeurs":2784.6399350280058,"Non votants de 18-24":96.9682197606331}}