{"id":1016,"slug":"14-327-herouville-saint-clair","nom_standard":"Hérouville-Saint-Clair","code_postal":"14","code_departement":"14","libelle_departement":"Calvados","code_commune":"327","Tour 1":{"Inscrits":12732,"Abstentions":7437,"% Abs/Ins":58.41,"Votants":5295,"% Vot/Ins":41.59,"Blancs":52,"% Blancs/Ins":0.41,"% Blancs/Vot":0.98,"Nuls":61,"% Nuls/Ins":0.48,"% Nuls/Vot":1.15,"Exprimés":5182,"% Exp/Ins":40.7,"% Exp/Vot":97.87,"resultats":[{"N.Pan.":null,"Code Nuance":"LECO","Sexe":"M","Nom":"LOUVET","Prénom":"Vincent","Liste":"ÉCOLOGIE - DÉMOCRATIE - SOLIDARITÉ : LE RASSEMBLEMENT CITOYEN POUR HÉROUVILLE","Sièges / Elu":"5","Sièges Secteur":0,"Sièges CC":1,"Voix":1537,"% Voix/Ins":12.07,"% Voix/Exp":29.66},{"N.Pan.":2,"Code Nuance":"LDVC","Sexe":"M","Nom":"THOMAS","Prénom":"Rodolphe","Liste":"FIERS D'ETRE HEROUVILLAIS","Sièges / Elu":"29","Sièges Secteur":0,"Sièges CC":8,"Voix":3119,"% Voix/Ins":24.5,"% Voix/Exp":60.19},{"N.Pan.":3,"Code Nuance":"LDIV","Sexe":"M","Nom":"ALY","Prénom":"Jean-François","Liste":"HEROUVILLE EN GRAND","Sièges / Elu":1,"Sièges CC":0,"Voix":526,"% Voix/Ins":4.13,"% Voix/Exp":10.15}]},"population":{"F0-2":392.105623647784,"F3-5":355.139174789269,"F6-10":582.637411986321,"F11-17":761.46644250611,"F18-24":1822.91990156803,"F25-39":2256.01925945087,"F40-54":1745.28074183042,"F55-64":1437.29246403888,"F65-79":1781.64460094107,"F80+":707.06924459243,"H0-2":375.706675572819,"H3-5":401.498088294026,"H6-10":713.29000787625,"H11-17":844.528508281207,"H18-24":1690.88080625265,"H25-39":2278.69327571644,"H40-54":1574.78899158297,"H55-64":1035.32915313924,"H65-79":1101.92788442682,"H80+":291.781743506396},"Analyse":{"Votes décisifs":1057,"tour décisif":1,"majeurs":17723.628067046215,"Non votants de 18-24":2464.0396387253463}}