{"id":1020,"slug":"14-341-ifs","nom_standard":"Ifs","code_postal":"14","code_departement":"14","libelle_departement":"Calvados","code_commune":"341","Tour 1":{"Inscrits":7495,"Abstentions":4427,"% Abs/Ins":59.07,"Votants":3068,"% Vot/Ins":40.93,"Blancs":31,"% Blancs/Ins":0.41,"% Blancs/Vot":1.01,"Nuls":31,"% Nuls/Ins":0.41,"% Nuls/Vot":1.01,"Exprimés":3006,"% Exp/Ins":40.11,"% Exp/Vot":97.98,"resultats":[{"N.Pan.":null,"Code Nuance":"LDVD","Sexe":"M","Nom":"PATARD-LEGENDRE","Prénom":"Michel","Liste":"IFS POUR TOUS - POURSUIVONS LE CHANGEMENT","Sièges / Elu":"0","Sièges Secteur":0,"Sièges CC":0,"Voix":1467,"% Voix/Ins":19.57,"% Voix/Exp":48.8},{"N.Pan.":2,"Code Nuance":"LDIV","Sexe":"M","Nom":"FONTAINE","Prénom":"Arnaud","Liste":"ensemble pour ifs","Sièges / Elu":"0","Sièges Secteur":0,"Sièges CC":0,"Voix":548,"% Voix/Ins":7.31,"% Voix/Exp":18.23},{"N.Pan.":3,"Code Nuance":"LDVG","Sexe":"M","Nom":"GAUCHARD","Prénom":"Jean-Paul","Liste":"Ifs Citoyenne et Ecologiste","Sièges / Elu":0,"Sièges CC":0,"Voix":991,"% Voix/Ins":13.22,"% Voix/Exp":32.97}]},"Tour 2":{"Inscrits":7518,"Abstentions":4537,"% Abs/Ins":60.35,"Votants":2981,"% Vot/Ins":39.65,"Blancs":28,"% Blancs/Ins":0.37,"% Blancs/Vot":0.94,"Nuls":15,"% Nuls/Ins":0.2,"% Nuls/Vot":0.5,"Exprimés":2938,"% Exp/Ins":39.08,"% Exp/Vot":98.56,"resultats":[{"N.Pan.":1,"Code Nuance":"LDVD","Sexe":"M","Nom":"PATARD-LEGENDRE","Prénom":"Michel","Liste":"IFS POUR TOUS - POURSUIVONS LE CHANGEMENT","Sièges / Elu":27,"Sièges Secteur":0,"Sièges CC":3,"Voix":1759,"% Voix/Ins":23.4,"% Voix/Exp":59.87},{"N.Pan.":3,"Code Nuance":"LDVG","Sexe":"M","Nom":"GAUCHARD","Prénom":"Jean-Paul","Liste":"Ifs Citoyenne et Ecologiste","Sièges / Elu":6,"Sièges Secteur":0,"Sièges CC":1,"Voix":1179,"% Voix/Ins":15.68,"% Voix/Exp":40.13}]},"population":{"F0-2":168.450414209023,"F3-5":200.258758812455,"F6-10":288.963780560709,"F11-17":506.022431727187,"F18-24":557.206772493822,"F25-39":1104.91608829504,"F40-54":1218.08347772635,"F55-64":689.125587976162,"F65-79":857.708726947139,"F80+":463.374912827894,"H0-2":186.658890955105,"H3-5":227.093063577066,"H6-10":458.518289875113,"H11-17":693.036399873953,"H18-24":644.099839707313,"H25-39":1041.9853186182,"H40-54":1140.93702145449,"H55-64":627.179468885029,"H65-79":657.017995190291,"H80+":171.362760287661},"Analyse":{"Votes décisifs":580,"tour décisif":2,"majeurs":9172.997970409391,"Non votants de 18-24":810.911343116413}}