{"id":103,"slug":"1-276-nievroz","nom_standard":"Niévroz","code_postal":"1","code_departement":"1","libelle_departement":"Ain","code_commune":"276","Tour 1":{"Inscrits":1251,"Abstentions":531,"% Abs/Ins":42.45,"Votants":720,"% Vot/Ins":57.55,"Blancs":4,"% Blancs/Ins":0.32,"% Blancs/Vot":0.56,"Nuls":3,"% Nuls/Ins":0.24,"% Nuls/Vot":0.42,"Exprimés":713,"% Exp/Ins":56.99,"% Exp/Vot":99.03,"resultats":[{"N.Pan.":null,"Code Nuance":"LNC","Sexe":"M","Nom":"DAMIRON","Prénom":"Michel","Liste":"VIVRE ET CHOISIR ENSEMBLE","Sièges / Elu":"4","Sièges Secteur":0,"Sièges CC":0,"Voix":328,"% Voix/Ins":26.22,"% Voix/Exp":46},{"N.Pan.":2,"Code Nuance":"LNC","Sexe":"M","Nom":"BATTISTA","Prénom":"Patrick","Liste":"TOUJOURS EN ACTION POUR NIEVROZ","Sièges / Elu":"15","Sièges Secteur":0,"Sièges CC":2,"Voix":385,"% Voix/Ins":30.78,"% Voix/Exp":54}]},"population":{"F0-2":30.8854608354003,"F3-5":35.8722198204457,"F6-10":52.8312390383744,"F11-17":84.7724919080607,"F18-24":55.011615945805,"F25-39":154.213130849582,"F40-54":193.16516870803,"F55-64":103.533861893319,"F65-79":81.3895862272746,"F80+":18.3809879909296,"H0-2":39.9741055561291,"H3-5":52.9252296024634,"H6-10":53.7170711517324,"H11-17":68.7166824484961,"H18-24":51.0138084303938,"H25-39":158.343221226643,"H40-54":177.82477828472,"H55-64":115.69866548441,"H65-79":78.3331924567769,"H80+":20.3974821410127},"Analyse":{"Votes décisifs":58,"tour décisif":1,"majeurs":1207.3054996388967,"Non votants de 18-24":42.795110612453165}}