{"id":1061,"slug":"14-578-saint-gatien-des-bois","nom_standard":"Saint-Gatien-des-Bois","code_postal":"14","code_departement":"14","libelle_departement":"Calvados","code_commune":"578","Tour 1":{"Inscrits":1139,"Abstentions":775,"% Abs/Ins":68.04,"Votants":364,"% Vot/Ins":31.96,"Blancs":1,"% Blancs/Ins":0.09,"% Blancs/Vot":0.27,"Nuls":43,"% Nuls/Ins":3.78,"% Nuls/Vot":11.81,"Exprimés":320,"% Exp/Ins":28.09,"% Exp/Vot":87.91,"resultats":[{"N.Pan.":null,"Code Nuance":"LNC","Sexe":"M","Nom":"LANGLOIS","Prénom":"Philippe","Liste":"Solidaires pour vous","Sièges / Elu":"15","Sièges Secteur":0,"Sièges CC":3,"Voix":320,"% Voix/Ins":28.09,"% Voix/Exp":100}]},"population":{"F0-2":13.6927361056086,"F3-5":18.6112325282643,"F6-10":32.3028242557533,"F11-17":50.6936005106262,"F18-24":37.0903863661014,"F25-39":89.2501906010361,"F40-54":138.306825254842,"F55-64":93.4824008363395,"F65-79":130.579848011734,"F80+":82.6686349130715,"H0-2":28.4821392323413,"H3-5":16.6746300226702,"H6-10":40.6287607040875,"H11-17":59.4979120332276,"H18-24":35.0827623978157,"H25-39":85.5033867596618,"H40-54":133.913781681985,"H55-64":92.1322905244289,"H65-79":143.901609439656,"H80+":22.5040478207477},"Analyse":{"Votes décisifs":321,"tour décisif":1,"majeurs":1084.4161646074197,"Non votants de 18-24":47.947185515226074}}