{"id":1095,"slug":"15-120-mauriac","nom_standard":"Mauriac","code_postal":"15","code_departement":"15","libelle_departement":"Cantal","code_commune":"120","Tour 1":{"Inscrits":2648,"Abstentions":917,"% Abs/Ins":34.63,"Votants":1731,"% Vot/Ins":65.37,"Blancs":28,"% Blancs/Ins":1.06,"% Blancs/Vot":1.62,"Nuls":82,"% Nuls/Ins":3.1,"% Nuls/Vot":4.74,"Exprimés":1621,"% Exp/Ins":61.22,"% Exp/Vot":93.65,"resultats":[{"N.Pan.":null,"Code Nuance":"LDIV","Sexe":"F","Nom":"ZANCHI","Prénom":"Edwige","Liste":"POUR MAURIAC, AVEC LES MAURIACOIS","Sièges / Elu":"22","Sièges Secteur":0,"Sièges CC":11,"Voix":966,"% Voix/Ins":36.48,"% Voix/Exp":59.59},{"N.Pan.":2,"Code Nuance":"LDVG","Sexe":"F","Nom":"ROYER","Prénom":"Claudine","Liste":"AVEC VOUS POUR MAURIAC","Sièges / Elu":"5","Sièges Secteur":0,"Sièges CC":3,"Voix":655,"% Voix/Ins":24.74,"% Voix/Exp":40.41}]},"population":{"F0-2":24.7349251110262,"F3-5":43.4457556561883,"F6-10":72.0833597252953,"F11-17":110.81731467559,"F18-24":100.83457627034,"F25-39":210.71817798796,"F40-54":325.81815670001,"F55-64":278.221025339753,"F65-79":376.538942924798,"F80+":358.605345059233,"H0-2":33.5962066069082,"H3-5":35.5838541872894,"H6-10":58.2866175460143,"H11-17":126.725757541662,"H18-24":104.810466304586,"H25-39":230.241013697902,"H40-54":285.889261998987,"H55-64":254.936996908457,"H65-79":303.027815585399,"H80+":154.084430172599},"Analyse":{"Votes décisifs":312,"tour décisif":1,"majeurs":2983.7262089500236,"Non votants de 18-24":86.34067489218755}}