{"id":1098,"slug":"15-140-naucelles","nom_standard":"Naucelles","code_postal":"15","code_departement":"15","libelle_departement":"Cantal","code_commune":"140","Tour 1":{"Inscrits":1610,"Abstentions":673,"% Abs/Ins":41.8,"Votants":937,"% Vot/Ins":58.2,"Blancs":10,"% Blancs/Ins":0.62,"% Blancs/Vot":1.07,"Nuls":21,"% Nuls/Ins":1.3,"% Nuls/Vot":2.24,"Exprimés":906,"% Exp/Ins":56.27,"% Exp/Vot":96.69,"resultats":[{"N.Pan.":null,"Code Nuance":"LNC","Sexe":"M","Nom":"POULHES","Prénom":"Christian","Liste":"AVEC VOUS, POUR NAUCELLES","Sièges / Elu":"16","Sièges Secteur":0,"Sièges CC":2,"Voix":546,"% Voix/Ins":33.91,"% Voix/Exp":60.26},{"N.Pan.":2,"Code Nuance":"LNC","Sexe":"M","Nom":"LINARD","Prénom":"Albert","Liste":"NAUCELLES AUTREMENT","Sièges / Elu":"3","Sièges Secteur":0,"Sièges CC":0,"Voix":360,"% Voix/Ins":22.36,"% Voix/Exp":39.74}]},"population":{"F0-2":28.3690431636313,"F3-5":37.3812403568085,"F6-10":58.6375977067093,"F11-17":89.1399490348116,"F18-24":42.6591015632705,"F25-39":167.752866474481,"F40-54":207.491448700336,"F55-64":212.051577290716,"F65-79":182.607658198488,"F80+":71.8121144119839,"H0-2":31.2866141430667,"H3-5":33.5084015482841,"H6-10":45.4195701597677,"H11-17":83.0408682453171,"H18-24":55.9306526494672,"H25-39":142.412552171957,"H40-54":201.156270803356,"H55-64":190.831572454221,"H65-79":173.592468991139,"H80+":60.9184319321873},"Analyse":{"Votes décisifs":187,"tour décisif":1,"majeurs":1709.2167156416028,"Non votants de 18-24":44.54242431480939}}