{"id":742,"slug":"11-269-ouveillan","nom_standard":"Ouveillan","code_postal":"11","code_departement":"11","libelle_departement":"Aude","code_commune":"269","Tour 1":{"Inscrits":1808,"Abstentions":936,"% Abs/Ins":51.77,"Votants":872,"% Vot/Ins":48.23,"Blancs":38,"% Blancs/Ins":2.1,"% Blancs/Vot":4.36,"Nuls":48,"% Nuls/Ins":2.65,"% Nuls/Vot":5.5,"Exprimés":786,"% Exp/Ins":43.47,"% Exp/Vot":90.14,"resultats":[{"N.Pan.":null,"Code Nuance":"LNC","Sexe":"M","Nom":"CHALULEAU","Prénom":"Jean-Paul","Liste":"UN NOUVEAU SOUFFLE POUR OUVEILLAN","Sièges / Elu":"19","Sièges Secteur":0,"Sièges CC":1,"Voix":786,"% Voix/Ins":43.47,"% Voix/Exp":100}]},"population":{"F0-2":36.5538746143253,"F3-5":34.4418642207745,"F6-10":85.3662086504459,"F11-17":111.861127426951,"F18-24":67.9865582685956,"F25-39":219.977667352944,"F40-54":242.100355502702,"F55-64":154.350816401856,"F65-79":210.903550457492,"F80+":171.853100014797,"H0-2":33.5221291216084,"H3-5":33.0373633009995,"H6-10":80.1901773513235,"H11-17":132.574816091919,"H18-24":67.833029009218,"H25-39":204.450926709664,"H40-54":243.002685230593,"H55-64":128.872642972415,"H65-79":200.555923288816,"H80+":94.565184012562},"Analyse":{"Votes décisifs":787,"tour décisif":1,"majeurs":2006.4524392216547,"Non votants de 18-24":76.79268098732769}}