{"id":747,"slug":"11-285-peyriac-de-mer","nom_standard":"Peyriac-de-Mer","code_postal":"11","code_departement":"11","libelle_departement":"Aude","code_commune":"285","Tour 1":{"Inscrits":1014,"Abstentions":314,"% Abs/Ins":30.97,"Votants":700,"% Vot/Ins":69.03,"Blancs":12,"% Blancs/Ins":1.18,"% Blancs/Vot":1.71,"Nuls":26,"% Nuls/Ins":2.56,"% Nuls/Vot":3.71,"Exprimés":662,"% Exp/Ins":65.29,"% Exp/Vot":94.57,"resultats":[{"N.Pan.":null,"Code Nuance":"LNC","Sexe":"F","Nom":"GOUIRY","Prénom":"Catherine","Liste":"HORIZON PEYRIAC","Sièges / Elu":"12","Sièges Secteur":0,"Sièges CC":1,"Voix":399,"% Voix/Ins":39.35,"% Voix/Exp":60.27},{"N.Pan.":2,"Code Nuance":"LNC","Sexe":"M","Nom":"ASSENS","Prénom":"Jean-Marie","Liste":"PEYRIAC ENSEMBLE MAINTENANT","Sièges / Elu":"3","Sièges Secteur":0,"Sièges CC":0,"Voix":263,"% Voix/Ins":25.94,"% Voix/Exp":39.73}]},"population":{"F0-2":8.07547640278449,"F3-5":12.1143869369133,"F6-10":35.3330600384873,"F11-17":64.6036000954668,"F18-24":15.1453285279116,"F25-39":59.5633273222081,"F40-54":134.288396595931,"F55-64":71.701163029394,"F65-79":130.279543605907,"F80+":54.5373391135115,"H0-2":11.1034339640059,"H3-5":17.1584966606889,"H6-10":39.366429940789,"H11-17":46.4352162186862,"H18-24":23.2203798874557,"H25-39":63.6084196523576,"H40-54":121.161777057834,"H55-64":81.7979073635972,"H65-79":129.267310914432,"H80+":24.239006671638},"Analyse":{"Votes décisifs":137,"tour décisif":1,"majeurs":908.8098997421777,"Non votants de 18-24":8.814978501029938}}