{"id":701,"slug":"11-22-azille","nom_standard":"Azille","code_postal":"11","code_departement":"11","libelle_departement":"Aude","code_commune":"22","Tour 1":{"Inscrits":909,"Abstentions":361,"% Abs/Ins":39.71,"Votants":548,"% Vot/Ins":60.29,"Blancs":10,"% Blancs/Ins":1.1,"% Blancs/Vot":1.82,"Nuls":19,"% Nuls/Ins":2.09,"% Nuls/Vot":3.47,"Exprimés":519,"% Exp/Ins":57.1,"% Exp/Vot":94.71,"resultats":[{"N.Pan.":null,"Code Nuance":"LNC","Sexe":"M","Nom":"CAZEAUX","Prénom":"Elian","Liste":"AZILLE ENSEMBLE","Sièges / Elu":"3","Sièges Secteur":0,"Sièges CC":0,"Voix":204,"% Voix/Ins":22.44,"% Voix/Exp":39.31},{"N.Pan.":2,"Code Nuance":"LNC","Sexe":"M","Nom":"SALIEGE","Prénom":"Georges","Liste":"Pour Azille : Conjuguons nos Talents","Sièges / Elu":"12","Sièges Secteur":0,"Sièges CC":1,"Voix":315,"% Voix/Ins":34.65,"% Voix/Exp":60.69}]},"population":{"F0-2":10.0212144781422,"F3-5":16.9049384577633,"F6-10":26.907824524061,"F11-17":33.9184741160285,"F18-24":26.0579873026282,"F25-39":81.3801007331084,"F40-54":117.864108124796,"F55-64":77.1213780266388,"F65-79":121.040657193406,"F80+":59.041164386894,"H0-2":11.9527836181148,"H3-5":21.8940110085334,"H6-10":29.9176397212819,"H11-17":47.8198557211914,"H18-24":20.0340521309018,"H25-39":71.2493029535541,"H40-54":95.9222744011073,"H55-64":83.0814630141987,"H65-79":121.008266198158,"H80+":49.8625038894922},"Analyse":{"Votes décisifs":112,"tour décisif":1,"majeurs":923.6632583548836,"Non votants de 18-24":18.74610206825936}}