{"id":760,"slug":"11-370-salles-d-aude","nom_standard":"Salles-d'Aude","code_postal":"11","code_departement":"11","libelle_departement":"Aude","code_commune":"370","Tour 1":{"Inscrits":2646,"Abstentions":1205,"% Abs/Ins":45.54,"Votants":1441,"% Vot/Ins":54.46,"Blancs":27,"% Blancs/Ins":1.02,"% Blancs/Vot":1.87,"Nuls":32,"% Nuls/Ins":1.21,"% Nuls/Vot":2.22,"Exprimés":1382,"% Exp/Ins":52.23,"% Exp/Vot":95.91,"resultats":[{"N.Pan.":null,"Code Nuance":"LNC","Sexe":"M","Nom":"RIVEL","Prénom":"Jean-Luc","Liste":"SALLES D'AUDE UNE PASSION, UN ENGAGEMENT","Sièges / Elu":"19","Sièges Secteur":0,"Sièges CC":1,"Voix":854,"% Voix/Ins":32.28,"% Voix/Exp":61.79},{"N.Pan.":2,"Code Nuance":"LNC","Sexe":"M","Nom":"ALINGRIN","Prénom":"Remy","Liste":"SALLES D'AUDE AUTREMENT","Sièges / Elu":"4","Sièges Secteur":0,"Sièges CC":0,"Voix":528,"% Voix/Ins":19.95,"% Voix/Exp":38.21}]},"population":{"F0-2":38.4622912941694,"F3-5":56.1274776634031,"F6-10":88.3331254711871,"F11-17":125.224554552661,"F18-24":63.4123245045193,"F25-39":222.292983316234,"F40-54":352.061870787048,"F55-64":209.059839024245,"F65-79":371.183787494391,"F80+":136.531458002585,"H0-2":46.3535943243668,"H3-5":56.0300160410547,"H6-10":102.293844119025,"H11-17":136.671115938201,"H18-24":90.5059738249729,"H25-39":195.988774572957,"H40-54":321.547006550103,"H55-64":203.4976939396,"H65-79":334.395725431259,"H80+":101.026543148018},"Analyse":{"Votes décisifs":327,"tour décisif":1,"majeurs":2601.5039805959323,"Non votants de 18-24":68.66135867184427}}