{"id":711,"slug":"11-88-cazilhac","nom_standard":"Cazilhac","code_postal":"11","code_departement":"11","libelle_departement":"Aude","code_commune":"88","Tour 1":{"Inscrits":1290,"Abstentions":456,"% Abs/Ins":35.35,"Votants":834,"% Vot/Ins":64.65,"Blancs":11,"% Blancs/Ins":0.85,"% Blancs/Vot":1.32,"Nuls":17,"% Nuls/Ins":1.32,"% Nuls/Vot":2.04,"Exprimés":806,"% Exp/Ins":62.48,"% Exp/Vot":96.64,"resultats":[{"N.Pan.":null,"Code Nuance":"LNC","Sexe":"M","Nom":"CARVAJAL","Prénom":"Toni","Liste":"CAZILHAC CITOYENS","Sièges / Elu":"15","Sièges Secteur":0,"Sièges CC":1,"Voix":435,"% Voix/Ins":33.72,"% Voix/Exp":53.97},{"N.Pan.":2,"Code Nuance":"LNC","Sexe":"M","Nom":"LECOINTRE","Prénom":"Cedric","Liste":"POURSUIVONS LA DYNAMIQUE POUR CAZILHAC","Sièges / Elu":"4","Sièges Secteur":0,"Sièges CC":0,"Voix":371,"% Voix/Ins":28.76,"% Voix/Exp":46.03}]},"population":{"F0-2":22.5023015278392,"F3-5":23.5040580848879,"F6-10":53.6728296982855,"F11-17":59.685529991184,"F18-24":28.4247080234573,"F25-39":116.448908053504,"F40-54":162.303059764023,"F55-64":125.156842457049,"F65-79":193.777260102452,"F80+":76.6008952834615,"H0-2":14.7189698850215,"H3-5":28.3340598275486,"H6-10":54.8173205034698,"H11-17":48.949398812557,"H18-24":45.4383871584416,"H25-39":109.836655509429,"H40-54":152.165086393865,"H55-64":97.9489514566629,"H65-79":162.51688678348,"H80+":63.1978906833826},"Analyse":{"Votes décisifs":65,"tour décisif":1,"majeurs":1333.8155316692078,"Non votants de 18-24":27.678431771500698}}