{"id":1105,"slug":"15-163-roannes-saint-mary","nom_standard":"Roannes-Saint-Mary","code_postal":"15","code_departement":"15","libelle_departement":"Cantal","code_commune":"163","Tour 1":{"Inscrits":856,"Abstentions":422,"% Abs/Ins":49.3,"Votants":434,"% Vot/Ins":50.7,"Blancs":17,"% Blancs/Ins":1.99,"% Blancs/Vot":3.92,"Nuls":68,"% Nuls/Ins":7.94,"% Nuls/Vot":15.67,"Exprimés":349,"% Exp/Ins":40.77,"% Exp/Vot":80.41,"resultats":[{"N.Pan.":null,"Code Nuance":"LNC","Sexe":"M","Nom":"MERAL","Prénom":"Géraud","Liste":"S'ENGAGER POUR ROANNES-SAINT-MARY","Sièges / Elu":"15","Sièges Secteur":0,"Sièges CC":3,"Voix":349,"% Voix/Ins":40.77,"% Voix/Exp":100}]},"population":{"F0-2":18.0376537101786,"F3-5":20.9727434364383,"F6-10":43.9878490826844,"F11-17":33.0117939958607,"F18-24":19.3899568314019,"F25-39":91.7864060804734,"F40-54":122.012028414749,"F55-64":71.5503410495517,"F65-79":64.8128082720809,"F80+":36.7793430153106,"H0-2":27.1167776237386,"H3-5":29.0547371497892,"H6-10":33.9513864803031,"H11-17":64.9470103531036,"H18-24":26.4724009044698,"H25-39":95.9342498599813,"H40-54":136.491490431058,"H55-64":76.695228569909,"H65-79":67.78663146696,"H80+":28.2091632719576},"Analyse":{"Votes décisifs":350,"tour décisif":1,"majeurs":837.9200481679031,"Non votants de 18-24":22.10798725519323}}