{"id":1110,"slug":"15-204-saint-paul-des-landes","nom_standard":"Saint-Paul-des-Landes","code_postal":"15","code_departement":"15","libelle_departement":"Cantal","code_commune":"204","Tour 1":{"Inscrits":1248,"Abstentions":673,"% Abs/Ins":53.93,"Votants":575,"% Vot/Ins":46.07,"Blancs":45,"% Blancs/Ins":3.61,"% Blancs/Vot":7.83,"Nuls":123,"% Nuls/Ins":9.86,"% Nuls/Vot":21.39,"Exprimés":407,"% Exp/Ins":32.61,"% Exp/Vot":70.78,"resultats":[{"N.Pan.":null,"Code Nuance":"LNC","Sexe":"F","Nom":"BENITO","Prénom":"Patricia","Liste":"AVEC VOUS, UN NOUVEL ELAN POUR SAINT-PAUL-DES-LANDES","Sièges / Elu":"19","Sièges Secteur":0,"Sièges CC":2,"Voix":407,"% Voix/Ins":32.61,"% Voix/Exp":100}]},"population":{"F0-2":29.3359750020559,"F3-5":29.1307028194357,"F6-10":40.5626766205988,"F11-17":73.1635527824478,"F18-24":21.5933947576817,"F25-39":122.592036456739,"F40-54":177.675030855496,"F55-64":112.367878607084,"F65-79":124.32332927038,"F80+":58.4915291829474,"H0-2":14.6243703612105,"H3-5":31.0681604506712,"H6-10":38.1798701924756,"H11-17":60.1170506947541,"H18-24":50.270427117592,"H25-39":121.973221537586,"H40-54":170.12595824841,"H55-64":119.860203188242,"H65-79":106.434717730991,"H80+":34.1099141232011},"Analyse":{"Votes décisifs":408,"tour décisif":1,"majeurs":1219.8176410763504,"Non votants de 18-24":37.988514463076676}}