{"id":1116,"slug":"15-267-ytrac","nom_standard":"Ytrac","code_postal":"15","code_departement":"15","libelle_departement":"Cantal","code_commune":"267","Tour 1":{"Inscrits":3386,"Abstentions":2034,"% Abs/Ins":60.07,"Votants":1352,"% Vot/Ins":39.93,"Blancs":37,"% Blancs/Ins":1.09,"% Blancs/Vot":2.74,"Nuls":160,"% Nuls/Ins":4.73,"% Nuls/Vot":11.83,"Exprimés":1155,"% Exp/Ins":34.11,"% Exp/Vot":85.43,"resultats":[{"N.Pan.":null,"Code Nuance":"LDVD","Sexe":"F","Nom":"GINEZ","Prénom":"Bernadette","Liste":"YTRAC AVANCE","Sièges / Elu":"27","Sièges Secteur":0,"Sièges CC":5,"Voix":1155,"% Voix/Ins":34.11,"% Voix/Exp":100}]},"population":{"F0-2":67.7964979793786,"F3-5":62.3789460740551,"F6-10":146.214766626407,"F11-17":207.282306629235,"F18-24":81.4764025440682,"F25-39":343.70145009007,"F40-54":431.505786385498,"F55-64":320.374739644047,"F65-79":414.90113632384,"F80+":131.583380952136,"H0-2":58.7574202012517,"H3-5":88.9796461668942,"H6-10":147.476145862344,"H11-17":187.968471172247,"H18-24":96.4104611895056,"H25-39":306.873867377363,"H40-54":450.869443457196,"H55-64":308.220894144237,"H65-79":382.181181670905,"H80+":94.0470555093218},"Analyse":{"Votes décisifs":1156,"tour décisif":1,"majeurs":3362.145799288187,"Non votants de 18-24":106.35426100744883}}