{"id":1141,"slug":"16-113-la-couronne","nom_standard":"La Couronne","code_postal":"16","code_departement":"16","libelle_departement":"Charente","code_commune":"113","Tour 1":{"Inscrits":4903,"Abstentions":3729,"% Abs/Ins":76.06,"Votants":1174,"% Vot/Ins":23.94,"Blancs":89,"% Blancs/Ins":1.82,"% Blancs/Vot":7.58,"Nuls":100,"% Nuls/Ins":2.04,"% Nuls/Vot":8.52,"Exprimés":985,"% Exp/Ins":20.09,"% Exp/Vot":83.9,"resultats":[{"N.Pan.":null,"Code Nuance":"LDVG","Sexe":"M","Nom":"DAURÉ","Prénom":"Jean-François","Liste":"LA COURONNE INNOVANTE & SOLIDAIRE","Sièges / Elu":"29","Sièges Secteur":0,"Sièges CC":4,"Voix":985,"% Voix/Ins":20.09,"% Voix/Exp":100}]},"population":{"F0-2":103.570844699183,"F3-5":110.88493090572,"F6-10":163.724856788623,"F11-17":297.72186233015,"F18-24":471.790144754115,"F25-39":610.408103564483,"F40-54":828.890608255786,"F55-64":589.902746410151,"F65-79":551.523339604745,"F80+":311.542748653827,"H0-2":112.34147195555,"H3-5":120.095267171922,"H6-10":225.167451273756,"H11-17":311.755374452323,"H18-24":450.151825561537,"H25-39":609.873139866026,"H40-54":700.859364391708,"H55-64":528.842493499355,"H65-79":471.391596646441,"H80+":171.561829214599},"Analyse":{"Votes décisifs":986,"tour décisif":1,"majeurs":6296.737940422774,"Non votants de 18-24":750.0498122821697}}