{"id":1161,"slug":"16-230-montmoreau","nom_standard":"Montmoreau","code_postal":"16","code_departement":"16","libelle_departement":"Charente","code_commune":"230","Tour 1":{"Inscrits":1801,"Abstentions":1123,"% Abs/Ins":62.35,"Votants":678,"% Vot/Ins":37.65,"Blancs":34,"% Blancs/Ins":1.89,"% Blancs/Vot":5.01,"Nuls":207,"% Nuls/Ins":11.49,"% Nuls/Vot":30.53,"Exprimés":437,"% Exp/Ins":24.26,"% Exp/Vot":64.45,"resultats":[{"N.Pan.":null,"Code Nuance":"LNC","Sexe":"M","Nom":"BOLVIN","Prénom":"Jean-Michel","Liste":"MONTMOREAU, L'AVENIR EN COMMUN","Sièges / Elu":"27","Sièges Secteur":0,"Sièges CC":8,"Voix":437,"% Voix/Ins":24.26,"% Voix/Exp":100}]},"population":{"F0-2":17.8945706746682,"F3-5":32.7725453660546,"F6-10":80.7391662091481,"F11-17":94.0436286182568,"F18-24":52.2904885322932,"F25-39":141.149636875597,"F40-54":223.44422415876,"F55-64":205.358553016719,"F65-79":299.652613244648,"F80+":163.963286139564,"H0-2":20.1560105586121,"H3-5":27.609950794135,"H6-10":59.9712710905286,"H11-17":107.306984970632,"H18-24":93.3675998926554,"H25-39":135.031304205285,"H40-54":212.74998556709,"H55-64":175.28066790386,"H65-79":272.295139917199,"H80+":101.922372264293},"Analyse":{"Votes décisifs":438,"tour décisif":1,"majeurs":2076.505871717963,"Non votants de 18-24":98.09926121565647}}