{"id":117,"slug":"1-333-saint-andre-de-corcy","nom_standard":"Saint-André-de-Corcy","code_postal":"1","code_departement":"1","libelle_departement":"Ain","code_commune":"333","Tour 1":{"Inscrits":2596,"Abstentions":1422,"% Abs/Ins":54.78,"Votants":1174,"% Vot/Ins":45.22,"Blancs":6,"% Blancs/Ins":0.23,"% Blancs/Vot":0.51,"Nuls":22,"% Nuls/Ins":0.85,"% Nuls/Vot":1.87,"Exprimés":1146,"% Exp/Ins":44.14,"% Exp/Vot":97.61,"resultats":[{"N.Pan.":null,"Code Nuance":"LNC","Sexe":"F","Nom":"LACROIX","Prénom":"Monique","Liste":"SAINT ANDRE DE CORCY HORIZON 2026","Sièges / Elu":"5","Sièges Secteur":0,"Sièges CC":1,"Voix":499,"% Voix/Ins":19.22,"% Voix/Exp":43.54},{"N.Pan.":2,"Code Nuance":"LNC","Sexe":"M","Nom":"LOREAU","Prénom":"Ludovic","Liste":"ICI ET MAINTENANT","Sièges / Elu":"18","Sièges Secteur":0,"Sièges CC":3,"Voix":647,"% Voix/Ins":24.92,"% Voix/Exp":56.46}]},"population":{"F0-2":44.9961988888727,"F3-5":62.2920281938196,"F6-10":107.066716270611,"F11-17":156.352386038967,"F18-24":128.746775485246,"F25-39":290.276196010321,"F40-54":344.532516209148,"F55-64":244.091891655465,"F65-79":248.697317548914,"F80+":128.482215168712,"H0-2":63.2492458708955,"H3-5":59.1118073923744,"H6-10":81.8946704104531,"H11-17":166.968432772507,"H18-24":102.772621216151,"H25-39":295.650446359256,"H40-54":321.177823373897,"H55-64":222.627654141886,"H65-79":237.681041800843,"H80+":59.3320151916595},"Analyse":{"Votes décisifs":149,"tour décisif":1,"majeurs":2624.0685141614986,"Non votants de 18-24":127.93834679337165}}