{"id":1184,"slug":"16-370-sireuil","nom_standard":"Sireuil","code_postal":"16","code_departement":"16","libelle_departement":"Charente","code_commune":"370","Tour 1":{"Inscrits":930,"Abstentions":527,"% Abs/Ins":56.67,"Votants":403,"% Vot/Ins":43.33,"Blancs":3,"% Blancs/Ins":0.32,"% Blancs/Vot":0.74,"Nuls":18,"% Nuls/Ins":1.94,"% Nuls/Vot":4.47,"Exprimés":382,"% Exp/Ins":41.08,"% Exp/Vot":94.79,"resultats":[{"N.Pan.":null,"Code Nuance":"LNC","Sexe":"M","Nom":"MARTIAL","Prénom":"Jean-Luc","Liste":"ENSEMBLE POUR L'AVENIR DE SIREUIL","Sièges / Elu":"15","Sièges Secteur":0,"Sièges CC":1,"Voix":382,"% Voix/Ins":41.08,"% Voix/Exp":100}]},"population":{"F0-2":17.8623039202062,"F3-5":20.8285838685075,"F6-10":27.8286590756076,"F11-17":41.7373652570868,"F18-24":17.9749155739429,"F25-39":99.6909203870332,"F40-54":131.843513424829,"F55-64":107.331343392342,"F65-79":76.2786821375329,"F80+":36.2144557556357,"H0-2":12.9433909756073,"H3-5":24.8246882201563,"H6-10":44.6716645518753,"H11-17":44.7197367708633,"H18-24":23.9944595282575,"H25-39":86.7477889385696,"H40-54":135.8455630929,"H55-64":100.298998545802,"H65-79":85.2847672318477,"H80+":20.0781993513964},"Analyse":{"Votes décisifs":383,"tour décisif":1,"majeurs":921.5836073600888,"Non votants de 18-24":23.61655498787938}}