{"id":798,"slug":"12-138-marcillac-vallon","nom_standard":"Marcillac-Vallon","code_postal":"12","code_departement":"12","libelle_departement":"Aveyron","code_commune":"138","Tour 1":{"Inscrits":1352,"Abstentions":437,"% Abs/Ins":32.32,"Votants":915,"% Vot/Ins":67.68,"Blancs":3,"% Blancs/Ins":0.22,"% Blancs/Vot":0.33,"Nuls":14,"% Nuls/Ins":1.04,"% Nuls/Vot":1.53,"Exprimés":898,"% Exp/Ins":66.42,"% Exp/Vot":98.14,"resultats":[{"N.Pan.":null,"Code Nuance":"LNC","Sexe":"F","Nom":"GABEN-TOUTANT","Prénom":"Anne","Liste":"MARCILLAC EN COMMUN","Sièges / Elu":"4","Sièges Secteur":0,"Sièges CC":1,"Voix":376,"% Voix/Ins":27.81,"% Voix/Exp":41.87},{"N.Pan.":2,"Code Nuance":"LNC","Sexe":"M","Nom":"PÉRIÉ","Prénom":"Jean-Philippe","Liste":"UNIS POUR MARCILLAC","Sièges / Elu":"15","Sièges Secteur":0,"Sièges CC":3,"Voix":522,"% Voix/Ins":38.61,"% Voix/Exp":58.13}]},"population":{"F0-2":13.4248002920866,"F3-5":34.9374593560335,"F6-10":42.4316448994305,"F11-17":99.992156368463,"F18-24":31.0933749130717,"F25-39":115.198992590115,"F40-54":171.711134510771,"F55-64":112.176163748075,"F65-79":144.086671800032,"F80+":162.319534949819,"H0-2":22.513858682671,"H3-5":20.6640796228203,"H6-10":47.6110414131394,"H11-17":81.1246739273137,"H18-24":40.0364799241723,"H25-39":110.934408629486,"H40-54":170.109154886927,"H55-64":98.9626785572956,"H65-79":124.339934762059,"H80+":80.3317561662174},"Analyse":{"Votes décisifs":147,"tour décisif":1,"majeurs":1361.3002854380413,"Non votants de 18-24":23.319817718846213}}