{"id":799,"slug":"12-140-martiel","nom_standard":"Martiel","code_postal":"12","code_departement":"12","libelle_departement":"Aveyron","code_commune":"140","Tour 1":{"Inscrits":805,"Abstentions":368,"% Abs/Ins":45.71,"Votants":437,"% Vot/Ins":54.29,"Blancs":8,"% Blancs/Ins":0.99,"% Blancs/Vot":1.83,"Nuls":35,"% Nuls/Ins":4.35,"% Nuls/Vot":8.01,"Exprimés":394,"% Exp/Ins":48.94,"% Exp/Vot":90.16,"resultats":[{"N.Pan.":null,"Code Nuance":"LNC","Sexe":"M","Nom":"MARTY","Prénom":"Guy","Liste":"MARTIEL 2020 AUJOURD'HUI ET POUR DEMAIN","Sièges / Elu":"15","Sièges Secteur":0,"Sièges CC":1,"Voix":394,"% Voix/Ins":48.94,"% Voix/Exp":100}]},"population":{"F0-2":7.59072622764275,"F3-5":11.1159051102482,"F6-10":26.1018597044042,"F11-17":41.9905431283431,"F18-24":16.8595234342046,"F25-39":70.4583237667216,"F40-54":101.961614071118,"F55-64":62.567398384635,"F65-79":86.9992650584904,"F80+":51.1889935702776,"H0-2":9.52418923832952,"H3-5":22.38111959463,"H6-10":27.7382973811104,"H11-17":38.34388288399,"H18-24":22.5793634499992,"H25-39":79.8764299212713,"H40-54":103.779095049676,"H55-64":71.3822980505901,"H65-79":82.083371218042,"H80+":40.4778007562758},"Analyse":{"Votes décisifs":395,"tour décisif":1,"majeurs":790.2134767313015,"Non votants de 18-24":17.628586154218333}}