{"id":795,"slug":"12-130-livinhac-le-haut","nom_standard":"Livinhac-le-Haut","code_postal":"12","code_departement":"12","libelle_departement":"Aveyron","code_commune":"130","Tour 1":{"Inscrits":885,"Abstentions":460,"% Abs/Ins":51.98,"Votants":425,"% Vot/Ins":48.02,"Blancs":18,"% Blancs/Ins":2.03,"% Blancs/Vot":4.24,"Nuls":42,"% Nuls/Ins":4.75,"% Nuls/Vot":9.88,"Exprimés":365,"% Exp/Ins":41.24,"% Exp/Vot":85.88,"resultats":[{"N.Pan.":null,"Code Nuance":"LNC","Sexe":"M","Nom":"JOFFRE","Prénom":"Roland","Liste":"ENSEMBLE POUR L'AVENIR","Sièges / Elu":"15","Sièges Secteur":0,"Sièges CC":2,"Voix":365,"% Voix/Ins":41.24,"% Voix/Exp":100}]},"population":{"F0-2":11.9169701780872,"F3-5":14.9068040605582,"F6-10":25.7614821624761,"F11-17":57.5725743833362,"F18-24":18.0040758878402,"F25-39":65.7094494762598,"F40-54":113.844439319714,"F55-64":69.296108477769,"F65-79":117.597326582863,"F80+":131.558547984643,"H0-2":8.96439986531426,"H3-5":16.9091329350709,"H6-10":36.7227922535521,"H11-17":37.774393538085,"H18-24":24.9450221481944,"H25-39":64.893853761839,"H40-54":102.813357142312,"H55-64":66.2360115533924,"H65-79":84.3497450272359,"H80+":53.2235132614576},"Analyse":{"Votes décisifs":366,"tour décisif":1,"majeurs":912.4714506235204,"Non votants de 18-24":22.944782665025887}}