{"id":793,"slug":"12-119-laguiole","nom_standard":"Laguiole","code_postal":"12","code_departement":"12","libelle_departement":"Aveyron","code_commune":"119","Tour 1":{"Inscrits":922,"Abstentions":222,"% Abs/Ins":24.08,"Votants":700,"% Vot/Ins":75.92,"Blancs":18,"% Blancs/Ins":1.95,"% Blancs/Vot":2.57,"Nuls":18,"% Nuls/Ins":1.95,"% Nuls/Vot":2.57,"Exprimés":664,"% Exp/Ins":72.02,"% Exp/Vot":94.86,"resultats":[{"N.Pan.":null,"Code Nuance":"LNC","Sexe":"F","Nom":"CHAUFFOUR","Prénom":"Cathy","Liste":"Laguiole 2020 : Ecouter, Partager, Agir","Sièges / Elu":"3","Sièges Secteur":0,"Sièges CC":1,"Voix":271,"% Voix/Ins":29.39,"% Voix/Exp":40.81},{"N.Pan.":2,"Code Nuance":"LNC","Sexe":"M","Nom":"ALAZARD","Prénom":"Vincent","Liste":"NOS ENERGIES POUR LAGUIOLE","Sièges / Elu":"12","Sièges Secteur":0,"Sièges CC":3,"Voix":393,"% Voix/Ins":42.62,"% Voix/Exp":59.19}]},"population":{"F0-2":14.4031318338119,"F3-5":10.5038577222698,"F6-10":23.6595699364292,"F11-17":30.4891321979527,"F18-24":29.1542274163165,"F25-39":98.2207888172474,"F40-54":97.3620428128639,"F55-64":93.2793371349385,"F65-79":114.058562300263,"F80+":105.015234826242,"H0-2":16.3175033054089,"H3-5":17.9597341324662,"H6-10":29.5799733962282,"H11-17":44.0541517741581,"H18-24":48.0989169949994,"H25-39":111.146383936068,"H40-54":122.686483156386,"H55-64":72.9663612876043,"H65-79":101.642160308481,"H80+":49.4024467098649},"Analyse":{"Votes décisifs":123,"tour décisif":1,"majeurs":1043.032945701275,"Non votants de 18-24":25.407034170222076}}