{"id":824,"slug":"12-253-salles-curan","nom_standard":"Salles-Curan","code_postal":"12","code_departement":"12","libelle_departement":"Aveyron","code_commune":"253","Tour 1":{"Inscrits":913,"Abstentions":112,"% Abs/Ins":12.27,"Votants":801,"% Vot/Ins":87.73,"Blancs":8,"% Blancs/Ins":0.88,"% Blancs/Vot":1,"Nuls":21,"% Nuls/Ins":2.3,"% Nuls/Vot":2.62,"Exprimés":772,"% Exp/Ins":84.56,"% Exp/Vot":96.38,"resultats":[{"N.Pan.":null,"Code Nuance":"LNC","Sexe":"M","Nom":"COMBETTES","Prénom":"Maurice","Liste":"AGIR POUR L'AVENIR","Sièges / Elu":"12","Sièges Secteur":0,"Sièges CC":4,"Voix":469,"% Voix/Ins":51.37,"% Voix/Exp":60.75},{"N.Pan.":2,"Code Nuance":"LNC","Sexe":"F","Nom":"LABIT","Prénom":"Corinne","Liste":"Engagés à vos côtés pour le Renouveau","Sièges / Elu":"3","Sièges Secteur":0,"Sièges CC":1,"Voix":303,"% Voix/Ins":33.19,"% Voix/Exp":39.25}]},"population":{"F0-2":8.42524372282475,"F3-5":10.1295711985919,"F6-10":23.6657357006267,"F11-17":28.7660002567562,"F18-24":15.2157366447935,"F25-39":51.3358914083555,"F40-54":83.6443641595839,"F55-64":84.2183799975791,"F65-79":112.115826253493,"F80+":72.103471284536,"H0-2":11.6752317835725,"H3-5":15.3711398473565,"H6-10":11.9203212253117,"H11-17":33.5006196347873,"H18-24":13.9088426001655,"H25-39":65.8988045907517,"H40-54":88.8531700153153,"H55-64":95.6667849051053,"H65-79":123.890055091409,"H80+":54.6948096790845},"Analyse":{"Votes décisifs":167,"tour décisif":1,"majeurs":861.5461366301723,"Non votants de 18-24":2.0467629988555323}}