{"id":820,"slug":"12-223-argences-en-aubrac","nom_standard":"Argences en Aubrac","code_postal":"12","code_departement":"12","libelle_departement":"Aveyron","code_commune":"223","Tour 1":{"Inscrits":1412,"Abstentions":595,"% Abs/Ins":42.14,"Votants":817,"% Vot/Ins":57.86,"Blancs":115,"% Blancs/Ins":8.14,"% Blancs/Vot":14.08,"Nuls":210,"% Nuls/Ins":14.87,"% Nuls/Vot":25.7,"Exprimés":492,"% Exp/Ins":34.84,"% Exp/Vot":60.22,"resultats":[{"N.Pan.":null,"Code Nuance":"LNC","Sexe":"M","Nom":"VALADIER","Prénom":"Jean","Liste":"CONSTRUIRE ENSEMBLE UN TERRITOIRE A VIVRE","Sièges / Elu":"23","Sièges Secteur":0,"Sièges CC":6,"Voix":492,"% Voix/Ins":34.84,"% Voix/Exp":100}]},"population":{"F0-2":16.9215601347069,"F3-5":12.9060170370685,"F6-10":24.8305151572295,"F11-17":52.6461412600622,"F18-24":19.9703107647563,"F25-39":94.7753715198875,"F40-54":128.030761199555,"F55-64":126.48878746345,"F65-79":196.940798327601,"F80+":144.594093553898,"H0-2":17.9254402278441,"H3-5":23.8854388123639,"H6-10":27.8015023684337,"H11-17":45.762805577685,"H18-24":33.9628644350305,"H25-39":100.923173455562,"H40-54":134.005140105119,"H55-64":131.50019201665,"H65-79":180.784003531811,"H80+":87.3450830512861},"Analyse":{"Votes décisifs":493,"tour décisif":1,"majeurs":1379.3205794246064,"Non votants de 18-24":21.98744423954318}}