{"id":1204,"slug":"17-53-bords","nom_standard":"Bords","code_postal":"17","code_departement":"17","libelle_departement":"Charente-Maritime","code_commune":"53","Tour 1":{"Inscrits":994,"Abstentions":380,"% Abs/Ins":38.23,"Votants":614,"% Vot/Ins":61.77,"Blancs":11,"% Blancs/Ins":1.11,"% Blancs/Vot":1.79,"Nuls":3,"% Nuls/Ins":0.3,"% Nuls/Vot":0.49,"Exprimés":600,"% Exp/Ins":60.36,"% Exp/Vot":97.72,"resultats":[{"N.Pan.":null,"Code Nuance":"LNC","Sexe":"M","Nom":"MARCOUILLÉ","Prénom":"Serge","Liste":"AGISSONS POUR L'AVENIR","Sièges / Elu":"13","Sièges Secteur":0,"Sièges CC":2,"Voix":393,"% Voix/Ins":39.54,"% Voix/Exp":65.5},{"N.Pan.":2,"Code Nuance":"LNC","Sexe":"M","Nom":"BELLU","Prénom":"Alain","Liste":"BORDS LE RENOUVEAU","Sièges / Elu":"2","Sièges Secteur":0,"Sièges CC":1,"Voix":207,"% Voix/Ins":20.82,"% Voix/Exp":34.5}]},"population":{"F0-2":18.7082718039966,"F3-5":18.6349642590639,"F6-10":36.3224082818774,"F11-17":61.8020304553442,"F18-24":35.587932178141,"F25-39":107.701095559297,"F40-54":137.218080319132,"F55-64":96.7726666715117,"F65-79":96.0278063675594,"F80+":66.060808548056,"H0-2":15.8128589910655,"H3-5":20.5237388461167,"H6-10":43.0062432316581,"H11-17":60.8350805120608,"H18-24":41.5521381701571,"H25-39":96.5909696512936,"H40-54":132.987951670275,"H55-64":95.5903767463094,"H65-79":98.8903620145672,"H80+":36.374215722518},"Analyse":{"Votes décisifs":187,"tour décisif":1,"majeurs":1041.3544036188175,"Non votants de 18-24":31.656992705124875}}