{"id":1249,"slug":"17-216-lussant","nom_standard":"Lussant","code_postal":"17","code_departement":"17","libelle_departement":"Charente-Maritime","code_commune":"216","Tour 1":{"Inscrits":726,"Abstentions":447,"% Abs/Ins":61.57,"Votants":279,"% Vot/Ins":38.43,"Blancs":4,"% Blancs/Ins":0.55,"% Blancs/Vot":1.43,"Nuls":28,"% Nuls/Ins":3.86,"% Nuls/Vot":10.04,"Exprimés":247,"% Exp/Ins":34.02,"% Exp/Vot":88.53,"resultats":[{"N.Pan.":null,"Code Nuance":"LNC","Sexe":"M","Nom":"GONTIER","Prénom":"Jacques","Liste":"AGIR ENSEMBLE POUR L'AVENIR DE LUSSANT","Sièges / Elu":"15","Sièges Secteur":0,"Sièges CC":1,"Voix":247,"% Voix/Ins":34.02,"% Voix/Exp":100}]},"population":{"F0-2":17.0865705506905,"F3-5":22.1305376387376,"F6-10":42.2295906842347,"F11-17":56.3732491786756,"F18-24":23.1702253495978,"F25-39":79.6024193018924,"F40-54":112.100481926892,"F55-64":69.9195422256514,"F65-79":64.9378513222766,"F80+":34.5117594077566,"H0-2":15.0989667263995,"H3-5":24.1181679177462,"H6-10":22.1306709804277,"H11-17":42.2332661741442,"H18-24":29.217123211221,"H25-39":97.9421081531126,"H40-54":115.197893807871,"H55-64":73.9644279794855,"H65-79":60.8043871483202,"H80+":16.230760314867},"Analyse":{"Votes décisifs":248,"tour décisif":1,"majeurs":777.5989801489442,"Non votants de 18-24":33.590937272227826}}