{"id":1285,"slug":"17-315-saint-christophe","nom_standard":"Saint-Christophe","code_postal":"17","code_departement":"17","libelle_departement":"Charente-Maritime","code_commune":"315","Tour 1":{"Inscrits":990,"Abstentions":711,"% Abs/Ins":71.82,"Votants":279,"% Vot/Ins":28.18,"Blancs":11,"% Blancs/Ins":1.11,"% Blancs/Vot":3.94,"Nuls":14,"% Nuls/Ins":1.41,"% Nuls/Vot":5.02,"Exprimés":254,"% Exp/Ins":25.66,"% Exp/Vot":91.04,"resultats":[{"N.Pan.":null,"Code Nuance":"LNC","Sexe":"M","Nom":"CHABRIER","Prénom":"Philippe","Liste":"VIVONS NOTRE VILLAGE","Sièges / Elu":"15","Sièges Secteur":0,"Sièges CC":1,"Voix":254,"% Voix/Ins":25.66,"% Voix/Exp":100}]},"population":{"F0-2":22.0180383622226,"F3-5":36.8346096713762,"F6-10":48.4961368834907,"F11-17":74.3666883647529,"F18-24":41.5544220506485,"F25-39":147.777000999317,"F40-54":138.61796270901,"F55-64":91.647074530806,"F65-79":80.0624382674958,"F80+":31.5313988842983,"H0-2":20.1290655824675,"H3-5":28.9022979820903,"H6-10":51.6048913268121,"H11-17":57.259469502356,"H18-24":32.5061487029851,"H25-39":142.617605389098,"H40-54":145.208569842377,"H55-64":91.6920256157344,"H65-79":63.8087346773436,"H80+":29.3654206553181},"Analyse":{"Votes décisifs":255,"tour décisif":1,"majeurs":1036.3888023244317,"Non votants de 18-24":54.12316966060688}}