{"id":947,"slug":"13-118-coudoux","nom_standard":"Coudoux","code_postal":"13","code_departement":"13","libelle_departement":"Bouches-du-Rhône","code_commune":"118","Tour 1":{"Inscrits":2911,"Abstentions":1961,"% Abs/Ins":67.37,"Votants":950,"% Vot/Ins":32.63,"Blancs":39,"% Blancs/Ins":1.34,"% Blancs/Vot":4.11,"Nuls":59,"% Nuls/Ins":2.03,"% Nuls/Vot":6.21,"Exprimés":852,"% Exp/Ins":29.27,"% Exp/Vot":89.68,"resultats":[{"N.Pan.":null,"Code Nuance":"LDVD","Sexe":"M","Nom":"BARRET","Prénom":"Guy","Liste":"VIVONS COUDOUX ENSEMBLE","Sièges / Elu":"27","Sièges Secteur":0,"Sièges CC":1,"Voix":852,"% Voix/Ins":29.27,"% Voix/Exp":100}]},"population":{"F0-2":48.8159981201781,"F3-5":70.9054263730788,"F6-10":132.021741322868,"F11-17":183.710121259116,"F18-24":106.765619538361,"F25-39":316.569424597883,"F40-54":449.460161375803,"F55-64":204.00742190042,"F65-79":271.500722028263,"F80+":89.040871630734,"H0-2":83.3931650023287,"H3-5":70.1280173792782,"H6-10":139.581504781052,"H11-17":204.017646362974,"H18-24":107.651445662485,"H25-39":270.952102682288,"H40-54":431.453526553691,"H55-64":184.323332653084,"H65-79":252.218943814555,"H80+":51.4828069615574},"Analyse":{"Votes décisifs":853,"tour décisif":1,"majeurs":2735.4263793991245,"Non votants de 18-24":139.95108305090838}}