{"id":945,"slug":"13-115-vernegues","nom_standard":"Vernègues","code_postal":"13","code_departement":"13","libelle_departement":"Bouches-du-Rhône","code_commune":"115","Tour 1":{"Inscrits":1508,"Abstentions":955,"% Abs/Ins":63.33,"Votants":553,"% Vot/Ins":36.67,"Blancs":35,"% Blancs/Ins":2.32,"% Blancs/Vot":6.33,"Nuls":55,"% Nuls/Ins":3.65,"% Nuls/Vot":9.95,"Exprimés":463,"% Exp/Ins":30.7,"% Exp/Vot":83.73,"resultats":[{"N.Pan.":null,"Code Nuance":"LNC","Sexe":"F","Nom":"REYBAUD-DECROIX","Prénom":"Anne","Liste":"ENSEMBLE POUR L'AVENIR DE VERNÈGUES-CAZAN","Sièges / Elu":"19","Sièges Secteur":0,"Sièges CC":1,"Voix":463,"% Voix/Ins":30.7,"% Voix/Exp":100}]},"population":{"F0-2":40.4360960230736,"F3-5":39.4601005870966,"F6-10":75.7340426289134,"F11-17":101.132222540434,"F18-24":56.8395895919818,"F25-39":201.216080285564,"F40-54":252.217255704535,"F55-64":130.015875706578,"F65-79":90.4212919967464,"F80+":20.516775705842,"H0-2":41.4688564283843,"H3-5":69.7728762581329,"H6-10":82.8081644541588,"H11-17":103.192591416527,"H18-24":71.9037655776403,"H25-39":188.989525429297,"H40-54":247.131822187593,"H55-64":132.914214990149,"H65-79":97.4211162500011,"H80+":18.4077362373514},"Analyse":{"Votes décisifs":464,"tour décisif":1,"majeurs":1507.9950496632791,"Non votants de 18-24":81.53161171947073}}