{"id":866,"slug":"13-38-fontvieille","nom_standard":"Fontvieille","code_postal":"13","code_departement":"13","libelle_departement":"Bouches-du-Rhône","code_commune":"38","Tour 1":{"Inscrits":3269,"Abstentions":1687,"% Abs/Ins":51.61,"Votants":1582,"% Vot/Ins":48.39,"Blancs":88,"% Blancs/Ins":2.69,"% Blancs/Vot":5.56,"Nuls":122,"% Nuls/Ins":3.73,"% Nuls/Vot":7.71,"Exprimés":1372,"% Exp/Ins":41.97,"% Exp/Vot":86.73,"resultats":[{"N.Pan.":null,"Code Nuance":"LDVG","Sexe":"M","Nom":"GARNIER","Prénom":"Gérard","Liste":"AGIR ENSEMBLE","Sièges / Elu":"27","Sièges Secteur":0,"Sièges CC":5,"Voix":1372,"% Voix/Ins":41.97,"% Voix/Exp":100}]},"population":{"F0-2":28.4340098380209,"F3-5":40.2225321908649,"F6-10":71.597142820021,"F11-17":141.589184326253,"F18-24":77.5353344945458,"F25-39":190.029441296895,"F40-54":369.240445086984,"F55-64":277.739852622737,"F65-79":478.742921381708,"F80+":209.620841847886,"H0-2":27.4316460599256,"H3-5":43.1530322111158,"H6-10":93.3245306403896,"H11-17":122.081086866613,"H18-24":91.023761744675,"H25-39":179.554767019051,"H40-54":343.513160025752,"H55-64":227.155696344283,"H65-79":380.339787500656,"H80+":138.670825681623},"Analyse":{"Votes décisifs":1373,"tour décisif":1,"majeurs":2963.1668350467953,"Non votants de 18-24":78.56737282475564}}