{"id":839,"slug":"13-7-auriol","nom_standard":"Auriol","code_postal":"13","code_departement":"13","libelle_departement":"Bouches-du-Rhône","code_commune":"7","Tour 1":{"Inscrits":9504,"Abstentions":5427,"% Abs/Ins":57.1,"Votants":4077,"% Vot/Ins":42.9,"Blancs":105,"% Blancs/Ins":1.1,"% Blancs/Vot":2.58,"Nuls":57,"% Nuls/Ins":0.6,"% Nuls/Vot":1.4,"Exprimés":3915,"% Exp/Ins":41.19,"% Exp/Vot":96.03,"resultats":[{"N.Pan.":null,"Code Nuance":"LDVD","Sexe":"F","Nom":"MIQUELLY","Prénom":"Véronique","Liste":"AURIOL ENSEMBLE","Sièges / Elu":"27","Sièges Secteur":0,"Sièges CC":1,"Voix":2474,"% Voix/Ins":26.03,"% Voix/Exp":63.19},{"N.Pan.":2,"Code Nuance":"LDVC","Sexe":"M","Nom":"REY","Prénom":"Daniel","Liste":"AGIR POUR AURIOL 2020","Sièges / Elu":"6","Sièges Secteur":0,"Sièges CC":0,"Voix":1441,"% Voix/Ins":15.16,"% Voix/Exp":36.81}]},"population":{"F0-2":153.065021795897,"F3-5":184.021828045155,"F6-10":379.623768376517,"F11-17":485.147447516021,"F18-24":399.994776050384,"F25-39":1102.0761235658,"F40-54":1338.57986840564,"F55-64":943.307701639102,"F65-79":947.195896345323,"F80+":353.241047368922,"H0-2":197.448430716703,"H3-5":184.169708512182,"H6-10":342.960159911747,"H11-17":584.999054563567,"H18-24":504.954160620846,"H25-39":1147.88035658105,"H40-54":1317.9955230598,"H55-64":931.399734036132,"H65-79":939.029634973842,"H80+":229.909757915372},"Analyse":{"Votes décisifs":1034,"tour décisif":1,"majeurs":10155.564580562212,"Non votants de 18-24":541.6528554400322}}