{"id":920,"slug":"13-87-rousset","nom_standard":"Rousset","code_postal":"13","code_departement":"13","libelle_departement":"Bouches-du-Rhône","code_commune":"87","Tour 1":{"Inscrits":3784,"Abstentions":2527,"% Abs/Ins":66.78,"Votants":1257,"% Vot/Ins":33.22,"Blancs":120,"% Blancs/Ins":3.17,"% Blancs/Vot":9.55,"Nuls":125,"% Nuls/Ins":3.3,"% Nuls/Vot":9.94,"Exprimés":1012,"% Exp/Ins":26.74,"% Exp/Vot":80.51,"resultats":[{"N.Pan.":null,"Code Nuance":"LDVG","Sexe":"M","Nom":"CANAL","Prénom":"Jean-Louis","Liste":"ROUSSET RASSEMBLE","Sièges / Elu":"27","Sièges Secteur":0,"Sièges CC":1,"Voix":1012,"% Voix/Ins":26.74,"% Voix/Exp":100}]},"population":{"F0-2":75.7175813339132,"F3-5":98.9485914109419,"F6-10":144.29841372535,"F11-17":222.185220457867,"F18-24":162.785566602578,"F25-39":485.762628647371,"F40-54":611.257125232211,"F55-64":337.03405803945,"F65-79":327.046331029236,"F80+":148.740306019845,"H0-2":77.7704226743744,"H3-5":92.8088432125799,"H6-10":160.461630771027,"H11-17":249.334743029173,"H18-24":186.764322519096,"H25-39":435.348869723444,"H40-54":509.5903917532,"H55-64":287.000639086311,"H65-79":287.223935394611,"H80+":76.9203793374211},"Analyse":{"Votes décisifs":1013,"tour décisif":1,"majeurs":3855.474553384774,"Non votants de 18-24":235.586172193442}}