{"id":913,"slug":"13-80-le-puy-sainte-reparade","nom_standard":"Le Puy-Sainte-Réparade","code_postal":"13","code_departement":"13","libelle_departement":"Bouches-du-Rhône","code_commune":"80","Tour 1":{"Inscrits":4566,"Abstentions":2309,"% Abs/Ins":50.57,"Votants":2257,"% Vot/Ins":49.43,"Blancs":47,"% Blancs/Ins":1.03,"% Blancs/Vot":2.08,"Nuls":22,"% Nuls/Ins":0.48,"% Nuls/Vot":0.97,"Exprimés":2188,"% Exp/Ins":47.92,"% Exp/Vot":96.94,"resultats":[{"N.Pan.":null,"Code Nuance":"LDVD","Sexe":"M","Nom":"ROATTA","Prénom":"Serge","Liste":"ENSEMBLE POUR LE PUY","Sièges / Elu":"3","Sièges Secteur":0,"Sièges CC":0,"Voix":525,"% Voix/Ins":11.5,"% Voix/Exp":23.99},{"N.Pan.":2,"Code Nuance":"LDVC","Sexe":"M","Nom":"LECUIVRE","Prénom":"Jacky","Liste":"UNION CITOYENNE DU PUY","Sièges / Elu":"2","Sièges Secteur":0,"Sièges CC":0,"Voix":410,"% Voix/Ins":8.98,"% Voix/Exp":18.74},{"N.Pan.":3,"Code Nuance":"LUG","Sexe":"M","Nom":"CIOT","Prénom":"Jean-David","Liste":"LISTE D'UNION REPUBLICAINE ET D'INTERETS COMMUNAUX","Sièges / Elu":24,"Sièges CC":1,"Voix":1253,"% Voix/Ins":27.44,"% Voix/Exp":57.27}]},"population":{"F0-2":81.4528928113687,"F3-5":85.3166014767427,"F6-10":180.354595614589,"F11-17":277.416784472395,"F18-24":154.15340021279,"F25-39":465.455972849594,"F40-54":651.025903124529,"F55-64":406.958404203245,"F65-79":472.457823379688,"F80+":251.70806111405,"H0-2":72.7066356718944,"H3-5":106.283014570681,"H6-10":178.592898308915,"H11-17":287.464435240346,"H18-24":174.079980782939,"H25-39":443.401385436941,"H40-54":616.655790296389,"H55-64":382.101985638072,"H65-79":425.735360899116,"H80+":152.678073895717},"Analyse":{"Votes décisifs":319,"tour décisif":1,"majeurs":4596.41214183307,"Non votants de 18-24":167.0592482052963}}