{"id":1312,"slug":"17-396-saint-sauveur-d-aunis","nom_standard":"Saint-Sauveur-d'Aunis","code_postal":"17","code_departement":"17","libelle_departement":"Charente-Maritime","code_commune":"396","Tour 1":{"Inscrits":1232,"Abstentions":725,"% Abs/Ins":58.85,"Votants":507,"% Vot/Ins":41.15,"Blancs":54,"% Blancs/Ins":4.38,"% Blancs/Vot":10.65,"Nuls":52,"% Nuls/Ins":4.22,"% Nuls/Vot":10.26,"Exprimés":401,"% Exp/Ins":32.55,"% Exp/Vot":79.09,"resultats":[{"N.Pan.":null,"Code Nuance":"LNC","Sexe":"M","Nom":"FONTANAUD","Prénom":"Alain","Liste":"SAINT SAUVEUR : UN VILLAGE TOURNE VERS L'AVENIR","Sièges / Elu":"19","Sièges Secteur":0,"Sièges CC":2,"Voix":401,"% Voix/Ins":32.55,"% Voix/Exp":100}]},"population":{"F0-2":23.6783579608529,"F3-5":27.0730453544718,"F6-10":63.5793196756647,"F11-17":79.8185055878528,"F18-24":49.8034064179418,"F25-39":140.387644390523,"F40-54":205.565197649297,"F55-64":88.8815839326389,"F65-79":120.751626874219,"F80+":76.5027426697636,"H0-2":28.4018858707471,"H3-5":33.0077020931784,"H6-10":47.2960424800135,"H11-17":90.5479718528857,"H18-24":67.8066344563976,"H25-39":135.66650349822,"H40-54":202.49620925807,"H55-64":93.9158067963816,"H65-79":108.12109254121,"H80+":43.6987206396709},"Analyse":{"Votes décisifs":402,"tour décisif":1,"majeurs":1333.5971691243333,"Non votants de 18-24":72.89767037460057}}