{"id":1314,"slug":"17-407-sainte-soulle","nom_standard":"Sainte-Soulle","code_postal":"17","code_departement":"17","libelle_departement":"Charente-Maritime","code_commune":"407","Tour 1":{"Inscrits":3593,"Abstentions":2059,"% Abs/Ins":57.31,"Votants":1534,"% Vot/Ins":42.69,"Blancs":18,"% Blancs/Ins":0.5,"% Blancs/Vot":1.17,"Nuls":15,"% Nuls/Ins":0.42,"% Nuls/Vot":0.98,"Exprimés":1501,"% Exp/Ins":41.78,"% Exp/Vot":97.85,"resultats":[{"N.Pan.":null,"Code Nuance":"LDVG","Sexe":"M","Nom":"AYRAL","Prénom":"Bertrand","Liste":"LA LISTE SOLINOISE","Sièges / Elu":"21","Sièges Secteur":0,"Sièges CC":2,"Voix":805,"% Voix/Ins":22.4,"% Voix/Exp":53.63},{"N.Pan.":2,"Code Nuance":"LDVG","Sexe":"M","Nom":"FOUCHER","Prénom":"Philippe","Liste":"SAINTE SOULLE AUTREMENT","Sièges / Elu":"6","Sièges Secteur":0,"Sièges CC":0,"Voix":696,"% Voix/Ins":19.37,"% Voix/Exp":46.37}]},"population":{"F0-2":85.1626276798324,"F3-5":97.1575169991224,"F6-10":169.604896229286,"F11-17":240.349038833808,"F18-24":141.161605186342,"F25-39":477.599874424847,"F40-54":573.427444898059,"F55-64":298.257762882815,"F65-79":356.344763711977,"F80+":91.1922331077174,"H0-2":95.8856474414708,"H3-5":74.5517672727509,"H6-10":188.469299222308,"H11-17":244.570305600418,"H18-24":133.473878402559,"H25-39":444.664994702935,"H40-54":512.259373698836,"H55-64":309.801827400323,"H65-79":304.638052213997,"H80+":67.4270900905959},"Analyse":{"Votes décisifs":110,"tour décisif":1,"majeurs":3710.2489007210033,"Non votants de 18-24":161.0876211413154}}