{"id":1324,"slug":"17-434-surgeres","nom_standard":"Surgères","code_postal":"17","code_departement":"17","libelle_departement":"Charente-Maritime","code_commune":"434","Tour 1":{"Inscrits":4576,"Abstentions":2482,"% Abs/Ins":54.24,"Votants":2094,"% Vot/Ins":45.76,"Blancs":29,"% Blancs/Ins":0.63,"% Blancs/Vot":1.38,"Nuls":38,"% Nuls/Ins":0.83,"% Nuls/Vot":1.81,"Exprimés":2027,"% Exp/Ins":44.3,"% Exp/Vot":96.8,"resultats":[{"N.Pan.":null,"Code Nuance":"LUG","Sexe":"M","Nom":"TOUVRON","Prénom":"Didier","Liste":"SURGÈRES A GAUCHE","Sièges / Elu":"2","Sièges Secteur":0,"Sièges CC":1,"Voix":386,"% Voix/Ins":8.44,"% Voix/Exp":19.04},{"N.Pan.":2,"Code Nuance":"LDVD","Sexe":"F","Nom":"DESPREZ","Prénom":"Catherine","Liste":"Surgères Ensemble","Sièges / Elu":"24","Sièges Secteur":0,"Sièges CC":8,"Voix":1210,"% Voix/Ins":26.44,"% Voix/Exp":59.69},{"N.Pan.":3,"Code Nuance":"LDVC","Sexe":"M","Nom":"BIAR","Prénom":"Younes","Liste":"SURGERES POUR TOUS, ENSEMBLE CONSTRUISONS L'AVENIR","Sièges / Elu":3,"Sièges CC":1,"Voix":431,"% Voix/Ins":9.42,"% Voix/Exp":21.26}]},"population":{"F0-2":92.4895309082372,"F3-5":75.6005813846123,"F6-10":198.754414111189,"F11-17":265.610435321813,"F18-24":225.157648865016,"F25-39":437.555846339871,"F40-54":603.736006130741,"F55-64":530.333274036922,"F65-79":773.639521125619,"F80+":450.333237401554,"H0-2":77.7057808404213,"H3-5":79.5642182783208,"H6-10":169.04360039693,"H11-17":264.595125774169,"H18-24":274.192876134262,"H25-39":423.276398183214,"H40-54":531.289086400255,"H55-64":461.703660904694,"H65-79":595.726866673668,"H80+":270.691890788491},"Analyse":{"Votes décisifs":394,"tour décisif":1,"majeurs":5577.636312984307,"Non votants de 18-24":311.88043181404845}}