{"id":135,"slug":"1-366-sainte-julie","nom_standard":"Sainte-Julie","code_postal":"1","code_departement":"1","libelle_departement":"Ain","code_commune":"366","Tour 1":{"Inscrits":658,"Abstentions":228,"% Abs/Ins":34.65,"Votants":430,"% Vot/Ins":65.35,"Blancs":6,"% Blancs/Ins":0.91,"% Blancs/Vot":1.4,"Nuls":3,"% Nuls/Ins":0.46,"% Nuls/Vot":0.7,"Exprimés":421,"% Exp/Ins":63.98,"% Exp/Vot":97.91,"resultats":[{"N.Pan.":null,"Code Nuance":"LNC","Sexe":"M","Nom":"ADAM","Prénom":"Xavier","Liste":"SAINTE JULIE ENSEMBLE","Sièges / Elu":"2","Sièges Secteur":0,"Sièges CC":0,"Voix":155,"% Voix/Ins":23.56,"% Voix/Exp":36.82},{"N.Pan.":2,"Code Nuance":"LNC","Sexe":"M","Nom":"CHAPPELLAZ","Prénom":"Lionel","Liste":"ENSEMBLE POUR DEMAIN","Sièges / Elu":"13","Sièges Secteur":0,"Sièges CC":1,"Voix":266,"% Voix/Ins":40.43,"% Voix/Exp":63.18}]},"population":{"F0-2":24.5177612319342,"F3-5":27.6930329818738,"F6-10":41.4855819891282,"F11-17":53.2759373758656,"F18-24":24.5924416722494,"F25-39":110.051676043552,"F40-54":142.324290795282,"F55-64":51.7083889199323,"F65-79":45.3658524165704,"F80+":10.807254932674,"H0-2":26.6412428166538,"H3-5":31.9330202434099,"H6-10":52.1029885655237,"H11-17":67.0885593475214,"H18-24":27.7945900513101,"H25-39":101.571275491456,"H40-54":143.363201796521,"H55-64":49.5645795085865,"H65-79":43.1673879877209,"H80+":12.9509358322358},"Analyse":{"Votes décisifs":112,"tour décisif":1,"majeurs":763.2618754480904,"Non votants de 18-24":22.87367023422017}}