{"id":1377,"slug":"18-160-nerondes","nom_standard":"Nérondes","code_postal":"18","code_departement":"18","libelle_departement":"Cher","code_commune":"160","Tour 1":{"Inscrits":972,"Abstentions":447,"% Abs/Ins":45.99,"Votants":525,"% Vot/Ins":54.01,"Blancs":12,"% Blancs/Ins":1.23,"% Blancs/Vot":2.29,"Nuls":14,"% Nuls/Ins":1.44,"% Nuls/Vot":2.67,"Exprimés":499,"% Exp/Ins":51.34,"% Exp/Vot":95.05,"resultats":[{"N.Pan.":null,"Code Nuance":"LNC","Sexe":"M","Nom":"FERRAND","Prénom":"Thierry","Liste":"Un Tremplin Pour l'Avenir de Nérondes","Sièges / Elu":"12","Sièges Secteur":0,"Sièges CC":6,"Voix":259,"% Voix/Ins":26.65,"% Voix/Exp":51.9},{"N.Pan.":2,"Code Nuance":"LNC","Sexe":"M","Nom":"DESMARE","Prénom":"Christian","Liste":"UNIS POUR VOUS","Sièges / Elu":"3","Sièges Secteur":0,"Sièges CC":1,"Voix":240,"% Voix/Ins":24.69,"% Voix/Exp":48.1}]},"population":{"F0-2":17.0351568048403,"F3-5":20.4152001649985,"F6-10":43.917448847052,"F11-17":56.8966935451326,"F18-24":31.9901782225237,"F25-39":97.3592711385781,"F40-54":109.8914592017,"F55-64":101.199968862904,"F65-79":152.859637914466,"F80+":125.955057096512,"H0-2":19.9781149850841,"H3-5":23.0667049878745,"H6-10":38.1806225810469,"H11-17":64.4310284564737,"H18-24":38.7187355329643,"H25-39":92.6476011456371,"H40-54":117.915565942356,"H55-64":103.098880738552,"H65-79":145.573025566221,"H80+":46.8696482650824},"Analyse":{"Votes décisifs":20,"tour décisif":1,"majeurs":1164.0790296274965,"Non votants de 18-24":38.8191719279849}}