{"id":1385,"slug":"18-213-saint-germain-du-puy","nom_standard":"Saint-Germain-du-Puy","code_postal":"18","code_departement":"18","libelle_departement":"Cher","code_commune":"213","Tour 1":{"Inscrits":3726,"Abstentions":2580,"% Abs/Ins":69.24,"Votants":1146,"% Vot/Ins":30.76,"Blancs":94,"% Blancs/Ins":2.52,"% Blancs/Vot":8.2,"Nuls":118,"% Nuls/Ins":3.17,"% Nuls/Vot":10.3,"Exprimés":934,"% Exp/Ins":25.07,"% Exp/Vot":81.5,"resultats":[{"N.Pan.":null,"Code Nuance":"LDVG","Sexe":"F","Nom":"BAUDOUIN","Prénom":"Marie-Christine","Liste":"SAINT GERMAIN ENSEMBLE","Sièges / Elu":"29","Sièges Secteur":0,"Sièges CC":4,"Voix":934,"% Voix/Ins":25.07,"% Voix/Exp":100}]},"population":{"F0-2":47.0406882178315,"F3-5":73.967159106109,"F6-10":129.085330198887,"F11-17":211.192896737683,"F18-24":143.150727604638,"F25-39":366.933256006803,"F40-54":534.279135602131,"F55-64":383.672508429716,"F65-79":547.574980704505,"F80+":213.256058533008,"H0-2":67.607434519889,"H3-5":77.1710018629834,"H6-10":147.595255099599,"H11-17":200.266777329709,"H18-24":149.284064518681,"H25-39":328.742392520993,"H40-54":457.150835876857,"H55-64":354.783482380805,"H65-79":416.064594124981,"H80+":146.181420624191},"Analyse":{"Votes décisifs":935,"tour décisif":1,"majeurs":4041.073456927309,"Non votants de 18-24":209.50378991675555}}