{"id":1391,"slug":"18-246-savigny-en-sancerre","nom_standard":"Savigny-en-Sancerre","code_postal":"18","code_departement":"18","libelle_departement":"Cher","code_commune":"246","Tour 1":{"Inscrits":792,"Abstentions":413,"% Abs/Ins":52.15,"Votants":379,"% Vot/Ins":47.85,"Blancs":5,"% Blancs/Ins":0.63,"% Blancs/Vot":1.32,"Nuls":38,"% Nuls/Ins":4.8,"% Nuls/Vot":10.03,"Exprimés":336,"% Exp/Ins":42.42,"% Exp/Vot":88.65,"resultats":[{"N.Pan.":null,"Code Nuance":"LNC","Sexe":"F","Nom":"RUELLÉ","Prénom":"Thérèse","Liste":"UNION COMMUNALE","Sièges / Elu":"15","Sièges Secteur":0,"Sièges CC":2,"Voix":336,"% Voix/Ins":42.42,"% Voix/Exp":100}]},"population":{"F0-2":16.9891115569295,"F3-5":17.0365002501644,"F6-10":36.011288035141,"F11-17":51.0283383213361,"F18-24":23.0869139219487,"F25-39":86.2208164119095,"F40-54":98.3908560308015,"F55-64":82.5610499878395,"F65-79":102.815360976167,"F80+":62.5265716346432,"H0-2":18.0042559955365,"H3-5":23.0053047496886,"H6-10":43.0233103275434,"H11-17":34.0393831050416,"H18-24":42.2159337452019,"H25-39":79.2986453278689,"H40-54":107.408589896768,"H55-64":76.5051236918943,"H65-79":83.6100630713565,"H80+":28.2225829622198},"Analyse":{"Votes décisifs":337,"tour décisif":1,"majeurs":872.8625076586188,"Non votants de 18-24":36.948119346605246}}