{"id":1395,"slug":"18-281-vignoux-sur-barangeon","nom_standard":"Vignoux-sur-Barangeon","code_postal":"18","code_departement":"18","libelle_departement":"Cher","code_commune":"281","Tour 1":{"Inscrits":1641,"Abstentions":797,"% Abs/Ins":48.57,"Votants":844,"% Vot/Ins":51.43,"Blancs":11,"% Blancs/Ins":0.67,"% Blancs/Vot":1.3,"Nuls":24,"% Nuls/Ins":1.46,"% Nuls/Vot":2.84,"Exprimés":809,"% Exp/Ins":49.3,"% Exp/Vot":95.85,"resultats":[{"N.Pan.":null,"Code Nuance":"LNC","Sexe":"F","Nom":"TORCHY","Prénom":"Corinne","Liste":"REUNIS POUR VOUS","Sièges / Elu":"4","Sièges Secteur":0,"Sièges CC":1,"Voix":331,"% Voix/Ins":20.17,"% Voix/Exp":40.91},{"N.Pan.":2,"Code Nuance":"LNC","Sexe":"M","Nom":"BULTEAU","Prénom":"Philippe","Liste":"100% VIGNOUX","Sièges / Elu":"15","Sièges Secteur":0,"Sièges CC":3,"Voix":478,"% Voix/Ins":29.13,"% Voix/Exp":59.09}]},"population":{"F0-2":31.4929842841778,"F3-5":35.0229431216285,"F6-10":67.0590933404893,"F11-17":103.75871820198,"F18-24":36.8202951268515,"F25-39":175.73638478012,"F40-54":247.951621081116,"F55-64":189.050305788568,"F65-79":160.242346120583,"F80+":60.9529331204985,"H0-2":32.2535232673848,"H3-5":47.763928298952,"H6-10":65.1779990522352,"H11-17":72.9966783677193,"H18-24":50.798520622652,"H25-39":175.53190762365,"H40-54":205.508466710306,"H55-64":175.098807131368,"H65-79":167.165278892442,"H80+":37.6172650672782},"Analyse":{"Votes décisifs":148,"tour décisif":1,"majeurs":1682.4741320654332,"Non votants de 18-24":43.66552156019055}}