{"id":980,"slug":"14-123-cairon","nom_standard":"Cairon","code_postal":"14","code_departement":"14","libelle_departement":"Calvados","code_commune":"123","Tour 1":{"Inscrits":1738,"Abstentions":1053,"% Abs/Ins":60.59,"Votants":685,"% Vot/Ins":39.41,"Blancs":13,"% Blancs/Ins":0.75,"% Blancs/Vot":1.9,"Nuls":13,"% Nuls/Ins":0.75,"% Nuls/Vot":1.9,"Exprimés":659,"% Exp/Ins":37.92,"% Exp/Vot":96.2,"resultats":[{"N.Pan.":null,"Code Nuance":"LNC","Sexe":"M","Nom":"ROUZIC","Prénom":"Dominique","Liste":"ENSEMBLE À CAIRON","Sièges / Elu":"16","Sièges Secteur":0,"Sièges CC":1,"Voix":405,"% Voix/Ins":23.3,"% Voix/Exp":61.46},{"N.Pan.":2,"Code Nuance":"LNC","Sexe":"M","Nom":"CAHAN","Prénom":"Bruno","Liste":"Cairon en avant !","Sièges / Elu":"3","Sièges Secteur":0,"Sièges CC":0,"Voix":254,"% Voix/Ins":14.61,"% Voix/Exp":38.54}]},"population":{"F0-2":34.4814499049541,"F3-5":30.4073254480078,"F6-10":69.333303634608,"F11-17":101.546669671658,"F18-24":53.7505375014148,"F25-39":155.339759627566,"F40-54":230.546540993246,"F55-64":186.298622743271,"F65-79":143.400384216972,"F80+":15.8711655792681,"H0-2":38.653404739276,"H3-5":35.4617474175287,"H6-10":74.3930413630796,"H11-17":108.193795749923,"H18-24":62.9966212568131,"H25-39":145.106238103177,"H40-54":205.755696805332,"H55-64":173.556094120794,"H65-79":145.241826614742,"H80+":18.6657745083676},"Analyse":{"Votes décisifs":152,"tour décisif":1,"majeurs":1536.5292620709638,"Non votants de 18-24":64.70011629474851}}