{"id":989,"slug":"14-174-conde-en-normandie","nom_standard":"Condé-en-Normandie","code_postal":"14","code_departement":"14","libelle_departement":"Calvados","code_commune":"174","Tour 1":{"Inscrits":4576,"Abstentions":2514,"% Abs/Ins":54.94,"Votants":2062,"% Vot/Ins":45.06,"Blancs":26,"% Blancs/Ins":0.57,"% Blancs/Vot":1.26,"Nuls":60,"% Nuls/Ins":1.31,"% Nuls/Vot":2.91,"Exprimés":1976,"% Exp/Ins":43.18,"% Exp/Vot":95.83,"resultats":[{"N.Pan.":null,"Code Nuance":"LDIV","Sexe":"M","Nom":"DELANGE","Prénom":"Sylvain","Liste":"AGIR AUTREMENT POUR CONDÉ","Sièges / Elu":"5","Sièges Secteur":0,"Sièges CC":1,"Voix":666,"% Voix/Ins":14.55,"% Voix/Exp":33.7},{"N.Pan.":2,"Code Nuance":"LDIV","Sexe":"F","Nom":"DESQUESNE","Prénom":"Valérie","Liste":"UNIS ET INNOVANTS POUR CONDE-EN-NORMANDIE","Sièges / Elu":"24","Sièges Secteur":0,"Sièges CC":7,"Voix":1310,"% Voix/Ins":28.63,"% Voix/Exp":66.3}]},"population":{"F0-2":57.8466852964499,"F3-5":61.2401824854902,"F6-10":137.478232947364,"F11-17":267.980061039785,"F18-24":138.89038976663,"F25-39":386.175425598807,"F40-54":602.762484405907,"F55-64":443.982661767338,"F65-79":696.346029768795,"F80+":422.500819744503,"H0-2":76.0795300867831,"H3-5":82.1205245596879,"H6-10":165.808050349193,"H11-17":300.170086237147,"H18-24":219.655459010309,"H25-39":379.090642626469,"H40-54":615.452935335054,"H55-64":452.929152584663,"H65-79":585.602029960902,"H80+":203.888616428724},"Analyse":{"Votes décisifs":645,"tour décisif":1,"majeurs":5147.276646998102,"Non votants de 18-24":214.91231382613708}}