{"id":1004,"slug":"14-257-evrecy","nom_standard":"Evrecy","code_postal":"14","code_departement":"14","libelle_departement":"Calvados","code_commune":"257","Tour 1":{"Inscrits":1407,"Abstentions":903,"% Abs/Ins":64.18,"Votants":504,"% Vot/Ins":35.82,"Blancs":13,"% Blancs/Ins":0.92,"% Blancs/Vot":2.58,"Nuls":27,"% Nuls/Ins":1.92,"% Nuls/Vot":5.36,"Exprimés":464,"% Exp/Ins":32.98,"% Exp/Vot":92.06,"resultats":[{"N.Pan.":null,"Code Nuance":"LNC","Sexe":"M","Nom":"GIRARD","Prénom":"Henri","Liste":"UNION ET ACTION POUR EVRECY","Sièges / Elu":"19","Sièges Secteur":0,"Sièges CC":3,"Voix":464,"% Voix/Ins":32.98,"% Voix/Exp":100}]},"population":{"F0-2":31.0520881057227,"F3-5":52.0998224218691,"F6-10":80.8495319986452,"F11-17":103.055312312557,"F18-24":81.3435369798709,"F25-39":164.018128347354,"F40-54":212.664892894055,"F55-64":97.2329133719894,"F65-79":136.557686439086,"F80+":112.941424020489,"H0-2":31.0869505446337,"H3-5":30.0971884860444,"H6-10":79.9076290888981,"H11-17":124.112076125878,"H18-24":72.6516694899463,"H25-39":129.297420940135,"H40-54":219.583259606182,"H55-64":83.4476574437871,"H65-79":120.96060981984,"H80+":57.0402015630166},"Analyse":{"Votes décisifs":465,"tour décisif":1,"majeurs":1487.7394009157515,"Non votants de 18-24":101.82640324190363}}