{"id":995,"slug":"14-220-deauville","nom_standard":"Deauville","code_postal":"14","code_departement":"14","libelle_departement":"Calvados","code_commune":"220","Tour 1":{"Inscrits":3445,"Abstentions":1975,"% Abs/Ins":57.33,"Votants":1470,"% Vot/Ins":42.67,"Blancs":21,"% Blancs/Ins":0.61,"% Blancs/Vot":1.43,"Nuls":32,"% Nuls/Ins":0.93,"% Nuls/Vot":2.18,"Exprimés":1417,"% Exp/Ins":41.13,"% Exp/Vot":96.39,"resultats":[{"N.Pan.":null,"Code Nuance":"LDVC","Sexe":"M","Nom":"AUGIER","Prénom":"Philippe","Liste":"DEAUVILLE AVEC PASSION","Sièges / Elu":"24","Sièges Secteur":0,"Sièges CC":6,"Voix":1076,"% Voix/Ins":31.23,"% Voix/Exp":75.94},{"N.Pan.":2,"Code Nuance":"LDVD","Sexe":"F","Nom":"LEBAILLY","Prénom":"Johanna","Liste":"JOHANNA LEBAILLY","Sièges / Elu":"3","Sièges Secteur":0,"Sièges CC":0,"Voix":341,"% Voix/Ins":9.9,"% Voix/Exp":24.06}]},"population":{"F0-2":26.5063252017197,"F3-5":29.0603600086148,"F6-10":51.2566826490434,"F11-17":79.3373627928169,"F18-24":78.5299768806751,"F25-39":178.526285459851,"F40-54":239.922857275246,"F55-64":311.063050011191,"F65-79":631.669889147836,"F80+":406.946613078502,"H0-2":20.9248663657733,"H3-5":29.5174950500346,"H6-10":53.716648296984,"H11-17":119.666234720226,"H18-24":86.6175369880884,"H25-39":146.703519141308,"H40-54":250.813837620993,"H55-64":224.90040825478,"H65-79":426.586603105554,"H80+":174.733447950764},"Analyse":{"Votes décisifs":736,"tour décisif":1,"majeurs":3157.0140249147885,"Non votants de 18-24":88.24990002505088}}