{"id":1007,"slug":"14-271-fleury-sur-orne","nom_standard":"Fleury-sur-Orne","code_postal":"14","code_departement":"14","libelle_departement":"Calvados","code_commune":"271","Tour 1":{"Inscrits":3136,"Abstentions":2382,"% Abs/Ins":75.96,"Votants":754,"% Vot/Ins":24.04,"Blancs":51,"% Blancs/Ins":1.63,"% Blancs/Vot":6.76,"Nuls":63,"% Nuls/Ins":2.01,"% Nuls/Vot":8.36,"Exprimés":640,"% Exp/Ins":20.41,"% Exp/Vot":84.88,"resultats":[{"N.Pan.":null,"Code Nuance":"LDVG","Sexe":"M","Nom":"LECERF","Prénom":"Marc","Liste":"J'AIME FLEURY","Sièges / Elu":"27","Sièges Secteur":0,"Sièges CC":2,"Voix":640,"% Voix/Ins":20.41,"% Voix/Exp":100}]},"population":{"F0-2":89.6690190390602,"F3-5":85.2898209511489,"F6-10":137.781233948536,"F11-17":173.363714164531,"F18-24":218.723642343956,"F25-39":576.395386746727,"F40-54":475.442540673696,"F55-64":319.977251525568,"F65-79":341.255727788519,"F80+":242.129542321354,"H0-2":70.9283696913544,"H3-5":93.3630341393569,"H6-10":131.267337525159,"H11-17":183.102673123683,"H18-24":222.770750552565,"H25-39":538.873944617646,"H40-54":412.699937232965,"H55-64":280.835464234065,"H65-79":291.506174954043,"H80+":95.6244344260667},"Analyse":{"Votes décisifs":641,"tour décisif":1,"majeurs":4016.2347974171707,"Non votants de 18-24":358.6091062947378}}