{"id":998,"slug":"14-228-douvres-la-delivrande","nom_standard":"Douvres-la-Délivrande","code_postal":"14","code_departement":"14","libelle_departement":"Calvados","code_commune":"228","Tour 1":{"Inscrits":4133,"Abstentions":3027,"% Abs/Ins":73.24,"Votants":1106,"% Vot/Ins":26.76,"Blancs":78,"% Blancs/Ins":1.89,"% Blancs/Vot":7.05,"Nuls":74,"% Nuls/Ins":1.79,"% Nuls/Vot":6.69,"Exprimés":954,"% Exp/Ins":23.08,"% Exp/Vot":86.26,"resultats":[{"N.Pan.":null,"Code Nuance":"LDVC","Sexe":"M","Nom":"LEFORT","Prénom":"Thierry","Liste":"TOUT POUR DOUVRES, DOUVRES POUR TOUS","Sièges / Elu":"29","Sièges Secteur":0,"Sièges CC":8,"Voix":954,"% Voix/Ins":23.08,"% Voix/Exp":100}]},"population":{"F0-2":47.4471511872997,"F3-5":66.5545980259805,"F6-10":146.291066717097,"F11-17":217.318516087601,"F18-24":180.255241367031,"F25-39":354.415576947848,"F40-54":539.897813530232,"F55-64":439.299199024828,"F65-79":445.491970145476,"F80+":241.578607378357,"H0-2":53.1367101637878,"H3-5":86.9846913589464,"H6-10":142.684074100129,"H11-17":237.952416792558,"H18-24":191.835523869892,"H25-39":314.488699068114,"H40-54":518.125015336872,"H55-64":360.901987038398,"H65-79":372.300276405814,"H80+":119.040865453739},"Analyse":{"Votes décisifs":955,"tour décisif":1,"majeurs":4077.6307755666007,"Non votants de 18-24":271.1663782576107}}