{"id":1024,"slug":"14-354-langrune-sur-mer","nom_standard":"Langrune-sur-Mer","code_postal":"14","code_departement":"14","libelle_departement":"Calvados","code_commune":"354","Tour 1":{"Inscrits":1598,"Abstentions":1016,"% Abs/Ins":63.58,"Votants":582,"% Vot/Ins":36.42,"Blancs":44,"% Blancs/Ins":2.75,"% Blancs/Vot":7.56,"Nuls":40,"% Nuls/Ins":2.5,"% Nuls/Vot":6.87,"Exprimés":498,"% Exp/Ins":31.16,"% Exp/Vot":85.57,"resultats":[{"N.Pan.":null,"Code Nuance":"LNC","Sexe":"M","Nom":"GUINGOUAIN","Prénom":"Jean-Luc","Liste":"DURABLEMENT ENSEMBLE","Sièges / Elu":"19","Sièges Secteur":0,"Sièges CC":2,"Voix":498,"% Voix/Ins":31.16,"% Voix/Exp":100}]},"population":{"F0-2":15.6170339413203,"F3-5":32.4522144759264,"F6-10":53.1184056304364,"F11-17":63.763124928863,"F18-24":57.6329766257932,"F25-39":157.511285704042,"F40-54":184.856841201037,"F55-64":160.075169891339,"F65-79":213.672972068939,"F80+":76.5247462800668,"H0-2":28.2485451769245,"H3-5":31.9990678865734,"H6-10":40.3555418315551,"H11-17":86.9034087237144,"H18-24":58.3737010362572,"H25-39":118.510164989875,"H40-54":193.700318097354,"H55-64":143.442720648592,"H65-79":189.684915529798,"H80+":41.5568453315933},"Analyse":{"Votes décisifs":499,"tour décisif":1,"majeurs":1595.5426574046865,"Non votants de 18-24":73.69136500902813}}