{"id":1013,"slug":"14-311-grainville-sur-odon","nom_standard":"Grainville-sur-Odon","code_postal":"14","code_departement":"14","libelle_departement":"Calvados","code_commune":"311","Tour 1":{"Inscrits":760,"Abstentions":470,"% Abs/Ins":61.84,"Votants":290,"% Vot/Ins":38.16,"Blancs":9,"% Blancs/Ins":1.18,"% Blancs/Vot":3.1,"Nuls":12,"% Nuls/Ins":1.58,"% Nuls/Vot":4.14,"Exprimés":269,"% Exp/Ins":35.39,"% Exp/Vot":92.76,"resultats":[{"N.Pan.":null,"Code Nuance":"LNC","Sexe":"M","Nom":"MAURICE","Prénom":"Emmanuel","Liste":"CONSTRUIRE ET AGIR ENSEMBLE","Sièges / Elu":"15","Sièges Secteur":0,"Sièges CC":1,"Voix":269,"% Voix/Ins":35.39,"% Voix/Exp":100}]},"population":{"F0-2":18.9939450446731,"F3-5":17.9849487160857,"F6-10":32.9102662862975,"F11-17":64.8280674867625,"F18-24":32.970713177769,"F25-39":95.1794477052014,"F40-54":114.096141238356,"F55-64":54.4293889515207,"F65-79":72.6622015277846,"F80+":54.1367678009377,"H0-2":15.9562854766,"H3-5":24.9049358909816,"H6-10":39.9013706016519,"H11-17":45.8673370235501,"H18-24":26.9449607643452,"H25-39":81.1805265768492,"H40-54":113.065868704938,"H55-64":54.3472752896793,"H65-79":69.5329181306698,"H80+":19.1066336053475},"Analyse":{"Votes décisifs":270,"tour décisif":1,"majeurs":787.6528434733983,"Non votants de 18-24":37.85577079164718}}