{"id":958,"slug":"14-30-authie","nom_standard":"Authie","code_postal":"14","code_departement":"14","libelle_departement":"Calvados","code_commune":"30","Tour 1":{"Inscrits":1318,"Abstentions":935,"% Abs/Ins":70.94,"Votants":383,"% Vot/Ins":29.06,"Blancs":20,"% Blancs/Ins":1.52,"% Blancs/Vot":5.22,"Nuls":30,"% Nuls/Ins":2.28,"% Nuls/Vot":7.83,"Exprimés":333,"% Exp/Ins":25.27,"% Exp/Vot":86.95,"resultats":[{"N.Pan.":null,"Code Nuance":"LNC","Sexe":"M","Nom":"SIMAR","Prénom":"Olivier","Liste":"\"ALTHAVILLAIS : UN MÊME HORIZON\"","Sièges / Elu":"19","Sièges Secteur":0,"Sièges CC":1,"Voix":333,"% Voix/Ins":25.27,"% Voix/Exp":100}]},"population":{"F0-2":29.6896918703544,"F3-5":23.9768541663394,"F6-10":60.275915477837,"F11-17":84.2436696123059,"F18-24":46.6916137025185,"F25-39":136.844217906669,"F40-54":200.059886386446,"F55-64":133.979867230595,"F65-79":102.484601025904,"F80+":39.2760344709306,"H0-2":18.8553637164406,"H3-5":25.8126815058947,"H6-10":44.8867247970435,"H11-17":98.4115796233679,"H18-24":54.6921859489294,"H25-39":110.639635826987,"H40-54":184.462771059518,"H55-64":133.159201597961,"H65-79":113.095079598656,"H80+":24.4624244753041},"Analyse":{"Votes décisifs":334,"tour décisif":1,"majeurs":1279.8475192304186,"Non votants de 18-24":71.04425163259226}}