{"id":1038,"slug":"14-431-mezidon-vallee-d-auge","nom_standard":"Mézidon-Vallée-d'Auge","code_postal":"14","code_departement":"14","libelle_departement":"Calvados","code_commune":"431","Tour 1":{"Inscrits":7094,"Abstentions":3744,"% Abs/Ins":52.78,"Votants":3350,"% Vot/Ins":47.22,"Blancs":49,"% Blancs/Ins":0.69,"% Blancs/Vot":1.46,"Nuls":58,"% Nuls/Ins":0.82,"% Nuls/Vot":1.73,"Exprimés":3243,"% Exp/Ins":45.71,"% Exp/Vot":96.81,"resultats":[{"N.Pan.":null,"Code Nuance":"LDVC","Sexe":"M","Nom":"AUBEY","Prénom":"François","Liste":"TOUS MEZIDON-VALLÉE-D'AUGE","Sièges / Elu":"50","Sièges Secteur":0,"Sièges CC":8,"Voix":2111,"% Voix/Ins":29.76,"% Voix/Exp":65.09},{"N.Pan.":2,"Code Nuance":"LRN","Sexe":"M","Nom":"NORBERT-COUADE","Prénom":"Emmanuel","Liste":"Nouvelle Impulsion pour MVA","Sièges / Elu":"3","Sièges Secteur":0,"Sièges CC":0,"Voix":395,"% Voix/Ins":5.57,"% Voix/Exp":12.18},{"N.Pan.":3,"Code Nuance":"LDIV","Sexe":"M","Nom":"DUMAS","Prénom":"Fabien","Liste":"MVA, UN AVENIR ENSEMBLE","Sièges / Elu":6,"Sièges CC":1,"Voix":737,"% Voix/Ins":10.39,"% Voix/Exp":22.73}]},"population":{"F0-2":165.201856860207,"F3-5":212.281994557539,"F6-10":347.183398371017,"F11-17":467.17026950009,"F18-24":263.238392004021,"F25-39":892.598859778061,"F40-54":883.581072926095,"F55-64":638.289799548667,"F65-79":677.973670645545,"F80+":361.433040979263,"H0-2":170.981474587194,"H3-5":214.001479245018,"H6-10":374.693731522976,"H11-17":491.580871677938,"H18-24":295.616571963416,"H25-39":845.421572760105,"H40-54":965.040040939423,"H55-64":587.988025580047,"H65-79":586.317493287361,"H80+":183.406383266016},"Analyse":{"Votes décisifs":980,"tour décisif":1,"majeurs":7180.90492367802,"Non votants de 18-24":298.14072959319856}}