{"id":1406,"slug":"19-61-cornil","nom_standard":"Cornil","code_postal":"19","code_departement":"19","libelle_departement":"Corrèze","code_commune":"61","Tour 1":{"Inscrits":825,"Abstentions":431,"% Abs/Ins":52.24,"Votants":394,"% Vot/Ins":47.76,"Blancs":17,"% Blancs/Ins":2.06,"% Blancs/Vot":4.31,"Nuls":72,"% Nuls/Ins":8.73,"% Nuls/Vot":18.27,"Exprimés":305,"% Exp/Ins":36.97,"% Exp/Vot":77.41,"resultats":[{"N.Pan.":null,"Code Nuance":"LNC","Sexe":"M","Nom":"FOUCHÉ","Prénom":"Pascal","Liste":"CORNIL VIVRE ENSEMBLE","Sièges / Elu":"15","Sièges Secteur":0,"Sièges CC":2,"Voix":305,"% Voix/Ins":36.97,"% Voix/Exp":100}]},"population":{"F0-2":13.7250783900508,"F3-5":16.6520890804475,"F6-10":28.0321495949312,"F11-17":40.8721118095828,"F18-24":12.8593759666415,"F25-39":92.4387440761702,"F40-54":104.249394614455,"F55-64":84.0797709065579,"F65-79":132.62584390002,"F80+":167.837979035114,"H0-2":8.87852990358578,"H3-5":12.7099222136978,"H6-10":44.8706917726502,"H11-17":50.2506544595327,"H18-24":21.3635675681614,"H25-39":86.8786179947614,"H40-54":111.14961630813,"H55-64":81.9799634709292,"H65-79":121.136090789097,"H80+":75.4098081454838},"Analyse":{"Votes décisifs":306,"tour décisif":1,"majeurs":1092.0087727755213,"Non votants de 18-24":21.875204131170705}}