{"id":1423,"slug":"19-148-neuvic","nom_standard":"Neuvic","code_postal":"19","code_departement":"19","libelle_departement":"Corrèze","code_commune":"148","Tour 1":{"Inscrits":1288,"Abstentions":436,"% Abs/Ins":33.85,"Votants":852,"% Vot/Ins":66.15,"Blancs":25,"% Blancs/Ins":1.94,"% Blancs/Vot":2.93,"Nuls":24,"% Nuls/Ins":1.86,"% Nuls/Vot":2.82,"Exprimés":803,"% Exp/Ins":62.34,"% Exp/Vot":94.25,"resultats":[{"N.Pan.":null,"Code Nuance":"LNC","Sexe":"M","Nom":"SENEJOUX","Prénom":"Jacques","Liste":"Ensemble pour Neuvic","Sièges / Elu":"3","Sièges Secteur":0,"Sièges CC":1,"Voix":281,"% Voix/Ins":21.82,"% Voix/Exp":34.99},{"N.Pan.":2,"Code Nuance":"LNC","Sexe":"M","Nom":"MURAT","Prénom":"Thierry","Liste":"Neuvic en Corrèze","Sièges / Elu":"1","Sièges Secteur":0,"Sièges CC":0,"Voix":111,"% Voix/Ins":8.62,"% Voix/Exp":13.82},{"N.Pan.":3,"Code Nuance":"LNC","Sexe":"F","Nom":"MIERMONT","Prénom":"Dominique","Liste":"VIVRE ET AGIR A NEUVIC","Sièges / Elu":15,"Sièges CC":2,"Voix":411,"% Voix/Ins":31.91,"% Voix/Exp":51.18}]},"population":{"F0-2":18.4019235871763,"F3-5":15.3637704507532,"F6-10":30.7084660572245,"F11-17":51.0003103488864,"F18-24":102.82598699856,"F25-39":95.5344337611545,"F40-54":141.909193828239,"F55-64":124.733220863909,"F65-79":132.477482497036,"F80+":130.11237673511,"H0-2":11.2615293805859,"H3-5":25.5520313419809,"H6-10":37.8493940889987,"H11-17":59.1761815066986,"H18-24":167.574225832477,"H25-39":92.1555041105009,"H40-54":133.906675660359,"H55-64":111.669659928936,"H65-79":126.607187160892,"H80+":55.1804458605209},"Analyse":{"Votes décisifs":20,"tour décisif":1,"majeurs":1414.6863932376941,"Non votants de 18-24":107.55070608997995}}