{"id":1429,"slug":"19-203-sainte-fortunade","nom_standard":"Sainte-Fortunade","code_postal":"19","code_departement":"19","libelle_departement":"Corrèze","code_commune":"203","Tour 1":{"Inscrits":1580,"Abstentions":612,"% Abs/Ins":38.73,"Votants":968,"% Vot/Ins":61.27,"Blancs":12,"% Blancs/Ins":0.76,"% Blancs/Vot":1.24,"Nuls":39,"% Nuls/Ins":2.47,"% Nuls/Vot":4.03,"Exprimés":917,"% Exp/Ins":58.04,"% Exp/Vot":94.73,"resultats":[{"N.Pan.":null,"Code Nuance":"LNC","Sexe":"M","Nom":"MONTEIL","Prénom":"Anthony Laurent","Liste":"SAINTE-FORTUNADE, AVANÇONS ENSEMBLE","Sièges / Elu":"4","Sièges Secteur":0,"Sièges CC":0,"Voix":442,"% Voix/Ins":27.97,"% Voix/Exp":48.2},{"N.Pan.":2,"Code Nuance":"LNC","Sexe":"F","Nom":"DUPIN DE BEYSSAT","Prénom":"Martine","Liste":"SAINTE-FORTUNADE, UNE PASSION COMMUNE","Sièges / Elu":"15","Sièges Secteur":0,"Sièges CC":2,"Voix":475,"% Voix/Ins":30.06,"% Voix/Exp":51.8}]},"population":{"F0-2":14.3454953211372,"F3-5":26.5903840973387,"F6-10":36.3069755383628,"F11-17":64.1587385928703,"F18-24":30.3309522068692,"F25-39":108.027056411843,"F40-54":197.746054152867,"F55-64":163.472886684555,"F65-79":176.400845108167,"F80+":98.3605609141327,"H0-2":21.1190754184705,"H3-5":16.9532929104626,"H6-10":60.7434349645987,"H11-17":76.8932753902162,"H18-24":27.0475102312932,"H25-39":91.6182860130218,"H40-54":186.330893898713,"H55-64":153.641178117353,"H65-79":177.710368821839,"H80+":45.2027352058889},"Analyse":{"Votes décisifs":34,"tour décisif":1,"majeurs":1455.8893277665431,"Non votants de 18-24":19.22834307067734}}