{"id":1435,"slug":"19-255-seilhac","nom_standard":"Seilhac","code_postal":"19","code_departement":"19","libelle_departement":"Corrèze","code_commune":"255","Tour 1":{"Inscrits":1516,"Abstentions":454,"% Abs/Ins":29.95,"Votants":1062,"% Vot/Ins":70.05,"Blancs":13,"% Blancs/Ins":0.86,"% Blancs/Vot":1.22,"Nuls":27,"% Nuls/Ins":1.78,"% Nuls/Vot":2.54,"Exprimés":1022,"% Exp/Ins":67.41,"% Exp/Vot":96.23,"resultats":[{"N.Pan.":null,"Code Nuance":"LNC","Sexe":"M","Nom":"GERAUDIE","Prénom":"Marc","Liste":"REUSSIR SEILHAC","Sièges / Elu":"15","Sièges Secteur":0,"Sièges CC":2,"Voix":522,"% Voix/Ins":34.43,"% Voix/Exp":51.08},{"N.Pan.":2,"Code Nuance":"LNC","Sexe":"F","Nom":"POUGET","Prénom":"Sabrina","Liste":"SEILHAC AVEC VOUS","Sièges / Elu":"4","Sièges Secteur":0,"Sièges CC":0,"Voix":500,"% Voix/Ins":32.98,"% Voix/Exp":48.92}]},"population":{"F0-2":21.1269109318531,"F3-5":22.136241529841,"F6-10":52.3172957392793,"F11-17":54.3280680020377,"F18-24":26.163458109648,"F25-39":128.807504122194,"F40-54":185.178657133804,"F55-64":138.910732993059,"F65-79":178.155414203497,"F80+":138.634362267759,"H0-2":21.1269113550298,"H3-5":28.1727485641086,"H6-10":54.3317663267768,"H11-17":74.4552649470974,"H18-24":33.2085565605626,"H25-39":114.724215334197,"H40-54":167.064203823562,"H55-64":127.831017081403,"H65-79":154.964135889297,"H80+":67.3625350849933},"Analyse":{"Votes décisifs":23,"tour décisif":1,"majeurs":1461.0047926039758,"Non votants de 18-24":16.214675352121855}}