{"id":1441,"slug":"19-278-varetz","nom_standard":"Varetz","code_postal":"19","code_departement":"19","libelle_departement":"Corrèze","code_commune":"278","Tour 1":{"Inscrits":1895,"Abstentions":727,"% Abs/Ins":38.36,"Votants":1168,"% Vot/Ins":61.64,"Blancs":17,"% Blancs/Ins":0.9,"% Blancs/Vot":1.46,"Nuls":37,"% Nuls/Ins":1.95,"% Nuls/Vot":3.17,"Exprimés":1114,"% Exp/Ins":58.79,"% Exp/Vot":95.38,"resultats":[{"N.Pan.":null,"Code Nuance":"LNC","Sexe":"F","Nom":"GOULMY","Prénom":"Catherine","Liste":"VARETZ ENSEMBLE","Sièges / Elu":"4","Sièges Secteur":0,"Sièges CC":0,"Voix":555,"% Voix/Ins":29.29,"% Voix/Exp":49.82},{"N.Pan.":2,"Code Nuance":"LNC","Sexe":"F","Nom":"LONDEIX","Prénom":"Béatrice","Liste":"Agissons pour l'Avenir de Varetz","Sièges / Elu":"15","Sièges Secteur":0,"Sièges CC":1,"Voix":559,"% Voix/Ins":29.5,"% Voix/Exp":50.18}]},"population":{"F0-2":29.3719772906478,"F3-5":30.4944901116654,"F6-10":87.9844693841802,"F11-17":97.5097700240943,"F18-24":43.8771342858703,"F25-39":183.957236351379,"F40-54":267.423487024599,"F55-64":196.015650039321,"F65-79":218.546536649852,"F80+":100.42972836596,"H0-2":40.8096727797842,"H3-5":45.5741338403232,"H6-10":68.6549054657281,"H11-17":122.44294088694,"H18-24":59.2920081775965,"H25-39":179.874907552778,"H40-54":286.474678132289,"H55-64":174.492828829769,"H65-79":198.597029866201,"H80+":63.1764149410222},"Analyse":{"Votes décisifs":5,"tour décisif":1,"majeurs":1972.157640216637,"Non votants de 18-24":42.06775992687992}}