{"id":145,"slug":"1-388-saint-trivier-de-courtes","nom_standard":"Saint-Trivier-de-Courtes","code_postal":"1","code_departement":"1","libelle_departement":"Ain","code_commune":"388","Tour 1":{"Inscrits":671,"Abstentions":322,"% Abs/Ins":47.99,"Votants":349,"% Vot/Ins":52.01,"Blancs":6,"% Blancs/Ins":0.89,"% Blancs/Vot":1.72,"Nuls":19,"% Nuls/Ins":2.83,"% Nuls/Vot":5.44,"Exprimés":324,"% Exp/Ins":48.29,"% Exp/Vot":92.84,"resultats":[{"N.Pan.":null,"Code Nuance":"LNC","Sexe":"M","Nom":"PERRIN","Prénom":"Christian","Liste":"SAINT-TRIVIER DYNAMIQUE","Sièges / Elu":"13","Sièges Secteur":0,"Sièges CC":1,"Voix":242,"% Voix/Ins":36.07,"% Voix/Exp":74.69},{"N.Pan.":2,"Code Nuance":"LNC","Sexe":"M","Nom":"PEISSON","Prénom":"Gilles","Liste":"ENSEMBLE POUR DEMAIN","Sièges / Elu":"2","Sièges Secteur":0,"Sièges CC":0,"Voix":82,"% Voix/Ins":12.22,"% Voix/Exp":25.31}]},"population":{"F0-2":11.3781047086325,"F3-5":17.6047690675407,"F6-10":27.9665971875318,"F11-17":24.8071887327498,"F18-24":25.6181873846114,"F25-39":79.275835788371,"F40-54":85.9260482313445,"F55-64":80.2711002153247,"F65-79":105.46167916432,"F80+":109.577116377508,"H0-2":16.5212245098607,"H3-5":21.7141161239118,"H6-10":39.43512509241,"H11-17":44.5375244466567,"H18-24":37.9472924104956,"H25-39":82.9339665870316,"H40-54":86.9854911086604,"H55-64":60.9546318865672,"H65-79":102.59080165484,"H80+":54.4931993216329},"Analyse":{"Votes décisifs":161,"tour décisif":1,"majeurs":912.0353501307072,"Non votants de 18-24":39.2414747603098}}