{"id":148,"slug":"1-397-sauverny","nom_standard":"Sauverny","code_postal":"1","code_departement":"1","libelle_departement":"Ain","code_commune":"397","Tour 1":{"Inscrits":634,"Abstentions":415,"% Abs/Ins":65.46,"Votants":219,"% Vot/Ins":34.54,"Blancs":6,"% Blancs/Ins":0.95,"% Blancs/Vot":2.74,"Nuls":9,"% Nuls/Ins":1.42,"% Nuls/Vot":4.11,"Exprimés":204,"% Exp/Ins":32.18,"% Exp/Vot":93.15,"resultats":[{"N.Pan.":null,"Code Nuance":"LNC","Sexe":"F","Nom":"HENNIQUAU","Prénom":"Isabelle","Liste":"SAUVERNY, UNE ENERGIE POSITIVE !","Sièges / Elu":"15","Sièges Secteur":0,"Sièges CC":1,"Voix":204,"% Voix/Ins":32.18,"% Voix/Exp":100}]},"population":{"F0-2":7.96044847241076,"F3-5":19.9864572150297,"F6-10":28.9313088072753,"F11-17":46.8716516421452,"F18-24":36.1331922683087,"F25-39":69.4920012617891,"F40-54":119.976246648341,"F55-64":82.800987946232,"F65-79":77.8714071836562,"F80+":14.4084697600551,"H0-2":17.968241941816,"H3-5":26.8328222037431,"H6-10":25.8749477826325,"H11-17":42.8308738351161,"H18-24":21.116241213125,"H25-39":74.7472721676014,"H40-54":121.001160376014,"H55-64":65.1333110920802,"H65-79":76.8063543147165,"H80+":11.2566038679123},"Analyse":{"Votes décisifs":205,"tour décisif":1,"majeurs":770.7432480998315,"Non votants de 18-24":40.98250417216776}}