{"id":1089,"slug":"15-14-aurillac","nom_standard":"Aurillac","code_postal":"15","code_departement":"15","libelle_departement":"Cantal","code_commune":"14","Tour 1":{"Inscrits":16498,"Abstentions":8947,"% Abs/Ins":54.23,"Votants":7551,"% Vot/Ins":45.77,"Blancs":174,"% Blancs/Ins":1.05,"% Blancs/Vot":2.3,"Nuls":168,"% Nuls/Ins":1.02,"% Nuls/Vot":2.22,"Exprimés":7209,"% Exp/Ins":43.7,"% Exp/Vot":95.47,"resultats":[{"N.Pan.":null,"Code Nuance":"LDVD","Sexe":"M","Nom":"MOINS","Prénom":"Jean-Antoine","Liste":"REINVENTONS AURILLAC","Sièges / Elu":"0","Sièges Secteur":0,"Sièges CC":0,"Voix":3053,"% Voix/Ins":18.51,"% Voix/Exp":42.35},{"N.Pan.":2,"Code Nuance":"LDVC","Sexe":"F","Nom":"AMALRIC","Prénom":"Catherine","Liste":"AURILLAC AVEC BON SENS","Sièges / Elu":"0","Sièges Secteur":0,"Sièges CC":0,"Voix":695,"% Voix/Ins":4.21,"% Voix/Exp":9.64},{"N.Pan.":3,"Code Nuance":"LUG","Sexe":"M","Nom":"MATHONIER","Prénom":"Pierre","Liste":"UNIS POUR AURILLAC","Sièges / Elu":0,"Sièges CC":0,"Voix":3461,"% Voix/Ins":20.98,"% Voix/Exp":48.01}]},"Tour 2":{"Inscrits":16501,"Abstentions":8264,"% Abs/Ins":50.08,"Votants":8237,"% Vot/Ins":49.92,"Blancs":149,"% Blancs/Ins":0.9,"% Blancs/Vot":1.81,"Nuls":160,"% Nuls/Ins":0.97,"% Nuls/Vot":1.94,"Exprimés":7928,"% Exp/Ins":48.05,"% Exp/Vot":96.25,"resultats":[{"N.Pan.":1,"Code Nuance":"LDVD","Sexe":"M","Nom":"MOINS","Prénom":"Jean-Antoine","Liste":"AURILLAC AUTREMENT","Sièges / Elu":7,"Sièges Secteur":0,"Sièges CC":5,"Voix":3227,"% Voix/Ins":19.56,"% Voix/Exp":40.7},{"N.Pan.":3,"Code Nuance":"LUG","Sexe":"M","Nom":"MATHONIER","Prénom":"Pierre","Liste":"UNIS POUR AURILLAC","Sièges / Elu":28,"Sièges Secteur":0,"Sièges CC":22,"Voix":4701,"% Voix/Ins":28.49,"% Voix/Exp":59.3}]},"population":{"F0-2":277.806410351609,"F3-5":249.183001184601,"F6-10":559.57974951722,"F11-17":935.789431893342,"F18-24":1308.91174876899,"F25-39":1910.77939404791,"F40-54":2485.32318036689,"F55-64":1774.54118598969,"F65-79":2606.37568663761,"F80+":1714.51479180509,"H0-2":262.477214118527,"H3-5":297.602270820095,"H6-10":533.327123639906,"H11-17":855.30333193332,"H18-24":1369.73960954147,"H25-39":2039.83079032925,"H40-54":2272.10097777798,"H55-64":1701.77716559205,"H65-79":1832.16712562608,"H80+":715.869810058391},"Analyse":{"Votes décisifs":1474,"tour décisif":2,"majeurs":21731.931466541402,"Non votants de 18-24":1663.3687879428333}}