{"id":1518,"slug":"21-223-daix","nom_standard":"Daix","code_postal":"21","code_departement":"21","libelle_departement":"Côte-d'Or","code_commune":"223","Tour 1":{"Inscrits":1218,"Abstentions":814,"% Abs/Ins":66.83,"Votants":404,"% Vot/Ins":33.17,"Blancs":21,"% Blancs/Ins":1.72,"% Blancs/Vot":5.2,"Nuls":27,"% Nuls/Ins":2.22,"% Nuls/Vot":6.68,"Exprimés":356,"% Exp/Ins":29.23,"% Exp/Vot":88.12,"resultats":[{"N.Pan.":null,"Code Nuance":"LNC","Sexe":"F","Nom":"BEGIN-CLAUDET","Prénom":"Dominique","Liste":"DAIX POUR TOUS","Sièges / Elu":"15","Sièges Secteur":0,"Sièges CC":1,"Voix":356,"% Voix/Ins":29.23,"% Voix/Exp":100}]},"population":{"F0-2":28.5171910522986,"F3-5":20.5098998233368,"F6-10":43.0076265269124,"F11-17":55.9051091388355,"F18-24":34.6289869522934,"F25-39":104.744820077329,"F40-54":134.307979097136,"F55-64":140.309965745243,"F65-79":135.825844665156,"F80+":97.4305048353315,"H0-2":11.8656538594227,"H3-5":26.5703416009404,"H6-10":45.8099657916615,"H11-17":57.1659942355024,"H18-24":55.6631208498914,"H25-39":100.009570415252,"H40-54":121.336925472525,"H55-64":128.709307679242,"H65-79":142.775775956629,"H80+":55.905416225062},"Analyse":{"Votes décisifs":357,"tour décisif":1,"majeurs":1251.6482179710904,"Non votants de 18-24":61.14812706675647}}