{"id":1526,"slug":"21-317-is-sur-tille","nom_standard":"Is-sur-Tille","code_postal":"21","code_departement":"21","libelle_departement":"Côte-d'Or","code_commune":"317","Tour 1":{"Inscrits":2989,"Abstentions":1486,"% Abs/Ins":49.72,"Votants":1503,"% Vot/Ins":50.28,"Blancs":23,"% Blancs/Ins":0.77,"% Blancs/Vot":1.53,"Nuls":24,"% Nuls/Ins":0.8,"% Nuls/Vot":1.6,"Exprimés":1456,"% Exp/Ins":48.71,"% Exp/Vot":96.87,"resultats":[{"N.Pan.":null,"Code Nuance":"LDVD","Sexe":"M","Nom":"DARPHIN","Prénom":"Thierry","Liste":"UNIS POUR REUSSIR","Sièges / Elu":"24","Sièges Secteur":0,"Sièges CC":12,"Voix":1074,"% Voix/Ins":35.93,"% Voix/Exp":73.76},{"N.Pan.":2,"Code Nuance":"LDVG","Sexe":"M","Nom":"GASSE","Prénom":"Denis","Liste":"ENSEMBLE POUR UNE VILLE OUVERTE ET AMBITIEUSE","Sièges / Elu":"3","Sièges Secteur":0,"Sièges CC":2,"Voix":382,"% Voix/Ins":12.78,"% Voix/Exp":26.24}]},"population":{"F0-2":66.4523052627633,"F3-5":65.5089758519288,"F6-10":135.280775014842,"F11-17":227.568526684277,"F18-24":169.677404405136,"F25-39":336.279118791831,"F40-54":437.45285024839,"F55-64":288.708851803715,"F65-79":361.155340779697,"F80+":226.734797520092,"H0-2":63.2170831187647,"H3-5":77.2764898932039,"H6-10":126.878680411791,"H11-17":203.894911804794,"H18-24":161.021998444037,"H25-39":330.636215931259,"H40-54":393.960137155529,"H55-64":273.278351480953,"H65-79":290.663533751862,"H80+":124.353651645134},"Analyse":{"Votes décisifs":693,"tour décisif":1,"majeurs":3393.922251957635,"Non votants de 18-24":184.2490231459813}}