{"id":1527,"slug":"21-337-lamarche-sur-saone","nom_standard":"Lamarche-sur-Saône","code_postal":"21","code_departement":"21","libelle_departement":"Côte-d'Or","code_commune":"337","Tour 1":{"Inscrits":956,"Abstentions":580,"% Abs/Ins":60.67,"Votants":376,"% Vot/Ins":39.33,"Blancs":2,"% Blancs/Ins":0.21,"% Blancs/Vot":0.53,"Nuls":77,"% Nuls/Ins":8.05,"% Nuls/Vot":20.48,"Exprimés":297,"% Exp/Ins":31.07,"% Exp/Vot":78.99,"resultats":[{"N.Pan.":null,"Code Nuance":"LNC","Sexe":"M","Nom":"BOVET","Prénom":"Patrick","Liste":"ENSEMBLE POUR NOTRE VILLAGE","Sièges / Elu":"15","Sièges Secteur":0,"Sièges CC":3,"Voix":297,"% Voix/Ins":31.07,"% Voix/Exp":100}]},"population":{"F0-2":25.8915453189569,"F3-5":36.7979675522787,"F6-10":59.6492009855755,"F11-17":61.6361630080173,"F18-24":17.809803880316,"F25-39":131.822106698582,"F40-54":115.71387397623,"F55-64":86.5293466680463,"F65-79":114.882799486606,"F80+":46.0587319969118,"H0-2":28.8313463947682,"H3-5":25.8614988062552,"H6-10":53.6844525087449,"H11-17":52.6658932077694,"H18-24":40.571121304431,"H25-39":119.723294394674,"H40-54":130.464516403858,"H55-64":84.6374476472835,"H65-79":109.091681192851,"H80+":16.677208567844},"Analyse":{"Votes décisifs":298,"tour décisif":1,"majeurs":1013.9819322176335,"Non votants de 18-24":36.73238572659675}}