{"id":1541,"slug":"21-461-nolay","nom_standard":"Nolay","code_postal":"21","code_departement":"21","libelle_departement":"Côte-d'Or","code_commune":"461","Tour 1":{"Inscrits":1048,"Abstentions":401,"% Abs/Ins":38.26,"Votants":647,"% Vot/Ins":61.74,"Blancs":10,"% Blancs/Ins":0.95,"% Blancs/Vot":1.55,"Nuls":10,"% Nuls/Ins":0.95,"% Nuls/Vot":1.55,"Exprimés":627,"% Exp/Ins":59.83,"% Exp/Vot":96.91,"resultats":[{"N.Pan.":null,"Code Nuance":"LNC","Sexe":"M","Nom":"MONIN","Prénom":"Jean Pascal","Liste":"Batissons l'avenir","Sièges / Elu":"12","Sièges Secteur":0,"Sièges CC":2,"Voix":328,"% Voix/Ins":31.3,"% Voix/Exp":52.31},{"N.Pan.":2,"Code Nuance":"LNC","Sexe":"M","Nom":"FLACHE","Prénom":"Jérôme","Liste":"ENSEMBLE POUR NOLAY","Sièges / Elu":"3","Sièges Secteur":0,"Sièges CC":0,"Voix":299,"% Voix/Ins":28.53,"% Voix/Exp":47.69}]},"population":{"F0-2":25.5824147314124,"F3-5":17.6551879650968,"F6-10":32.3562028082927,"F11-17":44.1686036567556,"F18-24":18.828542876333,"F25-39":109.902524186369,"F40-54":127.967445672868,"F55-64":112.989677647495,"F65-79":135.257661098569,"F80+":104.222030467046,"H0-2":11.6692053023342,"H3-5":21.5762598874773,"H6-10":50.0029857810803,"H11-17":62.900334711999,"H18-24":45.6442570874204,"H25-39":109.266089210559,"H40-54":116.073073305224,"H55-64":112.891539045319,"H65-79":117.971283150652,"H80+":49.0746814076985},"Analyse":{"Votes décisifs":30,"tour décisif":1,"majeurs":1160.088805155553,"Non votants de 18-24":28.515292752954007}}