{"id":1547,"slug":"21-501-pouilly-en-auxois","nom_standard":"Pouilly-en-Auxois","code_postal":"21","code_departement":"21","libelle_departement":"Côte-d'Or","code_commune":"501","Tour 1":{"Inscrits":912,"Abstentions":546,"% Abs/Ins":59.87,"Votants":366,"% Vot/Ins":40.13,"Blancs":26,"% Blancs/Ins":2.85,"% Blancs/Vot":7.1,"Nuls":74,"% Nuls/Ins":8.11,"% Nuls/Vot":20.22,"Exprimés":266,"% Exp/Ins":29.17,"% Exp/Vot":72.68,"resultats":[{"N.Pan.":null,"Code Nuance":"LNC","Sexe":"M","Nom":"PIESVAUX","Prénom":"Eric","Liste":"Pouilly une Dynamique","Sièges / Elu":"15","Sièges Secteur":0,"Sièges CC":9,"Voix":266,"% Voix/Ins":29.17,"% Voix/Exp":100}]},"population":{"F0-2":16.055615294538,"F3-5":19.0736714721509,"F6-10":45.2032621323445,"F11-17":62.3193366389705,"F18-24":47.0156263049352,"F25-39":113.110810883719,"F40-54":145.009606811203,"F55-64":78.7945090837521,"F65-79":142.583918705031,"F80+":112.727795938943,"H0-2":16.0339322721742,"H3-5":29.1394314149807,"H6-10":39.1806028908513,"H11-17":67.2790064906285,"H18-24":60.0021330418689,"H25-39":133.007112075254,"H40-54":139.072805296694,"H55-64":84.8593232140571,"H65-79":126.661178618162,"H80+":59.8703214197416},"Analyse":{"Votes décisifs":267,"tour décisif":1,"majeurs":1242.7151413933611,"Non votants de 18-24":75.4992732382228}}