{"id":1557,"slug":"21-599-selongey","nom_standard":"Selongey","code_postal":"21","code_departement":"21","libelle_departement":"Côte-d'Or","code_commune":"599","Tour 1":{"Inscrits":1785,"Abstentions":774,"% Abs/Ins":43.36,"Votants":1011,"% Vot/Ins":56.64,"Blancs":11,"% Blancs/Ins":0.62,"% Blancs/Vot":1.09,"Nuls":16,"% Nuls/Ins":0.9,"% Nuls/Vot":1.58,"Exprimés":984,"% Exp/Ins":55.13,"% Exp/Vot":97.33,"resultats":[{"N.Pan.":null,"Code Nuance":"LNC","Sexe":"M","Nom":"LESCURE","Prénom":"Fabrice","Liste":"POUR L'AVENIR DE SELONGEY","Sièges / Elu":"3","Sièges Secteur":0,"Sièges CC":2,"Voix":301,"% Voix/Ins":16.86,"% Voix/Exp":30.59},{"N.Pan.":2,"Code Nuance":"LNC","Sexe":"M","Nom":"LEGUAY","Prénom":"Gérard","Liste":"POUR SELONGEY","Sièges / Elu":"16","Sièges Secteur":0,"Sièges CC":13,"Voix":683,"% Voix/Ins":38.26,"% Voix/Exp":69.41}]},"population":{"F0-2":37.4673897377403,"F3-5":37.012231182175,"F6-10":89.1614461421151,"F11-17":100.418458965754,"F18-24":62.0425348694868,"F25-39":185.744179017247,"F40-54":256.178092606549,"F55-64":152.070518780109,"F65-79":183.138402637586,"F80+":130.378031297176,"H0-2":30.6292386526366,"H3-5":35.776481054699,"H6-10":90.1127378625395,"H11-17":119.795500706572,"H18-24":71.6452015426214,"H25-39":190.033362117463,"H40-54":241.423141056807,"H55-64":148.528719588883,"H65-79":164.29406667674,"H80+":66.1502655051001},"Analyse":{"Votes décisifs":383,"tour décisif":1,"majeurs":1851.6265156957684,"Non votants de 18-24":60.69337152969874}}