{"id":1564,"slug":"21-632-thorey-en-plaine","nom_standard":"Thorey-en-Plaine","code_postal":"21","code_departement":"21","libelle_departement":"Côte-d'Or","code_commune":"632","Tour 1":{"Inscrits":850,"Abstentions":566,"% Abs/Ins":66.59,"Votants":284,"% Vot/Ins":33.41,"Blancs":6,"% Blancs/Ins":0.71,"% Blancs/Vot":2.11,"Nuls":15,"% Nuls/Ins":1.76,"% Nuls/Vot":5.28,"Exprimés":263,"% Exp/Ins":30.94,"% Exp/Vot":92.61,"resultats":[{"N.Pan.":null,"Code Nuance":"LNC","Sexe":"M","Nom":"BRACHOTTE","Prénom":"Gilles","Liste":"THOREY, NOTRE HISTOIRE, NOTRE AVENIR","Sièges / Elu":"15","Sièges Secteur":0,"Sièges CC":1,"Voix":263,"% Voix/Ins":30.94,"% Voix/Exp":100}]},"population":{"F0-2":14.3267663038198,"F3-5":17.3285089552305,"F6-10":32.1496883190978,"F11-17":66.9076519589737,"F18-24":35.9674426132688,"F25-39":84.0480841463403,"F40-54":134.649490824503,"F55-64":88.8859594914147,"F65-79":50.9606445059958,"F80+":12.9957683349307,"H0-2":18.2912258773726,"H3-5":16.8894826814109,"H6-10":31.9269233497543,"H11-17":56.0857687815361,"H18-24":36.7263858528691,"H25-39":66.1113073735218,"H40-54":126.150946834822,"H55-64":90.657365933847,"H65-79":60.1789845447613,"H80+":8.76160331653015},"Analyse":{"Votes décisifs":264,"tour décisif":1,"majeurs":796.0939837728047,"Non votants de 18-24":46.76090131783401}}