{"id":1586,"slug":"22-46-le-mene","nom_standard":"Le Mené","code_postal":"22","code_departement":"22","libelle_departement":"Côtes-d'Armor","code_commune":"46","Tour 1":{"Inscrits":4385,"Abstentions":2520,"% Abs/Ins":57.47,"Votants":1865,"% Vot/Ins":42.53,"Blancs":102,"% Blancs/Ins":2.33,"% Blancs/Vot":5.47,"Nuls":464,"% Nuls/Ins":10.58,"% Nuls/Vot":24.88,"Exprimés":1299,"% Exp/Ins":29.62,"% Exp/Vot":69.65,"resultats":[{"N.Pan.":null,"Code Nuance":"LDVC","Sexe":"M","Nom":"DABOUDET","Prénom":"Gérard","Liste":"ENSEMBLE, AGIR POUR LE MENÉ","Sièges / Elu":"35","Sièges Secteur":0,"Sièges CC":8,"Voix":1299,"% Voix/Ins":29.62,"% Voix/Exp":100}]},"population":{"F0-2":105.385727119544,"F3-5":121.455941258611,"F6-10":204.795474966476,"F11-17":252.953458483221,"F18-24":144.408256545122,"F25-39":481.488822050737,"F40-54":575.527872603643,"F55-64":458.782369960602,"F65-79":474.695609586053,"F80+":369.347366964796,"H0-2":102.354285718681,"H3-5":119.449042225649,"H6-10":188.713818547652,"H11-17":302.171994758175,"H18-24":202.586785411858,"H25-39":488.276266705323,"H40-54":629.665476226857,"H55-64":476.884969629005,"H65-79":470.753612775649,"H80+":242.302848462347},"Analyse":{"Votes décisifs":1300,"tour décisif":1,"majeurs":5014.720256921993,"Non votants de 18-24":217.94581885096724}}