{"id":1595,"slug":"22-65-goudelin","nom_standard":"Goudelin","code_postal":"22","code_departement":"22","libelle_departement":"Côtes-d'Armor","code_commune":"65","Tour 1":{"Inscrits":1310,"Abstentions":462,"% Abs/Ins":35.27,"Votants":848,"% Vot/Ins":64.73,"Blancs":15,"% Blancs/Ins":1.15,"% Blancs/Vot":1.77,"Nuls":27,"% Nuls/Ins":2.06,"% Nuls/Vot":3.18,"Exprimés":806,"% Exp/Ins":61.53,"% Exp/Vot":95.05,"resultats":[{"N.Pan.":null,"Code Nuance":"LNC","Sexe":"F","Nom":"LE GARFF-TRUHAUD","Prénom":"Francette","Liste":"CONSTRUISONS TOUS ENSEMBLE NOTRE AVENIR","Sièges / Elu":"3","Sièges Secteur":0,"Sièges CC":0,"Voix":261,"% Voix/Ins":19.92,"% Voix/Exp":32.38},{"N.Pan.":2,"Code Nuance":"LNC","Sexe":"M","Nom":"LE FAUCHEUR","Prénom":"Laurent","Liste":"UNE PASSERELLE POUR DEMAIN","Sièges / Elu":"16","Sièges Secteur":0,"Sièges CC":3,"Voix":545,"% Voix/Ins":41.6,"% Voix/Exp":67.62}]},"population":{"F0-2":17.8163072924398,"F3-5":29.7389299212714,"F6-10":65.2932949833383,"F11-17":71.3828207328981,"F18-24":60.80032151946,"F25-39":123.284359408686,"F40-54":170.28508235238,"F55-64":103.453999264202,"F65-79":127.709574234006,"F80+":89.6750290118154,"H0-2":24.8143871489554,"H3-5":33.6892312742346,"H6-10":67.3012889871183,"H11-17":95.9586550177543,"H18-24":64.6904608242212,"H25-39":128.563770312343,"H40-54":172.336595608441,"H55-64":104.34958840195,"H65-79":122.604219127874,"H80+":51.2520845766109},"Analyse":{"Votes décisifs":285,"tour décisif":1,"majeurs":1319.0050846419897,"Non votants de 18-24":44.81165178799754}}