{"id":1142,"slug":"16-119-dignac","nom_standard":"Dignac","code_postal":"16","code_departement":"16","libelle_departement":"Charente","code_commune":"119","Tour 1":{"Inscrits":1013,"Abstentions":663,"% Abs/Ins":65.45,"Votants":350,"% Vot/Ins":34.55,"Blancs":24,"% Blancs/Ins":2.37,"% Blancs/Vot":6.86,"Nuls":87,"% Nuls/Ins":8.59,"% Nuls/Vot":24.86,"Exprimés":239,"% Exp/Ins":23.59,"% Exp/Vot":68.29,"resultats":[{"N.Pan.":null,"Code Nuance":"LNC","Sexe":"F","Nom":"DELAGE","Prénom":"Françoise","Liste":"BIEN VIVRE ENSEMBLE A DIGNAC","Sièges / Elu":"15","Sièges Secteur":0,"Sièges CC":1,"Voix":239,"% Voix/Ins":23.59,"% Voix/Exp":100}]},"population":{"F0-2":20.985797526309,"F3-5":22.9857317089693,"F6-10":45.9750060148473,"F11-17":65.9697229196493,"F18-24":34.0025576207934,"F25-39":112.014438724606,"F40-54":110.038142366153,"F55-64":125.208495040261,"F65-79":133.252034552324,"F80+":46.1026932292026,"H0-2":8.99442130382391,"H3-5":25.9838791141003,"H6-10":40.9639827436245,"H11-17":49.9737251264156,"H18-24":35.005490579317,"H25-39":97.0580175715138,"H40-54":122.031899405314,"H55-64":91.1362108707622,"H65-79":124.228021309412,"H80+":44.0897322726015},"Analyse":{"Votes décisifs":240,"tour décisif":1,"majeurs":1074.1677335422603,"Non votants de 18-24":46.522903547337776}}