{"id":1156,"slug":"16-199-magnac-sur-touvre","nom_standard":"Magnac-sur-Touvre","code_postal":"16","code_departement":"16","libelle_departement":"Charente","code_commune":"199","Tour 1":{"Inscrits":2512,"Abstentions":1344,"% Abs/Ins":53.5,"Votants":1168,"% Vot/Ins":46.5,"Blancs":19,"% Blancs/Ins":0.76,"% Blancs/Vot":1.63,"Nuls":24,"% Nuls/Ins":0.96,"% Nuls/Vot":2.05,"Exprimés":1125,"% Exp/Ins":44.79,"% Exp/Vot":96.32,"resultats":[{"N.Pan.":null,"Code Nuance":"LNC","Sexe":"M","Nom":"NICOLAS","Prénom":"Cyrille","Liste":"AGISSONS POUR MAGNAC","Sièges / Elu":"18","Sièges Secteur":0,"Sièges CC":1,"Voix":616,"% Voix/Ins":24.52,"% Voix/Exp":54.76},{"N.Pan.":2,"Code Nuance":"LNC","Sexe":"M","Nom":"HERIGAULT","Prénom":"Joël Michel","Liste":"ENSEMBLE CONSTRUISONS DEMAIN","Sièges / Elu":"5","Sièges Secteur":0,"Sièges CC":0,"Voix":509,"% Voix/Ins":20.26,"% Voix/Exp":45.24}]},"population":{"F0-2":44.3473646661774,"F3-5":48.4301123377186,"F6-10":84.6794393766495,"F11-17":134.140540204239,"F18-24":64.7989093592269,"F25-39":250.89393628936,"F40-54":334.413049501592,"F55-64":243.167738883655,"F65-79":287.170011189061,"F80+":173.27864959416,"H0-2":45.3421656043571,"H3-5":47.3856133042601,"H6-10":105.894324548576,"H11-17":137.143087193916,"H18-24":83.9342219890765,"H25-39":246.228884642268,"H40-54":321.079798208567,"H55-64":244.084925084927,"H65-79":234.005856078316,"H80+":92.5813719438965},"Analyse":{"Votes décisifs":108,"tour décisif":1,"majeurs":2575.637352764106,"Non votants de 18-24":81.28563248811396}}