{"id":1150,"slug":"16-163-hiersac","nom_standard":"Hiersac","code_postal":"16","code_departement":"16","libelle_departement":"Charente","code_commune":"163","Tour 1":{"Inscrits":800,"Abstentions":397,"% Abs/Ins":49.63,"Votants":403,"% Vot/Ins":50.38,"Blancs":6,"% Blancs/Ins":0.75,"% Blancs/Vot":1.49,"Nuls":13,"% Nuls/Ins":1.63,"% Nuls/Vot":3.23,"Exprimés":384,"% Exp/Ins":48,"% Exp/Vot":95.29,"resultats":[{"N.Pan.":null,"Code Nuance":"LNC","Sexe":"F","Nom":"BEAUMARD","Prénom":"Martine","Liste":"HIERSAC REUSSIR L'AVENIR ENSEMBLE","Sièges / Elu":"13","Sièges Secteur":0,"Sièges CC":1,"Voix":282,"% Voix/Ins":35.25,"% Voix/Exp":73.44},{"N.Pan.":2,"Code Nuance":"LNC","Sexe":"M","Nom":"ROBIN","Prénom":"Éric Patrick","Liste":"HIERSAC UN AVENIR AVEC VOUS","Sièges / Elu":"2","Sièges Secteur":0,"Sièges CC":0,"Voix":102,"% Voix/Ins":12.75,"% Voix/Exp":26.56}]},"population":{"F0-2":16.1679583789605,"F3-5":14.1150829786407,"F6-10":24.2094506690278,"F11-17":45.4151088566506,"F18-24":45.6566719836931,"F25-39":89.0608178333379,"F40-54":104.430890610098,"F55-64":86.4403811237901,"F65-79":94.4924510850823,"F80+":69.6245561871618,"H0-2":20.1267933939669,"H3-5":19.1755624035469,"H6-10":39.3527128550939,"H11-17":36.2792968724399,"H18-24":29.4070875395843,"H25-39":108.482698253175,"H40-54":94.2018982005553,"H55-64":92.5063047523233,"H65-79":80.3145552038967,"H80+":42.5397208189745},"Analyse":{"Votes décisifs":181,"tour décisif":1,"majeurs":937.1580335916724,"Non votants de 18-24":42.78457714040378}}