{"id":1154,"slug":"16-187-linars","nom_standard":"Linars","code_postal":"16","code_departement":"16","libelle_departement":"Charente","code_commune":"187","Tour 1":{"Inscrits":1585,"Abstentions":1070,"% Abs/Ins":67.51,"Votants":515,"% Vot/Ins":32.49,"Blancs":31,"% Blancs/Ins":1.96,"% Blancs/Vot":6.02,"Nuls":44,"% Nuls/Ins":2.78,"% Nuls/Vot":8.54,"Exprimés":440,"% Exp/Ins":27.76,"% Exp/Vot":85.44,"resultats":[{"N.Pan.":null,"Code Nuance":"LNC","Sexe":"M","Nom":"GERMANEAU","Prénom":"Michel Jean","Liste":"LINARS, CAP 2026","Sièges / Elu":"19","Sièges Secteur":0,"Sièges CC":1,"Voix":440,"% Voix/Ins":27.76,"% Voix/Exp":100}]},"population":{"F0-2":22.4283544674645,"F3-5":20.5757376130637,"F6-10":59.9450997824702,"F11-17":71.8458353591514,"F18-24":40.882753909882,"F25-39":126.625695258238,"F40-54":214.036740775463,"F55-64":167.283177566061,"F65-79":263.32769877028,"F80+":99.3312189610721,"H0-2":28.332208804701,"H3-5":22.5410227131639,"H6-10":56.6339272109687,"H11-17":93.0137835420692,"H18-24":32.2845228323323,"H25-39":115.384359588763,"H40-54":185.706415946025,"H55-64":151.9791159754,"H65-79":242.971364344191,"H80+":80.8709665792405},"Analyse":{"Votes décisifs":441,"tour décisif":1,"majeurs":1720.684030506948,"Non votants de 18-24":51.26834186854157}}