{"id":1140,"slug":"16-106-confolens","nom_standard":"Confolens","code_postal":"16","code_departement":"16","libelle_departement":"Charente","code_commune":"106","Tour 1":{"Inscrits":1923,"Abstentions":1133,"% Abs/Ins":58.92,"Votants":790,"% Vot/Ins":41.08,"Blancs":50,"% Blancs/Ins":2.6,"% Blancs/Vot":6.33,"Nuls":139,"% Nuls/Ins":7.23,"% Nuls/Vot":17.59,"Exprimés":601,"% Exp/Ins":31.25,"% Exp/Vot":76.08,"resultats":[{"N.Pan.":null,"Code Nuance":"LDVD","Sexe":"M","Nom":"DUPRÉ","Prénom":"Jean-Noël","Liste":"CONFOLENS 2020","Sièges / Elu":"27","Sièges Secteur":0,"Sièges CC":4,"Voix":601,"% Voix/Ins":31.25,"% Voix/Exp":100}]},"population":{"F0-2":27.4362690494449,"F3-5":24.4538725709396,"F6-10":45.0716384158322,"F11-17":88.1556140362151,"F18-24":80.9210976817783,"F25-39":136.899708776224,"F40-54":234.323353851463,"F55-64":208.719769864952,"F65-79":309.909817918376,"F80+":337.996149657804,"H0-2":18.6682754523864,"H3-5":33.3735918517462,"H6-10":63.6127128605891,"H11-17":95.3792865992772,"H18-24":79.5541558754682,"H25-39":150.833499746973,"H40-54":221.872694448094,"H55-64":189.361304032655,"H65-79":228.688540414175,"H80+":144.768646895605},"Analyse":{"Votes décisifs":602,"tour décisif":1,"majeurs":2323.8487391635676,"Non votants de 18-24":105.92116482776423}}