{"id":1181,"slug":"16-358-saint-yrieix-sur-charente","nom_standard":"Saint-Yrieix-sur-Charente","code_postal":"16","code_departement":"16","libelle_departement":"Charente","code_commune":"358","Tour 1":{"Inscrits":5435,"Abstentions":3234,"% Abs/Ins":59.5,"Votants":2201,"% Vot/Ins":40.5,"Blancs":22,"% Blancs/Ins":0.4,"% Blancs/Vot":1,"Nuls":34,"% Nuls/Ins":0.63,"% Nuls/Vot":1.54,"Exprimés":2145,"% Exp/Ins":39.47,"% Exp/Vot":97.46,"resultats":[{"N.Pan.":null,"Code Nuance":"LDVG","Sexe":"M","Nom":"FOURNIÉ","Prénom":"Jean-Jacques","Liste":"VIVRE SAINT YRIEIX","Sièges / Elu":"23","Sièges Secteur":0,"Sièges CC":2,"Voix":1223,"% Voix/Ins":22.5,"% Voix/Exp":57.02},{"N.Pan.":2,"Code Nuance":"LDVD","Sexe":"M","Nom":"MIEGE-DECLERCQ","Prénom":"Benoît","Liste":"UNE NOUVELLE DYNAMIQUE POUR SAINT-YRIEIX","Sièges / Elu":"6","Sièges Secteur":0,"Sièges CC":1,"Voix":922,"% Voix/Ins":16.96,"% Voix/Exp":42.98}]},"population":{"F0-2":107.803645394862,"F3-5":120.99452783535,"F6-10":237.779281541715,"F11-17":321.589681135991,"F18-24":207.001915964025,"F25-39":607.177084567194,"F40-54":763.831317570341,"F55-64":590.733442118981,"F65-79":733.417106973454,"F80+":293.201456824662,"H0-2":101.832835231391,"H3-5":106.715334201661,"H6-10":218.293193856014,"H11-17":331.867073619667,"H18-24":217.894772077812,"H25-39":539.978289620381,"H40-54":686.999856806231,"H55-64":514.300914423583,"H65-79":602.681577874574,"H80+":194.906692362109},"Analyse":{"Votes décisifs":302,"tour décisif":1,"majeurs":5952.124427183347,"Non votants de 18-24":267.7767182191235}}