{"id":1124,"slug":"16-30-barret","nom_standard":"Barret","code_postal":"16","code_departement":"16","libelle_departement":"Charente","code_commune":"30","Tour 1":{"Inscrits":774,"Abstentions":423,"% Abs/Ins":54.65,"Votants":351,"% Vot/Ins":45.35,"Blancs":4,"% Blancs/Ins":0.52,"% Blancs/Vot":1.14,"Nuls":34,"% Nuls/Ins":4.39,"% Nuls/Vot":9.69,"Exprimés":313,"% Exp/Ins":40.44,"% Exp/Vot":89.17,"resultats":[{"N.Pan.":null,"Code Nuance":"LNC","Sexe":"M","Nom":"CHATELLIER","Prénom":"Dominique","Liste":"VIVRE ENSEMBLE A BARRET","Sièges / Elu":"15","Sièges Secteur":0,"Sièges CC":2,"Voix":313,"% Voix/Ins":40.44,"% Voix/Exp":100}]},"population":{"F0-2":12.1614996835877,"F3-5":12.1910302602183,"F6-10":33.5241808843846,"F11-17":46.6745627977655,"F18-24":23.2455532485697,"F25-39":75.9630307904099,"F40-54":95.1039741227024,"F55-64":84.5832374098703,"F65-79":101.609786718925,"F80+":33.2022614506833,"H0-2":12.13135425507,"H3-5":17.2821175330614,"H6-10":33.5239546337262,"H11-17":63.0093232051387,"H18-24":22.2557777706872,"H25-39":80.9435724172792,"H40-54":105.19166494882,"H55-64":76.514302265556,"H65-79":108.75978380968,"H80+":25.1290317938641},"Analyse":{"Votes décisifs":314,"tour décisif":1,"majeurs":832.501976747047,"Non votants de 18-24":26.317031601536844}}