{"id":1190,"slug":"16-418-voeuil-et-giget","nom_standard":"Voeuil-et-Giget","code_postal":"16","code_departement":"16","libelle_departement":"Charente","code_commune":"418","Tour 1":{"Inscrits":1358,"Abstentions":920,"% Abs/Ins":67.75,"Votants":438,"% Vot/Ins":32.25,"Blancs":14,"% Blancs/Ins":1.03,"% Blancs/Vot":3.2,"Nuls":30,"% Nuls/Ins":2.21,"% Nuls/Vot":6.85,"Exprimés":394,"% Exp/Ins":29.01,"% Exp/Vot":89.95,"resultats":[{"N.Pan.":null,"Code Nuance":"LNC","Sexe":"F","Nom":"CHIRON","Prénom":"Monique","Liste":"BIEN VIVRE A VOEUIL ET GIGET","Sièges / Elu":"19","Sièges Secteur":0,"Sièges CC":1,"Voix":394,"% Voix/Ins":29.01,"% Voix/Exp":100}]},"population":{"F0-2":15.86011846856,"F3-5":19.8807703004195,"F6-10":42.646322545212,"F11-17":54.5524731964428,"F18-24":46.0463886264596,"F25-39":107.093796747283,"F40-54":167.284333384286,"F55-64":132.666991715077,"F65-79":141.024780039705,"F80+":59.1010705215265,"H0-2":24.8923868804007,"H3-5":21.8406466168022,"H6-10":31.7647352677005,"H11-17":67.3831598725452,"H18-24":32.9796869389746,"H25-39":104.648719785946,"H40-54":173.234914711834,"H55-64":142.714173725247,"H65-79":132.824288972939,"H80+":36.5602416826386},"Analyse":{"Votes décisifs":395,"tour décisif":1,"majeurs":1276.1793868519164,"Non votants de 18-24":51.90338305506176}}