{"id":1189,"slug":"16-415-vindelle","nom_standard":"Vindelle","code_postal":"16","code_departement":"16","libelle_departement":"Charente","code_commune":"415","Tour 1":{"Inscrits":823,"Abstentions":332,"% Abs/Ins":40.34,"Votants":491,"% Vot/Ins":59.66,"Blancs":13,"% Blancs/Ins":1.58,"% Blancs/Vot":2.65,"Nuls":12,"% Nuls/Ins":1.46,"% Nuls/Vot":2.44,"Exprimés":466,"% Exp/Ins":56.62,"% Exp/Vot":94.91,"resultats":[{"N.Pan.":null,"Code Nuance":"LNC","Sexe":"M","Nom":"PROUX","Prénom":"Bruno","Liste":"BIEN VIVRE A VINDELLE","Sièges / Elu":"2","Sièges Secteur":0,"Sièges CC":0,"Voix":124,"% Voix/Ins":15.07,"% Voix/Exp":26.61},{"N.Pan.":2,"Code Nuance":"LNC","Sexe":"F","Nom":"MOUFFLET","Prénom":"Isabelle","Liste":"VINDELLE ENSEMBLE ET AUTREMENT","Sièges / Elu":"13","Sièges Secteur":0,"Sièges CC":1,"Voix":342,"% Voix/Ins":41.56,"% Voix/Exp":73.39}]},"population":{"F0-2":14.3135309335834,"F3-5":25.2194591744449,"F6-10":36.7389240723419,"F11-17":50.0238073238908,"F18-24":20.7733832676098,"F25-39":96.0076066205583,"F40-54":102.229570237663,"F55-64":81.3004867476617,"F65-79":99.5626793867874,"F80+":27.123033429272,"H0-2":17.8013428011106,"H3-5":19.5243065718423,"H6-10":39.9101366997774,"H11-17":37.0647074936211,"H18-24":16.6699455730778,"H25-39":94.506421730839,"H40-54":109.623508077036,"H55-64":70.9894479622493,"H65-79":98.0945999226939,"H80+":23.5231019739387},"Analyse":{"Votes décisifs":219,"tour décisif":1,"majeurs":840.4037849293868,"Non votants de 18-24":15.567327339430266}}