{"id":1128,"slug":"16-64-brigueuil","nom_standard":"Brigueuil","code_postal":"16","code_departement":"16","libelle_departement":"Charente","code_commune":"64","Tour 1":{"Inscrits":708,"Abstentions":298,"% Abs/Ins":42.09,"Votants":410,"% Vot/Ins":57.91,"Blancs":67,"% Blancs/Ins":9.46,"% Blancs/Vot":16.34,"Nuls":25,"% Nuls/Ins":3.53,"% Nuls/Vot":6.1,"Exprimés":318,"% Exp/Ins":44.92,"% Exp/Vot":77.56,"resultats":[{"N.Pan.":null,"Code Nuance":"LNC","Sexe":"M","Nom":"ROUGIER","Prénom":"Robert","Liste":"BRIGUEUIL POUR VOUS","Sièges / Elu":"15","Sièges Secteur":0,"Sièges CC":2,"Voix":318,"% Voix/Ins":44.92,"% Voix/Exp":100}]},"population":{"F0-2":13.0456801476629,"F3-5":24.4943803398168,"F6-10":23.4855890017638,"F11-17":39.0158206967103,"F18-24":24.3255692961401,"F25-39":91.4913388120918,"F40-54":100.789052620176,"F55-64":86.8930438421385,"F65-79":87.110553090131,"F80+":61.7665295303849,"H0-2":16.1462920525965,"H3-5":15.8011330123741,"H6-10":42.1698099550983,"H11-17":55.2432247957435,"H18-24":23.8580524003569,"H25-39":100.822112787158,"H40-54":99.9564808323755,"H55-64":68.7380625681381,"H65-79":112.342907704644,"H80+":22.5043665144985},"Analyse":{"Votes décisifs":319,"tour décisif":1,"majeurs":880.5980699982333,"Non votants de 18-24":25.749680982087522}}