{"id":1135,"slug":"16-90-chateauneuf-sur-charente","nom_standard":"Châteauneuf-sur-Charente","code_postal":"16","code_departement":"16","libelle_departement":"Charente","code_commune":"90","Tour 1":{"Inscrits":2465,"Abstentions":1022,"% Abs/Ins":41.46,"Votants":1443,"% Vot/Ins":58.54,"Blancs":28,"% Blancs/Ins":1.14,"% Blancs/Vot":1.94,"Nuls":34,"% Nuls/Ins":1.38,"% Nuls/Vot":2.36,"Exprimés":1381,"% Exp/Ins":56.02,"% Exp/Vot":95.7,"resultats":[{"N.Pan.":null,"Code Nuance":"LDVD","Sexe":"M","Nom":"BERTON","Prénom":"Pierre","Liste":"PIERRE BERTON CHATEAUNEUF 2020 ENERGIE ET PASSION","Sièges / Elu":"5","Sièges Secteur":0,"Sièges CC":1,"Voix":543,"% Voix/Ins":22.03,"% Voix/Exp":39.32},{"N.Pan.":2,"Code Nuance":"LDVG","Sexe":"M","Nom":"LEVESQUE","Prénom":"Jean Louis","Liste":"ENSEMBLE POURSUIVONS ET INNOVONS POUR CHATEAUNEUF","Sièges / Elu":"22","Sièges Secteur":0,"Sièges CC":3,"Voix":838,"% Voix/Ins":34,"% Voix/Exp":60.68}]},"population":{"F0-2":33.0074986025317,"F3-5":47.4182339400325,"F6-10":96.7457027315199,"F11-17":147.481958460764,"F18-24":85.390762837072,"F25-39":256.968688305322,"F40-54":324.770732901278,"F55-64":261.094853629394,"F65-79":333.830338869371,"F80+":245.794492687607,"H0-2":45.5148575549852,"H3-5":50.9371454565658,"H6-10":80.2793207074035,"H11-17":158.77517567291,"H18-24":113.375361315804,"H25-39":287.533223526904,"H40-54":327.832897901532,"H55-64":221.174362301972,"H65-79":307.573615945714,"H80+":120.500776651317},"Analyse":{"Votes décisifs":296,"tour décisif":1,"majeurs":2885.8401068732874,"Non votants de 18-24":99.37755564921085}}