{"id":1603,"slug":"22-90-kermaria-sulard","nom_standard":"Kermaria-Sulard","code_postal":"22","code_departement":"22","libelle_departement":"Côtes-d'Armor","code_commune":"90","Tour 1":{"Inscrits":859,"Abstentions":321,"% Abs/Ins":37.37,"Votants":538,"% Vot/Ins":62.63,"Blancs":2,"% Blancs/Ins":0.23,"% Blancs/Vot":0.37,"Nuls":7,"% Nuls/Ins":0.81,"% Nuls/Vot":1.3,"Exprimés":529,"% Exp/Ins":61.58,"% Exp/Vot":98.33,"resultats":[{"N.Pan.":null,"Code Nuance":"LNC","Sexe":"M","Nom":"HOUSSAIS","Prénom":"Pierre","Liste":"Agir ensemble","Sièges / Elu":"13","Sièges Secteur":0,"Sièges CC":1,"Voix":354,"% Voix/Ins":41.21,"% Voix/Exp":66.92},{"N.Pan.":2,"Code Nuance":"LNC","Sexe":"F","Nom":"OUVRARD","Prénom":"Florence","Liste":"KERMARIA, TOUS ENSEMBLE POUR DEMAIN","Sièges / Elu":"2","Sièges Secteur":0,"Sièges CC":0,"Voix":175,"% Voix/Ins":20.37,"% Voix/Exp":33.08}]},"population":{"F0-2":22.2435111421065,"F3-5":24.1892046985887,"F6-10":42.1017056128436,"F11-17":46.2957439303828,"F18-24":15.1883338828264,"F25-39":96.2973785035402,"F40-54":97.8663021239458,"F55-64":79.4611345934932,"F65-79":106.591267382302,"F80+":17.6607148253422,"H0-2":18.1878726715351,"H3-5":16.0913800105743,"H6-10":36.1345145806221,"H11-17":56.3272783406927,"H18-24":27.4684771362279,"H25-39":84.3200457721552,"H40-54":107.980623876976,"H55-64":67.9660366792196,"H65-79":98.1874187527811,"H80+":13.4410554838448},"Analyse":{"Votes décisifs":180,"tour décisif":1,"majeurs":812.4287890126544,"Non votants de 18-24":14.408963775554229}}