{"id":166,"slug":"1-444-villebois","nom_standard":"Villebois","code_postal":"1","code_departement":"1","libelle_departement":"Ain","code_commune":"444","Tour 1":{"Inscrits":890,"Abstentions":414,"% Abs/Ins":46.52,"Votants":476,"% Vot/Ins":53.48,"Blancs":16,"% Blancs/Ins":1.8,"% Blancs/Vot":3.36,"Nuls":10,"% Nuls/Ins":1.12,"% Nuls/Vot":2.1,"Exprimés":450,"% Exp/Ins":50.56,"% Exp/Vot":94.54,"resultats":[{"N.Pan.":null,"Code Nuance":"LNC","Sexe":"F","Nom":"CHARMET","Prénom":"Emilie","Liste":"ENSEMBLE, VIVONS NOTRE VILLAGE","Sièges / Elu":"12","Sièges Secteur":0,"Sièges CC":1,"Voix":254,"% Voix/Ins":28.54,"% Voix/Exp":56.44},{"N.Pan.":2,"Code Nuance":"LNC","Sexe":"F","Nom":"VANARET","Prénom":"Joëlle","Liste":"VILLEBOIS DYNAMIQUE ET SOLIDAIRE","Sièges / Elu":"3","Sièges Secteur":0,"Sièges CC":0,"Voix":196,"% Voix/Ins":22.02,"% Voix/Exp":43.56}]},"population":{"F0-2":19.8853587794403,"F3-5":19.8532057201195,"F6-10":29.8339007847951,"F11-17":63.5948862314865,"F18-24":26.9586901918781,"F25-39":99.8250075011648,"F40-54":123.757272174565,"F55-64":90.2692829338841,"F65-79":90.342606991469,"F80+":22.1107460952355,"H0-2":16.9410465839012,"H3-5":16.9208485285671,"H6-10":41.772374217309,"H11-17":63.6570494160731,"H18-24":28.9402796157162,"H25-39":117.954733603333,"H40-54":134.859850966084,"H55-64":78.1927692542224,"H65-79":93.2700014524714,"H80+":16.0600889582838},"Analyse":{"Votes décisifs":59,"tour décisif":1,"majeurs":922.5413297383072,"Non votants de 18-24":27.05699951238528}}