{"id":1666,"slug":"22-214-plouezec","nom_standard":"Plouézec","code_postal":"22","code_departement":"22","libelle_departement":"Côtes-d'Armor","code_commune":"214","Tour 1":{"Inscrits":2968,"Abstentions":2006,"% Abs/Ins":67.59,"Votants":962,"% Vot/Ins":32.41,"Blancs":59,"% Blancs/Ins":1.99,"% Blancs/Vot":6.13,"Nuls":113,"% Nuls/Ins":3.81,"% Nuls/Vot":11.75,"Exprimés":790,"% Exp/Ins":26.62,"% Exp/Vot":82.12,"resultats":[{"N.Pan.":null,"Code Nuance":"LNC","Sexe":"M","Nom":"MANGOLD","Prénom":"Jacques","Liste":"BIEN VIVRE A PLOUEZEC","Sièges / Elu":"23","Sièges Secteur":0,"Sièges CC":3,"Voix":790,"% Voix/Ins":26.62,"% Voix/Exp":100}]},"population":{"F0-2":35.3238230995453,"F3-5":33.9992393045756,"F6-10":50.3161384223211,"F11-17":106.812790453052,"F18-24":51.2925922048878,"F25-39":161.809760843072,"F40-54":264.774930631603,"F55-64":308.968230103015,"F65-79":415.884338652959,"F80+":207.940965243894,"H0-2":23.6800175308343,"H3-5":31.0972599410859,"H6-10":75.6924493017986,"H11-17":100.101880854338,"H18-24":69.7627622170315,"H25-39":151.261203011361,"H40-54":241.61912639777,"H55-64":282.436121295701,"H65-79":380.261357500784,"H80+":132.96501299037},"Analyse":{"Votes décisifs":791,"tour décisif":1,"majeurs":2668.976401092448,"Non votants de 18-24":77.42242799131479}}