{"id":1684,"slug":"22-240-plumaugat","nom_standard":"Plumaugat","code_postal":"22","code_departement":"22","libelle_departement":"Côtes-d'Armor","code_commune":"240","Tour 1":{"Inscrits":837,"Abstentions":409,"% Abs/Ins":48.86,"Votants":428,"% Vot/Ins":51.14,"Blancs":6,"% Blancs/Ins":0.72,"% Blancs/Vot":1.4,"Nuls":48,"% Nuls/Ins":5.73,"% Nuls/Vot":11.21,"Exprimés":374,"% Exp/Ins":44.68,"% Exp/Vot":87.38,"resultats":[{"N.Pan.":null,"Code Nuance":"LNC","Sexe":"M","Nom":"CHEVALIER","Prénom":"Mickaël","Liste":"Agir ensemble pour bien vivre à Plumaugat","Sièges / Elu":"15","Sièges Secteur":0,"Sièges CC":1,"Voix":374,"% Voix/Ins":44.68,"% Voix/Exp":100}]},"population":{"F0-2":22.7620094743409,"F3-5":20.8332558186249,"F6-10":35.9192735722608,"F11-17":39.7654923787123,"F18-24":25.7596910189632,"F25-39":92.291666837064,"F40-54":85.711523916678,"F55-64":80.5058349685692,"F65-79":79.7123087993759,"F80+":51.931215275606,"H0-2":26.5430028312916,"H3-5":19.8964099698862,"H6-10":29.3378114073991,"H11-17":43.5193456988259,"H18-24":39.9845957158502,"H25-39":95.2899483588515,"H40-54":112.649594426264,"H55-64":70.0130276672462,"H65-79":92.16730538669,"H80+":38.4066864775005},"Analyse":{"Votes décisifs":375,"tour décisif":1,"majeurs":864.4233988486587,"Non votants de 18-24":33.1924669206131}}