{"id":1695,"slug":"22-262-quintin","nom_standard":"Quintin","code_postal":"22","code_departement":"22","libelle_departement":"Côtes-d'Armor","code_commune":"262","Tour 1":{"Inscrits":1923,"Abstentions":1131,"% Abs/Ins":58.81,"Votants":792,"% Vot/Ins":41.19,"Blancs":82,"% Blancs/Ins":4.26,"% Blancs/Vot":10.35,"Nuls":124,"% Nuls/Ins":6.45,"% Nuls/Vot":15.66,"Exprimés":586,"% Exp/Ins":30.47,"% Exp/Vot":73.99,"resultats":[{"N.Pan.":null,"Code Nuance":"LNC","Sexe":"M","Nom":"CARRO","Prénom":"Nicolas","Liste":"CONSTRUIRE ENSEMBLE POUR DEMAIN","Sièges / Elu":"23","Sièges Secteur":0,"Sièges CC":1,"Voix":586,"% Voix/Ins":30.47,"% Voix/Exp":100}]},"population":{"F0-2":21.5716211410699,"F3-5":34.2602559007387,"F6-10":82.4611097450057,"F11-17":137.851196730499,"F18-24":75.6745460848959,"F25-39":176.419822985716,"F40-54":273.994020955367,"F55-64":165.357194188507,"F65-79":256.290432595659,"F80+":292.719595599146,"H0-2":35.3187765791467,"H3-5":33.3562008064221,"H6-10":67.0189468167203,"H11-17":140.644616743337,"H18-24":100.301378743874,"H25-39":172.198549757641,"H40-54":287.312678520837,"H55-64":150.608899852232,"H65-79":185.360973026253,"H80+":133.279183226933},"Analyse":{"Votes décisifs":587,"tour décisif":1,"majeurs":2269.5172755370613,"Non votants de 18-24":114.56509796850537}}