{"id":1697,"slug":"22-265-rospez","nom_standard":"Rospez","code_postal":"22","code_departement":"22","libelle_departement":"Côtes-d'Armor","code_commune":"265","Tour 1":{"Inscrits":1378,"Abstentions":731,"% Abs/Ins":53.05,"Votants":647,"% Vot/Ins":46.95,"Blancs":36,"% Blancs/Ins":2.61,"% Blancs/Vot":5.56,"Nuls":109,"% Nuls/Ins":7.91,"% Nuls/Vot":16.85,"Exprimés":502,"% Exp/Ins":36.43,"% Exp/Vot":77.59,"resultats":[{"N.Pan.":null,"Code Nuance":"LNC","Sexe":"M","Nom":"ROBIN","Prénom":"Jacques","Liste":"ENSEMBLE POUR ROSPEZ","Sièges / Elu":"19","Sièges Secteur":0,"Sièges CC":1,"Voix":502,"% Voix/Ins":36.43,"% Voix/Exp":100}]},"population":{"F0-2":26.5587909667757,"F3-5":31.0077967648652,"F6-10":49.3415311623638,"F11-17":71.1446150055971,"F18-24":33.0594461558938,"F25-39":139.80228473595,"F40-54":178.626841835268,"F55-64":125.112998492455,"F65-79":167.87403098112,"F80+":53.1970052952596,"H0-2":33.6335819940907,"H3-5":41.1167284600951,"H6-10":55.8482252372259,"H11-17":96.7963808140225,"H18-24":51.2042837856171,"H25-39":145.182740762916,"H40-54":183.869282084098,"H55-64":107.817225056839,"H65-79":165.833510377365,"H80+":20.9727000321831},"Analyse":{"Votes décisifs":503,"tour décisif":1,"majeurs":1372.5523495949647,"Non votants de 18-24":44.54310778218429}}