{"id":1194,"slug":"17-10-angoulins","nom_standard":"Angoulins","code_postal":"17","code_departement":"17","libelle_departement":"Charente-Maritime","code_commune":"10","Tour 1":{"Inscrits":3397,"Abstentions":1703,"% Abs/Ins":50.13,"Votants":1694,"% Vot/Ins":49.87,"Blancs":19,"% Blancs/Ins":0.56,"% Blancs/Vot":1.12,"Nuls":19,"% Nuls/Ins":0.56,"% Nuls/Vot":1.12,"Exprimés":1656,"% Exp/Ins":48.75,"% Exp/Vot":97.76,"resultats":[{"N.Pan.":null,"Code Nuance":"LDVC","Sexe":"F","Nom":"PIGEONNIER","Prénom":"Hélène","Liste":"AIMER ANGOULINS ET S'ENGAGER POUR L'AVENIR","Sièges / Elu":"0","Sièges Secteur":0,"Sièges CC":0,"Voix":359,"% Voix/Ins":10.57,"% Voix/Exp":21.68},{"N.Pan.":2,"Code Nuance":"LDVD","Sexe":"M","Nom":"NIVET","Prénom":"Jean-Pierre","Liste":"AGIR POUR ANGOULINS","Sièges / Elu":"0","Sièges Secteur":0,"Sièges CC":0,"Voix":675,"% Voix/Ins":19.87,"% Voix/Exp":40.76},{"N.Pan.":3,"Code Nuance":"LDVG","Sexe":"M","Nom":"LEPESANT","Prénom":"Thierry","Liste":"ANGOULINS EN COMMUN !","Sièges / Elu":0,"Sièges CC":0,"Voix":622,"% Voix/Ins":18.31,"% Voix/Exp":37.56}]},"Tour 2":{"Inscrits":3391,"Abstentions":1650,"% Abs/Ins":48.66,"Votants":1741,"% Vot/Ins":51.34,"Blancs":32,"% Blancs/Ins":0.94,"% Blancs/Vot":1.84,"Nuls":26,"% Nuls/Ins":0.77,"% Nuls/Vot":1.49,"Exprimés":1683,"% Exp/Ins":49.63,"% Exp/Vot":96.67,"resultats":[{"N.Pan.":2,"Code Nuance":"LDVD","Sexe":"M","Nom":"NIVET","Prénom":"Jean-Pierre","Liste":"AGIR POUR ANGOULINS","Sièges / Elu":22,"Sièges Secteur":0,"Sièges CC":2,"Voix":985,"% Voix/Ins":29.05,"% Voix/Exp":58.53},{"N.Pan.":3,"Code Nuance":"LDVG","Sexe":"M","Nom":"LEPESANT","Prénom":"Thierry","Liste":"ANGOULINS EN COMMUN !","Sièges / Elu":5,"Sièges Secteur":0,"Sièges CC":0,"Voix":698,"% Voix/Ins":20.58,"% Voix/Exp":41.47}]},"population":{"F0-2":46.3818746450542,"F3-5":43.2667436633595,"F6-10":97.4013708026761,"F11-17":149.656052506107,"F18-24":101.317817867513,"F25-39":257.279133690573,"F40-54":397.211477828891,"F55-64":343.527402954648,"F65-79":477.369998070205,"F80+":215.561783753654,"H0-2":38.3741331199906,"H3-5":59.036795182345,"H6-10":108.854321045806,"H11-17":155.498795231519,"H18-24":114.943002050942,"H25-39":252.291804424105,"H40-54":349.03943008596,"H55-64":309.279333431076,"H65-79":429.041987472257,"H80+":117.666742173318},"Analyse":{"Votes décisifs":287,"tour décisif":2,"majeurs":3364.5299138031423,"Non votants de 18-24":104.35511626179265}}