{"id":1239,"slug":"17-166-forges","nom_standard":"Forges","code_postal":"17","code_departement":"17","libelle_departement":"Charente-Maritime","code_commune":"166","Tour 1":{"Inscrits":873,"Abstentions":530,"% Abs/Ins":60.71,"Votants":343,"% Vot/Ins":39.29,"Blancs":15,"% Blancs/Ins":1.72,"% Blancs/Vot":4.37,"Nuls":27,"% Nuls/Ins":3.09,"% Nuls/Vot":7.87,"Exprimés":301,"% Exp/Ins":34.48,"% Exp/Vot":87.76,"resultats":[{"N.Pan.":null,"Code Nuance":"LNC","Sexe":"F","Nom":"BERNARD","Prénom":"Micheline","Liste":"FORGES POUR VOUS ET AVEC VOUS","Sièges / Elu":"15","Sièges Secteur":0,"Sièges CC":2,"Voix":301,"% Voix/Ins":34.48,"% Voix/Exp":100}]},"population":{"F0-2":23.9883248037616,"F3-5":28.9311961996854,"F6-10":38.8258101883845,"F11-17":73.8556025291693,"F18-24":30.1223538291924,"F25-39":122.087938038043,"F40-54":143.738527001651,"F55-64":77.1387232313582,"F65-79":85.2686600021746,"F80+":29.5062389291263,"H0-2":31.8711350546777,"H3-5":17.9604135384491,"H6-10":56.6642794448903,"H11-17":72.7177713645227,"H18-24":37.864851814945,"H25-39":126.749020772596,"H40-54":151.259843358455,"H55-64":79.1509082492848,"H65-79":72.9810609398135,"H80+":20.3173407098202},"Analyse":{"Votes décisifs":302,"tour décisif":1,"majeurs":976.18546687646,"Non votants de 18-24":44.09870051144388}}