{"id":1261,"slug":"17-243-montlieu-la-garde","nom_standard":"Montlieu-la-Garde","code_postal":"17","code_departement":"17","libelle_departement":"Charente-Maritime","code_commune":"243","Tour 1":{"Inscrits":819,"Abstentions":467,"% Abs/Ins":57.02,"Votants":352,"% Vot/Ins":42.98,"Blancs":14,"% Blancs/Ins":1.71,"% Blancs/Vot":3.98,"Nuls":31,"% Nuls/Ins":3.79,"% Nuls/Vot":8.81,"Exprimés":307,"% Exp/Ins":37.48,"% Exp/Vot":87.22,"resultats":[{"N.Pan.":null,"Code Nuance":"LNC","Sexe":"M","Nom":"MORASSUTTI","Prénom":"Nicolas","Liste":"CONTINUONS D'AGIR POUR MONTLIEU LA GARDE","Sièges / Elu":"15","Sièges Secteur":0,"Sièges CC":2,"Voix":307,"% Voix/Ins":37.48,"% Voix/Exp":100}]},"population":{"F0-2":14.1621533132057,"F3-5":19.6924143845848,"F6-10":18.7251099734993,"F11-17":36.622624348382,"F18-24":19.6663210357764,"F25-39":90.0032853318962,"F40-54":106.887662123353,"F55-64":78.9094902942517,"F65-79":101.212072379755,"F80+":124.149024490482,"H0-2":14.1286891675394,"H3-5":16.9666902007675,"H6-10":24.3236574211928,"H11-17":45.9989852930629,"H18-24":32.6711329970686,"H25-39":104.931020359635,"H40-54":116.749109154843,"H55-64":85.9688298718831,"H65-79":110.582627771845,"H80+":54.6491000869774},"Analyse":{"Votes décisifs":308,"tour décisif":1,"majeurs":1026.3796758977664,"Non votants de 18-24":34.38816659840006}}