{"id":1275,"slug":"17-297-rivedoux-plage","nom_standard":"Rivedoux-Plage","code_postal":"17","code_departement":"17","libelle_departement":"Charente-Maritime","code_commune":"297","Tour 1":{"Inscrits":2187,"Abstentions":1322,"% Abs/Ins":60.45,"Votants":865,"% Vot/Ins":39.55,"Blancs":32,"% Blancs/Ins":1.46,"% Blancs/Vot":3.7,"Nuls":46,"% Nuls/Ins":2.1,"% Nuls/Vot":5.32,"Exprimés":787,"% Exp/Ins":35.99,"% Exp/Vot":90.98,"resultats":[{"N.Pan.":null,"Code Nuance":"LNC","Sexe":"M","Nom":"RAFFARIN","Prénom":"Patrice","Liste":"ENSEMBLE IMAGINONS DEMAIN","Sièges / Elu":"19","Sièges Secteur":0,"Sièges CC":3,"Voix":787,"% Voix/Ins":35.99,"% Voix/Exp":100}]},"population":{"F0-2":27.6724345369127,"F3-5":24.485710350145,"F6-10":49.1966738833584,"F11-17":80.8692299154886,"F18-24":40.962225858921,"F25-39":145.802404934584,"F40-54":219.507521818811,"F55-64":195.956507404457,"F65-79":301.610274776728,"F80+":97.6572896853545,"H0-2":21.6028422427981,"H3-5":25.519681032018,"H6-10":52.8683027330704,"H11-17":96.0580367596642,"H18-24":47.7256173068572,"H25-39":139.370692423144,"H40-54":210.262075189078,"H55-64":181.203049941718,"H65-79":291.876774454563,"H80+":69.792654752329},"Analyse":{"Votes décisifs":788,"tour décisif":1,"majeurs":1941.7270885465446,"Non votants de 18-24":49.17920943918062}}