{"id":1291,"slug":"17-337-saint-georges-d-oleron","nom_standard":"Saint-Georges-d'Oléron","code_postal":"17","code_departement":"17","libelle_departement":"Charente-Maritime","code_commune":"337","Tour 1":{"Inscrits":3665,"Abstentions":1693,"% Abs/Ins":46.19,"Votants":1972,"% Vot/Ins":53.81,"Blancs":6,"% Blancs/Ins":0.16,"% Blancs/Vot":0.3,"Nuls":31,"% Nuls/Ins":0.85,"% Nuls/Vot":1.57,"Exprimés":1935,"% Exp/Ins":52.8,"% Exp/Vot":98.12,"resultats":[{"N.Pan.":null,"Code Nuance":"LDVD","Sexe":"F","Nom":"RABELLE","Prénom":"Dominique","Liste":"ALLEZ-SAINT GEORGES","Sièges / Elu":"21","Sièges Secteur":0,"Sièges CC":4,"Voix":971,"% Voix/Ins":26.49,"% Voix/Exp":50.18},{"N.Pan.":2,"Code Nuance":"LDVC","Sexe":"M","Nom":"PROUST","Prénom":"Eric","Liste":"SAINT GEORGES EN COMMUN","Sièges / Elu":"5","Sièges Secteur":0,"Sièges CC":1,"Voix":805,"% Voix/Ins":21.96,"% Voix/Exp":41.6},{"N.Pan.":3,"Code Nuance":"LRN","Sexe":"M","Nom":"MARKOWSKY","Prénom":"Pascal","Liste":"RASSEMBLEMENT SAINT GEORGES D'OLERON","Sièges / Elu":1,"Sièges CC":0,"Voix":159,"% Voix/Ins":4.34,"% Voix/Exp":8.22}]},"population":{"F0-2":25.1975314312098,"F3-5":24.2279553509829,"F6-10":82.7032422642867,"F11-17":121.04366494569,"F18-24":59.3806743720668,"F25-39":208.633151039037,"F40-54":285.273475597478,"F55-64":320.693892612845,"F65-79":617.802219288222,"F80+":255.687889297103,"H0-2":28.0666651067084,"H3-5":36.205795366479,"H6-10":66.0143993781727,"H11-17":116.647613265729,"H18-24":88.4270534399849,"H25-39":202.726521913768,"H40-54":308.39577758611,"H55-64":272.7689849656,"H65-79":574.928853619018,"H80+":150.174639159509},"Analyse":{"Votes décisifs":8,"tour décisif":1,"majeurs":3344.8931328907415,"Non votants de 18-24":60.66687527501884}}