{"id":1292,"slug":"17-338-saint-georges-du-bois","nom_standard":"Saint-Georges-du-Bois","code_postal":"17","code_departement":"17","libelle_departement":"Charente-Maritime","code_commune":"338","Tour 1":{"Inscrits":1378,"Abstentions":939,"% Abs/Ins":68.14,"Votants":439,"% Vot/Ins":31.86,"Blancs":18,"% Blancs/Ins":1.31,"% Blancs/Vot":4.1,"Nuls":40,"% Nuls/Ins":2.9,"% Nuls/Vot":9.11,"Exprimés":381,"% Exp/Ins":27.65,"% Exp/Vot":86.79,"resultats":[{"N.Pan.":null,"Code Nuance":"LNC","Sexe":"M","Nom":"GORIOUX","Prénom":"Jean","Liste":"ENSEMBLE VALORISONS ET DYNAMISONS LA VIE DE NOTRE COMMUNE","Sièges / Elu":"19","Sièges Secteur":0,"Sièges CC":2,"Voix":381,"% Voix/Ins":27.65,"% Voix/Exp":100}]},"population":{"F0-2":27.653998794855,"F3-5":31.4668455548997,"F6-10":60.8072738163561,"F11-17":80.1818737279876,"F18-24":48.1952402216026,"F25-39":152.938066198984,"F40-54":187.430250398288,"F55-64":132.686159149616,"F65-79":147.822003429464,"F80+":66.8040322829135,"H0-2":21.8800695608557,"H3-5":33.4432358794936,"H6-10":57.2842051775165,"H11-17":68.8931716880674,"H18-24":49.0352034463433,"H25-39":148.562604232465,"H40-54":190.36626014867,"H55-64":117.886375110759,"H65-79":149.479255181838,"H80+":34.183875999024},"Analyse":{"Votes décisifs":382,"tour décisif":1,"majeurs":1425.3893257999673,"Non votants de 18-24":67.28482530415415}}