{"id":1280,"slug":"17-307-sablonceaux","nom_standard":"Sablonceaux","code_postal":"17","code_departement":"17","libelle_departement":"Charente-Maritime","code_commune":"307","Tour 1":{"Inscrits":1149,"Abstentions":570,"% Abs/Ins":49.61,"Votants":579,"% Vot/Ins":50.39,"Blancs":7,"% Blancs/Ins":0.61,"% Blancs/Vot":1.21,"Nuls":9,"% Nuls/Ins":0.78,"% Nuls/Vot":1.55,"Exprimés":563,"% Exp/Ins":49,"% Exp/Vot":97.24,"resultats":[{"N.Pan.":null,"Code Nuance":"LNC","Sexe":"M","Nom":"HAZARD","Prénom":"Pierre","Liste":"Dynamiser Sablonceaux","Sièges / Elu":"3","Sièges Secteur":0,"Sièges CC":0,"Voix":248,"% Voix/Ins":21.58,"% Voix/Exp":44.05},{"N.Pan.":2,"Code Nuance":"LNC","Sexe":"F","Nom":"GOUGNON","Prénom":"Lysiane","Liste":"Ensemble, aujourd'hui et demain pour Sablonceaux","Sièges / Elu":"12","Sièges Secteur":0,"Sièges CC":1,"Voix":315,"% Voix/Ins":27.42,"% Voix/Exp":55.95}]},"population":{"F0-2":16.8461162656377,"F3-5":23.6080375207459,"F6-10":38.5998401558276,"F11-17":57.286093259156,"F18-24":25.0158544590383,"F25-39":109.795167563268,"F40-54":156.249226845463,"F55-64":110.594504017146,"F65-79":117.817078148015,"F80+":46.8977725176295,"H0-2":16.8858788047853,"H3-5":14.8443356856485,"H6-10":50.2807755948681,"H11-17":56.2308907241029,"H18-24":24.9047862560349,"H25-39":101.943856302447,"H40-54":147.20576615622,"H55-64":110.345325315887,"H65-79":133.006516862667,"H80+":37.6421775454121},"Analyse":{"Votes décisifs":68,"tour décisif":1,"majeurs":1121.4180319892278,"Non votants de 18-24":24.146085509503767}}