{"id":1293,"slug":"17-339-saint-germain-de-lusignan","nom_standard":"Saint-Germain-de-Lusignan","code_postal":"17","code_departement":"17","libelle_departement":"Charente-Maritime","code_commune":"339","Tour 1":{"Inscrits":1014,"Abstentions":571,"% Abs/Ins":56.31,"Votants":443,"% Vot/Ins":43.69,"Blancs":9,"% Blancs/Ins":0.89,"% Blancs/Vot":2.03,"Nuls":47,"% Nuls/Ins":4.64,"% Nuls/Vot":10.61,"Exprimés":387,"% Exp/Ins":38.17,"% Exp/Vot":87.36,"resultats":[{"N.Pan.":null,"Code Nuance":"LNC","Sexe":"M","Nom":"MARTIAL","Prénom":"Claude","Liste":"AGIR POUR SAINT GERMAIN","Sièges / Elu":"15","Sièges Secteur":0,"Sièges CC":2,"Voix":387,"% Voix/Ins":38.17,"% Voix/Exp":100}]},"population":{"F0-2":13.9490675368679,"F3-5":14.7862995392583,"F6-10":22.7139619853887,"F11-17":48.8090912010814,"F18-24":43.403189165264,"F25-39":77.7703465473848,"F40-54":121.062954900535,"F55-64":105.371998668677,"F65-79":159.131333170941,"F80+":48.4300688678593,"H0-2":16.9717210216973,"H3-5":16.9425223596817,"H6-10":30.83410527115,"H11-17":43.7284769881268,"H18-24":77.4782669141409,"H25-39":74.6475408110033,"H40-54":111.957109092204,"H55-64":86.7625555748333,"H65-79":145.31862007337,"H80+":34.930770310535},"Analyse":{"Votes décisifs":388,"tour décisif":1,"majeurs":1086.2647540967478,"Non votants de 18-24":71.5836354134801}}