{"id":1326,"slug":"17-443-thaire","nom_standard":"Thairé","code_postal":"17","code_departement":"17","libelle_departement":"Charente-Maritime","code_commune":"443","Tour 1":{"Inscrits":1331,"Abstentions":924,"% Abs/Ins":69.42,"Votants":407,"% Vot/Ins":30.58,"Blancs":29,"% Blancs/Ins":2.18,"% Blancs/Vot":7.13,"Nuls":37,"% Nuls/Ins":2.78,"% Nuls/Vot":9.09,"Exprimés":341,"% Exp/Ins":25.62,"% Exp/Vot":83.78,"resultats":[{"N.Pan.":null,"Code Nuance":"LNC","Sexe":"F","Nom":"NASSIVET","Prénom":"Marie-Gabrielle","Liste":"BIEN VIVRE A THAIRE","Sièges / Elu":"19","Sièges Secteur":0,"Sièges CC":1,"Voix":341,"% Voix/Ins":25.62,"% Voix/Exp":100}]},"population":{"F0-2":25.6182601096825,"F3-5":37.9113558653768,"F6-10":67.6626294128337,"F11-17":89.2947105672392,"F18-24":23.7884995464722,"F25-39":180.361147362324,"F40-54":191.783501258461,"F55-64":113.154695097647,"F65-79":121.575215647435,"F80+":34.3533617467846,"H0-2":36.9595605035748,"H3-5":36.9525943678666,"H6-10":66.6316774285583,"H11-17":83.0711155936481,"H18-24":46.4519240786764,"H25-39":170.252295711024,"H40-54":211.392858795046,"H55-64":89.1713610210454,"H65-79":126.692737112328,"H80+":24.9204987739756},"Analyse":{"Votes décisifs":342,"tour décisif":1,"majeurs":1333.898096151219,"Non votants de 18-24":48.808612231218405}}