{"id":1201,"slug":"17-44-berneuil","nom_standard":"Berneuil","code_postal":"17","code_departement":"17","libelle_departement":"Charente-Maritime","code_commune":"44","Tour 1":{"Inscrits":807,"Abstentions":473,"% Abs/Ins":58.61,"Votants":334,"% Vot/Ins":41.39,"Blancs":16,"% Blancs/Ins":1.98,"% Blancs/Vot":4.79,"Nuls":29,"% Nuls/Ins":3.59,"% Nuls/Vot":8.68,"Exprimés":289,"% Exp/Ins":35.81,"% Exp/Vot":86.53,"resultats":[{"N.Pan.":null,"Code Nuance":"LNC","Sexe":"M","Nom":"MAUREL","Prénom":"Jean-Pierre","Liste":"BIEN VIVRE A BERNEUIL","Sièges / Elu":"15","Sièges Secteur":0,"Sièges CC":2,"Voix":289,"% Voix/Ins":35.81,"% Voix/Exp":100}]},"population":{"F0-2":17.8892395381225,"F3-5":23.8295301113406,"F6-10":42.7760057820119,"F11-17":51.6001005073821,"F18-24":27.9781706850284,"F25-39":107.873463449771,"F40-54":121.909103554705,"F55-64":88.4420938134668,"F65-79":71.4834987595886,"F80+":20.178300209615,"H0-2":14.9134580127446,"H3-5":13.913816125481,"H6-10":47.5956644941941,"H11-17":52.6686768693753,"H18-24":34.9814001289232,"H25-39":105.978231205504,"H40-54":128.965330904583,"H55-64":75.3658416941445,"H65-79":80.4973171739109,"H80+":20.1607569801068},"Analyse":{"Votes décisifs":290,"tour décisif":1,"majeurs":883.8135085593472,"Non votants de 18-24":39.16665924583452}}