{"id":1212,"slug":"17-75-cabariot","nom_standard":"Cabariot","code_postal":"17","code_departement":"17","libelle_departement":"Charente-Maritime","code_commune":"75","Tour 1":{"Inscrits":983,"Abstentions":499,"% Abs/Ins":50.76,"Votants":484,"% Vot/Ins":49.24,"Blancs":1,"% Blancs/Ins":0.1,"% Blancs/Vot":0.21,"Nuls":65,"% Nuls/Ins":6.61,"% Nuls/Vot":13.43,"Exprimés":418,"% Exp/Ins":42.52,"% Exp/Vot":86.36,"resultats":[{"N.Pan.":null,"Code Nuance":"LNC","Sexe":"F","Nom":"BOISSON","Prénom":"Josette","Liste":"AGISSONS POUR CABARIOT","Sièges / Elu":"15","Sièges Secteur":0,"Sièges CC":1,"Voix":418,"% Voix/Ins":42.52,"% Voix/Exp":100}]},"population":{"F0-2":23.5793274160594,"F3-5":19.4281612627977,"F6-10":31.7186223826474,"F11-17":61.4024713795879,"F18-24":20.4957945761399,"F25-39":129.283079294549,"F40-54":133.431279079639,"F55-64":115.281645981903,"F65-79":94.7574406078451,"F80+":80.4270258349724,"H0-2":19.4688749963325,"H3-5":25.5859054733985,"H6-10":44.0185873481014,"H11-17":77.7815255566276,"H18-24":30.7577513014832,"H25-39":110.822154106102,"H40-54":140.613034880772,"H55-64":126.639700630084,"H65-79":94.648596394729,"H80+":41.8590214962297},"Analyse":{"Votes décisifs":419,"tour décisif":1,"majeurs":1119.0165241844481,"Non votants de 18-24":29.085226046198812}}