{"id":1700,"slug":"22-273-saint-alban","nom_standard":"Saint-Alban","code_postal":"22","code_departement":"22","libelle_departement":"Côtes-d'Armor","code_commune":"273","Tour 1":{"Inscrits":1709,"Abstentions":894,"% Abs/Ins":52.31,"Votants":815,"% Vot/Ins":47.69,"Blancs":36,"% Blancs/Ins":2.11,"% Blancs/Vot":4.42,"Nuls":96,"% Nuls/Ins":5.62,"% Nuls/Vot":11.78,"Exprimés":683,"% Exp/Ins":39.96,"% Exp/Vot":83.8,"resultats":[{"N.Pan.":null,"Code Nuance":"LNC","Sexe":"F","Nom":"BEAUVY","Prénom":"Nathalie","Liste":"L'AVENIR ENSEMBLE","Sièges / Elu":"19","Sièges Secteur":0,"Sièges CC":2,"Voix":683,"% Voix/Ins":39.96,"% Voix/Exp":100}]},"population":{"F0-2":20.7332518661645,"F3-5":26.3902869055409,"F6-10":56.5339192467162,"F11-17":107.439702353528,"F18-24":62.2230124380962,"F25-39":139.539224054263,"F40-54":239.513752592786,"F55-64":157.636606069572,"F65-79":271.817681878832,"F80+":65.128897920613,"H0-2":26.3953132923441,"H3-5":27.3257943763483,"H6-10":63.1283418862306,"H11-17":139.474454768916,"H18-24":48.0816752557975,"H25-39":132.031298069829,"H40-54":224.414283957959,"H55-64":148.196053437992,"H65-79":238.753705589017,"H80+":46.2427440394549},"Analyse":{"Votes décisifs":684,"tour décisif":1,"majeurs":1773.5789353042117,"Non votants de 18-24":59.61716616268898}}