{"id":1716,"slug":"22-340-tonquedec","nom_standard":"Tonquédec","code_postal":"22","code_departement":"22","libelle_departement":"Côtes-d'Armor","code_commune":"340","Tour 1":{"Inscrits":942,"Abstentions":300,"% Abs/Ins":31.85,"Votants":642,"% Vot/Ins":68.15,"Blancs":11,"% Blancs/Ins":1.17,"% Blancs/Vot":1.71,"Nuls":18,"% Nuls/Ins":1.91,"% Nuls/Vot":2.8,"Exprimés":613,"% Exp/Ins":65.07,"% Exp/Vot":95.48,"resultats":[{"N.Pan.":null,"Code Nuance":"LNC","Sexe":"M","Nom":"PHILIPPE","Prénom":"Joël","Liste":"Tonquédec Engagé et Solidaire","Sièges / Elu":"12","Sièges Secteur":0,"Sièges CC":1,"Voix":327,"% Voix/Ins":34.71,"% Voix/Exp":53.34},{"N.Pan.":2,"Code Nuance":"LNC","Sexe":"M","Nom":"LE BUZULIER","Prénom":"Jean-Claude","Liste":"LA POURSUITE DU MEILLEUR POUR TONQUEDEC","Sièges / Elu":"3","Sièges Secteur":0,"Sièges CC":0,"Voix":286,"% Voix/Ins":30.36,"% Voix/Exp":46.66}]},"population":{"F0-2":20.2224248253155,"F3-5":23.1884898740853,"F6-10":41.3761639311123,"F11-17":55.6401302773589,"F18-24":11.1921172740895,"F25-39":112.518081252459,"F40-54":122.156839354346,"F55-64":86.1035252020758,"F65-79":90.3080763992824,"F80+":29.8288923809297,"H0-2":28.2953979754243,"H3-5":21.2465342121363,"H6-10":46.4369131714985,"H11-17":64.7106261842989,"H18-24":23.3554343914727,"H25-39":115.945180000208,"H40-54":129.22009654483,"H55-64":77.795999166053,"H65-79":90.1798257109489,"H80+":11.2792518720757},"Analyse":{"Votes décisifs":42,"tour décisif":1,"majeurs":899.8833195487706,"Non votants de 18-24":9.900436103499736}}