{"id":1723,"slug":"22-362-treguier","nom_standard":"Tréguier","code_postal":"22","code_departement":"22","libelle_departement":"Côtes-d'Armor","code_commune":"362","Tour 1":{"Inscrits":1574,"Abstentions":734,"% Abs/Ins":46.63,"Votants":840,"% Vot/Ins":53.37,"Blancs":18,"% Blancs/Ins":1.14,"% Blancs/Vot":2.14,"Nuls":23,"% Nuls/Ins":1.46,"% Nuls/Vot":2.74,"Exprimés":799,"% Exp/Ins":50.76,"% Exp/Vot":95.12,"resultats":[{"N.Pan.":null,"Code Nuance":"LNC","Sexe":"M","Nom":"REVAULT D'ALLONNES","Prénom":"Yves","Liste":"TREGUIER SOLIDAIRE","Sièges / Elu":"2","Sièges Secteur":0,"Sièges CC":0,"Voix":175,"% Voix/Ins":11.12,"% Voix/Exp":21.9},{"N.Pan.":2,"Code Nuance":"LNC","Sexe":"M","Nom":"ARHANT","Prénom":"Guirec","Liste":"TREGUIER EN GRAND","Sièges / Elu":"17","Sièges Secteur":0,"Sièges CC":1,"Voix":624,"% Voix/Ins":39.64,"% Voix/Exp":78.1}]},"population":{"F0-2":19.7599302291846,"F3-5":13.8118089734822,"F6-10":59.066383428949,"F11-17":81.9557097423826,"F18-24":106.729118856893,"F25-39":117.941457708429,"F40-54":182.190927107676,"F55-64":166.844151632954,"F65-79":293.470109031967,"F80+":381.442646608073,"H0-2":15.8064415145878,"H3-5":17.811611081654,"H6-10":32.4955372993619,"H11-17":70.0586577532102,"H18-24":85.4280890539686,"H25-39":120.685196752484,"H40-54":173.290184246607,"H55-64":141.445632836861,"H65-79":202.919763019602,"H80+":127.846643121674},"Analyse":{"Votes décisifs":450,"tour décisif":1,"majeurs":2100.233919977188,"Non votants de 18-24":115.30288558524323}}