{"id":1726,"slug":"22-371-tremorel","nom_standard":"Trémorel","code_postal":"22","code_departement":"22","libelle_departement":"Côtes-d'Armor","code_commune":"371","Tour 1":{"Inscrits":819,"Abstentions":299,"% Abs/Ins":36.51,"Votants":520,"% Vot/Ins":63.49,"Blancs":24,"% Blancs/Ins":2.93,"% Blancs/Vot":4.62,"Nuls":140,"% Nuls/Ins":17.09,"% Nuls/Vot":26.92,"Exprimés":356,"% Exp/Ins":43.47,"% Exp/Vot":68.46,"resultats":[{"N.Pan.":null,"Code Nuance":"LNC","Sexe":"M","Nom":"ROUVRAIS","Prénom":"Michel","Liste":"ENSEMBLE,CONCENTRONS NOUS SUR L'AVENIR ET LE BIEN ETRE DE TOUS","Sièges / Elu":"15","Sièges Secteur":0,"Sièges CC":1,"Voix":356,"% Voix/Ins":43.47,"% Voix/Exp":100}]},"population":{"F0-2":16.9884240435629,"F3-5":23.9641360859339,"F6-10":39.9449167863439,"F11-17":52.9302688733523,"F18-24":23.8216429208184,"F25-39":110.544928964258,"F40-54":111.363691586688,"F55-64":65.2719072891195,"F65-79":74.102481923636,"F80+":28.6169755407864,"H0-2":19.9932974994957,"H3-5":28.9796481307868,"H6-10":50.9883810631888,"H11-17":50.9653146996667,"H18-24":36.880500848219,"H25-39":109.349041677774,"H40-54":122.27851869928,"H55-64":82.1317796024536,"H65-79":77.1360199840338,"H80+":20.7481237806018},"Analyse":{"Votes décisifs":357,"tour décisif":1,"majeurs":862.2456128176683,"Non votants de 18-24":24.09411203113136}}