{"id":1743,"slug":"23-36-bussiere-dunoise","nom_standard":"Bussière-Dunoise","code_postal":"23","code_departement":"23","libelle_departement":"Creuse","code_commune":"36","Tour 1":{"Inscrits":748,"Abstentions":472,"% Abs/Ins":63.1,"Votants":276,"% Vot/Ins":36.9,"Blancs":16,"% Blancs/Ins":2.14,"% Blancs/Vot":5.8,"Nuls":74,"% Nuls/Ins":9.89,"% Nuls/Vot":26.81,"Exprimés":186,"% Exp/Ins":24.87,"% Exp/Vot":67.39,"resultats":[{"N.Pan.":null,"Code Nuance":"LNC","Sexe":"M","Nom":"LAVAUD","Prénom":"Christophe","Liste":"DEMAIN VIVRE ENSEMBLE A BUSSIERE","Sièges / Elu":"15","Sièges Secteur":0,"Sièges CC":2,"Voix":186,"% Voix/Ins":24.87,"% Voix/Exp":100}]},"population":{"F0-2":8.04191276027498,"F3-5":11.0855259709369,"F6-10":24.4050670198094,"F11-17":29.638413624652,"F18-24":15.649294912714,"F25-39":67.6564407866377,"F40-54":96.3053981229691,"F55-64":78.8376304930722,"F65-79":104.839191415467,"F80+":96.8306059995863,"H0-2":8.0867720210593,"H3-5":16.2475331448396,"H6-10":17.6542233089823,"H11-17":62.724570647903,"H18-24":21.8643914116776,"H25-39":54.8453347054044,"H40-54":106.119837174231,"H55-64":72.4253824167805,"H65-79":95.5855721443465,"H80+":46.1569019186555},"Analyse":{"Votes décisifs":187,"tour décisif":1,"majeurs":857.1159815015418,"Non votants de 18-24":25.43390056728347}}