{"id":1744,"slug":"23-75-dun-le-palestel","nom_standard":"Dun-le-Palestel","code_postal":"23","code_departement":"23","libelle_departement":"Creuse","code_commune":"75","Tour 1":{"Inscrits":804,"Abstentions":440,"% Abs/Ins":54.73,"Votants":364,"% Vot/Ins":45.27,"Blancs":22,"% Blancs/Ins":2.74,"% Blancs/Vot":6.04,"Nuls":50,"% Nuls/Ins":6.22,"% Nuls/Vot":13.74,"Exprimés":292,"% Exp/Ins":36.32,"% Exp/Vot":80.22,"resultats":[{"N.Pan.":null,"Code Nuance":"LNC","Sexe":"M","Nom":"DAULNY","Prénom":"Laurent","Liste":"Ensemble pour la commune de Dun-le-Palestel","Sièges / Elu":"15","Sièges Secteur":0,"Sièges CC":4,"Voix":292,"% Voix/Ins":36.32,"% Voix/Exp":100}]},"population":{"F0-2":9.8267367917782,"F3-5":10.8583202780599,"F6-10":18.7665154475125,"F11-17":31.5279629785228,"F18-24":18.8651710257508,"F25-39":49.5458634759525,"F40-54":103.349318616245,"F55-64":81.0620088909825,"F65-79":141.410103643194,"F80+":141.433623900989,"H0-2":10.842250019837,"H3-5":6.89248287027882,"H6-10":26.5056818199131,"H11-17":38.34770623434,"H18-24":26.780450576185,"H25-39":51.6093602666348,"H40-54":101.261951571472,"H55-64":69.9843430888823,"H65-79":111.125536207518,"H80+":40.0046122959518},"Analyse":{"Votes décisifs":293,"tour décisif":1,"majeurs":936.4323435597576,"Non votants de 18-24":27.902742068381585}}