{"id":175,"slug":"2-11-ambleny","nom_standard":"Ambleny","code_postal":"2","code_departement":"2","libelle_departement":"Aisne","code_commune":"11","Tour 1":{"Inscrits":969,"Abstentions":496,"% Abs/Ins":51.19,"Votants":473,"% Vot/Ins":48.81,"Blancs":5,"% Blancs/Ins":0.52,"% Blancs/Vot":1.06,"Nuls":2,"% Nuls/Ins":0.21,"% Nuls/Vot":0.42,"Exprimés":466,"% Exp/Ins":48.09,"% Exp/Vot":98.52,"resultats":[{"N.Pan.":null,"Code Nuance":"LNC","Sexe":"M","Nom":"BOUVIER","Prénom":"Jean-Marie","Liste":"AMBLENY ENSEMBLE","Sièges / Elu":"12","Sièges Secteur":0,"Sièges CC":2,"Voix":280,"% Voix/Ins":28.9,"% Voix/Exp":60.09},{"N.Pan.":2,"Code Nuance":"LNC","Sexe":"M","Nom":"LEFEVRE","Prénom":"Didier","Liste":"AVEC VOUS AMBLENY DEMAIN","Sièges / Elu":"3","Sièges Secteur":0,"Sièges CC":0,"Voix":186,"% Voix/Ins":19.2,"% Voix/Exp":39.91}]},"population":{"F0-2":15.7863837769176,"F3-5":17.5525646246739,"F6-10":29.7362323803273,"F11-17":47.4496497431013,"F18-24":37.5053351540978,"F25-39":98.2217488491035,"F40-54":127.572950620298,"F55-64":74.5900718704987,"F65-79":99.8645236683072,"F80+":32.0379066336781,"H0-2":16.9005451503197,"H3-5":22.0820052721128,"H6-10":34.8433972929293,"H11-17":48.6068825725317,"H18-24":40.2193052178158,"H25-39":98.7073304638488,"H40-54":111.265938866122,"H55-64":88.2885740731644,"H65-79":104.763122263083,"H80+":13.0055315070684},"Analyse":{"Votes décisifs":95,"tour décisif":1,"majeurs":926.0423391870858,"Non votants de 18-24":38.024776402208154}}