{"id":1752,"slug":"23-189-saint-dizier-masbaraud","nom_standard":"Saint-Dizier-Masbaraud","code_postal":"23","code_departement":"23","libelle_departement":"Creuse","code_commune":"189","Tour 1":{"Inscrits":941,"Abstentions":342,"% Abs/Ins":36.34,"Votants":599,"% Vot/Ins":63.66,"Blancs":11,"% Blancs/Ins":1.17,"% Blancs/Vot":1.84,"Nuls":42,"% Nuls/Ins":4.46,"% Nuls/Vot":7.01,"Exprimés":546,"% Exp/Ins":58.02,"% Exp/Vot":91.15,"resultats":[{"N.Pan.":null,"Code Nuance":"LNC","Sexe":"M","Nom":"ROYERE","Prénom":"Joël","Liste":"AGIR ENSEMBLE POUR SAINT-DIZIER-MASBARAUD","Sièges / Elu":"15","Sièges Secteur":0,"Sièges CC":3,"Voix":281,"% Voix/Ins":29.86,"% Voix/Exp":51.47},{"N.Pan.":2,"Code Nuance":"LNC","Sexe":"M","Nom":"PEROT","Prénom":"Jean-Claude","Liste":"Liste d'union démocratique pour St Dizier-Masbaraud","Sièges / Elu":"4","Sièges Secteur":0,"Sièges CC":1,"Voix":265,"% Voix/Ins":28.16,"% Voix/Exp":48.53}]},"population":{"F0-2":7.93127437509601,"F3-5":9.8652518575605,"F6-10":33.6014247055303,"F11-17":41.6576605840676,"F18-24":12.8743141778458,"F25-39":70.4498291820196,"F40-54":104.702020884797,"F55-64":91.1850615521915,"F65-79":116.270540914749,"F80+":70.2497053823448,"H0-2":10.958120169052,"H3-5":11.8209222030085,"H6-10":29.5435287942268,"H11-17":40.0492761444428,"H18-24":28.8284729037669,"H25-39":70.6944001344496,"H40-54":119.591161833053,"H55-64":96.2475177657132,"H65-79":130.434882044731,"H80+":34.0446343913552},"Analyse":{"Votes décisifs":17,"tour décisif":1,"majeurs":945.5725411670165,"Non votants de 18-24":15.284962563299201}}