{"id":1372,"slug":"18-138-marmagne","nom_standard":"Marmagne","code_postal":"18","code_departement":"18","libelle_departement":"Cher","code_commune":"138","Tour 1":{"Inscrits":1672,"Abstentions":1017,"% Abs/Ins":60.83,"Votants":655,"% Vot/Ins":39.17,"Blancs":28,"% Blancs/Ins":1.67,"% Blancs/Vot":4.27,"Nuls":39,"% Nuls/Ins":2.33,"% Nuls/Vot":5.95,"Exprimés":588,"% Exp/Ins":35.17,"% Exp/Vot":89.77,"resultats":[{"N.Pan.":null,"Code Nuance":"LNC","Sexe":"M","Nom":"DUPÉRAT","Prénom":"Bernard","Liste":"MARMAGNE 2020-2026","Sièges / Elu":"19","Sièges Secteur":0,"Sièges CC":2,"Voix":588,"% Voix/Ins":35.17,"% Voix/Exp":100}]},"population":{"F0-2":32.5473585328843,"F3-5":24.4870857826253,"F6-10":47.0752169479959,"F11-17":72.8789755989694,"F18-24":43.2218662660103,"F25-39":158.440452397291,"F40-54":202.600485303185,"F55-64":156.972318904711,"F65-79":148.038000419067,"F80+":79.246357200332,"H0-2":20.1892468512727,"H3-5":26.7078463169081,"H6-10":51.3119154968106,"H11-17":89.2864699000919,"H18-24":49.5063895268924,"H25-39":153.145632372615,"H40-54":205.10494600674,"H55-64":164.79769787199,"H65-79":147.311089921743,"H80+":43.1306483818647},"Analyse":{"Votes décisifs":589,"tour décisif":1,"majeurs":1551.515884572441,"Non votants de 18-24":53.581374895135504}}