{"id":1364,"slug":"18-103-gracay","nom_standard":"Graçay","code_postal":"18","code_departement":"18","libelle_departement":"Cher","code_commune":"103","Tour 1":{"Inscrits":989,"Abstentions":402,"% Abs/Ins":40.65,"Votants":587,"% Vot/Ins":59.35,"Blancs":18,"% Blancs/Ins":1.82,"% Blancs/Vot":3.07,"Nuls":15,"% Nuls/Ins":1.52,"% Nuls/Vot":2.56,"Exprimés":554,"% Exp/Ins":56.02,"% Exp/Vot":94.38,"resultats":[{"N.Pan.":null,"Code Nuance":"LNC","Sexe":"M","Nom":"CHARLES","Prénom":"Jean-Pierre","Liste":"Ensemble pour l'avenir de Gracay","Sièges / Elu":"13","Sièges Secteur":0,"Sièges CC":2,"Voix":366,"% Voix/Ins":37.01,"% Voix/Exp":66.06},{"N.Pan.":2,"Code Nuance":"LNC","Sexe":"M","Nom":"MORNET-GREGOIRE","Prénom":"Pascal","Liste":"Pour notre village sans parti et sans parti pris","Sièges / Elu":"2","Sièges Secteur":0,"Sièges CC":0,"Voix":188,"% Voix/Ins":19.01,"% Voix/Exp":33.94}]},"population":{"F0-2":19.347405412774,"F3-5":26.2400992568343,"F6-10":34.3430868636478,"F11-17":41.9573394576022,"F18-24":21.1617792334897,"F25-39":92.8269618761232,"F40-54":116.233200527618,"F55-64":92.2828746295836,"F65-79":144.071540735789,"F80+":146.658215684633,"H0-2":18.5435783363165,"H3-5":15.3672189486752,"H6-10":29.3390636410377,"H11-17":40.8263656,"H18-24":35.4161371629392,"H25-39":80.1786678212496,"H40-54":116.268392462611,"H55-64":95.5538325360044,"H65-79":135.59513683247,"H80+":66.789102980602},"Analyse":{"Votes décisifs":179,"tour décisif":1,"majeurs":1143.0358424831127,"Non votants de 18-24":27.522627235455435}}