{"id":1381,"slug":"18-197-saint-amand-montrond","nom_standard":"Saint-Amand-Montrond","code_postal":"18","code_departement":"18","libelle_departement":"Cher","code_commune":"197","Tour 1":{"Inscrits":7317,"Abstentions":3906,"% Abs/Ins":53.38,"Votants":3411,"% Vot/Ins":46.62,"Blancs":69,"% Blancs/Ins":0.94,"% Blancs/Vot":2.02,"Nuls":100,"% Nuls/Ins":1.37,"% Nuls/Vot":2.93,"Exprimés":3242,"% Exp/Ins":44.31,"% Exp/Vot":95.05,"resultats":[{"N.Pan.":null,"Code Nuance":"LUD","Sexe":"M","Nom":"RIOTTE","Prénom":"Emmanuel","Liste":"En Avant Saint-Amand","Sièges / Elu":"23","Sièges Secteur":0,"Sièges CC":14,"Voix":1802,"% Voix/Ins":24.63,"% Voix/Exp":55.58},{"N.Pan.":2,"Code Nuance":"LUD","Sexe":"F","Nom":"BLASQUEZ","Prénom":"Marie","Liste":"Rassembler Agir Réussir","Sièges / Elu":"4","Sièges Secteur":0,"Sièges CC":2,"Voix":933,"% Voix/Ins":12.75,"% Voix/Exp":28.78},{"N.Pan.":3,"Code Nuance":"LDVG","Sexe":"F","Nom":"TIXIER","Prénom":"Jennifer","Liste":"RENAISSANCE CITOYENNE 2020","Sièges / Elu":2,"Sièges CC":1,"Voix":507,"% Voix/Ins":6.93,"% Voix/Exp":15.64}]},"population":{"F0-2":99.4233068446101,"F3-5":95.1386310881591,"F6-10":144.296346095644,"F11-17":339.261687279551,"F18-24":356.491078756021,"F25-39":547.111740913676,"F40-54":885.775567711849,"F55-64":700.645816259841,"F65-79":1135.87463054411,"F80+":916.413036262618,"H0-2":89.7210023546694,"H3-5":89.9728262412926,"H6-10":167.172669743392,"H11-17":351.243937795214,"H18-24":308.989293119909,"H25-39":567.183175585246,"H40-54":721.100015635761,"H55-64":626.91692690503,"H65-79":909.851693895309,"H80+":437.416616968103},"Analyse":{"Votes décisifs":363,"tour décisif":1,"majeurs":8113.7695925574735,"Non votants de 18-24":385.7147804853438}}