{"id":1389,"slug":"18-241-sancerre","nom_standard":"Sancerre","code_postal":"18","code_departement":"18","libelle_departement":"Cher","code_commune":"241","Tour 1":{"Inscrits":956,"Abstentions":496,"% Abs/Ins":51.88,"Votants":460,"% Vot/Ins":48.12,"Blancs":22,"% Blancs/Ins":2.3,"% Blancs/Vot":4.78,"Nuls":51,"% Nuls/Ins":5.33,"% Nuls/Vot":11.09,"Exprimés":387,"% Exp/Ins":40.48,"% Exp/Vot":84.13,"resultats":[{"N.Pan.":null,"Code Nuance":"LNC","Sexe":"M","Nom":"PABIOT","Prénom":"Laurent","Liste":"SANCERRE PASSIONNEMENT","Sièges / Elu":"15","Sièges Secteur":0,"Sièges CC":3,"Voix":387,"% Voix/Ins":40.48,"% Voix/Exp":100}]},"population":{"F0-2":3.93275797072799,"F3-5":16.604660713973,"F6-10":29.2768877374339,"F11-17":38.1284791146962,"F18-24":21.7413523939169,"F25-39":89.2049264275812,"F40-54":106.638112343654,"F55-64":88.8859114190548,"F65-79":136.87228586668,"F80+":157.190610767794,"H0-2":11.7108816624197,"H3-5":13.6475116452806,"H6-10":32.3502848757865,"H11-17":45.1824102403591,"H18-24":40.6986638297183,"H25-39":93.2416013290069,"H40-54":105.258063407827,"H55-64":101.747440243851,"H65-79":124.731509048118,"H80+":82.9556489621213},"Analyse":{"Votes décisifs":388,"tour décisif":1,"majeurs":1149.1661260393234,"Non votants de 18-24":37.44588629581889}}