{"id":1341,"slug":"18-3-les-aix-d-angillon","nom_standard":"Les Aix-d'Angillon","code_postal":"18","code_departement":"18","libelle_departement":"Cher","code_commune":"3","Tour 1":{"Inscrits":1314,"Abstentions":801,"% Abs/Ins":60.96,"Votants":513,"% Vot/Ins":39.04,"Blancs":11,"% Blancs/Ins":0.84,"% Blancs/Vot":2.14,"Nuls":63,"% Nuls/Ins":4.79,"% Nuls/Vot":12.28,"Exprimés":439,"% Exp/Ins":33.41,"% Exp/Vot":85.58,"resultats":[{"N.Pan.":null,"Code Nuance":"LNC","Sexe":"F","Nom":"PETIT","Prénom":"Christelle","Liste":"LES AIX FORTS ENSEMBLE","Sièges / Elu":"19","Sièges Secteur":0,"Sièges CC":3,"Voix":439,"% Voix/Ins":33.41,"% Voix/Exp":100}]},"population":{"F0-2":27.5927616163824,"F3-5":29.5168720170121,"F6-10":46.2621590124641,"F11-17":64.1569723319609,"F18-24":39.6996409797677,"F25-39":148.72149895916,"F40-54":176.970853074922,"F55-64":112.237480007473,"F65-79":198.594284794776,"F80+":137.533638715038,"H0-2":28.5855833854026,"H3-5":26.5666775795444,"H6-10":44.236392783721,"H11-17":58.9650525656552,"H18-24":44.6770868777866,"H25-39":158.093642166305,"H40-54":177.956951598866,"H55-64":124.170775718803,"H65-79":169.375045127013,"H80+":67.0866306879457},"Analyse":{"Votes décisifs":440,"tour décisif":1,"majeurs":1555.117528707856,"Non votants de 18-24":56.5426506306768}}