{"id":1355,"slug":"18-52-charenton-du-cher","nom_standard":"Charenton-du-Cher","code_postal":"18","code_departement":"18","libelle_departement":"Cher","code_commune":"52","Tour 1":{"Inscrits":818,"Abstentions":513,"% Abs/Ins":62.71,"Votants":305,"% Vot/Ins":37.29,"Blancs":21,"% Blancs/Ins":2.57,"% Blancs/Vot":6.89,"Nuls":55,"% Nuls/Ins":6.72,"% Nuls/Vot":18.03,"Exprimés":229,"% Exp/Ins":28,"% Exp/Vot":75.08,"resultats":[{"N.Pan.":null,"Code Nuance":"LNC","Sexe":"M","Nom":"AUPY","Prénom":"Pascal","Liste":"Charenton Du Cher Demain","Sièges / Elu":"15","Sièges Secteur":0,"Sièges CC":2,"Voix":229,"% Voix/Ins":28,"% Voix/Exp":100}]},"population":{"F0-2":11.7195679086251,"F3-5":8.74151061271879,"F6-10":36.9307495995209,"F11-17":46.7712032230292,"F18-24":19.6299451668376,"F25-39":63.7714977720904,"F40-54":96.9689370064075,"F55-64":80.0576580781368,"F65-79":111.516954931136,"F80+":56.3835177147279,"H0-2":12.6956634459127,"H3-5":16.5182718927235,"H6-10":30.2504315052384,"H11-17":35.194221740034,"H18-24":26.5492001700995,"H25-39":58.5415047069494,"H40-54":105.799028780357,"H55-64":78.9481031084409,"H65-79":86.9439002334269,"H80+":33.0681324035881},"Analyse":{"Votes décisifs":230,"tour décisif":1,"majeurs":818.1783800721981,"Non votants de 18-24":28.96451382036861}}