{"id":1837,"slug":"24-538-siorac-en-perigord","nom_standard":"Siorac-en-Périgord","code_postal":"24","code_departement":"24","libelle_departement":"Dordogne","code_commune":"538","Tour 1":{"Inscrits":739,"Abstentions":320,"% Abs/Ins":43.3,"Votants":419,"% Vot/Ins":56.7,"Blancs":10,"% Blancs/Ins":1.35,"% Blancs/Vot":2.39,"Nuls":30,"% Nuls/Ins":4.06,"% Nuls/Vot":7.16,"Exprimés":379,"% Exp/Ins":51.29,"% Exp/Vot":90.45,"resultats":[{"N.Pan.":null,"Code Nuance":"LNC","Sexe":"M","Nom":"ROQUES","Prénom":"Didier","Liste":"BIEN VIVRE A SIORAC","Sièges / Elu":"15","Sièges Secteur":0,"Sièges CC":4,"Voix":379,"% Voix/Ins":51.29,"% Voix/Exp":100}]},"population":{"F0-2":7.00809596448726,"F3-5":18.0215080088178,"F6-10":32.0144477182001,"F11-17":46.0387667310832,"F18-24":31.1279381817799,"F25-39":62.1914817716312,"F40-54":104.442690919702,"F55-64":74.4687454088551,"F65-79":109.757223786229,"F80+":63.4985996258719,"H0-2":7.00935690733368,"H3-5":8.01056294832095,"H6-10":27.0380132115489,"H11-17":44.0699331852977,"H18-24":40.1376465613633,"H25-39":60.2616995330141,"H40-54":88.3596850874038,"H55-64":78.4392920797213,"H65-79":122.852751056569,"H80+":37.2515613127696},"Analyse":{"Votes décisifs":380,"tour décisif":1,"majeurs":872.7893153249103,"Non votants de 18-24":37.05311274895865}}