{"id":1843,"slug":"24-553-tocane-saint-apre","nom_standard":"Tocane-Saint-Apre","code_postal":"24","code_departement":"24","libelle_departement":"Dordogne","code_commune":"553","Tour 1":{"Inscrits":1261,"Abstentions":443,"% Abs/Ins":35.13,"Votants":818,"% Vot/Ins":64.87,"Blancs":11,"% Blancs/Ins":0.87,"% Blancs/Vot":1.34,"Nuls":28,"% Nuls/Ins":2.22,"% Nuls/Vot":3.42,"Exprimés":779,"% Exp/Ins":61.78,"% Exp/Vot":95.23,"resultats":[{"N.Pan.":null,"Code Nuance":"LNC","Sexe":"M","Nom":"JANAILLAC","Prénom":"Pierre","Liste":"UN SOUFFLE NOUVEAU POUR TOCANE","Sièges / Elu":"17","Sièges Secteur":0,"Sièges CC":4,"Voix":582,"% Voix/Ins":46.15,"% Voix/Exp":74.71},{"N.Pan.":2,"Code Nuance":"LNC","Sexe":"M","Nom":"SICAIRE","Prénom":"Jean Marc","Liste":"NOTRE VOLONTÉ VOUS SERVIR","Sièges / Elu":"2","Sièges Secteur":0,"Sièges CC":0,"Voix":197,"% Voix/Ins":15.62,"% Voix/Exp":25.29}]},"population":{"F0-2":25.5958092314678,"F3-5":24.647252602548,"F6-10":46.3307283794091,"F11-17":54.356406653654,"F18-24":32.8108702024435,"F25-39":130.173002336184,"F40-54":173.263582234011,"F55-64":125.389015066218,"F65-79":190.938014164789,"F80+":138.915292268584,"H0-2":19.7688026615369,"H3-5":26.6809494532107,"H6-10":39.519464456864,"H11-17":63.0728460947037,"H18-24":36.7039601203418,"H25-39":118.347913058697,"H40-54":162.534323329719,"H55-64":121.172821667054,"H65-79":145.521548450082,"H80+":62.257397568482},"Analyse":{"Votes décisifs":386,"tour décisif":1,"majeurs":1438.0277404666056,"Non votants de 18-24":29.972386457559413}}