{"id":186,"slug":"2-95-bohain-en-vermandois","nom_standard":"Bohain-en-Vermandois","code_postal":"2","code_departement":"2","libelle_departement":"Aisne","code_commune":"95","Tour 1":{"Inscrits":3522,"Abstentions":2322,"% Abs/Ins":65.93,"Votants":1200,"% Vot/Ins":34.07,"Blancs":52,"% Blancs/Ins":1.48,"% Blancs/Vot":4.33,"Nuls":137,"% Nuls/Ins":3.89,"% Nuls/Vot":11.42,"Exprimés":1011,"% Exp/Ins":28.71,"% Exp/Vot":84.25,"resultats":[{"N.Pan.":null,"Code Nuance":"LDVG","Sexe":"M","Nom":"ROJO","Prénom":"Yann","Liste":"POURSUIVRE AVEC VOUS","Sièges / Elu":"29","Sièges Secteur":0,"Sièges CC":10,"Voix":1011,"% Voix/Ins":28.71,"% Voix/Exp":100}]},"population":{"F0-2":100.379729499839,"F3-5":102.398600806212,"F6-10":222.861310053649,"F11-17":289.113433226641,"F18-24":222.70595014217,"F25-39":447.502932941487,"F40-54":508.519521313723,"F55-64":379.882454700737,"F65-79":436.93474248351,"F80+":248.355576054563,"H0-2":98.3581438267627,"H3-5":102.39155105806,"H6-10":208.836286168925,"H11-17":319.230421312143,"H18-24":244.776484760138,"H25-39":435.354430564974,"H40-54":484.453822684946,"H55-64":364.917561281492,"H65-79":366.825611197526,"H80+":119.201435922501},"Analyse":{"Votes décisifs":1012,"tour décisif":1,"majeurs":4259.430524047767,"Non votants de 18-24":335.77963596812856}}