{"id":1869,"slug":"25-170-courcelles-les-montbeliard","nom_standard":"Courcelles-lès-Montbéliard","code_postal":"25","code_departement":"25","libelle_departement":"Doubs","code_commune":"170","Tour 1":{"Inscrits":966,"Abstentions":680,"% Abs/Ins":70.39,"Votants":286,"% Vot/Ins":29.61,"Blancs":8,"% Blancs/Ins":0.83,"% Blancs/Vot":2.8,"Nuls":24,"% Nuls/Ins":2.48,"% Nuls/Vot":8.39,"Exprimés":254,"% Exp/Ins":26.29,"% Exp/Vot":88.81,"resultats":[{"N.Pan.":null,"Code Nuance":"LNC","Sexe":"M","Nom":"QUENOT","Prénom":"Christian","Liste":"Bien vivre à Courcelles","Sièges / Elu":"15","Sièges Secteur":0,"Sièges CC":1,"Voix":254,"% Voix/Ins":26.29,"% Voix/Exp":100}]},"population":{"F0-2":21.1507490432442,"F3-5":27.9283057793694,"F6-10":51.7463239517899,"F11-17":74.505709275827,"F18-24":26.1940847421674,"F25-39":119.139681756182,"F40-54":133.31055221634,"F55-64":82.4534601055644,"F65-79":101.47207751604,"F80+":73.1539168922477,"H0-2":22.4778796108872,"H3-5":24.69228998134,"H6-10":61.5067436216468,"H11-17":65.6507453667322,"H18-24":34.0834282151311,"H25-39":123.115735871791,"H40-54":125.18780449207,"H55-64":89.9057426449994,"H65-79":88.7099438421477,"H80+":41.6148250744825},"Analyse":{"Votes décisifs":255,"tour décisif":1,"majeurs":1038.3412533691633,"Non votants de 18-24":43.67471628534712}}