{"id":1879,"slug":"25-228-etupes","nom_standard":"Etupes","code_postal":"25","code_departement":"25","libelle_departement":"Doubs","code_commune":"228","Tour 1":{"Inscrits":2535,"Abstentions":1839,"% Abs/Ins":72.54,"Votants":696,"% Vot/Ins":27.46,"Blancs":22,"% Blancs/Ins":0.87,"% Blancs/Vot":3.16,"Nuls":62,"% Nuls/Ins":2.45,"% Nuls/Vot":8.91,"Exprimés":612,"% Exp/Ins":24.14,"% Exp/Vot":87.93,"resultats":[{"N.Pan.":null,"Code Nuance":"LDVG","Sexe":"M","Nom":"CLAUDEL","Prénom":"Philippe","Liste":"POUR ETUPES","Sièges / Elu":"27","Sièges Secteur":0,"Sièges CC":2,"Voix":612,"% Voix/Ins":24.14,"% Voix/Exp":100}]},"population":{"F0-2":67.6355742549403,"F3-5":68.4106732443542,"F6-10":136.568702389952,"F11-17":153.58825860996,"F18-24":89.607860575315,"F25-39":337.924620242788,"F40-54":382.596811522924,"F55-64":227.228459854504,"F65-79":281.879350664562,"F80+":177.584049963112,"H0-2":62.5330820430351,"H3-5":58.2825231376133,"H6-10":140.544654910216,"H11-17":174.382294168114,"H18-24":90.7344116429019,"H25-39":333.77581658674,"H40-54":377.520216245337,"H55-64":224.094211627325,"H65-79":233.38647431843,"H80+":102.721953997875},"Analyse":{"Votes décisifs":613,"tour décisif":1,"majeurs":2859.054237241814,"Non votants de 18-24":136.44026440427322}}