{"id":1886,"slug":"25-259-frasne","nom_standard":"Frasne","code_postal":"25","code_departement":"25","libelle_departement":"Doubs","code_commune":"259","Tour 1":{"Inscrits":1386,"Abstentions":650,"% Abs/Ins":46.9,"Votants":736,"% Vot/Ins":53.1,"Blancs":16,"% Blancs/Ins":1.15,"% Blancs/Vot":2.17,"Nuls":24,"% Nuls/Ins":1.73,"% Nuls/Vot":3.26,"Exprimés":696,"% Exp/Ins":50.22,"% Exp/Vot":94.57,"resultats":[{"N.Pan.":null,"Code Nuance":"LNC","Sexe":"M","Nom":"ALPY","Prénom":"Philippe","Liste":"ENSEMBLE AVANCONS POUR FRASNE","Sièges / Elu":"16","Sièges Secteur":0,"Sièges CC":6,"Voix":420,"% Voix/Ins":30.3,"% Voix/Exp":60.34},{"N.Pan.":2,"Code Nuance":"LNC","Sexe":"F","Nom":"PARIS","Prénom":"Marine","Liste":"Unis pour agir au quotidien","Sièges / Elu":"3","Sièges Secteur":0,"Sièges CC":1,"Voix":276,"% Voix/Ins":19.91,"% Voix/Exp":39.66}]},"population":{"F0-2":35.8187519299075,"F3-5":31.5992799135773,"F6-10":82.3905146042094,"F11-17":110.312447901724,"F18-24":65.7534507740539,"F25-39":208.579283456054,"F40-54":185.005575010264,"F55-64":97.6975715242618,"F65-79":117.786989387281,"F80+":62.3054911586493,"H0-2":32.8361134287095,"H3-5":38.7871240882153,"H6-10":72.3235983035142,"H11-17":91.4411959887177,"H18-24":56.4044250108156,"H25-39":212.463988883569,"H40-54":203.250483078155,"H55-64":96.5152213159597,"H65-79":96.0383393999188,"H80+":35.6901548424418},"Analyse":{"Votes décisifs":145,"tour décisif":1,"majeurs":1437.490973841424,"Non votants de 18-24":59.612650657367496}}