{"id":1421,"slug":"19-138-meyssac","nom_standard":"Meyssac","code_postal":"19","code_departement":"19","libelle_departement":"Corrèze","code_commune":"138","Tour 1":{"Inscrits":1036,"Abstentions":338,"% Abs/Ins":32.63,"Votants":698,"% Vot/Ins":67.37,"Blancs":1,"% Blancs/Ins":0.1,"% Blancs/Vot":0.14,"Nuls":30,"% Nuls/Ins":2.9,"% Nuls/Vot":4.3,"Exprimés":667,"% Exp/Ins":64.38,"% Exp/Vot":95.56,"resultats":[{"N.Pan.":null,"Code Nuance":"LNC","Sexe":"M","Nom":"TRONCHE","Prénom":"Alexandre","Liste":"MEYSSAC @VENIR","Sièges / Elu":"3","Sièges Secteur":0,"Sièges CC":1,"Voix":259,"% Voix/Ins":25,"% Voix/Exp":38.83},{"N.Pan.":2,"Code Nuance":"LNC","Sexe":"M","Nom":"CARON","Prénom":"Christophe","Liste":"ENSEMBLE POUR MEYSSAC","Sièges / Elu":"12","Sièges Secteur":0,"Sièges CC":4,"Voix":408,"% Voix/Ins":39.38,"% Voix/Exp":61.17}]},"population":{"F0-2":11.7078709075039,"F3-5":15.690475105242,"F6-10":37.0290147441627,"F11-17":55.8160901612565,"F18-24":30.8763010214065,"F25-39":88.8909200009706,"F40-54":106.11541776865,"F55-64":96.1545100416328,"F65-79":128.746862851742,"F80+":131.87527528543,"H0-2":7.83800976904188,"H3-5":11.6944420193121,"H6-10":33.1746328064321,"H11-17":26.3824504295804,"H18-24":28.6864747310727,"H25-39":66.3353657254935,"H40-54":95.9135852781073,"H55-64":99.2226581974858,"H65-79":124.614360449155,"H80+":64.2352827063222},"Analyse":{"Votes décisifs":150,"tour décisif":1,"majeurs":1061.6670140574684,"Non votants de 18-24":20.402834900271444}}