{"id":1415,"slug":"19-101-laguenne-sur-avalouze","nom_standard":"Laguenne-sur-Avalouze","code_postal":"19","code_departement":"19","libelle_departement":"Corrèze","code_commune":"101","Tour 1":{"Inscrits":1108,"Abstentions":694,"% Abs/Ins":62.64,"Votants":414,"% Vot/Ins":37.36,"Blancs":30,"% Blancs/Ins":2.71,"% Blancs/Vot":7.25,"Nuls":60,"% Nuls/Ins":5.42,"% Nuls/Vot":14.49,"Exprimés":324,"% Exp/Ins":29.24,"% Exp/Vot":78.26,"resultats":[{"N.Pan.":null,"Code Nuance":"LNC","Sexe":"M","Nom":"CHASSAGNARD","Prénom":"Roger","Liste":"Ensemble pour Laguenne sur Avalouze","Sièges / Elu":"23","Sièges Secteur":0,"Sièges CC":2,"Voix":324,"% Voix/Ins":29.24,"% Voix/Exp":100}]},"population":{"F0-2":19.9627828930006,"F3-5":18.9712195737864,"F6-10":52.9165224479019,"F11-17":61.9215945858045,"F18-24":36.9875858048811,"F25-39":110.971598559889,"F40-54":165.049570184022,"F55-64":142.078416670045,"F65-79":141.141185511653,"F80+":77.1518756343188,"H0-2":15.9869942704922,"H3-5":24.947526217469,"H6-10":48.9127972726316,"H11-17":61.9351761952711,"H18-24":36.9757889424079,"H25-39":106.99535310088,"H40-54":147.97305606535,"H55-64":106.081997669883,"H65-79":120.983675933359,"H80+":43.0552824669537},"Analyse":{"Votes décisifs":325,"tour décisif":1,"majeurs":1235.4453865436424,"Non votants de 18-24":49.178113108938184}}