{"id":1437,"slug":"19-272-tulle","nom_standard":"Tulle","code_postal":"19","code_departement":"19","libelle_departement":"Corrèze","code_commune":"272","Tour 1":{"Inscrits":9103,"Abstentions":5255,"% Abs/Ins":57.73,"Votants":3848,"% Vot/Ins":42.27,"Blancs":82,"% Blancs/Ins":0.9,"% Blancs/Vot":2.13,"Nuls":142,"% Nuls/Ins":1.56,"% Nuls/Vot":3.69,"Exprimés":3624,"% Exp/Ins":39.81,"% Exp/Vot":94.18,"resultats":[{"N.Pan.":null,"Code Nuance":"LDVD","Sexe":"M","Nom":"CHAUMEIL","Prénom":"Raphaël","Liste":"Tulle au cœur, Tulle en chœur","Sièges / Elu":"6","Sièges Secteur":0,"Sièges CC":3,"Voix":1292,"% Voix/Ins":14.19,"% Voix/Exp":35.65},{"N.Pan.":2,"Code Nuance":"LUG","Sexe":"M","Nom":"COMBES","Prénom":"Bernard","Liste":"Vive ma ville","Sièges / Elu":"27","Sièges Secteur":0,"Sièges CC":15,"Voix":2332,"% Voix/Ins":25.62,"% Voix/Exp":64.35}]},"population":{"F0-2":173.83737156103,"F3-5":138.264575271139,"F6-10":353.679474140682,"F11-17":464.241376940223,"F18-24":738.225474139216,"F25-39":1061.08954002369,"F40-54":1347.97465140938,"F55-64":982.782815332853,"F65-79":1308.57421966043,"F80+":913.24003853675,"H0-2":143.662235093881,"H3-5":182.949170304706,"H6-10":278.202189008932,"H11-17":484.607843381524,"H18-24":1035.85526921092,"H25-39":1214.13842343608,"H40-54":1255.68914374677,"H55-64":823.69592771054,"H65-79":981.631889130058,"H80+":431.658371961197},"Analyse":{"Votes décisifs":1041,"tour décisif":1,"majeurs":12094.555764297882,"Non votants de 18-24":1209.6397805358536}}