{"id":1408,"slug":"19-63-cosnac","nom_standard":"Cosnac","code_postal":"19","code_departement":"19","libelle_departement":"Corrèze","code_commune":"63","Tour 1":{"Inscrits":2441,"Abstentions":1473,"% Abs/Ins":60.34,"Votants":968,"% Vot/Ins":39.66,"Blancs":49,"% Blancs/Ins":2.01,"% Blancs/Vot":5.06,"Nuls":92,"% Nuls/Ins":3.77,"% Nuls/Vot":9.5,"Exprimés":827,"% Exp/Ins":33.88,"% Exp/Vot":85.43,"resultats":[{"N.Pan.":null,"Code Nuance":"LNC","Sexe":"M","Nom":"SOLER","Prénom":"Gérard","Liste":"CONTINUONS ENSEMBLE POUR COSNAC","Sièges / Elu":"23","Sièges Secteur":0,"Sièges CC":2,"Voix":827,"% Voix/Ins":33.88,"% Voix/Exp":100}]},"population":{"F0-2":47.9496755248568,"F3-5":44.8916526041888,"F6-10":67.4025205606907,"F11-17":140.785356802125,"F18-24":44.9483591337524,"F25-39":203.625341730533,"F40-54":317.633481003863,"F55-64":247.802490454204,"F65-79":310.173552599366,"F80+":117.436035325264,"H0-2":31.507841409415,"H3-5":47.0689083779382,"H6-10":104.307486316585,"H11-17":142.549732133968,"H18-24":63.6688234880872,"H25-39":162.784258664445,"H40-54":302.961463715839,"H55-64":260.711625722168,"H65-79":275.262048137469,"H80+":76.5293462952414},"Analyse":{"Votes décisifs":828,"tour décisif":1,"majeurs":2383.536826270232,"Non votants de 18-24":64.50566245604192}}