{"id":1413,"slug":"19-94-juillac","nom_standard":"Juillac","code_postal":"19","code_departement":"19","libelle_departement":"Corrèze","code_commune":"94","Tour 1":{"Inscrits":903,"Abstentions":302,"% Abs/Ins":33.44,"Votants":601,"% Vot/Ins":66.56,"Blancs":4,"% Blancs/Ins":0.44,"% Blancs/Vot":0.67,"Nuls":26,"% Nuls/Ins":2.88,"% Nuls/Vot":4.33,"Exprimés":571,"% Exp/Ins":63.23,"% Exp/Vot":95.01,"resultats":[{"N.Pan.":null,"Code Nuance":"LNC","Sexe":"M","Nom":"CROUZILLAT","Prénom":"Thierry","Liste":"JUILLAC À VENIR","Sièges / Elu":"3","Sièges Secteur":0,"Sièges CC":0,"Voix":237,"% Voix/Ins":26.25,"% Voix/Exp":41.51},{"N.Pan.":2,"Code Nuance":"LNC","Sexe":"F","Nom":"FARGETAS","Prénom":"Josette","Liste":"ENSEMBLE POUR JUILLAC","Sièges / Elu":"12","Sièges Secteur":0,"Sièges CC":1,"Voix":334,"% Voix/Ins":36.99,"% Voix/Exp":58.49}]},"population":{"F0-2":10.743895865325,"F3-5":15.6183631567614,"F6-10":29.2470163808715,"F11-17":37.0757321361298,"F18-24":24.5037831781271,"F25-39":69.4117565449241,"F40-54":94.1280282148376,"F55-64":90.4884261230789,"F65-79":125.914388137517,"F80+":59.1011989758227,"H0-2":14.569970909582,"H3-5":18.5148511181293,"H6-10":30.2457462487194,"H11-17":33.2075782915172,"H18-24":23.3591374537697,"H25-39":72.4544940747299,"H40-54":110.834734794536,"H55-64":84.5534418553154,"H65-79":131.803084900517,"H80+":49.2243716397894},"Analyse":{"Votes décisifs":98,"tour décisif":1,"majeurs":935.7768458929647,"Non votants de 18-24":17.123096895052363}}