{"id":1903,"slug":"25-368-marchaux-chaudefontaine","nom_standard":"Marchaux-Chaudefontaine","code_postal":"25","code_departement":"25","libelle_departement":"Doubs","code_commune":"368","Tour 1":{"Inscrits":1020,"Abstentions":578,"% Abs/Ins":56.67,"Votants":442,"% Vot/Ins":43.33,"Blancs":16,"% Blancs/Ins":1.57,"% Blancs/Vot":3.62,"Nuls":28,"% Nuls/Ins":2.75,"% Nuls/Vot":6.33,"Exprimés":398,"% Exp/Ins":39.02,"% Exp/Vot":90.05,"resultats":[{"N.Pan.":null,"Code Nuance":"LNC","Sexe":"M","Nom":"CORNE","Prénom":"Patrick","Liste":"ENSEMBLE POUR MARCHAUX-CHAUDEFONTAINE","Sièges / Elu":"19","Sièges Secteur":0,"Sièges CC":1,"Voix":398,"% Voix/Ins":39.02,"% Voix/Exp":100}]},"population":{"F0-2":17.8907416119658,"F3-5":30.8239381908292,"F6-10":57.2250060097151,"F11-17":82.2853054854476,"F18-24":34.1120631232806,"F25-39":125.315286617923,"F40-54":151.498871421464,"F55-64":100.020715366683,"F65-79":109.770620989326,"F80+":36.6030262071477,"H0-2":24.4493404064499,"H3-5":30.2649079379249,"H6-10":56.107364690295,"H11-17":78.3488330504624,"H18-24":46.2250749708962,"H25-39":115.745282055167,"H40-54":158.923389105389,"H55-64":91.8319835794337,"H65-79":92.8391586860227,"H80+":21.7190904941772},"Analyse":{"Votes décisifs":399,"tour décisif":1,"majeurs":1084.60456261691,"Non votants de 18-24":47.598003241239454}}