{"id":1904,"slug":"25-370-mathay","nom_standard":"Mathay","code_postal":"25","code_departement":"25","libelle_departement":"Doubs","code_commune":"370","Tour 1":{"Inscrits":1829,"Abstentions":1203,"% Abs/Ins":65.77,"Votants":626,"% Vot/Ins":34.23,"Blancs":9,"% Blancs/Ins":0.49,"% Blancs/Vot":1.44,"Nuls":34,"% Nuls/Ins":1.86,"% Nuls/Vot":5.43,"Exprimés":583,"% Exp/Ins":31.88,"% Exp/Vot":93.13,"resultats":[{"N.Pan.":null,"Code Nuance":"LNC","Sexe":"M","Nom":"GRANJON","Prénom":"Daniel","Liste":"UNIS POUR l'AVENIR DU VILLAGE","Sièges / Elu":"19","Sièges Secteur":0,"Sièges CC":1,"Voix":583,"% Voix/Ins":31.88,"% Voix/Exp":100}]},"population":{"F0-2":25.4620171759153,"F3-5":33.1169701423663,"F6-10":61.5773099154887,"F11-17":97.8827470868398,"F18-24":48.7686397064079,"F25-39":157.641208622277,"F40-54":239.742202265506,"F55-64":177.165221356678,"F65-79":182.028250949914,"F80+":70.0425321300034,"H0-2":24.4810445996045,"H3-5":30.3641971243429,"H6-10":70.3623259146599,"H11-17":89.3252804548056,"H18-24":61.4634149272368,"H25-39":149.344286530006,"H40-54":244.351061741186,"H55-64":174.668846298992,"H65-79":167.257925520177,"H80+":46.9545175375947},"Analyse":{"Votes décisifs":584,"tour décisif":1,"majeurs":1719.4281075859788,"Non votants de 18-24":70.09936987862885}}