{"id":1907,"slug":"25-388-montbeliard","nom_standard":"Montbéliard","code_postal":"25","code_departement":"25","libelle_departement":"Doubs","code_commune":"388","Tour 1":{"Inscrits":14382,"Abstentions":9518,"% Abs/Ins":66.18,"Votants":4864,"% Vot/Ins":33.82,"Blancs":105,"% Blancs/Ins":0.73,"% Blancs/Vot":2.16,"Nuls":33,"% Nuls/Ins":0.23,"% Nuls/Vot":0.68,"Exprimés":4726,"% Exp/Ins":32.86,"% Exp/Vot":97.16,"resultats":[{"N.Pan.":null,"Code Nuance":"LDVD","Sexe":"F","Nom":"BIGUINET","Prénom":"Marie-Noëlle","Liste":"Montbeliard Renouveau 2020","Sièges / Elu":"28","Sièges Secteur":0,"Sièges CC":12,"Voix":2577,"% Voix/Ins":17.92,"% Voix/Exp":54.53},{"N.Pan.":2,"Code Nuance":"LEXG","Sexe":"M","Nom":"PLAIN","Prénom":"Franck","Liste":"Lutte ouvrière - Faire entendre le camp des travailleurs","Sièges / Elu":"0","Sièges Secteur":0,"Sièges CC":0,"Voix":198,"% Voix/Ins":1.38,"% Voix/Exp":4.19},{"N.Pan.":3,"Code Nuance":"LDVC","Sexe":"M","Nom":"SOMMER","Prénom":"Denis","Liste":"MONTBELIARD AU COEUR","Sièges / Elu":2,"Sièges CC":1,"Voix":656,"% Voix/Ins":4.56,"% Voix/Exp":13.88},{"N.Pan.":4,"Code Nuance":"LUG","Sexe":"M","Nom":"LANÇON","Prénom":"Eric","Liste":"MONTBELIARD en COMMUN ECOLOGIQUE et SOLIDAIRE","Sièges / Elu":5,"Sièges CC":2,"Voix":1295,"% Voix/Ins":9,"% Voix/Exp":27.4}]},"population":{"F0-2":470.166988599421,"F3-5":452.949821408138,"F6-10":935.583442298491,"F11-17":1160.22070404796,"F18-24":1112.11786090013,"F25-39":2281.7257121292,"F40-54":2241.34018631669,"F55-64":1498.04328240363,"F65-79":1928.58715619775,"F80+":1189.89167033416,"H0-2":433.645782046937,"H3-5":525.31730723168,"H6-10":1008.59868163224,"H11-17":1284.03178534525,"H18-24":1375.4167162849,"H25-39":2162.25790913995,"H40-54":2261.1231279296,"H55-64":1139.5421378113,"H65-79":1682.78922327134,"H80+":582.650504671228},"Analyse":{"Votes décisifs":429,"tour décisif":1,"majeurs":19455.485487389873,"Non votants de 18-24":1865.6344867827509}}