{"id":1923,"slug":"25-454-pirey","nom_standard":"Pirey","code_postal":"25","code_departement":"25","libelle_departement":"Doubs","code_commune":"454","Tour 1":{"Inscrits":1437,"Abstentions":504,"% Abs/Ins":35.07,"Votants":933,"% Vot/Ins":64.93,"Blancs":7,"% Blancs/Ins":0.49,"% Blancs/Vot":0.75,"Nuls":9,"% Nuls/Ins":0.63,"% Nuls/Vot":0.96,"Exprimés":917,"% Exp/Ins":63.81,"% Exp/Vot":98.29,"resultats":[{"N.Pan.":null,"Code Nuance":"LNC","Sexe":"M","Nom":"MARANDET","Prénom":"Aurélien","Liste":"PIREY autrement","Sièges / Elu":"0","Sièges Secteur":0,"Sièges CC":0,"Voix":144,"% Voix/Ins":10.02,"% Voix/Exp":15.7},{"N.Pan.":2,"Code Nuance":"LNC","Sexe":"M","Nom":"COINTET","Prénom":"Jacques","Liste":"Pirey avant tout","Sièges / Elu":"0","Sièges Secteur":0,"Sièges CC":0,"Voix":322,"% Voix/Ins":22.41,"% Voix/Exp":35.11},{"N.Pan.":3,"Code Nuance":"LNC","Sexe":"M","Nom":"AYACHE","Prénom":"Patrick","Liste":"Pirey, une nouvelle équipe","Sièges / Elu":0,"Sièges CC":0,"Voix":451,"% Voix/Ins":31.38,"% Voix/Exp":49.18}]},"Tour 2":{"Inscrits":1437,"Abstentions":448,"% Abs/Ins":31.18,"Votants":989,"% Vot/Ins":68.82,"Blancs":17,"% Blancs/Ins":1.18,"% Blancs/Vot":1.72,"Nuls":11,"% Nuls/Ins":0.77,"% Nuls/Vot":1.11,"Exprimés":961,"% Exp/Ins":66.88,"% Exp/Vot":97.17,"resultats":[{"N.Pan.":2,"Code Nuance":"LNC","Sexe":"M","Nom":"COINTET","Prénom":"Jacques","Liste":"PIREY AVANT TOUT","Sièges / Elu":4,"Sièges Secteur":0,"Sièges CC":0,"Voix":416,"% Voix/Ins":28.95,"% Voix/Exp":43.29},{"N.Pan.":3,"Code Nuance":"LNC","Sexe":"M","Nom":"AYACHE","Prénom":"Patrick","Liste":"Pirey, une nouvelle équipe","Sièges / Elu":15,"Sièges Secteur":0,"Sièges CC":1,"Voix":545,"% Voix/Ins":37.93,"% Voix/Exp":56.71}]},"population":{"F0-2":28.8055414967754,"F3-5":37.7425776351727,"F6-10":59.3259903047395,"F11-17":119.999828446569,"F18-24":65.9086109389546,"F25-39":163.691704648953,"F40-54":225.734695351643,"F55-64":163.963224984324,"F65-79":168.390306524511,"F80+":51.92087386328,"H0-2":25.7598413469678,"H3-5":30.5941014596669,"H6-10":86.9128502779227,"H11-17":117.00929712279,"H18-24":74.0824045887215,"H25-39":155.174367851776,"H40-54":220.754620194797,"H55-64":137.318497153065,"H65-79":147.557409386497,"H80+":47.3532564228734},"Analyse":{"Votes décisifs":129,"tour décisif":2,"majeurs":1621.8499719093954,"Non votants de 18-24":54.6248492639286}}