{"id":1930,"slug":"25-508-roulans","nom_standard":"Roulans","code_postal":"25","code_departement":"25","libelle_departement":"Doubs","code_commune":"508","Tour 1":{"Inscrits":878,"Abstentions":366,"% Abs/Ins":41.69,"Votants":512,"% Vot/Ins":58.31,"Blancs":3,"% Blancs/Ins":0.34,"% Blancs/Vot":0.59,"Nuls":8,"% Nuls/Ins":0.91,"% Nuls/Vot":1.56,"Exprimés":501,"% Exp/Ins":57.06,"% Exp/Vot":97.85,"resultats":[{"N.Pan.":null,"Code Nuance":"LNC","Sexe":"M","Nom":"JACQUOT","Prénom":"Alain","Liste":"AVEC VOUS, POUR ROULANS !","Sièges / Elu":"13","Sièges Secteur":0,"Sièges CC":4,"Voix":366,"% Voix/Ins":41.69,"% Voix/Exp":73.05},{"N.Pan.":2,"Code Nuance":"LNC","Sexe":"F","Nom":"EMONIN","Prénom":"Sandra","Liste":"ROULANS AUTREMENT","Sièges / Elu":"2","Sièges Secteur":0,"Sièges CC":0,"Voix":135,"% Voix/Ins":15.38,"% Voix/Exp":26.95}]},"population":{"F0-2":8.05650662792925,"F3-5":21.5027491036548,"F6-10":36.9437601552995,"F11-17":65.4787347578287,"F18-24":27.3533427428298,"F25-39":80.9411111734966,"F40-54":128.087204016354,"F55-64":65.1786947412635,"F65-79":87.5998289237765,"F80+":35.3218006589215,"H0-2":16.3699425798743,"H3-5":17.3730714396343,"H6-10":45.0691703086016,"H11-17":60.1634648082837,"H18-24":31.5410428775154,"H25-39":79.559882224561,"H40-54":113.338865508273,"H55-64":88.9062411540465,"H65-79":91.7058914677308,"H80+":26.5086947301248},"Analyse":{"Votes décisifs":232,"tour décisif":1,"majeurs":856.0426002188934,"Non votants de 18-24":23.6695902305991}}