{"id":1949,"slug":"26-4-alixan","nom_standard":"Alixan","code_postal":"26","code_departement":"26","libelle_departement":"Drôme","code_commune":"4","Tour 1":{"Inscrits":1937,"Abstentions":930,"% Abs/Ins":48.01,"Votants":1007,"% Vot/Ins":51.99,"Blancs":14,"% Blancs/Ins":0.72,"% Blancs/Vot":1.39,"Nuls":24,"% Nuls/Ins":1.24,"% Nuls/Vot":2.38,"Exprimés":969,"% Exp/Ins":50.03,"% Exp/Vot":96.23,"resultats":[{"N.Pan.":null,"Code Nuance":"LNC","Sexe":"M","Nom":"DUCLAUX","Prénom":"Jean-Claude","Liste":"ENSEMBLE SOYONS DYNAMIQUES","Sièges / Elu":"18","Sièges Secteur":0,"Sièges CC":1,"Voix":495,"% Voix/Ins":25.55,"% Voix/Exp":51.08},{"N.Pan.":2,"Code Nuance":"LNC","Sexe":"F","Nom":"BICHON LARROQUE","Prénom":"Aurélie","Liste":"ALIXAN 2020 - Engageons-nous pour demain","Sièges / Elu":"5","Sièges Secteur":0,"Sièges CC":0,"Voix":474,"% Voix/Ins":24.47,"% Voix/Exp":48.92}]},"population":{"F0-2":58.8838226899733,"F3-5":46.3829055698323,"F6-10":85.3100011557257,"F11-17":119.573845382553,"F18-24":75.5489566936305,"F25-39":260.593966918299,"F40-54":269.786446591133,"F55-64":168.1286698193,"F65-79":150.371811711132,"F80+":49.935003223567,"H0-2":50.2809444192221,"H3-5":57.9327648325151,"H6-10":95.7468747084036,"H11-17":135.681356230578,"H18-24":82.4314636768736,"H25-39":233.289463790535,"H40-54":287.096948731037,"H55-64":169.8134953408,"H65-79":163.920863875079,"H80+":31.2903946398122},"Analyse":{"Votes décisifs":22,"tour décisif":1,"majeurs":1942.2074850111983,"Non votants de 18-24":76.07038524767047}}