{"id":1952,"slug":"26-8-ancone","nom_standard":"Ancône","code_postal":"26","code_departement":"26","libelle_departement":"Drôme","code_commune":"8","Tour 1":{"Inscrits":944,"Abstentions":573,"% Abs/Ins":60.7,"Votants":371,"% Vot/Ins":39.3,"Blancs":26,"% Blancs/Ins":2.75,"% Blancs/Vot":7.01,"Nuls":24,"% Nuls/Ins":2.54,"% Nuls/Vot":6.47,"Exprimés":321,"% Exp/Ins":34,"% Exp/Vot":86.52,"resultats":[{"N.Pan.":null,"Code Nuance":"LNC","Sexe":"M","Nom":"FÉRET","Prénom":"Christophe","Liste":"CONTINUONS ENSEMBLE POUR ANCÔNE","Sièges / Elu":"15","Sièges Secteur":0,"Sièges CC":1,"Voix":321,"% Voix/Ins":34,"% Voix/Exp":100}]},"population":{"F0-2":29.6985580968673,"F3-5":27.5878155744059,"F6-10":42.3623265077136,"F11-17":76.9517883960629,"F18-24":45.0041356879049,"F25-39":130.197581177772,"F40-54":129.436778329411,"F55-64":84.5019016096459,"F65-79":91.6405318613525,"F80+":33.3240571691569,"H0-2":19.8073132927644,"H3-5":18.8023103638274,"H6-10":56.2721706598458,"H11-17":59.338547115744,"H18-24":41.9462477055113,"H25-39":152.752099497925,"H40-54":136.467693553986,"H55-64":76.2993414498685,"H65-79":88.4285967223117,"H80+":25.1802052279226},"Analyse":{"Votes décisifs":322,"tour décisif":1,"majeurs":1035.1791699927683,"Non votants de 18-24":55.78805596831666}}