{"id":1957,"slug":"26-31-la-batie-rolland","nom_standard":"La Bâtie-Rolland","code_postal":"26","code_departement":"26","libelle_departement":"Drôme","code_commune":"31","Tour 1":{"Inscrits":738,"Abstentions":386,"% Abs/Ins":52.3,"Votants":352,"% Vot/Ins":47.7,"Blancs":6,"% Blancs/Ins":0.81,"% Blancs/Vot":1.7,"Nuls":1,"% Nuls/Ins":0.14,"% Nuls/Vot":0.28,"Exprimés":345,"% Exp/Ins":46.75,"% Exp/Vot":98.01,"resultats":[{"N.Pan.":null,"Code Nuance":"LNC","Sexe":"M","Nom":"BACILE","Prénom":"Daniel","Liste":"REDÉCOUVRONS LA BATIE-ROLLAND","Sièges / Elu":"1","Sièges Secteur":0,"Sièges CC":0,"Voix":82,"% Voix/Ins":11.11,"% Voix/Exp":23.77},{"N.Pan.":2,"Code Nuance":"LNC","Sexe":"M","Nom":"BEYNET","Prénom":"Pascal","Liste":"LA BATIE : DYNAMIQUE","Sièges / Elu":"14","Sièges Secteur":0,"Sièges CC":1,"Voix":263,"% Voix/Ins":35.64,"% Voix/Exp":76.23}]},"population":{"F0-2":21.0058201269544,"F3-5":22.975218415541,"F6-10":41.9392209260443,"F11-17":48.8987442082254,"F18-24":24.0296740012275,"F25-39":103.098201136839,"F40-54":104.213791823759,"F55-64":72.350889233886,"F65-79":60.2997626935135,"F80+":24.1491382317292,"H0-2":22.0079478084186,"H3-5":18.9959351334206,"H6-10":40.9081273767915,"H11-17":46.9991190989896,"H18-24":32.0375340757012,"H25-39":87.1258500600847,"H40-54":104.202347282898,"H55-64":62.2805546847826,"H65-79":65.3276186923468,"H80+":28.1545049888468},"Analyse":{"Votes décisifs":182,"tour décisif":1,"majeurs":767.2698669056144,"Non votants de 18-24":30.345284026043643}}