{"id":1970,"slug":"26-72-chantemerle-les-bles","nom_standard":"Chantemerle-les-Blés","code_postal":"26","code_departement":"26","libelle_departement":"Drôme","code_commune":"72","Tour 1":{"Inscrits":876,"Abstentions":561,"% Abs/Ins":64.04,"Votants":315,"% Vot/Ins":35.96,"Blancs":10,"% Blancs/Ins":1.14,"% Blancs/Vot":3.17,"Nuls":28,"% Nuls/Ins":3.2,"% Nuls/Vot":8.89,"Exprimés":277,"% Exp/Ins":31.62,"% Exp/Vot":87.94,"resultats":[{"N.Pan.":null,"Code Nuance":"LNC","Sexe":"M","Nom":"ROBIN","Prénom":"Vincent","Liste":"POUR CHANTEMERLE LES BLES","Sièges / Elu":"15","Sièges Secteur":0,"Sièges CC":1,"Voix":277,"% Voix/Ins":31.62,"% Voix/Exp":100}]},"population":{"F0-2":24.6504474021166,"F3-5":25.6895015402927,"F6-10":57.4636789417987,"F11-17":71.7799294574956,"F18-24":28.8016720202946,"F25-39":132.794787584133,"F40-54":139.138506957983,"F55-64":95.4943707637202,"F65-79":61.3709394648758,"F80+":24.0102319633711,"H0-2":28.7756664736129,"H3-5":42.0212520664492,"H6-10":62.5031884602458,"H11-17":77.9327089680342,"H18-24":28.7893014258832,"H25-39":126.705733819238,"H40-54":125.578448438343,"H55-64":87.2124726990626,"H65-79":65.4646611296635,"H80+":20.8225004233865},"Analyse":{"Votes décisifs":278,"tour décisif":1,"majeurs":936.1836266899544,"Non votants de 18-24":38.2131974219513}}