{"id":1987,"slug":"26-129-eymeux","nom_standard":"Eymeux","code_postal":"26","code_departement":"26","libelle_departement":"Drôme","code_commune":"129","Tour 1":{"Inscrits":723,"Abstentions":311,"% Abs/Ins":43.02,"Votants":412,"% Vot/Ins":56.98,"Blancs":3,"% Blancs/Ins":0.41,"% Blancs/Vot":0.73,"Nuls":7,"% Nuls/Ins":0.97,"% Nuls/Vot":1.7,"Exprimés":402,"% Exp/Ins":55.6,"% Exp/Vot":97.57,"resultats":[{"N.Pan.":null,"Code Nuance":"LNC","Sexe":"F","Nom":"CHARRASSON","Prénom":"Jeanine","Liste":"Eymeux Cap 2026","Sièges / Elu":"3","Sièges Secteur":0,"Sièges CC":0,"Voix":153,"% Voix/Ins":21.16,"% Voix/Exp":38.06},{"N.Pan.":2,"Code Nuance":"LNC","Sexe":"M","Nom":"BAR","Prénom":"Fabrice","Liste":"EYMEUX, VIVONS ENSEMBLE","Sièges / Elu":"12","Sièges Secteur":0,"Sièges CC":1,"Voix":249,"% Voix/Ins":34.44,"% Voix/Exp":61.94}]},"population":{"F0-2":17.927524901319,"F3-5":24.9368750652945,"F6-10":42.72119279304,"F11-17":53.9847040556268,"F18-24":31.7286660100065,"F25-39":102.954461292931,"F40-54":120.681628179078,"F55-64":62.5232388525583,"F65-79":52.8012890114137,"F80+":14.6429050314418,"H0-2":22.5447758759865,"H3-5":20.9151834404598,"H6-10":39.9013986581562,"H11-17":48.3042250596495,"H18-24":35.2085202888596,"H25-39":101.353466547571,"H40-54":124.809520829529,"H55-64":57.6843049957897,"H65-79":63.2056858497664,"H80+":9.17043326152248},"Analyse":{"Votes décisifs":97,"tour décisif":1,"majeurs":776.7641201504674,"Non votants de 18-24":31.43333121633389}}