{"id":194,"slug":"2-163-charly-sur-marne","nom_standard":"Charly-sur-Marne","code_postal":"2","code_departement":"2","libelle_departement":"Aisne","code_commune":"163","Tour 1":{"Inscrits":1651,"Abstentions":898,"% Abs/Ins":54.39,"Votants":753,"% Vot/Ins":45.61,"Blancs":12,"% Blancs/Ins":0.73,"% Blancs/Vot":1.59,"Nuls":17,"% Nuls/Ins":1.03,"% Nuls/Vot":2.26,"Exprimés":724,"% Exp/Ins":43.85,"% Exp/Vot":96.15,"resultats":[{"N.Pan.":null,"Code Nuance":"LNC","Sexe":"F","Nom":"ARNOULET","Prénom":"Martine","Liste":"AU COEUR DE CHARLY","Sièges / Elu":"5","Sièges Secteur":0,"Sièges CC":1,"Voix":343,"% Voix/Ins":20.78,"% Voix/Exp":47.38},{"N.Pan.":2,"Code Nuance":"LNC","Sexe":"F","Nom":"PLANSON","Prénom":"Patricia","Liste":"ENSEMBLE, AGIR POUR DEMAIN","Sièges / Elu":"18","Sièges Secteur":0,"Sièges CC":5,"Voix":381,"% Voix/Ins":23.08,"% Voix/Exp":52.62}]},"population":{"F0-2":37.41192831174,"F3-5":46.1515240012665,"F6-10":94.1164591628363,"F11-17":153.255747054552,"F18-24":73.4263112128715,"F25-39":218.977533806081,"F40-54":240.424480512205,"F55-64":187.503055542788,"F65-79":184.943325970614,"F80+":128.135689546566,"H0-2":31.5964058782973,"H3-5":53.0060546569784,"H6-10":90.2502796391119,"H11-17":134.518280348373,"H18-24":95.8972240297491,"H25-39":199.999895372564,"H40-54":235.559836771387,"H55-64":169.143690976801,"H65-79":156.238204225876,"H80+":54.4440729793409},"Analyse":{"Votes décisifs":39,"tour décisif":1,"majeurs":1944.6933209468436,"Non votants de 18-24":103.76017845810968}}