{"id":204,"slug":"2-238-crepy","nom_standard":"Crépy","code_postal":"2","code_departement":"2","libelle_departement":"Aisne","code_commune":"238","Tour 1":{"Inscrits":1252,"Abstentions":849,"% Abs/Ins":67.81,"Votants":403,"% Vot/Ins":32.19,"Blancs":19,"% Blancs/Ins":1.52,"% Blancs/Vot":4.71,"Nuls":43,"% Nuls/Ins":3.43,"% Nuls/Vot":10.67,"Exprimés":341,"% Exp/Ins":27.24,"% Exp/Vot":84.62,"resultats":[{"N.Pan.":null,"Code Nuance":"LNC","Sexe":"M","Nom":"FÈRON","Prénom":"Fabrice","Liste":"BIEN VIVRE A CRÉPY","Sièges / Elu":"19","Sièges Secteur":0,"Sièges CC":2,"Voix":341,"% Voix/Ins":27.24,"% Voix/Exp":100}]},"population":{"F0-2":36.7690455422698,"F3-5":46.6197049236751,"F6-10":62.8827147227064,"F11-17":83.7048787199437,"F18-24":52.2994761288671,"F25-39":167.942296231044,"F40-54":181.817160050945,"F55-64":100.691423686402,"F65-79":129.827531027205,"F80+":73.0746533608898,"H0-2":33.0705015295017,"H3-5":32.8383769178643,"H6-10":80.6881939555215,"H11-17":84.9321601200992,"H18-24":54.0510203031664,"H25-39":145.53612106317,"H40-54":182.473847610419,"H55-64":110.231332610021,"H65-79":103.634388625946,"H80+":34.9151728703443},"Analyse":{"Votes décisifs":342,"tour décisif":1,"majeurs":1336.4944235684195,"Non votants de 18-24":74.28208723682268}}