{"id":207,"slug":"2-245-cuffies","nom_standard":"Cuffies","code_postal":"2","code_departement":"2","libelle_departement":"Aisne","code_commune":"245","Tour 1":{"Inscrits":1173,"Abstentions":560,"% Abs/Ins":47.74,"Votants":613,"% Vot/Ins":52.26,"Blancs":3,"% Blancs/Ins":0.26,"% Blancs/Vot":0.49,"Nuls":6,"% Nuls/Ins":0.51,"% Nuls/Vot":0.98,"Exprimés":604,"% Exp/Ins":51.49,"% Exp/Vot":98.53,"resultats":[{"N.Pan.":null,"Code Nuance":"LNC","Sexe":"M","Nom":"CORNEILLE","Prénom":"Jean-Pierre","Liste":"ENSEMBLE, CONTINUONS !","Sièges / Elu":"0","Sièges Secteur":0,"Sièges CC":0,"Voix":269,"% Voix/Ins":22.93,"% Voix/Exp":44.54},{"N.Pan.":2,"Code Nuance":"LNC","Sexe":"M","Nom":"RICHET","Prénom":"Ludovic","Liste":"AGIR POUR CUFFIES","Sièges / Elu":"0","Sièges Secteur":0,"Sièges CC":0,"Voix":207,"% Voix/Ins":17.65,"% Voix/Exp":34.27},{"N.Pan.":3,"Code Nuance":"LNC","Sexe":"M","Nom":"GARNIER","Prénom":"René","Liste":"L'ESPOIR CUFFICIEN","Sièges / Elu":0,"Sièges CC":0,"Voix":128,"% Voix/Ins":10.91,"% Voix/Exp":21.19}]},"Tour 2":{"Inscrits":1173,"Abstentions":516,"% Abs/Ins":43.99,"Votants":657,"% Vot/Ins":56.01,"Blancs":2,"% Blancs/Ins":0.17,"% Blancs/Vot":0.3,"Nuls":15,"% Nuls/Ins":1.28,"% Nuls/Vot":2.28,"Exprimés":640,"% Exp/Ins":54.56,"% Exp/Vot":97.41,"resultats":[{"N.Pan.":1,"Code Nuance":"LNC","Sexe":"M","Nom":"CORNEILLE","Prénom":"Jean-Pierre","Liste":"ENSEMBLE, CONTINUONS !","Sièges / Elu":15,"Sièges Secteur":0,"Sièges CC":1,"Voix":352,"% Voix/Ins":30.01,"% Voix/Exp":55},{"N.Pan.":2,"Code Nuance":"LNC","Sexe":"M","Nom":"RICHET","Prénom":"Ludovic","Liste":"AGIR POUR CUFFIES","Sièges / Elu":4,"Sièges Secteur":0,"Sièges CC":0,"Voix":288,"% Voix/Ins":24.55,"% Voix/Exp":45}]},"population":{"F0-2":25.6309896552751,"F3-5":24.6109288547512,"F6-10":43.9334393998206,"F11-17":71.5641312757975,"F18-24":134.108590228874,"F25-39":118.19814667418,"F40-54":179.819063649815,"F55-64":103.833299321581,"F65-79":127.648392345484,"F80+":54.3330984873609,"H0-2":14.6774255241931,"H3-5":22.4980028785207,"H6-10":54.7187409278443,"H11-17":85.1440682292146,"H18-24":198.47704783403,"H25-39":123.91654777409,"H40-54":165.736214028887,"H55-64":114.756843396325,"H65-79":100.729449581392,"H80+":32.6655799325634},"Analyse":{"Votes décisifs":64,"tour décisif":2,"majeurs":1454.222273254582,"Non votants de 18-24":182.32747723973048}}