{"id":219,"slug":"2-334-fresnoy-le-grand","nom_standard":"Fresnoy-le-Grand","code_postal":"2","code_departement":"2","libelle_departement":"Aisne","code_commune":"334","Tour 1":{"Inscrits":2064,"Abstentions":927,"% Abs/Ins":44.91,"Votants":1137,"% Vot/Ins":55.09,"Blancs":23,"% Blancs/Ins":1.11,"% Blancs/Vot":2.02,"Nuls":19,"% Nuls/Ins":0.92,"% Nuls/Vot":1.67,"Exprimés":1095,"% Exp/Ins":53.05,"% Exp/Vot":96.31,"resultats":[{"N.Pan.":null,"Code Nuance":"LNC","Sexe":"M","Nom":"FLAMANT","Prénom":"Pierre","Liste":"CONTINUONS POUR FRESNOY","Sièges / Elu":"19","Sièges Secteur":0,"Sièges CC":4,"Voix":659,"% Voix/Ins":31.93,"% Voix/Exp":60.18},{"N.Pan.":2,"Code Nuance":"LNC","Sexe":"F","Nom":"LANGLET","Prénom":"Marie-Christine","Liste":"Ensemble, retrouvons dynanisme et enthousiasme à Fresnoy","Sièges / Elu":"4","Sièges Secteur":0,"Sièges CC":1,"Voix":436,"% Voix/Ins":21.12,"% Voix/Exp":39.82}]},"population":{"F0-2":38.6141204498897,"F3-5":56.3398534451305,"F6-10":96.8342676257366,"F11-17":138.550570475588,"F18-24":116.345056847727,"F25-39":229.459408888849,"F40-54":279.880690016963,"F55-64":202.099729913302,"F65-79":238.697323723816,"F80+":112.464727245575,"H0-2":48.552595929625,"H3-5":45.4662314424332,"H6-10":102.735726876617,"H11-17":157.212213898335,"H18-24":108.235174435891,"H25-39":216.917367061937,"H40-54":278.026482116727,"H55-64":212.121001612988,"H65-79":195.31447714195,"H80+":72.1329808509188},"Analyse":{"Votes décisifs":224,"tour décisif":1,"majeurs":2261.694419856644,"Non votants de 18-24":111.67915997723934}}