{"id":228,"slug":"2-387-itancourt","nom_standard":"Itancourt","code_postal":"2","code_departement":"2","libelle_departement":"Aisne","code_commune":"387","Tour 1":{"Inscrits":864,"Abstentions":429,"% Abs/Ins":49.65,"Votants":435,"% Vot/Ins":50.35,"Blancs":16,"% Blancs/Ins":1.85,"% Blancs/Vot":3.68,"Nuls":61,"% Nuls/Ins":7.06,"% Nuls/Vot":14.02,"Exprimés":358,"% Exp/Ins":41.44,"% Exp/Vot":82.3,"resultats":[{"N.Pan.":null,"Code Nuance":"LNC","Sexe":"M","Nom":"DIVE","Prénom":"Julien","Liste":"ITANCOURT AU COEUR !","Sièges / Elu":"15","Sièges Secteur":0,"Sièges CC":3,"Voix":358,"% Voix/Ins":41.44,"% Voix/Exp":100}]},"population":{"F0-2":18.0681769209951,"F3-5":17.019414994457,"F6-10":22.5562732570314,"F11-17":50.9985939967836,"F18-24":13.6637280780045,"F25-39":85.646863214539,"F40-54":104.326189289519,"F55-64":85.7125895673896,"F65-79":84.6026413106862,"F80+":35.0006511114279,"H0-2":14.2912954789633,"H3-5":17.8796949875482,"H6-10":32.3717510082824,"H11-17":47.1426979312732,"H18-24":25.3454561358184,"H25-39":76.6038920530537,"H40-54":109.088454146554,"H55-64":72.1606463993202,"H65-79":76.0535740257937,"H80+":18.4674160925594},"Analyse":{"Votes décisifs":359,"tour décisif":1,"majeurs":786.6721014246654,"Non votants de 18-24":17.438576711304297}}