{"id":238,"slug":"2-521-montreuil-aux-lions","nom_standard":"Montreuil-aux-Lions","code_postal":"2","code_departement":"2","libelle_departement":"Aisne","code_commune":"521","Tour 1":{"Inscrits":953,"Abstentions":442,"% Abs/Ins":46.38,"Votants":511,"% Vot/Ins":53.62,"Blancs":10,"% Blancs/Ins":1.05,"% Blancs/Vot":1.96,"Nuls":7,"% Nuls/Ins":0.73,"% Nuls/Vot":1.37,"Exprimés":494,"% Exp/Ins":51.84,"% Exp/Vot":96.67,"resultats":[{"N.Pan.":null,"Code Nuance":"LNC","Sexe":"M","Nom":"CECCALDI","Prénom":"François","Liste":"Le renouveau de Montreuil Aux Lions","Sièges / Elu":"3","Sièges Secteur":0,"Sièges CC":1,"Voix":206,"% Voix/Ins":21.62,"% Voix/Exp":41.7},{"N.Pan.":2,"Code Nuance":"LNC","Sexe":"M","Nom":"DEVRON","Prénom":"Olivier","Liste":"AGIR ENSEMBLE POUR L'AVENIR","Sièges / Elu":"12","Sièges Secteur":0,"Sièges CC":2,"Voix":288,"% Voix/Ins":30.22,"% Voix/Exp":58.3}]},"population":{"F0-2":27.7179006403669,"F3-5":35.4558532718465,"F6-10":53.0565351034426,"F11-17":74.0637154261524,"F18-24":44.9702637506608,"F25-39":140.53062727703,"F40-54":138.652478351788,"F55-64":77.9029398701998,"F65-79":72.066975220404,"F80+":33.2254944870448,"H0-2":32.598849319417,"H3-5":29.6402272503332,"H6-10":56.8213548919209,"H11-17":67.2015081100277,"H18-24":34.758016336406,"H25-39":136.495514784621,"H40-54":132.195013654666,"H55-64":90.0135506969198,"H65-79":73.9216212334349,"H80+":22.711560323316},"Analyse":{"Votes décisifs":83,"tour décisif":1,"majeurs":997.4440559864911,"Non votants de 18-24":38.88273002341199}}