{"id":180,"slug":"2-59-beautor","nom_standard":"Beautor","code_postal":"2","code_departement":"2","libelle_departement":"Aisne","code_commune":"59","Tour 1":{"Inscrits":1862,"Abstentions":1362,"% Abs/Ins":73.15,"Votants":500,"% Vot/Ins":26.85,"Blancs":9,"% Blancs/Ins":0.48,"% Blancs/Vot":1.8,"Nuls":51,"% Nuls/Ins":2.74,"% Nuls/Vot":10.2,"Exprimés":440,"% Exp/Ins":23.63,"% Exp/Vot":88,"resultats":[{"N.Pan.":null,"Code Nuance":"LNC","Sexe":"M","Nom":"GOARIN","Prénom":"Jackie","Liste":"LE MEILLEUR POUR BEAUTOR","Sièges / Elu":"23","Sièges Secteur":0,"Sièges CC":3,"Voix":440,"% Voix/Ins":23.63,"% Voix/Exp":100}]},"population":{"F0-2":54.5765233301463,"F3-5":53.5826962955184,"F6-10":98.2023726696926,"F11-17":91.9691547357419,"F18-24":91.6780281666626,"F25-39":220.991885189977,"F40-54":264.858828084994,"F55-64":187.84083057021,"F65-79":221.820370806137,"F80+":90.2557958262106,"H0-2":48.4904345889023,"H3-5":63.670861953646,"H6-10":103.23569216176,"H11-17":132.495552788086,"H18-24":107.943031188574,"H25-39":204.612066057079,"H40-54":263.878191885777,"H55-64":186.895611682055,"H65-79":179.783110930301,"H80+":51.2189610885302},"Analyse":{"Votes décisifs":441,"tour décisif":1,"majeurs":2071.776711476508,"Non votants de 18-24":151.44476259278983}}