{"id":251,"slug":"2-668-sains-richaumont","nom_standard":"Sains-Richaumont","code_postal":"2","code_departement":"2","libelle_departement":"Aisne","code_commune":"668","Tour 1":{"Inscrits":664,"Abstentions":374,"% Abs/Ins":56.33,"Votants":290,"% Vot/Ins":43.67,"Blancs":24,"% Blancs/Ins":3.61,"% Blancs/Vot":8.28,"Nuls":36,"% Nuls/Ins":5.42,"% Nuls/Vot":12.41,"Exprimés":230,"% Exp/Ins":34.64,"% Exp/Vot":79.31,"resultats":[{"N.Pan.":null,"Code Nuance":"LNC","Sexe":"M","Nom":"VIEVILLE","Prénom":"Jean-Pierre","Liste":"SAINS-RICHAUMONT, MA COMMUNE JE L'AIME","Sièges / Elu":"15","Sièges Secteur":0,"Sièges CC":2,"Voix":230,"% Voix/Ins":34.64,"% Voix/Exp":100}]},"population":{"F0-2":12.2889752013315,"F3-5":22.0985924879533,"F6-10":59.8127248598325,"F11-17":68.3340382948004,"F18-24":27.2865993875706,"F25-39":86.9873422795939,"F40-54":91.9941308066584,"F55-64":63.5661764505147,"F65-79":80.963205638147,"F80+":47.435612381428,"H0-2":11.4124510560724,"H3-5":17.7756451652691,"H6-10":29.5143831021451,"H11-17":46.4803427144066,"H18-24":33.3170773657222,"H25-39":77.2501744462939,"H40-54":87.7649104106979,"H55-64":63.398782261973,"H65-79":66.6706988737448,"H80+":23.6481368158448},"Analyse":{"Votes décisifs":231,"tour décisif":1,"majeurs":750.2828471181891,"Non votants de 18-24":37.17908917814012}}