{"id":268,"slug":"2-810-villers-cotterets","nom_standard":"Villers-Cotterêts","code_postal":"2","code_departement":"2","libelle_departement":"Aisne","code_commune":"810","Tour 1":{"Inscrits":7041,"Abstentions":4251,"% Abs/Ins":60.37,"Votants":2790,"% Vot/Ins":39.63,"Blancs":59,"% Blancs/Ins":0.84,"% Blancs/Vot":2.11,"Nuls":36,"% Nuls/Ins":0.51,"% Nuls/Vot":1.29,"Exprimés":2695,"% Exp/Ins":38.28,"% Exp/Vot":96.59,"resultats":[{"N.Pan.":null,"Code Nuance":"LRN","Sexe":"M","Nom":"BRIFFAUT","Prénom":"Franck","Liste":"RASSEMBLEMENT COTTEREZIEN","Sièges / Elu":"26","Sièges Secteur":0,"Sièges CC":18,"Voix":1441,"% Voix/Ins":20.47,"% Voix/Exp":53.47},{"N.Pan.":2,"Code Nuance":"LDVC","Sexe":"F","Nom":"DOYEZ ROUSSEL","Prénom":"Jeanne","Liste":"LES CITOYEN(NE)S COTTEREZIEN(NE)S","Sièges / Elu":"4","Sièges Secteur":0,"Sièges CC":3,"Voix":769,"% Voix/Ins":10.92,"% Voix/Exp":28.53},{"N.Pan.":3,"Code Nuance":"LDIV","Sexe":"M","Nom":"DUFOUR","Prénom":"Fabrice","Liste":"ENSEMBLE POUR VILLERS COTTERETS","Sièges / Elu":3,"Sièges CC":2,"Voix":485,"% Voix/Ins":6.89,"% Voix/Exp":18}]},"population":{"F0-2":165.550218188848,"F3-5":201.178804739894,"F6-10":325.016452950209,"F11-17":467.236528704649,"F18-24":404.496940626848,"F25-39":919.920652028847,"F40-54":1012.23869273174,"F55-64":679.954858520687,"F65-79":749.768567819125,"F80+":431.638958167132,"H0-2":157.402985515213,"H3-5":178.868174682428,"H6-10":333.458828674211,"H11-17":457.207836999679,"H18-24":420.434878511834,"H25-39":960.538550156114,"H40-54":990.958336510054,"H55-64":673.83195090619,"H65-79":635.812968832309,"H80+":226.484814733989},"Analyse":{"Votes décisifs":188,"tour décisif":1,"majeurs":8106.080169544869,"Non votants de 18-24":541.0017657395002}}