{"id":2004,"slug":"26-183-mirabel-et-blacons","nom_standard":"Mirabel-et-Blacons","code_postal":"26","code_departement":"26","libelle_departement":"Drôme","code_commune":"183","Tour 1":{"Inscrits":810,"Abstentions":272,"% Abs/Ins":33.58,"Votants":538,"% Vot/Ins":66.42,"Blancs":4,"% Blancs/Ins":0.49,"% Blancs/Vot":0.74,"Nuls":11,"% Nuls/Ins":1.36,"% Nuls/Vot":2.04,"Exprimés":523,"% Exp/Ins":64.57,"% Exp/Vot":97.21,"resultats":[{"N.Pan.":null,"Code Nuance":"LNC","Sexe":"M","Nom":"SERRET","Prénom":"Denis","Liste":"ENGAGÉS POUR MIRABEL-ET-BLACONS","Sièges / Elu":"3","Sièges Secteur":0,"Sièges CC":0,"Voix":217,"% Voix/Ins":26.79,"% Voix/Exp":41.49},{"N.Pan.":2,"Code Nuance":"LNC","Sexe":"M","Nom":"ROCHE","Prénom":"Jean-Philippe","Liste":"L'avenir ensemble","Sièges / Elu":"12","Sièges Secteur":0,"Sièges CC":2,"Voix":306,"% Voix/Ins":37.78,"% Voix/Exp":58.51}]},"population":{"F0-2":19.206315558423,"F3-5":20.2243002284919,"F6-10":38.4178521485044,"F11-17":46.4847526164112,"F18-24":27.3172146071974,"F25-39":114.353602515641,"F40-54":113.465808261671,"F55-64":83.1832578305583,"F65-79":95.3991664507585,"F80+":34.5196018586045,"H0-2":17.1963681818564,"H3-5":25.2621677776685,"H6-10":48.5102680498308,"H11-17":55.57137016866,"H18-24":34.4361510106961,"H25-39":103.249509071804,"H40-54":110.384132583459,"H55-64":74.0300189850567,"H65-79":103.492631093699,"H80+":20.295511001008},"Analyse":{"Votes décisifs":90,"tour décisif":1,"majeurs":914.1266052701535,"Non votants de 18-24":25.40904469901142}}