{"id":201,"slug":"2-217-coucy-le-chateau-auffrique","nom_standard":"Coucy-le-Château-Auffrique","code_postal":"2","code_departement":"2","libelle_departement":"Aisne","code_commune":"217","Tour 1":{"Inscrits":630,"Abstentions":344,"% Abs/Ins":54.6,"Votants":286,"% Vot/Ins":45.4,"Blancs":20,"% Blancs/Ins":3.17,"% Blancs/Vot":6.99,"Nuls":34,"% Nuls/Ins":5.4,"% Nuls/Vot":11.89,"Exprimés":232,"% Exp/Ins":36.83,"% Exp/Vot":81.12,"resultats":[{"N.Pan.":null,"Code Nuance":"LNC","Sexe":"F","Nom":"BOUTROY","Prénom":"Sophie","Liste":"PRÉSENTS POUR LE FUTUR DE COUCY","Sièges / Elu":"15","Sièges Secteur":0,"Sièges CC":2,"Voix":232,"% Voix/Ins":36.83,"% Voix/Exp":100}]},"population":{"F0-2":10.7247222101119,"F3-5":11.5805233016768,"F6-10":34.7242819421198,"F11-17":51.2123929533763,"F18-24":24.6556552921367,"F25-39":82.7729024581149,"F40-54":92.8811250517311,"F55-64":63.5501932153864,"F65-79":82.8776083511383,"F80+":61.6273285666948,"H0-2":14.1955936238459,"H3-5":12.2384832941051,"H6-10":23.1057138173543,"H11-17":46.2325905803767,"H18-24":37.461730625739,"H25-39":67.5539070166512,"H40-54":112.362549408273,"H55-64":61.5062521344115,"H65-79":73.5396571809377,"H80+":27.1967889758182},"Analyse":{"Votes décisifs":233,"tour décisif":1,"majeurs":787.985698277033,"Non votants de 18-24":39.571834125047864}}