{"id":2031,"slug":"26-312-saint-marcel-les-sauzet","nom_standard":"Saint-Marcel-lès-Sauzet","code_postal":"26","code_departement":"26","libelle_departement":"Drôme","code_commune":"312","Tour 1":{"Inscrits":984,"Abstentions":456,"% Abs/Ins":46.34,"Votants":528,"% Vot/Ins":53.66,"Blancs":7,"% Blancs/Ins":0.71,"% Blancs/Vot":1.33,"Nuls":3,"% Nuls/Ins":0.3,"% Nuls/Vot":0.57,"Exprimés":518,"% Exp/Ins":52.64,"% Exp/Vot":98.11,"resultats":[{"N.Pan.":null,"Code Nuance":"LNC","Sexe":"M","Nom":"LÉVÊQUE","Prénom":"Yves","Liste":"ENSEMBLE POUR SAINT-MARCEL 2020","Sièges / Elu":"13","Sièges Secteur":0,"Sièges CC":1,"Voix":361,"% Voix/Ins":36.69,"% Voix/Exp":69.69},{"N.Pan.":2,"Code Nuance":"LNC","Sexe":"M","Nom":"LAURENT","Prénom":"Alexandre","Liste":"AGIR POUR SAINT-MARCEL-LES-SAUZET","Sièges / Elu":"2","Sièges Secteur":0,"Sièges CC":0,"Voix":157,"% Voix/Ins":15.96,"% Voix/Exp":30.31}]},"population":{"F0-2":15.3652999044281,"F3-5":26.145449276018,"F6-10":45.6165600799052,"F11-17":57.7070063582589,"F18-24":21.4989968078058,"F25-39":105.085365611545,"F40-54":137.376064068031,"F55-64":93.2818708737987,"F65-79":111.555840162484,"F80+":36.0053007123157,"H0-2":23.5486614630487,"H3-5":13.2710322037495,"H6-10":45.6905266578745,"H11-17":71.7500625586538,"H18-24":34.2545112176677,"H25-39":90.0739896558368,"H40-54":133.190567918803,"H55-64":89.4555498877198,"H65-79":93.4067671564,"H80+":24.7205774256569},"Analyse":{"Votes décisifs":205,"tour décisif":1,"majeurs":969.9054014980645,"Non votants de 18-24":25.402246766404456}}