{"id":2032,"slug":"26-313-saint-marcel-les-valence","nom_standard":"Saint-Marcel-lès-Valence","code_postal":"26","code_departement":"26","libelle_departement":"Drôme","code_commune":"313","Tour 1":{"Inscrits":4516,"Abstentions":2334,"% Abs/Ins":51.68,"Votants":2182,"% Vot/Ins":48.32,"Blancs":21,"% Blancs/Ins":0.47,"% Blancs/Vot":0.96,"Nuls":37,"% Nuls/Ins":0.82,"% Nuls/Vot":1.7,"Exprimés":2124,"% Exp/Ins":47.03,"% Exp/Vot":97.34,"resultats":[{"N.Pan.":null,"Code Nuance":"LDVC","Sexe":"M","Nom":"VALLA","Prénom":"Jean-Michel","Liste":"tellement Saint Marcel","Sièges / Elu":"25","Sièges Secteur":0,"Sièges CC":2,"Voix":1442,"% Voix/Ins":31.93,"% Voix/Exp":67.89},{"N.Pan.":2,"Code Nuance":"LDVD","Sexe":"F","Nom":"TEYSSOT","Prénom":"Béatrice","Liste":"SAINT MARCEL VILLE D'AVENIR","Sièges / Elu":"4","Sièges Secteur":0,"Sièges CC":0,"Voix":682,"% Voix/Ins":15.1,"% Voix/Exp":32.11}]},"population":{"F0-2":104.091609854899,"F3-5":126.27025239026,"F6-10":258.400388634993,"F11-17":285.380652144189,"F18-24":156.07926385043,"F25-39":532.128364575055,"F40-54":718.432631934995,"F55-64":327.369258823326,"F65-79":496.818169099387,"F80+":222.430617177345,"H0-2":108.564422565061,"H3-5":122.96022210212,"H6-10":244.642834546133,"H11-17":325.774020013302,"H18-24":197.946803668445,"H25-39":507.872290065699,"H40-54":678.933160719159,"H55-64":321.63112951021,"H65-79":452.154124841919,"H80+":132.119783483072},"Analyse":{"Votes décisifs":761,"tour décisif":1,"majeurs":4743.915597749042,"Non votants de 18-24":191.18908962392166}}