{"id":2043,"slug":"26-345-suze-la-rousse","nom_standard":"Suze-la-Rousse","code_postal":"26","code_departement":"26","libelle_departement":"Drôme","code_commune":"345","Tour 1":{"Inscrits":1619,"Abstentions":564,"% Abs/Ins":34.84,"Votants":1055,"% Vot/Ins":65.16,"Blancs":24,"% Blancs/Ins":1.48,"% Blancs/Vot":2.27,"Nuls":13,"% Nuls/Ins":0.8,"% Nuls/Vot":1.23,"Exprimés":1018,"% Exp/Ins":62.88,"% Exp/Vot":96.49,"resultats":[{"N.Pan.":null,"Code Nuance":"LNC","Sexe":"M","Nom":"MEDINA","Prénom":"Hervé","Liste":"ENSEMBLE, VIVONS SUZE-LA-ROUSSE","Sièges / Elu":"15","Sièges Secteur":0,"Sièges CC":2,"Voix":529,"% Voix/Ins":32.67,"% Voix/Exp":51.96},{"N.Pan.":2,"Code Nuance":"LNC","Sexe":"M","Nom":"CARRU","Prénom":"Franck","Liste":"Le bon sens pour Suze","Sièges / Elu":"4","Sièges Secteur":0,"Sièges CC":0,"Voix":489,"% Voix/Ins":30.2,"% Voix/Exp":48.04}]},"population":{"F0-2":21.0818795151855,"F3-5":28.5093797469737,"F6-10":82.0731759813501,"F11-17":100.012499889641,"F18-24":45.8768266724611,"F25-39":185.487267865425,"F40-54":207.925854993921,"F55-64":161.498430987107,"F65-79":187.483444278764,"F80+":76.0180961224468,"H0-2":27.5110855517028,"H3-5":46.6354754047108,"H6-10":69.6325567528436,"H11-17":101.198826992608,"H18-24":53.5024108378082,"H25-39":150.053245459435,"H40-54":217.167445491742,"H55-64":157.575180558378,"H65-79":162.956843050306,"H80+":43.8000738471921},"Analyse":{"Votes décisifs":41,"tour décisif":1,"majeurs":1649.3451201649862,"Non votants de 18-24":35.81152551870847}}