{"id":2072,"slug":"27-82-la-bonneville-sur-iton","nom_standard":"La Bonneville-sur-Iton","code_postal":"27","code_departement":"27","libelle_departement":"Eure","code_commune":"82","Tour 1":{"Inscrits":1548,"Abstentions":1041,"% Abs/Ins":67.25,"Votants":507,"% Vot/Ins":32.75,"Blancs":19,"% Blancs/Ins":1.23,"% Blancs/Vot":3.75,"Nuls":31,"% Nuls/Ins":2,"% Nuls/Vot":6.11,"Exprimés":457,"% Exp/Ins":29.52,"% Exp/Vot":90.14,"resultats":[{"N.Pan.":null,"Code Nuance":"LNC","Sexe":"M","Nom":"RIOULT","Prénom":"Olivier","Liste":"ENGAGEONS-NOUS POUR NOTRE AVENIR","Sièges / Elu":"19","Sièges Secteur":0,"Sièges CC":5,"Voix":457,"% Voix/Ins":29.52,"% Voix/Exp":100}]},"population":{"F0-2":26.4430967749992,"F3-5":36.352493769281,"F6-10":72.9353100337341,"F11-17":74.5054621887829,"F18-24":69.070300307327,"F25-39":185.063449594819,"F40-54":234.478806504559,"F55-64":167.51262079864,"F65-79":138.568931647014,"F80+":63.6391097683889,"H0-2":33.6955254748078,"H3-5":27.6549919777645,"H6-10":60.8258051354374,"H11-17":102.463836865535,"H18-24":54.9442198707359,"H25-39":164.89938280628,"H40-54":222.006107468567,"H55-64":152.679813101467,"H65-79":117.559132684811,"H80+":41.7016032270493},"Analyse":{"Votes décisifs":458,"tour décisif":1,"majeurs":1612.123477779658,"Non votants de 18-24":85.0129408344789}}