{"id":2081,"slug":"27-108-bourth","nom_standard":"Bourth","code_postal":"27","code_departement":"27","libelle_departement":"Eure","code_commune":"108","Tour 1":{"Inscrits":953,"Abstentions":630,"% Abs/Ins":66.11,"Votants":323,"% Vot/Ins":33.89,"Blancs":12,"% Blancs/Ins":1.26,"% Blancs/Vot":3.72,"Nuls":26,"% Nuls/Ins":2.73,"% Nuls/Vot":8.05,"Exprimés":285,"% Exp/Ins":29.91,"% Exp/Vot":88.24,"resultats":[{"N.Pan.":null,"Code Nuance":"LNC","Sexe":"M","Nom":"JOUSSET","Prénom":"Sébastien","Liste":"AGISSONS ENSEMBLE","Sièges / Elu":"15","Sièges Secteur":0,"Sièges CC":2,"Voix":285,"% Voix/Ins":29.91,"% Voix/Exp":100}]},"population":{"F0-2":13.4301276981525,"F3-5":25.7499120015603,"F6-10":28.605196151175,"F11-17":41.513151022384,"F18-24":38.1842199969338,"F25-39":88.1215573841948,"F40-54":117.093139702178,"F55-64":87.4926972672,"F65-79":116.713092412331,"F80+":60.5333517124482,"H0-2":17.2390452656599,"H3-5":19.9608623781929,"H6-10":40.1638076171899,"H11-17":39.1104143736206,"H18-24":39.8655862895414,"H25-39":83.8370054349991,"H40-54":115.077136565562,"H55-64":78.4748592694708,"H65-79":102.281546387749,"H80+":34.5532910694576},"Analyse":{"Votes décisifs":286,"tour décisif":1,"majeurs":962.2274834920657,"Non votants de 18-24":51.8500896258781}}