{"id":1510,"slug":"21-103-brazey-en-plaine","nom_standard":"Brazey-en-Plaine","code_postal":"21","code_departement":"21","libelle_departement":"Côte-d'Or","code_commune":"103","Tour 1":{"Inscrits":1968,"Abstentions":1460,"% Abs/Ins":74.19,"Votants":508,"% Vot/Ins":25.81,"Blancs":13,"% Blancs/Ins":0.66,"% Blancs/Vot":2.56,"Nuls":51,"% Nuls/Ins":2.59,"% Nuls/Vot":10.04,"Exprimés":444,"% Exp/Ins":22.56,"% Exp/Vot":87.4,"resultats":[{"N.Pan.":null,"Code Nuance":"LNC","Sexe":"M","Nom":"DELEPAU","Prénom":"Gilles","Liste":"Poursuivre ensemble l'avenir de Brazey","Sièges / Elu":"19","Sièges Secteur":0,"Sièges CC":6,"Voix":444,"% Voix/Ins":22.56,"% Voix/Exp":100}]},"population":{"F0-2":40.7745778489501,"F3-5":39.8691835718554,"F6-10":76.4600847570745,"F11-17":91.8622959571939,"F18-24":71.2295508141214,"F25-39":210.032198049152,"F40-54":232.83106066256,"F55-64":164.156941859156,"F65-79":203.560956120626,"F80+":84.7217674590212,"H0-2":34.9580805200604,"H3-5":31.9545369589046,"H6-10":72.6982960309044,"H11-17":115.135381554528,"H18-24":71.3142645522245,"H25-39":203.595759655224,"H40-54":236.93552615838,"H55-64":155.921555603042,"H65-79":188.330924799139,"H80+":51.657057067882},"Analyse":{"Votes décisifs":445,"tour décisif":1,"majeurs":1874.2875628005281,"Non votants de 18-24":103.90926448776749}}