{"id":1542,"slug":"21-464-nuits-saint-georges","nom_standard":"Nuits-Saint-Georges","code_postal":"21","code_departement":"21","libelle_departement":"Côte-d'Or","code_commune":"464","Tour 1":{"Inscrits":3575,"Abstentions":1872,"% Abs/Ins":52.36,"Votants":1703,"% Vot/Ins":47.64,"Blancs":59,"% Blancs/Ins":1.65,"% Blancs/Vot":3.46,"Nuls":68,"% Nuls/Ins":1.9,"% Nuls/Vot":3.99,"Exprimés":1576,"% Exp/Ins":44.08,"% Exp/Vot":92.54,"resultats":[{"N.Pan.":null,"Code Nuance":"LDVD","Sexe":"M","Nom":"CARTRON","Prénom":"Alain","Liste":"Nuits-Saint-Georges Passionnément","Sièges / Elu":"24","Sièges Secteur":0,"Sièges CC":11,"Voix":1045,"% Voix/Ins":29.23,"% Voix/Exp":66.31},{"N.Pan.":2,"Code Nuance":"LDIV","Sexe":"M","Nom":"CARRASCO","Prénom":"Daniel","Liste":"COEUR DE NUITS","Sièges / Elu":"5","Sièges Secteur":0,"Sièges CC":2,"Voix":531,"% Voix/Ins":14.85,"% Voix/Exp":33.69}]},"population":{"F0-2":65.7859172765936,"F3-5":71.1921976159404,"F6-10":130.588412890306,"F11-17":225.390301811319,"F18-24":159.981247082266,"F25-39":447.770424086689,"F40-54":520.048158691454,"F55-64":381.411874644301,"F65-79":481.099473294971,"F80+":368.5705213206,"H0-2":80.0388754359721,"H3-5":62.4326343398798,"H6-10":126.870489840915,"H11-17":195.911751564653,"H18-24":189.593172233711,"H25-39":443.259957815687,"H40-54":482.27003864651,"H55-64":355.773483233337,"H65-79":392.459830651197,"H80+":151.551237523697},"Analyse":{"Votes décisifs":515,"tour décisif":1,"majeurs":4373.789419224419,"Non votants de 18-24":213.4624168774429}}