{"id":1566,"slug":"21-657-varois-et-chaignot","nom_standard":"Varois-et-Chaignot","code_postal":"21","code_departement":"21","libelle_departement":"Côte-d'Or","code_commune":"657","Tour 1":{"Inscrits":1759,"Abstentions":1163,"% Abs/Ins":66.12,"Votants":596,"% Vot/Ins":33.88,"Blancs":52,"% Blancs/Ins":2.96,"% Blancs/Vot":8.72,"Nuls":0,"% Nuls/Ins":0,"% Nuls/Vot":0,"Exprimés":544,"% Exp/Ins":30.93,"% Exp/Vot":91.28,"resultats":[{"N.Pan.":null,"Code Nuance":"LNC","Sexe":"M","Nom":"JOBARD","Prénom":"Pierre","Liste":"BIEN VIVRE A VAROIS ET CHAIGNOT","Sièges / Elu":"19","Sièges Secteur":0,"Sièges CC":4,"Voix":544,"% Voix/Ins":30.93,"% Voix/Exp":100}]},"population":{"F0-2":24.8960704113371,"F3-5":22.9460383219487,"F6-10":66.9887894837655,"F11-17":93.625484626792,"F18-24":31.6093082550508,"F25-39":135.513190591964,"F40-54":206.306599819841,"F55-64":144.077916533215,"F65-79":218.763582357926,"F80+":72.699147963817,"H0-2":32.5811431610146,"H3-5":44.0634243496962,"H6-10":53.5306070033504,"H11-17":72.5717819431603,"H18-24":62.3296071235509,"H25-39":125.945949996647,"H40-54":189.96489534034,"H55-64":124.519615818149,"H65-79":206.106325049194,"H80+":60.9605218492419},"Analyse":{"Votes décisifs":545,"tour décisif":1,"majeurs":1578.7966606989366,"Non votants de 18-24":58.476721316916276}}