{"id":2104,"slug":"27-226-etrepagny","nom_standard":"Etrépagny","code_postal":"27","code_departement":"27","libelle_departement":"Eure","code_commune":"226","Tour 1":{"Inscrits":2862,"Abstentions":1367,"% Abs/Ins":47.76,"Votants":1495,"% Vot/Ins":52.24,"Blancs":9,"% Blancs/Ins":0.31,"% Blancs/Vot":0.6,"Nuls":38,"% Nuls/Ins":1.33,"% Nuls/Vot":2.54,"Exprimés":1448,"% Exp/Ins":50.59,"% Exp/Vot":96.86,"resultats":[{"N.Pan.":null,"Code Nuance":"LDIV","Sexe":"M","Nom":"DHOËDT","Prénom":"Jim","Liste":"Etrépagny 2020, une nouvelle dynamique !","Sièges / Elu":"5","Sièges Secteur":0,"Sièges CC":1,"Voix":534,"% Voix/Ins":18.66,"% Voix/Exp":36.88},{"N.Pan.":2,"Code Nuance":"LDIV","Sexe":"M","Nom":"CAILLIET","Prénom":"Frédéric","Liste":"ETRÉPAGNY AVEC PASSION","Sièges / Elu":"22","Sièges Secteur":0,"Sièges CC":6,"Voix":914,"% Voix/Ins":31.94,"% Voix/Exp":63.12}]},"population":{"F0-2":50.3430544438652,"F3-5":56.0160075758914,"F6-10":108.299525730363,"F11-17":194.080250783895,"F18-24":145.238720632293,"F25-39":275.813110169695,"F40-54":408.6519097819,"F55-64":259.068031744568,"F65-79":299.421322610992,"F80+":137.292124457971,"H0-2":46.9502610776244,"H3-5":62.4295324136197,"H6-10":108.343442329498,"H11-17":164.550195084508,"H18-24":142.058438964868,"H25-39":293.16747574646,"H40-54":373.176141332161,"H55-64":246.985459227016,"H65-79":261.743878020318,"H80+":69.3711178724929},"Analyse":{"Votes décisifs":381,"tour décisif":1,"majeurs":2911.9877305607342,"Non votants de 18-24":139.80022851804236}}