{"id":2111,"slug":"27-263-le-perrey","nom_standard":"Le Perrey","code_postal":"27","code_departement":"27","libelle_departement":"Eure","code_commune":"263","Tour 1":{"Inscrits":971,"Abstentions":632,"% Abs/Ins":65.09,"Votants":339,"% Vot/Ins":34.91,"Blancs":11,"% Blancs/Ins":1.13,"% Blancs/Vot":3.24,"Nuls":45,"% Nuls/Ins":4.63,"% Nuls/Vot":13.27,"Exprimés":283,"% Exp/Ins":29.15,"% Exp/Vot":83.48,"resultats":[{"N.Pan.":null,"Code Nuance":"LNC","Sexe":"M","Nom":"MARIE","Prénom":"Philippe","Liste":"ENSEMBLE POUR LE PERREY","Sièges / Elu":"19","Sièges Secteur":0,"Sièges CC":2,"Voix":283,"% Voix/Ins":29.15,"% Voix/Exp":100}]},"population":{"F0-2":17.5873106166133,"F3-5":19.7820141549653,"F6-10":45.9779376508679,"F11-17":60.7865506365214,"F18-24":25.4804763041905,"F25-39":112.512922853736,"F40-54":121.990197198673,"F55-64":82.8103600119748,"F65-79":100.09238709983,"F80+":28.1697015664543,"H0-2":17.7567271467504,"H3-5":25.9151000096663,"H6-10":53.9721717636669,"H11-17":50.1750165240583,"H18-24":24.5502554371252,"H25-39":99.9282999360039,"H40-54":140.381766741197,"H55-64":84.2006098750385,"H65-79":99.4204867613963,"H80+":24.50970771127},"Analyse":{"Votes décisifs":284,"tour décisif":1,"majeurs":944.0471714968895,"Non votants de 18-24":32.0650849257933}}