{"id":2135,"slug":"27-390-marcilly-la-campagne","nom_standard":"Marcilly-la-Campagne","code_postal":"27","code_departement":"27","libelle_departement":"Eure","code_commune":"390","Tour 1":{"Inscrits":752,"Abstentions":529,"% Abs/Ins":70.35,"Votants":223,"% Vot/Ins":29.65,"Blancs":14,"% Blancs/Ins":1.86,"% Blancs/Vot":6.28,"Nuls":12,"% Nuls/Ins":1.6,"% Nuls/Vot":5.38,"Exprimés":197,"% Exp/Ins":26.2,"% Exp/Vot":88.34,"resultats":[{"N.Pan.":null,"Code Nuance":"LNC","Sexe":"M","Nom":"HEROUARD","Prénom":"Jean-Paul","Liste":"LA DEFENSE DES INTERETS COMMUNAUX","Sièges / Elu":"15","Sièges Secteur":0,"Sièges CC":1,"Voix":197,"% Voix/Ins":26.2,"% Voix/Exp":100}]},"population":{"F0-2":18.7308283354261,"F3-5":24.5829130765341,"F6-10":36.358419909608,"F11-17":60.9571411171365,"F18-24":33.8266827562433,"F25-39":116.129329218324,"F40-54":122.893101450347,"F55-64":64.9964985791831,"F65-79":55.2334450840199,"F80+":17.4198168087235,"H0-2":24.8184550246761,"H3-5":22.7706699812215,"H6-10":54.1486795044525,"H11-17":74.7229389442063,"H18-24":31.7347857904011,"H25-39":91.6084013412857,"H40-54":138.801643359932,"H55-64":66.0453783263585,"H65-79":54.0022485457324,"H80+":9.21862284618807},"Analyse":{"Votes décisifs":198,"tour décisif":1,"majeurs":801.9099541067386,"Non votants de 18-24":47.32973640386611}}