{"id":2151,"slug":"27-474-poses","nom_standard":"Poses","code_postal":"27","code_departement":"27","libelle_departement":"Eure","code_commune":"474","Tour 1":{"Inscrits":910,"Abstentions":347,"% Abs/Ins":38.13,"Votants":563,"% Vot/Ins":61.87,"Blancs":11,"% Blancs/Ins":1.21,"% Blancs/Vot":1.95,"Nuls":6,"% Nuls/Ins":0.66,"% Nuls/Vot":1.07,"Exprimés":546,"% Exp/Ins":60,"% Exp/Vot":96.98,"resultats":[{"N.Pan.":null,"Code Nuance":"LNC","Sexe":"M","Nom":"LOISEAU","Prénom":"Georgio","Liste":"PARE : POSES, AGIR ET REUSSIR ENSEMBLE","Sièges / Elu":"12","Sièges Secteur":0,"Sièges CC":1,"Voix":308,"% Voix/Ins":33.85,"% Voix/Exp":56.41},{"N.Pan.":2,"Code Nuance":"LNC","Sexe":"M","Nom":"JIMONET","Prénom":"Thierry","Liste":"BIEN VIVRE A POSES","Sièges / Elu":"3","Sièges Secteur":0,"Sièges CC":0,"Voix":238,"% Voix/Ins":26.15,"% Voix/Exp":43.59}]},"population":{"F0-2":13.4060298945145,"F3-5":10.3038132737345,"F6-10":38.1457507186207,"F11-17":43.3185519844473,"F18-24":29.7831533869119,"F25-39":91.2824934133705,"F40-54":108.610357336775,"F55-64":91.4097435823098,"F65-79":89.2018015198093,"F80+":40.4733607233641,"H0-2":21.6306212146431,"H3-5":20.6646817556378,"H6-10":35.1260936946017,"H11-17":45.3974511538285,"H18-24":42.036098322331,"H25-39":96.2939728034783,"H40-54":125.842130265192,"H55-64":96.622153779463,"H65-79":78.1003991138081,"H80+":25.3513420631581},"Analyse":{"Votes décisifs":71,"tour décisif":1,"majeurs":915.007006309971,"Non votants de 18-24":27.629165258029317}}