{"id":1634,"slug":"22-171-plaintel","nom_standard":"Plaintel","code_postal":"22","code_departement":"22","libelle_departement":"Côtes-d'Armor","code_commune":"171","Tour 1":{"Inscrits":3270,"Abstentions":1920,"% Abs/Ins":58.72,"Votants":1350,"% Vot/Ins":41.28,"Blancs":25,"% Blancs/Ins":0.76,"% Blancs/Vot":1.85,"Nuls":95,"% Nuls/Ins":2.91,"% Nuls/Vot":7.04,"Exprimés":1230,"% Exp/Ins":37.61,"% Exp/Vot":91.11,"resultats":[{"N.Pan.":null,"Code Nuance":"LDVD","Sexe":"M","Nom":"ALLENO","Prénom":"Vincent","Liste":"Vivre ensemble à Plaintel","Sièges / Elu":"27","Sièges Secteur":0,"Sièges CC":2,"Voix":1230,"% Voix/Ins":37.61,"% Voix/Exp":100}]},"population":{"F0-2":81.9428500747511,"F3-5":105.104846809797,"F6-10":169.033393456711,"F11-17":233.852940090163,"F18-24":108.746453634974,"F25-39":421.845997766632,"F40-54":426.521097179633,"F55-64":295.702122817984,"F65-79":335.548738424876,"F80+":144.855238171983,"H0-2":65.5527038507516,"H3-5":93.9529599257416,"H6-10":176.514390540046,"H11-17":212.294320893967,"H18-24":107.474425943138,"H25-39":370.565194068102,"H40-54":489.214859656505,"H55-64":275.245503724714,"H65-79":297.070225915308,"H80+":89.9617370542221},"Analyse":{"Votes décisifs":1231,"tour décisif":1,"majeurs":3362.7515943580706,"Non votants de 18-24":129.41750465140325}}