{"id":1624,"slug":"22-147-merdrignac","nom_standard":"Merdrignac","code_postal":"22","code_departement":"22","libelle_departement":"Côtes-d'Armor","code_commune":"147","Tour 1":{"Inscrits":2097,"Abstentions":766,"% Abs/Ins":36.53,"Votants":1331,"% Vot/Ins":63.47,"Blancs":12,"% Blancs/Ins":0.57,"% Blancs/Vot":0.9,"Nuls":34,"% Nuls/Ins":1.62,"% Nuls/Vot":2.55,"Exprimés":1285,"% Exp/Ins":61.28,"% Exp/Vot":96.54,"resultats":[{"N.Pan.":null,"Code Nuance":"LNC","Sexe":"M","Nom":"ROBIN","Prénom":"Eric","Liste":"POUR BIEN GRANDIR, BIEN VIVRE ET BIEN VIELLIR A MERDRIGNAC","Sièges / Elu":"18","Sièges Secteur":0,"Sièges CC":3,"Voix":720,"% Voix/Ins":34.33,"% Voix/Exp":56.03},{"N.Pan.":2,"Code Nuance":"LNC","Sexe":"M","Nom":"DAUNAY","Prénom":"Dominique","Liste":"ENSEMBLE, CONSTRUISONS L'AVENIR DE MERDRIGNAC","Sièges / Elu":"5","Sièges Secteur":0,"Sièges CC":1,"Voix":565,"% Voix/Ins":26.94,"% Voix/Exp":43.97}]},"population":{"F0-2":47.3413225714126,"F3-5":37.3080426273339,"F6-10":61.4166324209668,"F11-17":105.855837023753,"F18-24":133.501994273582,"F25-39":194.934492988866,"F40-54":269.100292812147,"F55-64":180.640426908312,"F65-79":246.715876297041,"F80+":252.496930146786,"H0-2":43.3613468230132,"H3-5":44.3539807290887,"H6-10":87.5732537342688,"H11-17":144.039708549915,"H18-24":163.619168326947,"H25-39":185.025685839901,"H40-54":257.866094480579,"H55-64":183.577712242171,"H65-79":190.856287996648,"H80+":124.414913207269},"Analyse":{"Votes décisifs":156,"tour décisif":1,"majeurs":2382.749875520249,"Non votants de 18-24":131.14978999266867}}