{"id":1642,"slug":"22-182-plelo","nom_standard":"Plélo","code_postal":"22","code_departement":"22","libelle_departement":"Côtes-d'Armor","code_commune":"182","Tour 1":{"Inscrits":2329,"Abstentions":913,"% Abs/Ins":39.2,"Votants":1416,"% Vot/Ins":60.8,"Blancs":10,"% Blancs/Ins":0.43,"% Blancs/Vot":0.71,"Nuls":40,"% Nuls/Ins":1.72,"% Nuls/Vot":2.82,"Exprimés":1366,"% Exp/Ins":58.65,"% Exp/Vot":96.47,"resultats":[{"N.Pan.":null,"Code Nuance":"LNC","Sexe":"M","Nom":"FOLLET","Prénom":"Denis","Liste":"PLELO, ENSEMBLE VERS L'AVENIR","Sièges / Elu":"5","Sièges Secteur":0,"Sièges CC":1,"Voix":624,"% Voix/Ins":26.79,"% Voix/Exp":45.68},{"N.Pan.":2,"Code Nuance":"LNC","Sexe":"M","Nom":"MEURO","Prénom":"Jérémy","Liste":"AVENIR ET PROXIMITÉ","Sièges / Elu":"18","Sièges Secteur":0,"Sièges CC":4,"Voix":742,"% Voix/Ins":31.86,"% Voix/Exp":54.32}]},"population":{"F0-2":51.2434440991201,"F3-5":60.2738194652847,"F6-10":105.333646330974,"F11-17":166.539708079489,"F18-24":80.0038913381156,"F25-39":290.140036731392,"F40-54":336.57109693781,"F55-64":203.927484162401,"F65-79":209.584130892576,"F80+":92.7620401382303,"H0-2":47.1211664160737,"H3-5":69.1205886196082,"H6-10":118.911194261842,"H11-17":195.608277794978,"H18-24":102.923781865024,"H25-39":280.91090530736,"H40-54":357.957274501354,"H55-64":220.767391112611,"H65-79":194.437018843255,"H80+":54.8631031024999},"Analyse":{"Votes décisifs":119,"tour décisif":1,"majeurs":2424.848154932629,"Non votants de 18-24":76.10631008861404}}