{"id":1639,"slug":"22-178-plehedel","nom_standard":"Pléhédel","code_postal":"22","code_departement":"22","libelle_departement":"Côtes-d'Armor","code_commune":"178","Tour 1":{"Inscrits":1047,"Abstentions":508,"% Abs/Ins":48.52,"Votants":539,"% Vot/Ins":51.48,"Blancs":27,"% Blancs/Ins":2.58,"% Blancs/Vot":5.01,"Nuls":38,"% Nuls/Ins":3.63,"% Nuls/Vot":7.05,"Exprimés":474,"% Exp/Ins":45.27,"% Exp/Vot":87.94,"resultats":[{"N.Pan.":null,"Code Nuance":"LNC","Sexe":"M","Nom":"LE CALVEZ","Prénom":"Michel","Liste":"HORIZON 2026 BIEN VIVIRE ENSEMBLE A PLEHEDEL","Sièges / Elu":"15","Sièges Secteur":0,"Sièges CC":1,"Voix":474,"% Voix/Ins":45.27,"% Voix/Exp":100}]},"population":{"F0-2":19.541539017471,"F3-5":24.6612062512473,"F6-10":46.3789994935784,"F11-17":81.117924918099,"F18-24":21.351287161557,"F25-39":96.9900497245124,"F40-54":128.402030395814,"F55-64":77.6762700659204,"F65-79":123.644317554933,"F80+":55.1761325616346,"H0-2":27.5617062232829,"H3-5":19.4643762183943,"H6-10":49.3830518228061,"H11-17":90.4023948021364,"H18-24":35.644937643661,"H25-39":83.473836535393,"H40-54":126.424271165809,"H55-64":95.8792593988457,"H65-79":88.5165285479655,"H80+":43.3098804969382},"Analyse":{"Votes décisifs":475,"tour décisif":1,"majeurs":976.488801252984,"Non votants de 18-24":25.535582214547407}}