{"id":1629,"slug":"22-162-paimpol","nom_standard":"Paimpol","code_postal":"22","code_departement":"22","libelle_departement":"Côtes-d'Armor","code_commune":"162","Tour 1":{"Inscrits":6222,"Abstentions":2738,"% Abs/Ins":44.01,"Votants":3484,"% Vot/Ins":55.99,"Blancs":27,"% Blancs/Ins":0.43,"% Blancs/Vot":0.77,"Nuls":50,"% Nuls/Ins":0.8,"% Nuls/Vot":1.44,"Exprimés":3407,"% Exp/Ins":54.76,"% Exp/Vot":97.79,"resultats":[{"N.Pan.":null,"Code Nuance":"LDVG","Sexe":"F","Nom":"CHAPPÉ","Prénom":"Fanny","Liste":"J'AIME PAIMPOL","Sièges / Elu":"22","Sièges Secteur":0,"Sièges CC":6,"Voix":1714,"% Voix/Ins":27.55,"% Voix/Exp":50.31},{"N.Pan.":2,"Code Nuance":"LDVC","Sexe":"M","Nom":"DE CHAISEMARTIN","Prénom":"Jean-Yves","Liste":"VIVE PAIMPOL !","Sièges / Elu":"7","Sièges Secteur":0,"Sièges CC":1,"Voix":1693,"% Voix/Ins":27.21,"% Voix/Exp":49.69}]},"population":{"F0-2":43.8669888982117,"F3-5":57.2374792071245,"F6-10":114.339967435498,"F11-17":216.681930462476,"F18-24":188.890570771736,"F25-39":337.916005617373,"F40-54":593.593078580524,"F55-64":626.445238683348,"F65-79":1088.12392683013,"F80+":722.942651611808,"H0-2":52.0437168453606,"H3-5":56.6132218102483,"H6-10":107.110237144161,"H11-17":220.852082400192,"H18-24":210.816051412849,"H25-39":346.131731935474,"H40-54":498.406743915085,"H55-64":540.653678475863,"H65-79":798.661629523504,"H80+":320.673068439037},"Analyse":{"Votes décisifs":22,"tour décisif":1,"majeurs":6273.2543757967305,"Non votants de 18-24":177.72010796576208}}