{"id":1674,"slug":"22-224-ploulec-h","nom_standard":"Ploulec'h","code_postal":"22","code_departement":"22","libelle_departement":"Côtes-d'Armor","code_commune":"224","Tour 1":{"Inscrits":1336,"Abstentions":745,"% Abs/Ins":55.76,"Votants":591,"% Vot/Ins":44.24,"Blancs":28,"% Blancs/Ins":2.1,"% Blancs/Vot":4.74,"Nuls":69,"% Nuls/Ins":5.16,"% Nuls/Vot":11.68,"Exprimés":494,"% Exp/Ins":36.98,"% Exp/Vot":83.59,"resultats":[{"N.Pan.":null,"Code Nuance":"LNC","Sexe":"M","Nom":"CAMUS","Prénom":"Sylvain","Liste":"Avec Vous Pour Ploulec'h","Sièges / Elu":"19","Sièges Secteur":0,"Sièges CC":1,"Voix":494,"% Voix/Ins":36.98,"% Voix/Exp":100}]},"population":{"F0-2":22.6238317383198,"F3-5":26.612270338504,"F6-10":48.9072284491172,"F11-17":73.6625465975831,"F18-24":17.8881607254575,"F25-39":101.008152294507,"F40-54":157.491233862307,"F55-64":146.1788721964,"F65-79":173.163908713606,"F80+":49.1156924850259,"H0-2":21.658433454338,"H3-5":27.4436131649374,"H6-10":39.0805926496883,"H11-17":62.8202562479495,"H18-24":32.8007805051239,"H25-39":96.5561885092262,"H40-54":166.393112462509,"H55-64":113.466537394176,"H65-79":171.567549603921,"H80+":32.5610386073026},"Analyse":{"Votes décisifs":495,"tour décisif":1,"majeurs":1258.1912273595622,"Non votants de 18-24":26.879234394410194}}