{"id":1702,"slug":"22-277-saint-brandan","nom_standard":"Saint-Brandan","code_postal":"22","code_departement":"22","libelle_departement":"Côtes-d'Armor","code_commune":"277","Tour 1":{"Inscrits":1685,"Abstentions":639,"% Abs/Ins":37.92,"Votants":1046,"% Vot/Ins":62.08,"Blancs":9,"% Blancs/Ins":0.53,"% Blancs/Vot":0.86,"Nuls":23,"% Nuls/Ins":1.36,"% Nuls/Vot":2.2,"Exprimés":1014,"% Exp/Ins":60.18,"% Exp/Vot":96.94,"resultats":[{"N.Pan.":null,"Code Nuance":"LNC","Sexe":"M","Nom":"JOLLY","Prénom":"Christian","Liste":"ENSEMBLE AGISSONS POUR DEMAIN","Sièges / Elu":"15","Sièges Secteur":0,"Sièges CC":1,"Voix":529,"% Voix/Ins":31.39,"% Voix/Exp":52.17},{"N.Pan.":2,"Code Nuance":"LNC","Sexe":"M","Nom":"LE COQ","Prénom":"Michel","Liste":"CONTINUONS D'ENTREPRENDRE AVEC VOUS","Sièges / Elu":"4","Sièges Secteur":0,"Sièges CC":0,"Voix":485,"% Voix/Ins":28.78,"% Voix/Exp":47.83}]},"population":{"F0-2":48.2567784563323,"F3-5":40.3983702589894,"F6-10":81.7002716308759,"F11-17":107.380474888578,"F18-24":53.5685750019347,"F25-39":186.241255706008,"F40-54":215.686335288911,"F55-64":182.610109705215,"F65-79":186.812912117801,"F80+":67.5340349886894,"H0-2":28.5958850512122,"H3-5":52.1843359964881,"H6-10":63.9693111598343,"H11-17":92.7342077824674,"H18-24":61.4594401006836,"H25-39":183.793892407524,"H40-54":228.527590175275,"H55-64":168.486975760628,"H65-79":195.842380040422,"H80+":52.2168634821304},"Analyse":{"Votes décisifs":45,"tour décisif":1,"majeurs":1782.780364775222,"Non votants de 18-24":47.538319695013264}}