{"id":1694,"slug":"22-259-quevert","nom_standard":"Quévert","code_postal":"22","code_departement":"22","libelle_departement":"Côtes-d'Armor","code_commune":"259","Tour 1":{"Inscrits":3002,"Abstentions":1558,"% Abs/Ins":51.9,"Votants":1444,"% Vot/Ins":48.1,"Blancs":14,"% Blancs/Ins":0.47,"% Blancs/Vot":0.97,"Nuls":22,"% Nuls/Ins":0.73,"% Nuls/Vot":1.52,"Exprimés":1408,"% Exp/Ins":46.9,"% Exp/Vot":97.51,"resultats":[{"N.Pan.":null,"Code Nuance":"LECO","Sexe":"M","Nom":"DEGUEN","Prénom":"Antoine","Liste":"A l'écoute de Quévert","Sièges / Elu":"1","Sièges Secteur":0,"Sièges CC":0,"Voix":153,"% Voix/Ins":5.1,"% Voix/Exp":10.87},{"N.Pan.":2,"Code Nuance":"LDVC","Sexe":"F","Nom":"CHARRÉ","Prénom":"Anne","Liste":"UNIS POUR L'AVENIR DE QUEVERT","Sièges / Elu":"5","Sièges Secteur":0,"Sièges CC":1,"Voix":518,"% Voix/Ins":17.26,"% Voix/Exp":36.79},{"N.Pan.":3,"Code Nuance":"LDVG","Sexe":"M","Nom":"LANDURÉ","Prénom":"Philippe","Liste":"Quévert ensemble","Sièges / Elu":21,"Sièges CC":2,"Voix":737,"% Voix/Ins":24.55,"% Voix/Exp":52.34}]},"population":{"F0-2":45.3146889862066,"F3-5":66.0181240015688,"F6-10":110.02294895889,"F11-17":175.353699228769,"F18-24":89.7405402240842,"F25-39":258.322695384443,"F40-54":400.717134032732,"F55-64":295.54871520398,"F65-79":429.479308353798,"F80+":237.804161798109,"H0-2":47.9548804641957,"H3-5":45.4801298912523,"H6-10":131.969882901064,"H11-17":180.919533205249,"H18-24":91.4788726988805,"H25-39":231.288085219049,"H40-54":369.215541735158,"H55-64":260.420215187809,"H65-79":356.08016862548,"H80+":146.870673899282},"Analyse":{"Votes décisifs":67,"tour décisif":1,"majeurs":3166.9661123628043,"Non votants de 18-24":98.59117410498548}}