{"id":1687,"slug":"22-246-pommeret","nom_standard":"Pommeret","code_postal":"22","code_departement":"22","libelle_departement":"Côtes-d'Armor","code_commune":"246","Tour 1":{"Inscrits":1512,"Abstentions":635,"% Abs/Ins":42,"Votants":877,"% Vot/Ins":58,"Blancs":8,"% Blancs/Ins":0.53,"% Blancs/Vot":0.91,"Nuls":20,"% Nuls/Ins":1.32,"% Nuls/Vot":2.28,"Exprimés":849,"% Exp/Ins":56.15,"% Exp/Vot":96.81,"resultats":[{"N.Pan.":null,"Code Nuance":"LNC","Sexe":"M","Nom":"DEPAGNE","Prénom":"Daniel","Liste":"POMMERET AUTREMENT","Sièges / Elu":"4","Sièges Secteur":0,"Sièges CC":0,"Voix":342,"% Voix/Ins":22.62,"% Voix/Exp":40.28},{"N.Pan.":2,"Code Nuance":"LNC","Sexe":"M","Nom":"GUINARD","Prénom":"Serge","Liste":"POMMERET, L'EXPERIENCE POUR AGIR DEMAIN","Sièges / Elu":"15","Sièges Secteur":0,"Sièges CC":2,"Voix":507,"% Voix/Ins":33.53,"% Voix/Exp":59.72}]},"population":{"F0-2":39.5592124905145,"F3-5":52.7171050426683,"F6-10":86.1269675908487,"F11-17":89.3556052446979,"F18-24":48.9103555076593,"F25-39":215.204270117182,"F40-54":215.671680809204,"F55-64":139.819073614503,"F65-79":142.122671538522,"F80+":53.1895269031775,"H0-2":40.6041090352453,"H3-5":42.5499617672088,"H6-10":83.8589297778815,"H11-17":130.637046135158,"H18-24":56.2398217193299,"H25-39":186.075866096119,"H40-54":214.54525588205,"H55-64":129.296523302416,"H65-79":128.4704298485,"H80+":29.0455875771134},"Analyse":{"Votes décisifs":166,"tour décisif":1,"majeurs":1558.5910629157763,"Non votants de 18-24":45.983467227027674}}