{"id":1671,"slug":"22-221-plouguiel","nom_standard":"Plouguiel","code_postal":"22","code_departement":"22","libelle_departement":"Côtes-d'Armor","code_commune":"221","Tour 1":{"Inscrits":1415,"Abstentions":480,"% Abs/Ins":33.92,"Votants":935,"% Vot/Ins":66.08,"Blancs":4,"% Blancs/Ins":0.28,"% Blancs/Vot":0.43,"Nuls":8,"% Nuls/Ins":0.57,"% Nuls/Vot":0.86,"Exprimés":923,"% Exp/Ins":65.23,"% Exp/Vot":98.72,"resultats":[{"N.Pan.":null,"Code Nuance":"LNC","Sexe":"F","Nom":"LE MERRER","Prénom":"Martine","Liste":"PLOUGUIEL POUR VOUS, AVEC NOUS !","Sièges / Elu":"0","Sièges Secteur":0,"Sièges CC":0,"Voix":232,"% Voix/Ins":16.4,"% Voix/Exp":25.14},{"N.Pan.":2,"Code Nuance":"LNC","Sexe":"M","Nom":"NEDELEC","Prénom":"Jean-Yves","Liste":"Plouguiel, Cap Terre et Mer","Sièges / Elu":"0","Sièges Secteur":0,"Sièges CC":0,"Voix":409,"% Voix/Ins":28.9,"% Voix/Exp":44.31},{"N.Pan.":3,"Code Nuance":"LNC","Sexe":"M","Nom":"HUONNIC","Prénom":"Pierre","Liste":"Vivons Plouguiel","Sièges / Elu":0,"Sièges CC":0,"Voix":282,"% Voix/Ins":19.93,"% Voix/Exp":30.55}]},"Tour 2":{"Inscrits":1409,"Abstentions":435,"% Abs/Ins":30.87,"Votants":974,"% Vot/Ins":69.13,"Blancs":6,"% Blancs/Ins":0.43,"% Blancs/Vot":0.62,"Nuls":7,"% Nuls/Ins":0.5,"% Nuls/Vot":0.72,"Exprimés":961,"% Exp/Ins":68.2,"% Exp/Vot":98.67,"resultats":[{"N.Pan.":2,"Code Nuance":"LNC","Sexe":"M","Nom":"NEDELEC","Prénom":"Jean-Yves","Liste":"Plouguiel, Cap Terre et Mer","Sièges / Elu":4,"Sièges Secteur":0,"Sièges CC":0,"Voix":467,"% Voix/Ins":33.14,"% Voix/Exp":48.6},{"N.Pan.":3,"Code Nuance":"LNC","Sexe":"M","Nom":"HUONNIC","Prénom":"Pierre","Liste":"Ensemble pour Plouguiel","Sièges / Elu":15,"Sièges Secteur":0,"Sièges CC":1,"Voix":494,"% Voix/Ins":35.06,"% Voix/Exp":51.4}]},"population":{"F0-2":18.0505187138775,"F3-5":26.0877272655409,"F6-10":44.1180056463051,"F11-17":67.1890756075217,"F18-24":28.1466667881093,"F25-39":100.426518147554,"F40-54":154.829474302204,"F55-64":151.24533726118,"F65-79":195.67318929729,"F80+":101.976457639614,"H0-2":14.0506841573345,"H3-5":23.065845224544,"H6-10":50.1366808879317,"H11-17":88.2537492855267,"H18-24":34.1173843835172,"H25-39":99.511690880073,"H40-54":157.909483533783,"H55-64":149.221636085547,"H65-79":193.583676819821,"H80+":46.4061980727252},"Analyse":{"Votes décisifs":27,"tour décisif":2,"majeurs":1413.0477132114177,"Non votants de 18-24":19.346048280318193}}