{"id":1668,"slug":"22-218-plougrescant","nom_standard":"Plougrescant","code_postal":"22","code_departement":"22","libelle_departement":"Côtes-d'Armor","code_commune":"218","Tour 1":{"Inscrits":1207,"Abstentions":530,"% Abs/Ins":43.91,"Votants":677,"% Vot/Ins":56.09,"Blancs":18,"% Blancs/Ins":1.49,"% Blancs/Vot":2.66,"Nuls":17,"% Nuls/Ins":1.41,"% Nuls/Vot":2.51,"Exprimés":642,"% Exp/Ins":53.19,"% Exp/Vot":94.83,"resultats":[{"N.Pan.":null,"Code Nuance":"LNC","Sexe":"M","Nom":"DUVAL","Prénom":"Bruno","Liste":"POUR VOUS A PLOUGRESCANT","Sièges / Elu":"0","Sièges Secteur":0,"Sièges CC":0,"Voix":209,"% Voix/Ins":17.32,"% Voix/Exp":32.55},{"N.Pan.":2,"Code Nuance":"LNC","Sexe":"F","Nom":"PIEDALLU","Prénom":"Anne-Françoise","Liste":"PLUS LOIN AVEC VOUS","Sièges / Elu":"0","Sièges Secteur":0,"Sièges CC":0,"Voix":281,"% Voix/Ins":23.28,"% Voix/Exp":43.77},{"N.Pan.":3,"Code Nuance":"LNC","Sexe":"F","Nom":"LE COADOU","Prénom":"Anne","Liste":"PLOUGRESCANT ENSEMBLE","Sièges / Elu":0,"Sièges CC":0,"Voix":152,"% Voix/Ins":12.59,"% Voix/Exp":23.68}]},"Tour 2":{"Inscrits":1207,"Abstentions":488,"% Abs/Ins":40.43,"Votants":719,"% Vot/Ins":59.57,"Blancs":14,"% Blancs/Ins":1.16,"% Blancs/Vot":1.95,"Nuls":16,"% Nuls/Ins":1.33,"% Nuls/Vot":2.23,"Exprimés":689,"% Exp/Ins":57.08,"% Exp/Vot":95.83,"resultats":[{"N.Pan.":1,"Code Nuance":"LNC","Sexe":"M","Nom":"DUVAL","Prénom":"Bruno","Liste":"Pour Vous ensemble à Plougrescant","Sièges / Elu":3,"Sièges Secteur":0,"Sièges CC":0,"Voix":341,"% Voix/Ins":28.25,"% Voix/Exp":49.49},{"N.Pan.":2,"Code Nuance":"LNC","Sexe":"F","Nom":"PIEDALLU","Prénom":"Anne-Françoise","Liste":"PLUS LOIN AVEC VOUS","Sièges / Elu":12,"Sièges Secteur":0,"Sièges CC":1,"Voix":348,"% Voix/Ins":28.83,"% Voix/Exp":50.51}]},"population":{"F0-2":7.63302802596311,"F3-5":6.76329357646968,"F6-10":21.0816824246282,"F11-17":35.5079501875366,"F18-24":20.3543431750177,"F25-39":49.7474576677339,"F40-54":110.155600662321,"F55-64":109.047909076943,"F65-79":166.16548775088,"F80+":71.5467554989318,"H0-2":8.66385708206545,"H3-5":12.3593799703829,"H6-10":17.9884096265126,"H11-17":39.8887595430241,"H18-24":20.6257809153777,"H25-39":48.3154530794734,"H40-54":105.479475938407,"H55-64":105.479254150385,"H65-79":158.645380948127,"H80+":44.5507406998188},"Analyse":{"Votes décisifs":7,"tour décisif":2,"majeurs":1010.1136395634164,"Non votants de 18-24":11.81042667523199}}