{"id":1711,"slug":"22-324-saint-quay-perros","nom_standard":"Saint-Quay-Perros","code_postal":"22","code_departement":"22","libelle_departement":"Côtes-d'Armor","code_commune":"324","Tour 1":{"Inscrits":1172,"Abstentions":518,"% Abs/Ins":44.2,"Votants":654,"% Vot/Ins":55.8,"Blancs":10,"% Blancs/Ins":0.85,"% Blancs/Vot":1.53,"Nuls":10,"% Nuls/Ins":0.85,"% Nuls/Vot":1.53,"Exprimés":634,"% Exp/Ins":54.1,"% Exp/Vot":96.94,"resultats":[{"N.Pan.":null,"Code Nuance":"LNC","Sexe":"F","Nom":"BART","Prénom":"Sylvie","Liste":"AGIR POUR SAINT-QUAY-PERROS","Sièges / Elu":"3","Sièges Secteur":0,"Sièges CC":0,"Voix":263,"% Voix/Ins":22.44,"% Voix/Exp":41.48},{"N.Pan.":2,"Code Nuance":"LNC","Sexe":"M","Nom":"HOUZET","Prénom":"Olivier","Liste":"DYNAMIQUE KÉNANAISE","Sièges / Elu":"12","Sièges Secteur":0,"Sièges CC":1,"Voix":371,"% Voix/Ins":31.66,"% Voix/Exp":58.52}]},"population":{"F0-2":9.91471498255383,"F3-5":17.7141008601958,"F6-10":31.4561997633258,"F11-17":33.5802888760992,"F18-24":19.829835280027,"F25-39":58.5863142137398,"F40-54":108.521866006002,"F55-64":133.51720907914,"F65-79":204.356551755099,"F80+":54.4631056289058,"H0-2":7.90641771265899,"H3-5":11.726812218051,"H6-10":27.5485011264261,"H11-17":52.4162936478734,"H18-24":34.8833011722832,"H25-39":52.7520352932099,"H40-54":99.3938909425704,"H55-64":125.411166139423,"H65-79":165.804439002631,"H80+":39.2169562997853},"Analyse":{"Votes décisifs":109,"tour décisif":1,"majeurs":1096.7366708128163,"Non votants de 18-24":22.086898822003068}}