{"id":1730,"slug":"22-384-uzel","nom_standard":"Uzel","code_postal":"22","code_departement":"22","libelle_departement":"Côtes-d'Armor","code_commune":"384","Tour 1":{"Inscrits":722,"Abstentions":153,"% Abs/Ins":21.19,"Votants":569,"% Vot/Ins":78.81,"Blancs":6,"% Blancs/Ins":0.83,"% Blancs/Vot":1.05,"Nuls":8,"% Nuls/Ins":1.11,"% Nuls/Vot":1.41,"Exprimés":555,"% Exp/Ins":76.87,"% Exp/Vot":97.54,"resultats":[{"N.Pan.":null,"Code Nuance":"LNC","Sexe":"F","Nom":"LE POTIER","Prénom":"Berthe","Liste":"ENSEMBLE, SOYONS NOVATEURS POUR L'AVENIR D'UZEL","Sièges / Elu":"3","Sièges Secteur":0,"Sièges CC":0,"Voix":260,"% Voix/Ins":36.01,"% Voix/Exp":46.85},{"N.Pan.":2,"Code Nuance":"LNC","Sexe":"M","Nom":"CHOUPAUX","Prénom":"Guénaël","Liste":"UZEL ENSEMBLE","Sièges / Elu":"12","Sièges Secteur":0,"Sièges CC":1,"Voix":295,"% Voix/Ins":40.86,"% Voix/Exp":53.15}]},"population":{"F0-2":16.7884690116795,"F3-5":13.1672268026803,"F6-10":46.4128885514281,"F11-17":50.8348967162976,"F18-24":31.908454876302,"F25-39":91.3768381333326,"F40-54":105.67371949162,"F55-64":59.8193225356642,"F65-79":79.5495969137884,"F80+":51.2728817265783,"H0-2":20.7582829904764,"H3-5":18.8870366910114,"H6-10":42.8676393572665,"H11-17":60.2392865521079,"H18-24":29.7757102070675,"H25-39":92.5478199954887,"H40-54":105.385714585597,"H55-64":60.2326828595307,"H65-79":76.3047560878337,"H80+":26.196775914249},"Analyse":{"Votes décisifs":36,"tour décisif":1,"majeurs":810.0442733270521,"Non votants de 18-24":18.35531123161657}}