{"id":1713,"slug":"22-327-saint-samson-sur-rance","nom_standard":"Saint-Samson-sur-Rance","code_postal":"22","code_departement":"22","libelle_departement":"Côtes-d'Armor","code_commune":"327","Tour 1":{"Inscrits":1184,"Abstentions":479,"% Abs/Ins":40.46,"Votants":705,"% Vot/Ins":59.54,"Blancs":14,"% Blancs/Ins":1.18,"% Blancs/Vot":1.99,"Nuls":14,"% Nuls/Ins":1.18,"% Nuls/Vot":1.99,"Exprimés":677,"% Exp/Ins":57.18,"% Exp/Vot":96.03,"resultats":[{"N.Pan.":null,"Code Nuance":"LNC","Sexe":"M","Nom":"RIMASSON","Prénom":"Régis","Liste":"Décidons ensemble pour demain","Sièges / Elu":"4","Sièges Secteur":0,"Sièges CC":0,"Voix":279,"% Voix/Ins":23.56,"% Voix/Exp":41.21},{"N.Pan.":2,"Code Nuance":"LNC","Sexe":"M","Nom":"LORRE","Prénom":"Loïc","Liste":"AGIR - ENSEMBLE - ET - MAINTENANT","Sièges / Elu":"15","Sièges Secteur":0,"Sièges CC":1,"Voix":398,"% Voix/Ins":33.61,"% Voix/Exp":58.79}]},"population":{"F0-2":21.1114467895856,"F3-5":33.0691667778666,"F6-10":61.0859533440464,"F11-17":77.1179787481982,"F18-24":36.3214153153397,"F25-39":154.357255618412,"F40-54":174.10001098113,"F55-64":116.390622355282,"F65-79":129.045775343216,"F80+":27.1940227097409,"H0-2":38.1400148501051,"H3-5":38.102049379344,"H6-10":65.1153111488472,"H11-17":78.9697170375597,"H18-24":23.2559821505376,"H25-39":133.091051483238,"H40-54":178.072727460586,"H55-64":109.93179670375,"H65-79":113.305024496253,"H80+":31.2226773069615},"Analyse":{"Votes décisifs":120,"tour décisif":1,"majeurs":1226.288361924447,"Non votants de 18-24":25.32602028773256}}