{"id":1733,"slug":"22-388-vilde-guingalan","nom_standard":"Vildé-Guingalan","code_postal":"22","code_departement":"22","libelle_departement":"Côtes-d'Armor","code_commune":"388","Tour 1":{"Inscrits":841,"Abstentions":470,"% Abs/Ins":55.89,"Votants":371,"% Vot/Ins":44.11,"Blancs":11,"% Blancs/Ins":1.31,"% Blancs/Vot":2.96,"Nuls":64,"% Nuls/Ins":7.61,"% Nuls/Vot":17.25,"Exprimés":296,"% Exp/Ins":35.2,"% Exp/Vot":79.78,"resultats":[{"N.Pan.":null,"Code Nuance":"LNC","Sexe":"M","Nom":"JUHEL","Prénom":"Jean-Yves","Liste":"VILDÉ POUR TOUS","Sièges / Elu":"15","Sièges Secteur":0,"Sièges CC":1,"Voix":296,"% Voix/Ins":35.2,"% Voix/Exp":100}]},"population":{"F0-2":23.5979514189219,"F3-5":33.8052753609493,"F6-10":44.0664431259576,"F11-17":67.8211163613734,"F18-24":25.2678481880111,"F25-39":99.9039392007425,"F40-54":149.116444877138,"F55-64":69.2168099142414,"F65-79":84.9256272963193,"F80+":29.0411362252062,"H0-2":15.8524836206943,"H3-5":24.8417424631055,"H6-10":40.9678798806043,"H11-17":73.506678293497,"H18-24":48.9593246163637,"H25-39":114.728221883571,"H40-54":137.008650807783,"H55-64":67.5395897389577,"H65-79":88.9382596943181,"H80+":17.8945770322442},"Analyse":{"Votes décisifs":297,"tour décisif":1,"majeurs":932.5404294748963,"Non votants de 18-24":44.69678437292678}}