{"id":1719,"slug":"22-349-tredrez-locquemeau","nom_standard":"Trédrez-Locquémeau","code_postal":"22","code_departement":"22","libelle_departement":"Côtes-d'Armor","code_commune":"349","Tour 1":{"Inscrits":1232,"Abstentions":455,"% Abs/Ins":36.93,"Votants":777,"% Vot/Ins":63.07,"Blancs":11,"% Blancs/Ins":0.89,"% Blancs/Vot":1.42,"Nuls":25,"% Nuls/Ins":2.03,"% Nuls/Vot":3.22,"Exprimés":741,"% Exp/Ins":60.15,"% Exp/Vot":95.37,"resultats":[{"N.Pan.":null,"Code Nuance":"LNC","Sexe":"M","Nom":"LE NORMAND","Prénom":"Christian","Liste":"TREDREZ-LOCQUEMEAU 2020 : LE RENOUVEAU !","Sièges / Elu":"3","Sièges Secteur":0,"Sièges CC":0,"Voix":306,"% Voix/Ins":24.84,"% Voix/Exp":41.3},{"N.Pan.":2,"Code Nuance":"LNC","Sexe":"M","Nom":"LE JEUNE","Prénom":"Joël","Liste":"ENSEMBLE POUR TRÉDREZ-LOCUÉMEAU","Sièges / Elu":"12","Sièges Secteur":0,"Sièges CC":1,"Voix":435,"% Voix/Ins":35.31,"% Voix/Exp":58.7}]},"population":{"F0-2":25.0686556459537,"F3-5":22.0510058321907,"F6-10":30.0731558967946,"F11-17":58.0794611414023,"F18-24":18.1355871964263,"F25-39":81.5655468926837,"F40-54":144.087847246675,"F55-64":132.94396146711,"F65-79":156.350780412763,"F80+":87.1813204221979,"H0-2":17.0697518374348,"H3-5":13.049761780516,"H6-10":42.0924480628387,"H11-17":64.0342977067096,"H18-24":27.0903069309531,"H25-39":84.722740727147,"H40-54":126.867295350041,"H55-64":123.664462176139,"H65-79":152.218132197229,"H80+":50.6534810767956},"Analyse":{"Votes décisifs":130,"tour décisif":1,"majeurs":1185.4814620961604,"Non votants de 18-24":15.583490715318819}}