{"id":1721,"slug":"22-354-treglamus","nom_standard":"Tréglamus","code_postal":"22","code_departement":"22","libelle_departement":"Côtes-d'Armor","code_commune":"354","Tour 1":{"Inscrits":760,"Abstentions":346,"% Abs/Ins":45.53,"Votants":414,"% Vot/Ins":54.47,"Blancs":14,"% Blancs/Ins":1.84,"% Blancs/Vot":3.38,"Nuls":109,"% Nuls/Ins":14.34,"% Nuls/Vot":26.33,"Exprimés":291,"% Exp/Ins":38.29,"% Exp/Vot":70.29,"resultats":[{"N.Pan.":null,"Code Nuance":"LNC","Sexe":"M","Nom":"PARISCOAT","Prénom":"Dominique","Liste":"VIVONS L'ÉVOLUTION ENSEMBLE","Sièges / Elu":"15","Sièges Secteur":0,"Sièges CC":1,"Voix":291,"% Voix/Ins":38.29,"% Voix/Exp":100}]},"population":{"F0-2":17.8298010404332,"F3-5":23.0747857436371,"F6-10":37.8969548550509,"F11-17":56.9633817073857,"F18-24":35.1168486268841,"F25-39":118.443319696311,"F40-54":88.2449278251585,"F55-64":77.8241264621322,"F65-79":64.3725094545536,"F80+":19.3030936265474,"H0-2":28.335407527744,"H3-5":39.8490031678336,"H6-10":41.1849592977489,"H11-17":46.4311541039538,"H18-24":28.9899796862676,"H25-39":109.857503278051,"H40-54":97.6084482288103,"H55-64":70.7095877695976,"H65-79":81.755040745488,"H80+":10.2091671564109},"Analyse":{"Votes décisifs":292,"tour décisif":1,"majeurs":802.4345525562122,"Non votants de 18-24":31.032197071140715}}