{"id":1589,"slug":"22-50-dinan","nom_standard":"Dinan","code_postal":"22","code_departement":"22","libelle_departement":"Côtes-d'Armor","code_commune":"50","Tour 1":{"Inscrits":10322,"Abstentions":5917,"% Abs/Ins":57.32,"Votants":4405,"% Vot/Ins":42.68,"Blancs":34,"% Blancs/Ins":0.33,"% Blancs/Vot":0.77,"Nuls":80,"% Nuls/Ins":0.78,"% Nuls/Vot":1.82,"Exprimés":4291,"% Exp/Ins":41.57,"% Exp/Vot":97.41,"resultats":[{"N.Pan.":null,"Code Nuance":"LRN","Sexe":"M","Nom":"DE MELLON","Prénom":"Gérard","Liste":"Rassemblement pour Dinan","Sièges / Elu":"1","Sièges Secteur":0,"Sièges CC":0,"Voix":291,"% Voix/Ins":2.82,"% Voix/Exp":6.78},{"N.Pan.":2,"Code Nuance":"LDVG","Sexe":"M","Nom":"FORGET","Prénom":"Michel","Liste":"Dinan diver'Cité","Sièges / Elu":"4","Sièges Secteur":0,"Sièges CC":2,"Voix":1168,"% Voix/Ins":11.32,"% Voix/Exp":27.22},{"N.Pan.":3,"Code Nuance":"LDVC","Sexe":"M","Nom":"LECHIEN","Prénom":"Didier","Liste":"Dinan-Léhon, à coeur battant","Sièges / Elu":30,"Sièges CC":10,"Voix":2832,"% Voix/Ins":27.44,"% Voix/Exp":66}]},"population":{"F0-2":143.599422559197,"F3-5":145.581870949446,"F6-10":296.19624338566,"F11-17":612.60292114727,"F18-24":464.997844864317,"F25-39":969.604195526576,"F40-54":1447.64299569103,"F55-64":1123.7083633478,"F65-79":1594.86195709315,"F80+":1198.01221044891,"H0-2":131.830136142844,"H3-5":158.635635185264,"H6-10":350.178239357178,"H11-17":576.418190954576,"H18-24":620.28750469666,"H25-39":929.053291925579,"H40-54":1337.76993960067,"H55-64":924.720312178349,"H65-79":1147.15697753992,"H80+":509.141747405605},"Analyse":{"Votes décisifs":1374,"tour décisif":1,"majeurs":12266.957340318568,"Non votants de 18-24":695.5650764576264}}