{"id":2219,"slug":"28-140-epernon","nom_standard":"Epernon","code_postal":"28","code_departement":"28","libelle_departement":"Eure-et-Loir","code_commune":"140","Tour 1":{"Inscrits":3751,"Abstentions":2349,"% Abs/Ins":62.62,"Votants":1402,"% Vot/Ins":37.38,"Blancs":18,"% Blancs/Ins":0.48,"% Blancs/Vot":1.28,"Nuls":19,"% Nuls/Ins":0.51,"% Nuls/Vot":1.36,"Exprimés":1365,"% Exp/Ins":36.39,"% Exp/Vot":97.36,"resultats":[{"N.Pan.":null,"Code Nuance":"LDVG","Sexe":"M","Nom":"ESTAMPE","Prénom":"Bruno","Liste":"Épernon notre cité de caractère","Sièges / Elu":"6","Sièges Secteur":0,"Sièges CC":1,"Voix":565,"% Voix/Ins":15.06,"% Voix/Exp":41.39},{"N.Pan.":2,"Code Nuance":"LDVD","Sexe":"M","Nom":"BELHOMME","Prénom":"François","Liste":"Bien Vivre Epernon","Sièges / Elu":"23","Sièges Secteur":0,"Sièges CC":6,"Voix":800,"% Voix/Ins":21.33,"% Voix/Exp":58.61}]},"population":{"F0-2":108.077251224459,"F3-5":112.810640424367,"F6-10":136.861503718961,"F11-17":207.412408992539,"F18-24":240.838573190654,"F25-39":589.766893376809,"F40-54":591.773439683101,"F55-64":380.215637815554,"F65-79":437.746707999565,"F80+":177.733647820133,"H0-2":111.821379609905,"H3-5":86.397007750757,"H6-10":113.472260135675,"H11-17":215.441571551071,"H18-24":190.447701351359,"H25-39":635.999608247926,"H40-54":528.746888730139,"H55-64":348.165528673787,"H65-79":305.859839051167,"H80+":81.4115106520709},"Analyse":{"Votes décisifs":236,"tour décisif":1,"majeurs":4508.705976592265,"Non votants de 18-24":297.17609746523806}}