{"id":222,"slug":"2-360-villeneuve-sur-aisne","nom_standard":"Villeneuve-sur-Aisne","code_postal":"2","code_departement":"2","libelle_departement":"Aisne","code_commune":"360","Tour 1":{"Inscrits":1919,"Abstentions":974,"% Abs/Ins":50.76,"Votants":945,"% Vot/Ins":49.24,"Blancs":4,"% Blancs/Ins":0.21,"% Blancs/Vot":0.42,"Nuls":14,"% Nuls/Ins":0.73,"% Nuls/Vot":1.48,"Exprimés":927,"% Exp/Ins":48.31,"% Exp/Vot":98.1,"resultats":[{"N.Pan.":null,"Code Nuance":"LNC","Sexe":"M","Nom":"WIART","Prénom":"Benoît","Liste":"AVEC VOUS POUR VOUS","Sièges / Elu":"4","Sièges Secteur":0,"Sièges CC":1,"Voix":319,"% Voix/Ins":16.62,"% Voix/Exp":34.41},{"N.Pan.":2,"Code Nuance":"LNC","Sexe":"M","Nom":"TIMMERMAN","Prénom":"Philippe","Liste":"AGIR ENSEMBLE, VOIR LOIN","Sièges / Elu":"23","Sièges Secteur":0,"Sièges CC":6,"Voix":608,"% Voix/Ins":31.68,"% Voix/Exp":65.59}]},"population":{"F0-2":47.2167933323375,"F3-5":53.0441278162457,"F6-10":115.179063813535,"F11-17":143.463830249469,"F18-24":60.0012850039473,"F25-39":257.717719358049,"F40-54":290.988260146134,"F55-64":159.431882272446,"F65-79":234.525252477301,"F80+":96.9748724122611,"H0-2":64.4947569838545,"H3-5":59.9022993068379,"H6-10":92.7298867695868,"H11-17":135.430975960767,"H18-24":65.5232359189354,"H25-39":240.986088151064,"H40-54":263.964606778392,"H55-64":157.066699820905,"H65-79":187.416265778565,"H80+":53.9420976493691},"Analyse":{"Votes décisifs":290,"tour décisif":1,"majeurs":2068.538265767369,"Non votants de 18-24":68.17935393457985}}