{"id":2227,"slug":"28-199-janville-en-beauce","nom_standard":"Janville-en-Beauce","code_postal":"28","code_departement":"28","libelle_departement":"Eure-et-Loir","code_commune":"199","Tour 1":{"Inscrits":1638,"Abstentions":1081,"% Abs/Ins":66,"Votants":557,"% Vot/Ins":34,"Blancs":12,"% Blancs/Ins":0.73,"% Blancs/Vot":2.15,"Nuls":95,"% Nuls/Ins":5.8,"% Nuls/Vot":17.06,"Exprimés":450,"% Exp/Ins":27.47,"% Exp/Vot":80.79,"resultats":[{"N.Pan.":null,"Code Nuance":"LNC","Sexe":"M","Nom":"MAGUET","Prénom":"Stéphane","Liste":"ENSEMBLE POUR JANVILLE EN BEAUCE","Sièges / Elu":"27","Sièges Secteur":0,"Sièges CC":6,"Voix":450,"% Voix/Ins":27.47,"% Voix/Exp":100}]},"population":{"F0-2":35.7501972581283,"F3-5":38.0534533199118,"F6-10":67.9670613823362,"F11-17":124.705811126977,"F18-24":64.6001379728392,"F25-39":212.235519611815,"F40-54":243.534095996851,"F55-64":172.415695711277,"F65-79":174.872526523327,"F80+":159.462789049406,"H0-2":37.4220788218694,"H3-5":46.7419750206925,"H6-10":85.0433879978476,"H11-17":125.486250396874,"H18-24":102.506492578586,"H25-39":188.360924369416,"H40-54":239.883784526303,"H55-64":186.133710873252,"H65-79":156.831927519365,"H80+":78.9921799429268},"Analyse":{"Votes décisifs":451,"tour décisif":1,"majeurs":1979.8297846753644,"Non votants de 18-24":120.09329943700011}}