{"id":2263,"slug":"28-380-sours","nom_standard":"Sours","code_postal":"28","code_departement":"28","libelle_departement":"Eure-et-Loir","code_commune":"380","Tour 1":{"Inscrits":1459,"Abstentions":962,"% Abs/Ins":65.94,"Votants":497,"% Vot/Ins":34.06,"Blancs":15,"% Blancs/Ins":1.03,"% Blancs/Vot":3.02,"Nuls":60,"% Nuls/Ins":4.11,"% Nuls/Vot":12.07,"Exprimés":422,"% Exp/Ins":28.92,"% Exp/Vot":84.91,"resultats":[{"N.Pan.":null,"Code Nuance":"LNC","Sexe":"M","Nom":"PLAULT","Prénom":"Jean-Michel","Liste":"SOURS, votre village","Sièges / Elu":"19","Sièges Secteur":0,"Sièges CC":1,"Voix":422,"% Voix/Ins":28.92,"% Voix/Exp":100}]},"population":{"F0-2":23.5688866969856,"F3-5":26.5575663835596,"F6-10":86.3820126580219,"F11-17":91.9236639368505,"F18-24":51.2954024111269,"F25-39":169.92606209209,"F40-54":218.877205997637,"F55-64":124.154069767293,"F65-79":119.474981074352,"F80+":45.6489742526223,"H0-2":41.1821718496423,"H3-5":43.3859741436761,"H6-10":68.6080983846648,"H11-17":123.598781126426,"H18-24":93.2024070971683,"H25-39":162.280842687886,"H40-54":209.090279537208,"H55-64":130.631711516973,"H65-79":120.328763821762,"H80+":22.8821445640539},"Analyse":{"Votes décisifs":423,"tour décisif":1,"majeurs":1467.7928448201726,"Non votants de 18-24":95.5703252389321}}