{"id":2266,"slug":"28-391-toury","nom_standard":"Toury","code_postal":"28","code_departement":"28","libelle_departement":"Eure-et-Loir","code_commune":"391","Tour 1":{"Inscrits":1909,"Abstentions":1079,"% Abs/Ins":56.52,"Votants":830,"% Vot/Ins":43.48,"Blancs":11,"% Blancs/Ins":0.58,"% Blancs/Vot":1.33,"Nuls":19,"% Nuls/Ins":1,"% Nuls/Vot":2.29,"Exprimés":800,"% Exp/Ins":41.91,"% Exp/Vot":96.39,"resultats":[{"N.Pan.":null,"Code Nuance":"LNC","Sexe":"M","Nom":"PINCELOUP","Prénom":"Jean-Michel","Liste":"ALLIANCE CITOYENNE","Sièges / Elu":"3","Sièges Secteur":0,"Sièges CC":1,"Voix":228,"% Voix/Ins":11.94,"% Voix/Exp":28.5},{"N.Pan.":2,"Code Nuance":"LNC","Sexe":"M","Nom":"LECLERCQ","Prénom":"Laurent","Liste":"TOURY... l'avenir ensemble !","Sièges / Elu":"20","Sièges Secteur":0,"Sièges CC":5,"Voix":572,"% Voix/Ins":29.96,"% Voix/Exp":71.5}]},"population":{"F0-2":40.9291394931949,"F3-5":39.8389113157541,"F6-10":77.2087667590627,"F11-17":138.636753263257,"F18-24":93.0272632426339,"F25-39":199.778761924421,"F40-54":283.909462808556,"F55-64":159.384881529071,"F65-79":224.961546239463,"F80+":119.655179580481,"H0-2":38.8691892503659,"H3-5":36.879221507025,"H6-10":80.6476836678938,"H11-17":103.446131890924,"H18-24":93.7962064161849,"H25-39":189.501543743344,"H40-54":273.246499250256,"H55-64":162.610441854339,"H65-79":159.627357146175,"H80+":64.0450591175992},"Analyse":{"Votes décisifs":345,"tour décisif":1,"majeurs":2023.544202852524,"Non votants de 18-24":110.19382173799173}}