{"id":2271,"slug":"28-405-vert-en-drouais","nom_standard":"Vert-en-Drouais","code_postal":"28","code_departement":"28","libelle_departement":"Eure-et-Loir","code_commune":"405","Tour 1":{"Inscrits":874,"Abstentions":532,"% Abs/Ins":60.87,"Votants":342,"% Vot/Ins":39.13,"Blancs":17,"% Blancs/Ins":1.95,"% Blancs/Vot":4.97,"Nuls":31,"% Nuls/Ins":3.55,"% Nuls/Vot":9.06,"Exprimés":294,"% Exp/Ins":33.64,"% Exp/Vot":85.96,"resultats":[{"N.Pan.":null,"Code Nuance":"LNC","Sexe":"F","Nom":"DELAPLACE","Prénom":"Evelyne","Liste":"EN VERT ET AVEC TOUS","Sièges / Elu":"15","Sièges Secteur":0,"Sièges CC":1,"Voix":294,"% Voix/Ins":33.64,"% Voix/Exp":100}]},"population":{"F0-2":16.4061472078525,"F3-5":18.2132324792996,"F6-10":39.3860803848265,"F11-17":44.1315542157531,"F18-24":20.551703743808,"F25-39":87.7058754084954,"F40-54":113.355721010428,"F55-64":74.5554242592406,"F65-79":108.09294488793,"F80+":16.1541371583855,"H0-2":17.3876642834179,"H3-5":11.5731013184078,"H6-10":41.225293799905,"H11-17":59.5417382123669,"H18-24":27.3970706100758,"H25-39":111.372688655964,"H40-54":95.8173695882442,"H55-64":90.2791132450114,"H65-79":92.810274677013,"H80+":11.0428648535754},"Analyse":{"Votes décisifs":295,"tour décisif":1,"majeurs":849.1351880981714,"Non votants de 18-24":28.636795461857982}}