{"id":2273,"slug":"28-415-villemeux-sur-eure","nom_standard":"Villemeux-sur-Eure","code_postal":"28","code_departement":"28","libelle_departement":"Eure-et-Loir","code_commune":"415","Tour 1":{"Inscrits":1192,"Abstentions":543,"% Abs/Ins":45.55,"Votants":649,"% Vot/Ins":54.45,"Blancs":2,"% Blancs/Ins":0.17,"% Blancs/Vot":0.31,"Nuls":13,"% Nuls/Ins":1.09,"% Nuls/Vot":2,"Exprimés":634,"% Exp/Ins":53.19,"% Exp/Vot":97.69,"resultats":[{"N.Pan.":null,"Code Nuance":"LNC","Sexe":"M","Nom":"PERRET","Prénom":"Claude","Liste":"Agir avec vous, Villemeux sur Eure autrement","Sièges / Elu":"1","Sièges Secteur":0,"Sièges CC":0,"Voix":107,"% Voix/Ins":8.98,"% Voix/Exp":16.88},{"N.Pan.":2,"Code Nuance":"LNC","Sexe":"M","Nom":"RIGOURD","Prénom":"Daniel","Liste":"ENSEMBLE POUR VILLEMEUX CONTINUONS D AGIR","Sièges / Elu":"18","Sièges Secteur":0,"Sièges CC":1,"Voix":527,"% Voix/Ins":44.21,"% Voix/Exp":83.12}]},"population":{"F0-2":18.9623280470079,"F3-5":21.8242748553078,"F6-10":53.4950167112221,"F11-17":79.2675851730036,"F18-24":45.969063422663,"F25-39":139.632363028816,"F40-54":185.064409553992,"F55-64":122.297168557364,"F65-79":121.903839147178,"F80+":55.0789624398424,"H0-2":24.7798107674793,"H3-5":37.5486864560526,"H6-10":53.5193540602126,"H11-17":83.2246937625921,"H18-24":55.8066754576677,"H25-39":136.126003065674,"H40-54":179.119142513673,"H55-64":119.293729250946,"H65-79":119.600147456547,"H80+":39.4867462727592},"Analyse":{"Votes décisifs":421,"tour décisif":1,"majeurs":1319.378250167122,"Non votants de 18-24":51.71241964267618}}