{"id":2275,"slug":"28-422-les-villages-voveens","nom_standard":"Les Villages-Vovéens","code_postal":"28","code_departement":"28","libelle_departement":"Eure-et-Loir","code_commune":"422","Tour 1":{"Inscrits":2741,"Abstentions":1310,"% Abs/Ins":47.79,"Votants":1431,"% Vot/Ins":52.21,"Blancs":10,"% Blancs/Ins":0.36,"% Blancs/Vot":0.7,"Nuls":30,"% Nuls/Ins":1.09,"% Nuls/Vot":2.1,"Exprimés":1391,"% Exp/Ins":50.75,"% Exp/Vot":97.2,"resultats":[{"N.Pan.":null,"Code Nuance":"LDVC","Sexe":"M","Nom":"GUERRINI","Prénom":"Marc","Liste":"SOYONS TOUS ACTEURS","Sièges / Elu":"23","Sièges Secteur":0,"Sièges CC":8,"Voix":816,"% Voix/Ins":29.77,"% Voix/Exp":58.66},{"N.Pan.":2,"Code Nuance":"LDVD","Sexe":"M","Nom":"PROUST","Prénom":"Rémy","Liste":"les villages vovéens c'est vous","Sièges / Elu":"6","Sièges Secteur":0,"Sièges CC":2,"Voix":575,"% Voix/Ins":20.98,"% Voix/Exp":41.34}]},"population":{"F0-2":69.9908554056315,"F3-5":84.871925374377,"F6-10":134.339976868121,"F11-17":173.592589913192,"F18-24":106.769069283627,"F25-39":379.03509175772,"F40-54":360.59079767204,"F55-64":245.512526652913,"F65-79":259.073763503778,"F80+":204.768165182022,"H0-2":64.8158884523153,"H3-5":88.7541660225773,"H6-10":142.228497257513,"H11-17":185.289084233084,"H18-24":126.597012822811,"H25-39":361.243679386949,"H40-54":341.011328558821,"H55-64":236.26840675147,"H65-79":257.964547589616,"H80+":109.282627311421},"Analyse":{"Votes décisifs":242,"tour décisif":1,"majeurs":2988.117016473188,"Non votants de 18-24":121.60778694821715}}