{"id":2281,"slug":"29-6-benodet","nom_standard":"Bénodet","code_postal":"29","code_departement":"29","libelle_departement":"Finistère","code_commune":"6","Tour 1":{"Inscrits":3154,"Abstentions":1572,"% Abs/Ins":49.84,"Votants":1582,"% Vot/Ins":50.16,"Blancs":22,"% Blancs/Ins":0.7,"% Blancs/Vot":1.39,"Nuls":28,"% Nuls/Ins":0.89,"% Nuls/Vot":1.77,"Exprimés":1532,"% Exp/Ins":48.57,"% Exp/Vot":96.84,"resultats":[{"N.Pan.":null,"Code Nuance":"LDVD","Sexe":"M","Nom":"PENNANECH","Prénom":"Christian","Liste":"FAIRE GAGNER BENODET AVEC PASSION","Sièges / Elu":"22","Sièges Secteur":0,"Sièges CC":4,"Voix":965,"% Voix/Ins":30.6,"% Voix/Exp":62.99},{"N.Pan.":2,"Code Nuance":"LDVG","Sexe":"M","Nom":"MARTEL","Prénom":"Claude","Liste":"MIEUX VIVRE ENSEMBLE A BENODET","Sièges / Elu":"5","Sièges Secteur":0,"Sièges CC":1,"Voix":567,"% Voix/Ins":17.98,"% Voix/Exp":37.01}]},"population":{"F0-2":27.2131420215137,"F3-5":27.4899714803354,"F6-10":79.8051077271882,"F11-17":121.87256104073,"F18-24":56.0491202446623,"F25-39":195.030800511586,"F40-54":311.340359121834,"F55-64":300.176618478395,"F65-79":563.536806615165,"F80+":294.12534497294,"H0-2":31.495351907769,"H3-5":42.3294510771102,"H6-10":72.7368814389345,"H11-17":125.47519812579,"H18-24":54.5744321175717,"H25-39":183.743597770645,"H40-54":281.165548327503,"H55-64":276.593992283972,"H65-79":477.792717717845,"H80+":179.452997018509},"Analyse":{"Votes décisifs":399,"tour décisif":1,"majeurs":3173.582335180628,"Non votants de 18-24":55.47878491850751}}