{"id":2291,"slug":"29-23-carantec","nom_standard":"Carantec","code_postal":"29","code_departement":"29","libelle_departement":"Finistère","code_commune":"23","Tour 1":{"Inscrits":3102,"Abstentions":1283,"% Abs/Ins":41.36,"Votants":1819,"% Vot/Ins":58.64,"Blancs":24,"% Blancs/Ins":0.77,"% Blancs/Vot":1.32,"Nuls":19,"% Nuls/Ins":0.61,"% Nuls/Vot":1.04,"Exprimés":1776,"% Exp/Ins":57.25,"% Exp/Vot":97.64,"resultats":[{"N.Pan.":null,"Code Nuance":"LNC","Sexe":"F","Nom":"SEGALEN-HAMON","Prénom":"Nicole","Liste":"CARANTEC, TERRITOIRE D'AVENIR","Sièges / Elu":"18","Sièges Secteur":0,"Sièges CC":2,"Voix":910,"% Voix/Ins":29.34,"% Voix/Exp":51.24},{"N.Pan.":2,"Code Nuance":"LNC","Sexe":"M","Nom":"DE GOËSBRIAND","Prénom":"François","Liste":"POUR CARANTEC","Sièges / Elu":"5","Sièges Secteur":0,"Sièges CC":0,"Voix":866,"% Voix/Ins":27.92,"% Voix/Exp":48.76}]},"population":{"F0-2":26.6382515652725,"F3-5":33.932868787654,"F6-10":53.1449862562351,"F11-17":130.205081366185,"F18-24":32.0897701420762,"F25-39":148.906201983961,"F40-54":293.027015382629,"F55-64":273.464012219218,"F65-79":516.09843001994,"F80+":227.88058829676,"H0-2":22.4776123318233,"H3-5":22.7133920270599,"H6-10":66.8191723252088,"H11-17":105.978888253482,"H18-24":51.1769679396133,"H25-39":147.935476936685,"H40-54":239.756537748879,"H55-64":243.712376945954,"H65-79":437.769775591951,"H80+":138.272593879413},"Analyse":{"Votes décisifs":45,"tour décisif":1,"majeurs":2750.0897470870796,"Non votants de 18-24":28.1913730936838}}