{"id":1750,"slug":"23-176-la-souterraine","nom_standard":"La Souterraine","code_postal":"23","code_departement":"23","libelle_departement":"Creuse","code_commune":"176","Tour 1":{"Inscrits":3737,"Abstentions":1840,"% Abs/Ins":49.24,"Votants":1897,"% Vot/Ins":50.76,"Blancs":36,"% Blancs/Ins":0.96,"% Blancs/Vot":1.9,"Nuls":43,"% Nuls/Ins":1.15,"% Nuls/Vot":2.27,"Exprimés":1818,"% Exp/Ins":48.65,"% Exp/Vot":95.84,"resultats":[{"N.Pan.":null,"Code Nuance":"LUG","Sexe":"M","Nom":"LEJEUNE","Prénom":"Etienne","Liste":"UNE VOLONTE PARTAGEE POUR LA SOUTERRAINE","Sièges / Elu":"23","Sièges Secteur":0,"Sièges CC":11,"Voix":1043,"% Voix/Ins":27.91,"% Voix/Exp":57.37},{"N.Pan.":2,"Code Nuance":"LDVC","Sexe":"M","Nom":"ALLARD","Prénom":"Bernard","Liste":"NOUVELLE DYNAMIQUE CITOYENNE","Sièges / Elu":"2","Sièges Secteur":0,"Sièges CC":1,"Voix":308,"% Voix/Ins":8.24,"% Voix/Exp":16.94},{"N.Pan.":3,"Code Nuance":"LDVD","Sexe":"F","Nom":"JAMMOT","Prénom":"Brigitte","Liste":"OSONS LE CHANGEMENT POUR LA SOUTERRAINE","Sièges / Elu":4,"Sièges CC":2,"Voix":467,"% Voix/Ins":12.5,"% Voix/Exp":25.69}]},"population":{"F0-2":50.0018740215396,"F3-5":52.7216094231639,"F6-10":110.814632640316,"F11-17":142.5792686059,"F18-24":233.713482820285,"F25-39":299.791987151764,"F40-54":445.387393515021,"F55-64":392.110443523913,"F65-79":502.76015209429,"F80+":406.263687985424,"H0-2":56.333491304031,"H3-5":47.8063455042184,"H6-10":104.084690771095,"H11-17":189.749627286232,"H18-24":233.086640061532,"H25-39":329.445076850981,"H40-54":418.006376706525,"H55-64":341.662902214957,"H65-79":391.308625523679,"H80+":205.371691995134},"Analyse":{"Votes décisifs":269,"tour décisif":1,"majeurs":4198.908460443505,"Non votants de 18-24":255.90725835547892}}