{"id":1746,"slug":"23-79-felletin","nom_standard":"Felletin","code_postal":"23","code_departement":"23","libelle_departement":"Creuse","code_commune":"79","Tour 1":{"Inscrits":1069,"Abstentions":343,"% Abs/Ins":32.09,"Votants":726,"% Vot/Ins":67.91,"Blancs":12,"% Blancs/Ins":1.12,"% Blancs/Vot":1.65,"Nuls":16,"% Nuls/Ins":1.5,"% Nuls/Vot":2.2,"Exprimés":698,"% Exp/Ins":65.29,"% Exp/Vot":96.14,"resultats":[{"N.Pan.":null,"Code Nuance":"LNC","Sexe":"F","Nom":"NICOUX","Prénom":"Renée","Liste":"EN LIEN - Bâtissons le Felletin de demain","Sièges / Elu":"0","Sièges Secteur":0,"Sièges CC":0,"Voix":290,"% Voix/Ins":27.13,"% Voix/Exp":41.55},{"N.Pan.":2,"Code Nuance":"LNC","Sexe":"M","Nom":"COLLIN","Prénom":"Philippe","Liste":"FELLETIN 2 MAINS !","Sièges / Elu":"0","Sièges Secteur":0,"Sièges CC":0,"Voix":168,"% Voix/Ins":15.72,"% Voix/Exp":24.07},{"N.Pan.":3,"Code Nuance":"LNC","Sexe":"M","Nom":"PINTON","Prénom":"Michel","Liste":"UNIS POUR FELLETIN","Sièges / Elu":0,"Sièges CC":0,"Voix":240,"% Voix/Ins":22.45,"% Voix/Exp":34.38}]},"Tour 2":{"Inscrits":1064,"Abstentions":344,"% Abs/Ins":32.33,"Votants":720,"% Vot/Ins":67.67,"Blancs":17,"% Blancs/Ins":1.6,"% Blancs/Vot":2.36,"Nuls":27,"% Nuls/Ins":2.54,"% Nuls/Vot":3.75,"Exprimés":676,"% Exp/Ins":63.53,"% Exp/Vot":93.89,"resultats":[{"N.Pan.":1,"Code Nuance":"LNC","Sexe":"F","Nom":"NICOUX","Prénom":"Renée","Liste":"EN LIEN - Bâtissons le Felletin de demain","Sièges / Elu":15,"Sièges Secteur":0,"Sièges CC":5,"Voix":373,"% Voix/Ins":35.06,"% Voix/Exp":55.18},{"N.Pan.":2,"Code Nuance":"LNC","Sexe":"M","Nom":"COLLIN","Prénom":"Philippe","Liste":"FELLETIN 2 MAINS !","Sièges / Elu":4,"Sièges Secteur":0,"Sièges CC":1,"Voix":303,"% Voix/Ins":28.48,"% Voix/Exp":44.82}]},"population":{"F0-2":16.5983836550616,"F3-5":18.5876838263667,"F6-10":30.0958628826017,"F11-17":39.8304063519284,"F18-24":44.01542745788,"F25-39":78.5976378235316,"F40-54":129.812428858905,"F55-64":88.4837124492705,"F65-79":161.903316217855,"F80+":147.851077759399,"H0-2":8.71173971125018,"H3-5":14.524129579157,"H6-10":33.6313798641699,"H11-17":52.6986578477067,"H18-24":178.514049831772,"H25-39":87.2008566200594,"H40-54":135.99457903911,"H55-64":91.3509360857268,"H65-79":127.353184586089,"H80+":61.2445495521604},"Analyse":{"Votes décisifs":70,"tour décisif":2,"majeurs":1332.3217562817586,"Non votants de 18-24":102.2723225197002}}