{"id":2310,"slug":"29-46-douarnenez","nom_standard":"Douarnenez","code_postal":"29","code_departement":"29","libelle_departement":"Finistère","code_commune":"46","Tour 1":{"Inscrits":12036,"Abstentions":6749,"% Abs/Ins":56.07,"Votants":5287,"% Vot/Ins":43.93,"Blancs":58,"% Blancs/Ins":0.48,"% Blancs/Vot":1.1,"Nuls":83,"% Nuls/Ins":0.69,"% Nuls/Vot":1.57,"Exprimés":5146,"% Exp/Ins":42.76,"% Exp/Vot":97.33,"resultats":[{"N.Pan.":null,"Code Nuance":"LDIV","Sexe":"F","Nom":"POITEVIN","Prénom":"Jocelyne","Liste":"DOUARNENEZ AU COEUR","Sièges / Elu":"0","Sièges Secteur":0,"Sièges CC":0,"Voix":1707,"% Voix/Ins":14.18,"% Voix/Exp":33.17},{"N.Pan.":2,"Code Nuance":"LDVG","Sexe":"M","Nom":"TUPIN","Prénom":"Hugues","Liste":"DOUARNENEZ TERRE CITOYENNE","Sièges / Elu":"0","Sièges Secteur":0,"Sièges CC":0,"Voix":2262,"% Voix/Ins":18.79,"% Voix/Exp":43.96},{"N.Pan.":3,"Code Nuance":"LDVD","Sexe":"M","Nom":"CADIC","Prénom":"François","Liste":"DOUARNENEZ NOUVELLES GENERATIONS","Sièges / Elu":0,"Sièges CC":0,"Voix":1177,"% Voix/Ins":9.78,"% Voix/Exp":22.87}]},"Tour 2":{"Inscrits":12019,"Abstentions":5635,"% Abs/Ins":46.88,"Votants":6384,"% Vot/Ins":53.12,"Blancs":143,"% Blancs/Ins":1.19,"% Blancs/Vot":2.24,"Nuls":102,"% Nuls/Ins":0.85,"% Nuls/Vot":1.6,"Exprimés":6139,"% Exp/Ins":51.08,"% Exp/Vot":96.16,"resultats":[{"N.Pan.":1,"Code Nuance":"LDIV","Sexe":"F","Nom":"POITEVIN","Prénom":"Jocelyne","Liste":"DOUARNENEZ AU COEUR","Sièges / Elu":26,"Sièges Secteur":0,"Sièges CC":11,"Voix":3511,"% Voix/Ins":29.21,"% Voix/Exp":57.19},{"N.Pan.":2,"Code Nuance":"LDVG","Sexe":"M","Nom":"TUPIN","Prénom":"Hugues","Liste":"DOUARNENEZ TERRE CITOYENNE","Sièges / Elu":7,"Sièges Secteur":0,"Sièges CC":2,"Voix":2628,"% Voix/Ins":21.87,"% Voix/Exp":42.81}]},"population":{"F0-2":141.879377083114,"F3-5":138.314239762029,"F6-10":271.612205148919,"F11-17":511.990972626722,"F18-24":325.287760586,"F25-39":867.496020206705,"F40-54":1431.64772914251,"F55-64":1125.20955871638,"F65-79":1642.44799108539,"F80+":1083.75526957721,"H0-2":137.802639319295,"H3-5":128.622774336959,"H6-10":313.711012734457,"H11-17":499.065842898724,"H18-24":354.208652612827,"H25-39":846.311543678832,"H40-54":1369.64391964429,"H55-64":1113.39207880575,"H65-79":1236.23255059828,"H80+":417.367861435606},"Analyse":{"Votes décisifs":883,"tour décisif":2,"majeurs":11813.00093608978,"Non votants de 18-24":312.2819242361942}}