{"id":2316,"slug":"29-55-le-folgoet","nom_standard":"Le Folgoët","code_postal":"29","code_departement":"29","libelle_departement":"Finistère","code_commune":"55","Tour 1":{"Inscrits":2501,"Abstentions":1183,"% Abs/Ins":47.3,"Votants":1318,"% Vot/Ins":52.7,"Blancs":20,"% Blancs/Ins":0.8,"% Blancs/Vot":1.52,"Nuls":27,"% Nuls/Ins":1.08,"% Nuls/Vot":2.05,"Exprimés":1271,"% Exp/Ins":50.82,"% Exp/Vot":96.43,"resultats":[{"N.Pan.":null,"Code Nuance":"LNC","Sexe":"M","Nom":"BERTHELOT","Prénom":"Olivier","Liste":"REVEILLONS LE FOLGOET","Sièges / Elu":"3","Sièges Secteur":0,"Sièges CC":0,"Voix":404,"% Voix/Ins":16.15,"% Voix/Exp":31.79},{"N.Pan.":2,"Code Nuance":"LNC","Sexe":"M","Nom":"KERBOUL","Prénom":"Pascal","Liste":"LE FOLGOET : (é)CO-CONSTRUIRE NOTRE AVENIR ENSEMBLE","Sièges / Elu":"20","Sièges Secteur":0,"Sièges CC":4,"Voix":867,"% Voix/Ins":34.67,"% Voix/Exp":68.21}]},"population":{"F0-2":49.3742975322944,"F3-5":52.1731278090464,"F6-10":78.2887145043937,"F11-17":140.650293587373,"F18-24":69.4011961914192,"F25-39":252.720092301252,"F40-54":321.922275545588,"F55-64":272.069164568107,"F65-79":301.64872178932,"F80+":122.057904195409,"H0-2":50.2782561324392,"H3-5":54.7898023784767,"H6-10":110.531700289223,"H11-17":151.72528181018,"H18-24":93.032746585747,"H25-39":241.74397730371,"H40-54":306.449175840995,"H55-64":261.493970027125,"H65-79":238.26629976667,"H80+":70.3830018412313},"Analyse":{"Votes décisifs":464,"tour décisif":1,"majeurs":2551.1885259565734,"Non votants de 18-24":78.51700194660476}}