{"id":2317,"slug":"29-56-la-forest-landerneau","nom_standard":"La Forest-Landerneau","code_postal":"29","code_departement":"29","libelle_departement":"Finistère","code_commune":"56","Tour 1":{"Inscrits":1479,"Abstentions":550,"% Abs/Ins":37.19,"Votants":929,"% Vot/Ins":62.81,"Blancs":7,"% Blancs/Ins":0.47,"% Blancs/Vot":0.75,"Nuls":12,"% Nuls/Ins":0.81,"% Nuls/Vot":1.29,"Exprimés":910,"% Exp/Ins":61.53,"% Exp/Vot":97.95,"resultats":[{"N.Pan.":null,"Code Nuance":"LNC","Sexe":"M","Nom":"ROULLEAUX","Prénom":"David","Liste":"L'ELAN FORESTOIS","Sièges / Elu":"16","Sièges Secteur":0,"Sièges CC":2,"Voix":608,"% Voix/Ins":41.11,"% Voix/Exp":66.81},{"N.Pan.":2,"Code Nuance":"LNC","Sexe":"M","Nom":"GUILLON","Prénom":"Roland","Liste":"ENSEMBLE, CAP SUR L'AVENIR DE LA FOREST","Sièges / Elu":"3","Sièges Secteur":0,"Sièges CC":0,"Voix":302,"% Voix/Ins":20.42,"% Voix/Exp":33.19}]},"population":{"F0-2":44.0505948186672,"F3-5":26.628955194493,"F6-10":73.7323142837559,"F11-17":100.37218458326,"F18-24":40.9964791222986,"F25-39":181.456714958389,"F40-54":214.30985186374,"F55-64":111.950394687941,"F65-79":147.925922540379,"F80+":47.2698759593939,"H0-2":28.6913873994045,"H3-5":53.2688273130084,"H6-10":64.5385968344712,"H11-17":111.639245745432,"H18-24":44.0778726561878,"H25-39":173.351621945831,"H40-54":209.161957235163,"H55-64":117.04778621561,"H65-79":145.848428238389,"H80+":25.6809884041859},"Analyse":{"Votes décisifs":307,"tour décisif":1,"majeurs":1459.077893827508,"Non votants de 18-24":30.907214344247908}}