{"id":2320,"slug":"29-59-garlan","nom_standard":"Garlan","code_postal":"29","code_departement":"29","libelle_departement":"Finistère","code_commune":"59","Tour 1":{"Inscrits":764,"Abstentions":427,"% Abs/Ins":55.89,"Votants":337,"% Vot/Ins":44.11,"Blancs":8,"% Blancs/Ins":1.05,"% Blancs/Vot":2.37,"Nuls":17,"% Nuls/Ins":2.23,"% Nuls/Vot":5.04,"Exprimés":312,"% Exp/Ins":40.84,"% Exp/Vot":92.58,"resultats":[{"N.Pan.":null,"Code Nuance":"LNC","Sexe":"M","Nom":"IRRIEN","Prénom":"Joseph","Liste":"ENSEMBLE POUR GARLAN","Sièges / Elu":"15","Sièges Secteur":0,"Sièges CC":1,"Voix":312,"% Voix/Ins":40.84,"% Voix/Exp":100}]},"population":{"F0-2":14.9635016349976,"F3-5":17.9964687901321,"F6-10":39.9422090675354,"F11-17":64.9008660340451,"F18-24":30.0515923674325,"F25-39":82.0518048391992,"F40-54":116.130069784983,"F55-64":65.4031343398259,"F65-79":62.388863430525,"F80+":34.2542671477449,"H0-2":13.0003551988089,"H3-5":19.9617200000346,"H6-10":46.8988941540015,"H11-17":52.8821323550488,"H18-24":36.9954936185266,"H25-39":81.1331564281504,"H40-54":122.13446092777,"H55-64":67.4150430074326,"H65-79":68.406979944293,"H80+":15.0889869295128},"Analyse":{"Votes décisifs":313,"tour décisif":1,"majeurs":781.4538527653958,"Non votants de 18-24":38.133199519970255}}