{"id":2325,"slug":"29-67-guerlesquin","nom_standard":"Guerlesquin","code_postal":"29","code_departement":"29","libelle_departement":"Finistère","code_commune":"67","Tour 1":{"Inscrits":1027,"Abstentions":310,"% Abs/Ins":30.19,"Votants":717,"% Vot/Ins":69.81,"Blancs":16,"% Blancs/Ins":1.56,"% Blancs/Vot":2.23,"Nuls":31,"% Nuls/Ins":3.02,"% Nuls/Vot":4.32,"Exprimés":670,"% Exp/Ins":65.24,"% Exp/Vot":93.44,"resultats":[{"N.Pan.":null,"Code Nuance":"LNC","Sexe":"M","Nom":"UGUEN","Prénom":"Paul","Liste":"AGIR ENSEMBLE POUR GUERLESQUIN","Sièges / Elu":"3","Sièges Secteur":0,"Sièges CC":0,"Voix":317,"% Voix/Ins":30.87,"% Voix/Exp":47.31},{"N.Pan.":2,"Code Nuance":"LNC","Sexe":"M","Nom":"CLOAREC","Prénom":"Eric","Liste":"TOUS ENGAGES POUR GUERLESQUIN","Sièges / Elu":"12","Sièges Secteur":0,"Sièges CC":1,"Voix":353,"% Voix/Ins":34.37,"% Voix/Exp":52.69}]},"population":{"F0-2":12.682071478175,"F3-5":13.6488442388143,"F6-10":27.0494438800897,"F11-17":33.9139703067182,"F18-24":25.6008535856204,"F25-39":83.3030502006255,"F40-54":115.459473239081,"F55-64":91.9992633572678,"F65-79":138.840855699161,"F80+":118.617837874976,"H0-2":10.6158106494776,"H3-5":16.4000452853344,"H6-10":40.4023413552193,"H11-17":57.0483436959109,"H18-24":35.2179734906822,"H25-39":73.0230778752612,"H40-54":137.724723028433,"H55-64":100.886581368954,"H65-79":98.3391044747791,"H80+":55.22633491542},"Analyse":{"Votes décisifs":37,"tour décisif":1,"majeurs":1074.239129110261,"Non votants de 18-24":20.225352279097475}}