{"id":2329,"slug":"29-74-guimiliau","nom_standard":"Guimiliau","code_postal":"29","code_departement":"29","libelle_departement":"Finistère","code_commune":"74","Tour 1":{"Inscrits":780,"Abstentions":288,"% Abs/Ins":36.92,"Votants":492,"% Vot/Ins":63.08,"Blancs":10,"% Blancs/Ins":1.28,"% Blancs/Vot":2.03,"Nuls":13,"% Nuls/Ins":1.67,"% Nuls/Vot":2.64,"Exprimés":469,"% Exp/Ins":60.13,"% Exp/Vot":95.33,"resultats":[{"N.Pan.":null,"Code Nuance":"LNC","Sexe":"F","Nom":"GUILLERM","Prénom":"Elisabeth","Liste":"GUIMILIAU AUJOURD'HUI ET DEMAIN","Sièges / Elu":"13","Sièges Secteur":0,"Sièges CC":2,"Voix":305,"% Voix/Ins":39.1,"% Voix/Exp":65.03},{"N.Pan.":2,"Code Nuance":"LNC","Sexe":"M","Nom":"LE GALL","Prénom":"Michel","Liste":"AVEC VOUS POUR L'AVENIR","Sièges / Elu":"2","Sièges Secteur":0,"Sièges CC":0,"Voix":164,"% Voix/Ins":21.03,"% Voix/Exp":34.97}]},"population":{"F0-2":23.368960766868,"F3-5":24.4343211537039,"F6-10":27.0579821978326,"F11-17":51.4332088730431,"F18-24":29.8159897099092,"F25-39":89.6645404583552,"F40-54":109.678211976595,"F55-64":60.2461458333454,"F65-79":56.6879308139248,"F80+":24.4693035709435,"H0-2":9.44732648025978,"H3-5":17.3382094574471,"H6-10":47.7565570600541,"H11-17":58.6237122383688,"H18-24":35.583050643381,"H25-39":84.6961108918016,"H40-54":125.010763482676,"H55-64":70.1467262366538,"H65-79":52.3082145665418,"H80+":9.23273358829513},"Analyse":{"Votes décisifs":142,"tour décisif":1,"majeurs":747.5397217724224,"Non votants de 18-24":22.356072980896315}}