{"id":2338,"slug":"29-91-kerlouan","nom_standard":"Kerlouan","code_postal":"29","code_departement":"29","libelle_departement":"Finistère","code_commune":"91","Tour 1":{"Inscrits":1846,"Abstentions":723,"% Abs/Ins":39.17,"Votants":1123,"% Vot/Ins":60.83,"Blancs":7,"% Blancs/Ins":0.38,"% Blancs/Vot":0.62,"Nuls":18,"% Nuls/Ins":0.98,"% Nuls/Vot":1.6,"Exprimés":1098,"% Exp/Ins":59.48,"% Exp/Vot":97.77,"resultats":[{"N.Pan.":null,"Code Nuance":"LNC","Sexe":"M","Nom":"YVON","Prénom":"Joel","Liste":"AGISSONS POUR KERLOUAN","Sièges / Elu":"2","Sièges Secteur":0,"Sièges CC":0,"Voix":294,"% Voix/Ins":15.93,"% Voix/Exp":26.78},{"N.Pan.":2,"Code Nuance":"LNC","Sexe":"M","Nom":"COLLIOU","Prénom":"Christian","Liste":"S'ENGAGER ET AGIR ENSEMBLE","Sièges / Elu":"16","Sièges Secteur":0,"Sièges CC":3,"Voix":677,"% Voix/Ins":36.67,"% Voix/Exp":61.66},{"N.Pan.":3,"Code Nuance":"LNC","Sexe":"M","Nom":"MITCHOVITCH","Prénom":"Gérard","Liste":"KERLOUAN DEMAIN","Sièges / Elu":1,"Sièges CC":0,"Voix":127,"% Voix/Ins":6.88,"% Voix/Exp":11.57}]},"population":{"F0-2":15.6963947872227,"F3-5":20.3421619230769,"F6-10":50.5442933669592,"F11-17":68.5831008210535,"F18-24":31.7925584280674,"F25-39":104.804508892364,"F40-54":175.032823107574,"F55-64":182.813477602719,"F65-79":273.78521731668,"F80+":135.86387385361,"H0-2":14.1515095145135,"H3-5":22.1987901833351,"H6-10":49.4065148441139,"H11-17":76.7713276068635,"H18-24":35.0166596867308,"H25-39":114.85193239742,"H40-54":198.338028720147,"H55-64":200.739224406853,"H65-79":234.846009451747,"H80+":81.42159308895},"Analyse":{"Votes décisifs":257,"tour décisif":1,"majeurs":1769.3059069528622,"Non votants de 18-24":24.40459399181027}}