{"id":2342,"slug":"29-98-lampaul-plouarzel","nom_standard":"Lampaul-Plouarzel","code_postal":"29","code_departement":"29","libelle_departement":"Finistère","code_commune":"98","Tour 1":{"Inscrits":1862,"Abstentions":744,"% Abs/Ins":39.96,"Votants":1118,"% Vot/Ins":60.04,"Blancs":9,"% Blancs/Ins":0.48,"% Blancs/Vot":0.81,"Nuls":18,"% Nuls/Ins":0.97,"% Nuls/Vot":1.61,"Exprimés":1091,"% Exp/Ins":58.59,"% Exp/Vot":97.58,"resultats":[{"N.Pan.":null,"Code Nuance":"LNC","Sexe":"M","Nom":"GUERIN","Prénom":"Sylvain","Liste":"LAMPAUL : UNE NOUVELLE LISTE !","Sièges / Elu":"3","Sièges Secteur":0,"Sièges CC":0,"Voix":396,"% Voix/Ins":21.27,"% Voix/Exp":36.3},{"N.Pan.":2,"Code Nuance":"LNC","Sexe":"M","Nom":"JOURDEN","Prénom":"Michel","Liste":"BIEN VIVRE A LAMPAUL","Sièges / Elu":"16","Sièges Secteur":0,"Sièges CC":2,"Voix":695,"% Voix/Ins":37.33,"% Voix/Exp":63.7}]},"population":{"F0-2":22.8442953752244,"F3-5":23.7587977965039,"F6-10":49.5843884919994,"F11-17":79.4721462421607,"F18-24":56.830312008734,"F25-39":133.591605902021,"F40-54":188.787287676163,"F55-64":170.156634760264,"F65-79":239.835267115954,"F80+":99.9947589109821,"H0-2":37.8123694049723,"H3-5":35.7877588132805,"H6-10":73.4471231090008,"H11-17":103.407582608427,"H18-24":50.806049385988,"H25-39":123.939602296168,"H40-54":214.917296495843,"H55-64":152.978065784155,"H65-79":225.581061360082,"H80+":64.4675964620764},"Analyse":{"Votes décisifs":300,"tour décisif":1,"majeurs":1721.8855381584306,"Non votants de 18-24":37.749339654588795}}