{"id":239,"slug":"2-540-nesles-la-montagne","nom_standard":"Nesles-la-Montagne","code_postal":"2","code_departement":"2","libelle_departement":"Aisne","code_commune":"540","Tour 1":{"Inscrits":940,"Abstentions":596,"% Abs/Ins":63.4,"Votants":344,"% Vot/Ins":36.6,"Blancs":7,"% Blancs/Ins":0.74,"% Blancs/Vot":2.03,"Nuls":15,"% Nuls/Ins":1.6,"% Nuls/Vot":4.36,"Exprimés":322,"% Exp/Ins":34.26,"% Exp/Vot":93.6,"resultats":[{"N.Pan.":null,"Code Nuance":"LNC","Sexe":"M","Nom":"AMELOT","Prénom":"Stéphan","Liste":"BIEN VIVRE A NESLES","Sièges / Elu":"15","Sièges Secteur":0,"Sièges CC":2,"Voix":322,"% Voix/Ins":34.26,"% Voix/Exp":100}]},"population":{"F0-2":11.4026000916202,"F3-5":18.5854792765674,"F6-10":43.6005061633176,"F11-17":69.09289083836,"F18-24":33.8892005822176,"F25-39":95.106271598661,"F40-54":142.365502120332,"F55-64":96.9581387487809,"F65-79":98.7039588580651,"F80+":24.7807011641485,"H0-2":12.4827424338001,"H3-5":30.021785869059,"H6-10":43.5844197488826,"H11-17":63.989629597684,"H18-24":34.0173616251316,"H25-39":76.5233181515599,"H40-54":126.563990282149,"H55-64":81.552515367126,"H65-79":90.8694603090463,"H80+":21.9095271734909},"Analyse":{"Votes décisifs":323,"tour décisif":1,"majeurs":923.239945980709,"Non votants de 18-24":42.604518571754355}}