{"id":1786,"slug":"24-172-les-eyzies","nom_standard":"Les Eyzies","code_postal":"24","code_departement":"24","libelle_departement":"Dordogne","code_commune":"172","Tour 1":{"Inscrits":915,"Abstentions":467,"% Abs/Ins":51.04,"Votants":448,"% Vot/Ins":48.96,"Blancs":11,"% Blancs/Ins":1.2,"% Blancs/Vot":2.46,"Nuls":56,"% Nuls/Ins":6.12,"% Nuls/Vot":12.5,"Exprimés":381,"% Exp/Ins":41.64,"% Exp/Vot":85.04,"resultats":[{"N.Pan.":null,"Code Nuance":"LNC","Sexe":"M","Nom":"LAGARDE","Prénom":"Philippe","Liste":"LISTE D'UNION","Sièges / Elu":"19","Sièges Secteur":0,"Sièges CC":3,"Voix":381,"% Voix/Ins":41.64,"% Voix/Exp":100}]},"population":{"F0-2":9.31896260247922,"F3-5":13.3801004197083,"F6-10":24.1559605179106,"F11-17":37.1365687277352,"F18-24":19.7113970016104,"F25-39":87.2156965504673,"F40-54":100.924158794073,"F55-64":94.4280264002941,"F65-79":133.73734350779,"F80+":49.8648874732065,"H0-2":21.6896439338457,"H3-5":13.3254635485495,"H6-10":29.3473891311406,"H11-17":29.005048218984,"H18-24":16.4952888520829,"H25-39":76.0612140042743,"H40-54":95.9341310653761,"H55-64":88.914213614084,"H65-79":118.184298242735,"H80+":50.170207393653},"Analyse":{"Votes décisifs":382,"tour décisif":1,"majeurs":931.6408628996465,"Non votants de 18-24":18.79590460911641}}