{"id":240,"slug":"2-543-neuilly-saint-front","nom_standard":"Neuilly-Saint-Front","code_postal":"2","code_departement":"2","libelle_departement":"Aisne","code_commune":"543","Tour 1":{"Inscrits":1536,"Abstentions":880,"% Abs/Ins":57.29,"Votants":656,"% Vot/Ins":42.71,"Blancs":10,"% Blancs/Ins":0.65,"% Blancs/Vot":1.52,"Nuls":16,"% Nuls/Ins":1.04,"% Nuls/Vot":2.44,"Exprimés":630,"% Exp/Ins":41.02,"% Exp/Vot":96.04,"resultats":[{"N.Pan.":null,"Code Nuance":"LNC","Sexe":"F","Nom":"BINIEC","Prénom":"Françoise","Liste":"AGISSONS ENSEMBLE POUR NEUILLY","Sièges / Elu":"15","Sièges Secteur":0,"Sièges CC":2,"Voix":322,"% Voix/Ins":20.96,"% Voix/Exp":51.11},{"N.Pan.":2,"Code Nuance":"LNC","Sexe":"M","Nom":"HOUÉE","Prénom":"Ludovic","Liste":"UNIS POUR LES FRONTONNAIS","Sièges / Elu":"4","Sièges Secteur":0,"Sièges CC":1,"Voix":308,"% Voix/Ins":20.05,"% Voix/Exp":48.89}]},"population":{"F0-2":36.6985750834659,"F3-5":35.7855117510334,"F6-10":60.1318337196429,"F11-17":106.054536399946,"F18-24":73.6402606414523,"F25-39":182.008663458916,"F40-54":213.780951983249,"F55-64":132.920704439988,"F65-79":141.748492313431,"F80+":90.3464084107311,"H0-2":37.9202080306233,"H3-5":36.3369368678132,"H6-10":75.6691384916704,"H11-17":91.1808912646249,"H18-24":62.560218358455,"H25-39":162.602951611228,"H40-54":204.100306787505,"H55-64":134.437515057581,"H65-79":140.43965610632,"H80+":36.6362392223241},"Analyse":{"Votes décisifs":15,"tour décisif":1,"majeurs":1575.2223683911805,"Non votants de 18-24":79.47990670687142}}