{"id":2429,"slug":"29-236-riec-sur-belon","nom_standard":"Riec-sur-Belon","code_postal":"29","code_departement":"29","libelle_departement":"Finistère","code_commune":"236","Tour 1":{"Inscrits":3719,"Abstentions":2502,"% Abs/Ins":67.28,"Votants":1217,"% Vot/Ins":32.72,"Blancs":99,"% Blancs/Ins":2.66,"% Blancs/Vot":8.13,"Nuls":108,"% Nuls/Ins":2.9,"% Nuls/Vot":8.87,"Exprimés":1010,"% Exp/Ins":27.16,"% Exp/Vot":82.99,"resultats":[{"N.Pan.":null,"Code Nuance":"LDVG","Sexe":"M","Nom":"MIOSSEC","Prénom":"Sébastien","Liste":"RIEC, TERRE D'AVENIR","Sièges / Elu":"27","Sièges Secteur":0,"Sièges CC":4,"Voix":1010,"% Voix/Ins":27.16,"% Voix/Exp":100}]},"population":{"F0-2":46.606500779182,"F3-5":49.9083821896769,"F6-10":98.1148827649703,"F11-17":161.313902383672,"F18-24":66.321313528611,"F25-39":269.265989957352,"F40-54":399.744518309122,"F55-64":364.574343161345,"F65-79":525.599642946331,"F80+":201.80211560834,"H0-2":45.9969482428601,"H3-5":57.1002896075907,"H6-10":95.6554807076437,"H11-17":167.756048507922,"H18-24":92.8829601141026,"H25-39":275.026547765458,"H40-54":377.024791083124,"H55-64":334.021231877773,"H65-79":488.367639487071,"H80+":122.916470977852},"Analyse":{"Votes décisifs":1011,"tour décisif":1,"majeurs":3517.5475648164816,"Non votants de 18-24":104.12282912689767}}