{"id":2448,"slug":"29-276-sibiril","nom_standard":"Sibiril","code_postal":"29","code_departement":"29","libelle_departement":"Finistère","code_commune":"276","Tour 1":{"Inscrits":1001,"Abstentions":394,"% Abs/Ins":39.36,"Votants":607,"% Vot/Ins":60.64,"Blancs":3,"% Blancs/Ins":0.3,"% Blancs/Vot":0.49,"Nuls":12,"% Nuls/Ins":1.2,"% Nuls/Vot":1.98,"Exprimés":592,"% Exp/Ins":59.14,"% Exp/Vot":97.53,"resultats":[{"N.Pan.":null,"Code Nuance":"LNC","Sexe":"M","Nom":"EDERN","Prénom":"Jacques","Liste":"AVENIR POUR SIBIRIL","Sièges / Elu":"13","Sièges Secteur":0,"Sièges CC":2,"Voix":416,"% Voix/Ins":41.56,"% Voix/Exp":70.27},{"N.Pan.":2,"Code Nuance":"LNC","Sexe":"M","Nom":"BILLANT","Prénom":"Michel","Liste":"OSONS LA DIFFÉRENCE","Sièges / Elu":"2","Sièges Secteur":0,"Sièges CC":0,"Voix":176,"% Voix/Ins":17.58,"% Voix/Exp":29.73}]},"population":{"F0-2":13.2172868871784,"F3-5":9.03656613474514,"F6-10":35.3525536083394,"F11-17":46.3566784987105,"F18-24":18.6052283949254,"F25-39":71.5348538451652,"F40-54":118.02009584678,"F55-64":91.127895001164,"F65-79":133.552276764582,"F80+":50.2395420007281,"H0-2":14.6770875388628,"H3-5":15.6710074349484,"H6-10":43.6040253329696,"H11-17":46.7423670420099,"H18-24":23.6646543068673,"H25-39":73.4669766759573,"H40-54":125.772398152503,"H55-64":101.127914632042,"H65-79":118.06528469094,"H80+":32.1653072105816},"Analyse":{"Votes décisifs":241,"tour décisif":1,"majeurs":957.3424275222358,"Non votants de 18-24":15.468794541107137}}