{"id":2457,"slug":"29-297-tremeven","nom_standard":"Tréméven","code_postal":"29","code_departement":"29","libelle_departement":"Finistère","code_commune":"297","Tour 1":{"Inscrits":1885,"Abstentions":802,"% Abs/Ins":42.55,"Votants":1083,"% Vot/Ins":57.45,"Blancs":20,"% Blancs/Ins":1.06,"% Blancs/Vot":1.85,"Nuls":21,"% Nuls/Ins":1.11,"% Nuls/Vot":1.94,"Exprimés":1042,"% Exp/Ins":55.28,"% Exp/Vot":96.21,"resultats":[{"N.Pan.":null,"Code Nuance":"LNC","Sexe":"M","Nom":"COLAS","Prénom":"Roger","Liste":"REUSSIR ENSEMBLE A TREMEVEN","Sièges / Elu":"4","Sièges Secteur":0,"Sièges CC":0,"Voix":494,"% Voix/Ins":26.21,"% Voix/Exp":47.41},{"N.Pan.":2,"Code Nuance":"LNC","Sexe":"F","Nom":"CAUDAN","Prénom":"Monique","Liste":"S'UNIR POUR AGIR","Sièges / Elu":"15","Sièges Secteur":0,"Sièges CC":2,"Voix":548,"% Voix/Ins":29.07,"% Voix/Exp":52.59}]},"population":{"F0-2":36.8811190803858,"F3-5":53.8844351701923,"F6-10":93.6630178562708,"F11-17":107.728109053886,"F18-24":42.0099758667807,"F25-39":199.003958619686,"F40-54":239.30615272228,"F55-64":135.942373018499,"F65-79":198.532906254334,"F80+":92.7853840238157,"H0-2":38.9306887366417,"H3-5":47.8585477090582,"H6-10":79.7475297795708,"H11-17":108.635334403561,"H18-24":48.0679181922097,"H25-39":194.226115120725,"H40-54":237.348242866344,"H55-64":165.982055785238,"H65-79":145.006536836273,"H80+":63.4595989042487},"Analyse":{"Votes décisifs":55,"tour décisif":1,"majeurs":1761.6712182104338,"Non votants de 18-24":34.70186347083919}}