{"id":2459,"slug":"29-302-pont-de-buis-les-quimerch","nom_standard":"Pont-de-Buis-lès-Quimerch","code_postal":"29","code_departement":"29","libelle_departement":"Finistère","code_commune":"302","Tour 1":{"Inscrits":2673,"Abstentions":1329,"% Abs/Ins":49.72,"Votants":1344,"% Vot/Ins":50.28,"Blancs":9,"% Blancs/Ins":0.34,"% Blancs/Vot":0.67,"Nuls":26,"% Nuls/Ins":0.97,"% Nuls/Vot":1.93,"Exprimés":1309,"% Exp/Ins":48.97,"% Exp/Vot":97.4,"resultats":[{"N.Pan.":null,"Code Nuance":"LDVG","Sexe":"M","Nom":"PRIGENT","Prénom":"Pascal","Liste":"PONT-DE-BUIS-LES-QUIMERC'H, L'AIMER, LA PARTAGER","Sièges / Elu":"23","Sièges Secteur":0,"Sièges CC":4,"Voix":852,"% Voix/Ins":31.87,"% Voix/Exp":65.09},{"N.Pan.":2,"Code Nuance":"LDVD","Sexe":"M","Nom":"PIRIOU","Prénom":"Jean-Yves","Liste":"UNION POUR LE RENOUVEAU A PONT DE BUIS LES QUIMERC'H","Sièges / Elu":"4","Sièges Secteur":0,"Sièges CC":1,"Voix":457,"% Voix/Ins":17.1,"% Voix/Exp":34.91}]},"population":{"F0-2":51.0691377381615,"F3-5":69.644707386358,"F6-10":133.203849527128,"F11-17":153.921448776671,"F18-24":73.4261088983482,"F25-39":315.670688213072,"F40-54":392.327891238136,"F55-64":229.923416854045,"F65-79":230.482580787012,"F80+":166.194973540622,"H0-2":56.9504078300137,"H3-5":66.7406134435434,"H6-10":126.481883967981,"H11-17":152.980876779109,"H18-24":113.263488961767,"H25-39":329.095372793124,"H40-54":426.366937770447,"H55-64":225.650946857241,"H65-79":221.155416771269,"H80+":82.4492518659498},"Analyse":{"Votes décisifs":396,"tour décisif":1,"majeurs":2806.0070745510325,"Non votants de 18-24":97.27042932001409}}