{"id":246,"slug":"2-575-origny-sainte-benoite","nom_standard":"Origny-Sainte-Benoite","code_postal":"2","code_departement":"2","libelle_departement":"Aisne","code_commune":"575","Tour 1":{"Inscrits":1121,"Abstentions":475,"% Abs/Ins":42.37,"Votants":646,"% Vot/Ins":57.63,"Blancs":9,"% Blancs/Ins":0.8,"% Blancs/Vot":1.39,"Nuls":18,"% Nuls/Ins":1.61,"% Nuls/Vot":2.79,"Exprimés":619,"% Exp/Ins":55.22,"% Exp/Vot":95.82,"resultats":[{"N.Pan.":null,"Code Nuance":"LNC","Sexe":"M","Nom":"DELVILLE","Prénom":"Francis","Liste":"POUR UN AVENIR DYNAMIQUE","Sièges / Elu":"4","Sièges Secteur":0,"Sièges CC":2,"Voix":266,"% Voix/Ins":23.73,"% Voix/Exp":42.97},{"N.Pan.":2,"Code Nuance":"LNC","Sexe":"M","Nom":"BURILLON","Prénom":"Dominique","Liste":"ORIGNY ENSEMBLE AUTREMENT","Sièges / Elu":"15","Sièges Secteur":0,"Sièges CC":3,"Voix":353,"% Voix/Ins":31.49,"% Voix/Exp":57.03}]},"population":{"F0-2":24.1538160778028,"F3-5":42.7953215823368,"F6-10":54.0311630870535,"F11-17":76.2677003252287,"F18-24":61.0896205085943,"F25-39":143.153688863235,"F40-54":167.060947970132,"F55-64":117.091140267281,"F65-79":125.420331283104,"F80+":56.439193884127,"H0-2":34.7241438367537,"H3-5":25.1103141925832,"H6-10":57.8620224929566,"H11-17":69.7784896145669,"H18-24":58.1607181076663,"H25-39":155.774207556691,"H40-54":152.995713901261,"H55-64":113.889140876262,"H65-79":96.1062032713154,"H80+":28.0961223010485},"Analyse":{"Votes décisifs":88,"tour décisif":1,"majeurs":1275.2770287907174,"Non votants de 18-24":58.843292141696914}}