{"id":1896,"slug":"25-318-jougne","nom_standard":"Jougne","code_postal":"25","code_departement":"25","libelle_departement":"Doubs","code_commune":"318","Tour 1":{"Inscrits":1128,"Abstentions":483,"% Abs/Ins":42.82,"Votants":645,"% Vot/Ins":57.18,"Blancs":6,"% Blancs/Ins":0.53,"% Blancs/Vot":0.93,"Nuls":15,"% Nuls/Ins":1.33,"% Nuls/Vot":2.33,"Exprimés":624,"% Exp/Ins":55.32,"% Exp/Vot":96.74,"resultats":[{"N.Pan.":null,"Code Nuance":"LNC","Sexe":"M","Nom":"POIX-DAUDE","Prénom":"Denis","Liste":"Bien vivre à Jougne","Sièges / Elu":"4","Sièges Secteur":0,"Sièges CC":2,"Voix":305,"% Voix/Ins":27.04,"% Voix/Exp":48.88},{"N.Pan.":2,"Code Nuance":"LNC","Sexe":"M","Nom":"MOREL","Prénom":"Michel","Liste":"Réagir pour l'avenir","Sièges / Elu":"15","Sièges Secteur":0,"Sièges CC":3,"Voix":319,"% Voix/Ins":28.28,"% Voix/Exp":51.12}]},"population":{"F0-2":39.6726862302483,"F3-5":20.8803611738149,"F6-10":80.3893905191873,"F11-17":65.7731376975169,"F18-24":42.8047404063205,"F25-39":248.476297968397,"F40-54":191.055304740406,"F55-64":89.7855530474041,"F65-79":89.7855530474041,"F80+":31.3205417607223,"H0-2":42.8047404063205,"H3-5":42.8047404063205,"H6-10":87.6975169300226,"H11-17":68.9051918735892,"H18-24":43.8487584650113,"H25-39":259.960496613995,"H40-54":206.715575620767,"H55-64":92.9176072234763,"H65-79":80.3893905191873,"H80+":24.0124153498871},"Analyse":{"Votes décisifs":15,"tour décisif":1,"majeurs":1401.072234762978,"Non votants de 18-24":46.76154656134668}}