{"id":1906,"slug":"25-381-miserey-salines","nom_standard":"Miserey-Salines","code_postal":"25","code_departement":"25","libelle_departement":"Doubs","code_commune":"381","Tour 1":{"Inscrits":1715,"Abstentions":664,"% Abs/Ins":38.72,"Votants":1051,"% Vot/Ins":61.28,"Blancs":4,"% Blancs/Ins":0.23,"% Blancs/Vot":0.38,"Nuls":16,"% Nuls/Ins":0.93,"% Nuls/Vot":1.52,"Exprimés":1031,"% Exp/Ins":60.12,"% Exp/Vot":98.1,"resultats":[{"N.Pan.":null,"Code Nuance":"LNC","Sexe":"M","Nom":"FELT","Prénom":"Marcel","Liste":"MISEREY AVENIR","Sièges / Elu":"19","Sièges Secteur":0,"Sièges CC":1,"Voix":647,"% Voix/Ins":37.73,"% Voix/Exp":62.75},{"N.Pan.":2,"Code Nuance":"LNC","Sexe":"F","Nom":"VAUCHEY","Prénom":"Dominique","Liste":"MISEREY-SALINES AGIR AVEC VOUS","Sièges / Elu":"4","Sièges Secteur":0,"Sièges CC":0,"Voix":384,"% Voix/Ins":22.39,"% Voix/Exp":37.25}]},"population":{"F0-2":58.8246427527397,"F3-5":58.9640700231778,"F6-10":84.0424222389208,"F11-17":129.466165125514,"F18-24":75.3768352441312,"F25-39":266.096543150172,"F40-54":242.710433642283,"F55-64":209.070329269739,"F65-79":216.724397532345,"F80+":61.2616319728879,"H0-2":46.4535913138902,"H3-5":51.6220989254692,"H6-10":91.275774449726,"H11-17":96.8428422432322,"H18-24":68.6125132518414,"H25-39":236.915160396823,"H40-54":226.726765177174,"H55-64":173.218989728021,"H65-79":202.605322737256,"H80+":61.1894708246553},"Analyse":{"Votes décisifs":264,"tour décisif":1,"majeurs":2040.5083929273287,"Non votants de 18-24":69.82508345604104}}