{"id":1908,"slug":"25-394-montenois","nom_standard":"Montenois","code_postal":"25","code_departement":"25","libelle_departement":"Doubs","code_commune":"394","Tour 1":{"Inscrits":1278,"Abstentions":457,"% Abs/Ins":35.76,"Votants":821,"% Vot/Ins":64.24,"Blancs":11,"% Blancs/Ins":0.86,"% Blancs/Vot":1.34,"Nuls":14,"% Nuls/Ins":1.1,"% Nuls/Vot":1.71,"Exprimés":796,"% Exp/Ins":62.28,"% Exp/Vot":96.95,"resultats":[{"N.Pan.":null,"Code Nuance":"LNC","Sexe":"M","Nom":"KALYNTSCHUK","Prénom":"Mathieu","Liste":"AVEC VOUS POUR MONTENOIS","Sièges / Elu":"16","Sièges Secteur":0,"Sièges CC":1,"Voix":551,"% Voix/Ins":43.11,"% Voix/Exp":69.22},{"N.Pan.":2,"Code Nuance":"LNC","Sexe":"F","Nom":"LEPEULE","Prénom":"Claudine","Liste":"UN NOUVEL ELAN POUR MONTENOIS","Sièges / Elu":"3","Sièges Secteur":0,"Sièges CC":0,"Voix":245,"% Voix/Ins":19.17,"% Voix/Exp":30.78}]},"population":{"F0-2":13.9846721395944,"F3-5":20.1671212084619,"F6-10":46.3434517395629,"F11-17":96.7685729393975,"F18-24":18.2955012654651,"F25-39":114.421659607956,"F40-54":181.59319263531,"F55-64":108.38869090025,"F65-79":91.9331926322707,"F80+":28.7477901858395,"H0-2":18.156008436821,"H3-5":31.4051597704159,"H6-10":48.2748059868584,"H11-17":85.3452390551604,"H18-24":47.2377236950424,"H25-39":100.293702923146,"H40-54":187.099587219442,"H55-64":111.732186718587,"H65-79":94.1442058346607,"H80+":14.6675351057572},"Analyse":{"Votes décisifs":307,"tour décisif":1,"majeurs":1098.5549687237265,"Non votants de 18-24":16.55727088960345}}