{"id":1898,"slug":"25-321-villers-le-lac","nom_standard":"Villers-le-Lac","code_postal":"25","code_departement":"25","libelle_departement":"Doubs","code_commune":"321","Tour 1":{"Inscrits":3480,"Abstentions":1828,"% Abs/Ins":52.53,"Votants":1652,"% Vot/Ins":47.47,"Blancs":27,"% Blancs/Ins":0.78,"% Blancs/Vot":1.63,"Nuls":36,"% Nuls/Ins":1.03,"% Nuls/Vot":2.18,"Exprimés":1589,"% Exp/Ins":45.66,"% Exp/Vot":96.19,"resultats":[{"N.Pan.":null,"Code Nuance":"LDVC","Sexe":"M","Nom":"PEREZ","Prénom":"Ludovic","Liste":"Villers le Lac Autrement","Sièges / Elu":"6","Sièges Secteur":0,"Sièges CC":1,"Voix":746,"% Voix/Ins":21.44,"% Voix/Exp":46.95},{"N.Pan.":2,"Code Nuance":"LDVD","Sexe":"F","Nom":"MOLLIER","Prénom":"Dominique","Liste":"VILLERS @VENIR","Sièges / Elu":"21","Sièges Secteur":0,"Sièges CC":6,"Voix":843,"% Voix/Ins":24.22,"% Voix/Exp":53.05}]},"population":{"F0-2":91.8281814893275,"F3-5":104.118246506914,"F6-10":166.169634298998,"F11-17":238.924894031187,"F18-24":136.797472976465,"F25-39":617.450661103787,"F40-54":501.678580063622,"F55-64":273.090980448459,"F65-79":285.509195175925,"F80+":146.373094575642,"H0-2":113.889423223598,"H3-5":118.019796966977,"H6-10":186.120891462757,"H11-17":231.876944321529,"H18-24":164.507442088523,"H25-39":668.393621378937,"H40-54":516.207811961464,"H55-64":291.350536037029,"H65-79":260.166887197969,"H80+":94.5257046908911},"Analyse":{"Votes décisifs":98,"tour décisif":1,"majeurs":3956.051987698713,"Non votants de 18-24":175.483585811701}}