{"id":1928,"slug":"25-495-roche-lez-beaupre","nom_standard":"Roche-lez-Beaupré","code_postal":"25","code_departement":"25","libelle_departement":"Doubs","code_commune":"495","Tour 1":{"Inscrits":1569,"Abstentions":768,"% Abs/Ins":48.95,"Votants":801,"% Vot/Ins":51.05,"Blancs":4,"% Blancs/Ins":0.25,"% Blancs/Vot":0.5,"Nuls":19,"% Nuls/Ins":1.21,"% Nuls/Vot":2.37,"Exprimés":778,"% Exp/Ins":49.59,"% Exp/Vot":97.13,"resultats":[{"N.Pan.":null,"Code Nuance":"LNC","Sexe":"M","Nom":"KRIEGER","Prénom":"Jacques","Liste":"Ensemble, Horizon 2026","Sièges / Elu":"16","Sièges Secteur":0,"Sièges CC":1,"Voix":541,"% Voix/Ins":34.48,"% Voix/Exp":69.54},{"N.Pan.":2,"Code Nuance":"LNC","Sexe":"M","Nom":"BARDEY","Prénom":"Roland","Liste":"AGIR POUR ROCHE, NATURELLEMENT","Sièges / Elu":"3","Sièges Secteur":0,"Sièges CC":0,"Voix":237,"% Voix/Ins":15.11,"% Voix/Exp":30.46}]},"population":{"F0-2":21.4738277738354,"F3-5":47.1452145404139,"F6-10":71.7616249982566,"F11-17":77.9176185059348,"F18-24":81.1477447985231,"F25-39":181.917978065611,"F40-54":224.427149013322,"F55-64":126.754459319004,"F65-79":188.382630664085,"F80+":95.9116439487378,"H0-2":39.914241078452,"H3-5":38.085649598989,"H6-10":73.0072597850272,"H11-17":98.5747273239815,"H18-24":74.3373914570228,"H25-39":161.01840555684,"H40-54":209.152460031819,"H55-64":148.292279400002,"H65-79":153.578621978075,"H80+":56.1990721620673},"Analyse":{"Votes décisifs":305,"tour décisif":1,"majeurs":1701.119836395109,"Non votants de 18-24":82.2724257362117}}