{"id":1921,"slug":"25-448-pelousey","nom_standard":"Pelousey","code_postal":"25","code_departement":"25","libelle_departement":"Doubs","code_commune":"448","Tour 1":{"Inscrits":1030,"Abstentions":672,"% Abs/Ins":65.24,"Votants":358,"% Vot/Ins":34.76,"Blancs":18,"% Blancs/Ins":1.75,"% Blancs/Vot":5.03,"Nuls":32,"% Nuls/Ins":3.11,"% Nuls/Vot":8.94,"Exprimés":308,"% Exp/Ins":29.9,"% Exp/Vot":86.03,"resultats":[{"N.Pan.":null,"Code Nuance":"LNC","Sexe":"F","Nom":"BARTHELET","Prénom":"Catherine","Liste":"PARTAGEONS DEMAIN","Sièges / Elu":"19","Sièges Secteur":0,"Sièges CC":1,"Voix":308,"% Voix/Ins":29.9,"% Voix/Exp":100}]},"population":{"F0-2":18.8306167287468,"F3-5":24.6767201674559,"F6-10":54.2261527930301,"F11-17":104.140043927574,"F18-24":54.374619711744,"F25-39":124.672351771062,"F40-54":197.976885612825,"F55-64":118.66991671207,"F65-79":64.3839508456379,"F80+":20.1785545557501,"H0-2":36.1463192406766,"H3-5":28.751525606034,"H6-10":61.3076135749052,"H11-17":91.7426110092409,"H18-24":44.1535579575672,"H25-39":119.750270708714,"H40-54":173.295795461541,"H55-64":106.413410688906,"H65-79":66.287142404573,"H80+":21.021940521948},"Analyse":{"Votes décisifs":309,"tour décisif":1,"majeurs":1111.178396952338,"Non votants de 18-24":66.78432114514015}}