{"id":1938,"slug":"25-547-sochaux","nom_standard":"Sochaux","code_postal":"25","code_departement":"25","libelle_departement":"Doubs","code_commune":"547","Tour 1":{"Inscrits":2057,"Abstentions":1294,"% Abs/Ins":62.91,"Votants":763,"% Vot/Ins":37.09,"Blancs":16,"% Blancs/Ins":0.78,"% Blancs/Vot":2.1,"Nuls":22,"% Nuls/Ins":1.07,"% Nuls/Vot":2.88,"Exprimés":725,"% Exp/Ins":35.25,"% Exp/Vot":95.02,"resultats":[{"N.Pan.":null,"Code Nuance":"LDVG","Sexe":"F","Nom":"CONTIN","Prénom":"Jacqueline","Liste":"SOCHAUX, le renouveau","Sièges / Elu":"5","Sièges Secteur":0,"Sièges CC":0,"Voix":293,"% Voix/Ins":14.24,"% Voix/Exp":40.41},{"N.Pan.":2,"Code Nuance":"LDVG","Sexe":"M","Nom":"MATOCQ-GRABOT","Prénom":"Albert","Liste":"AVEC ET POUR SOCHAUX","Sièges / Elu":"22","Sièges Secteur":0,"Sièges CC":2,"Voix":432,"% Voix/Ins":21,"% Voix/Exp":59.59}]},"population":{"F0-2":54.3615790597938,"F3-5":75.6303095360914,"F6-10":110.742043667866,"F11-17":148.870137135726,"F18-24":130.374791545316,"F25-39":334.3736347417,"F40-54":338.501644830405,"F55-64":252.542176341011,"F65-79":261.49660709118,"F80+":152.721264618873,"H0-2":101.532016037401,"H3-5":71.882058513121,"H6-10":134.718470777881,"H11-17":163.534987052057,"H18-24":152.174804570226,"H25-39":374.735446879188,"H40-54":410.980501501972,"H55-64":220.38667904261,"H65-79":270.012924394151,"H80+":60.4279226634308},"Analyse":{"Votes décisifs":140,"tour décisif":1,"majeurs":2958.728398220063,"Non votants de 18-24":209.6854082550232}}