{"id":1933,"slug":"25-527-saint-vit","nom_standard":"Saint-Vit","code_postal":"25","code_departement":"25","libelle_departement":"Doubs","code_commune":"527","Tour 1":{"Inscrits":3615,"Abstentions":2671,"% Abs/Ins":73.89,"Votants":944,"% Vot/Ins":26.11,"Blancs":40,"% Blancs/Ins":1.11,"% Blancs/Vot":4.24,"Nuls":82,"% Nuls/Ins":2.27,"% Nuls/Vot":8.69,"Exprimés":822,"% Exp/Ins":22.74,"% Exp/Vot":87.08,"resultats":[{"N.Pan.":null,"Code Nuance":"LDVD","Sexe":"M","Nom":"ROUTHIER","Prénom":"Pascal","Liste":"Notre engagement, Saint-Vit","Sièges / Elu":"27","Sièges Secteur":0,"Sièges CC":2,"Voix":822,"% Voix/Ins":22.74,"% Voix/Exp":100}]},"population":{"F0-2":70.9369237279905,"F3-5":79.2872377920133,"F6-10":169.570854149037,"F11-17":246.601313781615,"F18-24":176.251875442458,"F25-39":373.922312204086,"F40-54":572.066769094107,"F55-64":342.402728542614,"F65-79":406.88804187004,"F80+":154.24391702687,"H0-2":63.5193351846094,"H3-5":92.0338077461906,"H6-10":140.365891567499,"H11-17":243.523152057693,"H18-24":198.479045587347,"H25-39":354.962927313336,"H40-54":485.989292734265,"H55-64":313.905877926098,"H65-79":328.508257365284,"H80+":110.540438886847},"Analyse":{"Votes décisifs":823,"tour décisif":1,"majeurs":3818.161483993352,"Non votants de 18-24":282.0826684781191}}