{"id":25,"slug":"1-72-ceyzeriat","nom_standard":"Ceyzériat","code_postal":"1","code_departement":"1","libelle_departement":"Ain","code_commune":"72","Tour 1":{"Inscrits":2311,"Abstentions":1606,"% Abs/Ins":69.49,"Votants":705,"% Vot/Ins":30.51,"Blancs":24,"% Blancs/Ins":1.04,"% Blancs/Vot":3.4,"Nuls":40,"% Nuls/Ins":1.73,"% Nuls/Vot":5.67,"Exprimés":641,"% Exp/Ins":27.74,"% Exp/Vot":90.92,"resultats":[{"N.Pan.":null,"Code Nuance":"LNC","Sexe":"M","Nom":"FLOCHON","Prénom":"Jean-Yves","Liste":"Liste d'Union \"Tous unis pour Ceyzériat\"","Sièges / Elu":"23","Sièges Secteur":0,"Sièges CC":2,"Voix":641,"% Voix/Ins":27.74,"% Voix/Exp":100}]},"population":{"F0-2":42.1558809329412,"F3-5":51.054724949427,"F6-10":105.106415478719,"F11-17":152.341724399119,"F18-24":79.6583808320382,"F25-39":274.807770349352,"F40-54":341.441916210846,"F55-64":234.09887917285,"F65-79":253.68881718892,"F80+":140.292023253352,"H0-2":55.1471868735936,"H3-5":61.1027133530766,"H6-10":122.228373145115,"H11-17":168.362795138843,"H18-24":91.5375447875826,"H25-39":243.832108033301,"H40-54":321.176907849577,"H55-64":200.433085175892,"H65-79":185.519555169597,"H80+":78.0131977058572},"Analyse":{"Votes décisifs":642,"tour décisif":1,"majeurs":2444.500185729165,"Non votants de 18-24":121.82259021697638}}