{"id":2524,"slug":"30-171-molieres-sur-ceze","nom_standard":"Molières-sur-Cèze","code_postal":"30","code_departement":"30","libelle_departement":"Gard","code_commune":"171","Tour 1":{"Inscrits":938,"Abstentions":463,"% Abs/Ins":49.36,"Votants":475,"% Vot/Ins":50.64,"Blancs":14,"% Blancs/Ins":1.49,"% Blancs/Vot":2.95,"Nuls":9,"% Nuls/Ins":0.96,"% Nuls/Vot":1.89,"Exprimés":452,"% Exp/Ins":48.19,"% Exp/Vot":95.16,"resultats":[{"N.Pan.":null,"Code Nuance":"LNC","Sexe":"F","Nom":"BOUIS","Prénom":"Florence","Liste":"MOLIERES ET VOUS","Sièges / Elu":"13","Sièges Secteur":0,"Sièges CC":2,"Voix":286,"% Voix/Ins":30.49,"% Voix/Exp":63.27},{"N.Pan.":2,"Code Nuance":"LNC","Sexe":"M","Nom":"AGNIEL","Prénom":"Dominique","Liste":"MOLIERES UNIS ET SOLIDAIRES","Sièges / Elu":"2","Sièges Secteur":0,"Sièges CC":1,"Voix":166,"% Voix/Ins":17.7,"% Voix/Exp":36.73}]},"population":{"F0-2":13.9775643374311,"F3-5":10.1050695273149,"F6-10":23.5375624533798,"F11-17":41.4911967316048,"F18-24":22.2755403964832,"F25-39":67.3539974209766,"F40-54":100.823720785634,"F55-64":102.778323084432,"F65-79":141.42166126808,"F80+":92.5484177689387,"H0-2":7.4899588038947,"H3-5":14.97877183304,"H6-10":24.9551401500657,"H11-17":39.1613046898073,"H18-24":36.5505958635492,"H25-39":79.0180337226847,"H40-54":106.954875779874,"H55-64":107.117517510332,"H65-79":122.876048544156,"H80+":53.5846993283226},"Analyse":{"Votes décisifs":121,"tour décisif":1,"majeurs":1033.303431473463,"Non votants de 18-24":31.784307236325144}}