{"id":2535,"slug":"30-202-pont-saint-esprit","nom_standard":"Pont-Saint-Esprit","code_postal":"30","code_departement":"30","libelle_departement":"Gard","code_commune":"202","Tour 1":{"Inscrits":7024,"Abstentions":3913,"% Abs/Ins":55.71,"Votants":3111,"% Vot/Ins":44.29,"Blancs":63,"% Blancs/Ins":0.9,"% Blancs/Vot":2.03,"Nuls":64,"% Nuls/Ins":0.91,"% Nuls/Vot":2.06,"Exprimés":2984,"% Exp/Ins":42.48,"% Exp/Vot":95.92,"resultats":[{"N.Pan.":null,"Code Nuance":"LDVG","Sexe":"F","Nom":"CHANTRY","Prénom":"Catherine","Liste":"UNION CITOYENNE SPIRIPONTAINE","Sièges / Elu":"0","Sièges Secteur":0,"Sièges CC":0,"Voix":910,"% Voix/Ins":12.96,"% Voix/Exp":30.5},{"N.Pan.":2,"Code Nuance":"LDVG","Sexe":"F","Nom":"LAPEYRONIE","Prénom":"Claire","Liste":"ENSEMBLE","Sièges / Elu":"0","Sièges Secteur":0,"Sièges CC":0,"Voix":1293,"% Voix/Ins":18.41,"% Voix/Exp":43.33},{"N.Pan.":3,"Code Nuance":"LDIV","Sexe":"M","Nom":"BONNEAUD","Prénom":"Didier","Liste":"RASSEMBLONS LES SPIRIPONTAINS","Sièges / Elu":0,"Sièges CC":0,"Voix":781,"% Voix/Ins":11.12,"% Voix/Exp":26.17}]},"Tour 2":{"Inscrits":7037,"Abstentions":3761,"% Abs/Ins":53.45,"Votants":3276,"% Vot/Ins":46.55,"Blancs":66,"% Blancs/Ins":0.94,"% Blancs/Vot":2.01,"Nuls":98,"% Nuls/Ins":1.39,"% Nuls/Vot":2.99,"Exprimés":3112,"% Exp/Ins":44.22,"% Exp/Vot":94.99,"resultats":[{"N.Pan.":1,"Code Nuance":"LECO","Sexe":"F","Nom":"CHANTRY","Prénom":"Catherine","Liste":"UNION CITOYENNE SPIRIPONTAINE","Sièges / Elu":7,"Sièges Secteur":0,"Sièges CC":2,"Voix":1453,"% Voix/Ins":20.65,"% Voix/Exp":46.69},{"N.Pan.":2,"Code Nuance":"LDVG","Sexe":"F","Nom":"LAPEYRONIE","Prénom":"Claire","Liste":"ENSEMBLE","Sièges / Elu":26,"Sièges Secteur":0,"Sièges CC":8,"Voix":1659,"% Voix/Ins":23.58,"% Voix/Exp":53.31}]},"population":{"F0-2":100.323096455824,"F3-5":158.84511287099,"F6-10":276.914858668297,"F11-17":373.275235512637,"F18-24":289.444196864419,"F25-39":795.000850943434,"F40-54":882.798460698464,"F55-64":841.669202488193,"F65-79":1057.83085658918,"F80+":565.342303929335,"H0-2":163.510557648594,"H3-5":97.9628876797151,"H6-10":344.751877064052,"H11-17":494.317354434507,"H18-24":318.172090890156,"H25-39":847.470699406524,"H40-54":897.14531053208,"H55-64":760.46236354625,"H65-79":893.679838671889,"H80+":323.082845105463},"Analyse":{"Votes décisifs":206,"tour décisif":2,"majeurs":8472.099019665387,"Non votants de 18-24":372.6625939812218}}