{"id":2568,"slug":"30-288-saint-nazaire","nom_standard":"Saint-Nazaire","code_postal":"30","code_departement":"30","libelle_departement":"Gard","code_commune":"288","Tour 1":{"Inscrits":809,"Abstentions":459,"% Abs/Ins":56.74,"Votants":350,"% Vot/Ins":43.26,"Blancs":11,"% Blancs/Ins":1.36,"% Blancs/Vot":3.14,"Nuls":33,"% Nuls/Ins":4.08,"% Nuls/Vot":9.43,"Exprimés":306,"% Exp/Ins":37.82,"% Exp/Vot":87.43,"resultats":[{"N.Pan.":null,"Code Nuance":"LNC","Sexe":"M","Nom":"MISSOUR","Prénom":"Gérald","Liste":"SAINT-NAZAIRE, AVEC VOUS !","Sièges / Elu":"15","Sièges Secteur":0,"Sièges CC":1,"Voix":306,"% Voix/Ins":37.82,"% Voix/Exp":100}]},"population":{"F0-2":26.2288524936231,"F3-5":27.2075747611295,"F6-10":37.2947877745423,"F11-17":41.3031548847027,"F18-24":31.3812896552657,"F25-39":114.555420976736,"F40-54":132.077706240196,"F55-64":86.8312648151316,"F65-79":87.0494940866406,"F80+":43.0938696348388,"H0-2":27.289846032056,"H3-5":23.1668470542945,"H6-10":40.2609947959226,"H11-17":70.4862467814096,"H18-24":41.4565728777368,"H25-39":105.900291699618,"H40-54":124.952250935399,"H55-64":98.0370889288352,"H65-79":80.7583239070201,"H80+":29.6681216649019},"Analyse":{"Votes décisifs":307,"tour décisif":1,"majeurs":975.7616954223198,"Non votants de 18-24":46.711348235352055}}