{"id":2598,"slug":"30-355-saint-paul-les-fonts","nom_standard":"Saint-Paul-les-Fonts","code_postal":"30","code_departement":"30","libelle_departement":"Gard","code_commune":"355","Tour 1":{"Inscrits":797,"Abstentions":291,"% Abs/Ins":36.51,"Votants":506,"% Vot/Ins":63.49,"Blancs":6,"% Blancs/Ins":0.75,"% Blancs/Vot":1.19,"Nuls":1,"% Nuls/Ins":0.13,"% Nuls/Vot":0.2,"Exprimés":499,"% Exp/Ins":62.61,"% Exp/Vot":98.62,"resultats":[{"N.Pan.":null,"Code Nuance":"LNC","Sexe":"F","Nom":"MAZET","Prénom":"Sandrine","Liste":"AVEC VOUS DEMAIN","Sièges / Elu":"3","Sièges Secteur":0,"Sièges CC":0,"Voix":236,"% Voix/Ins":29.61,"% Voix/Exp":47.29},{"N.Pan.":2,"Code Nuance":"LNC","Sexe":"M","Nom":"LOPEZ","Prénom":"André","Liste":"UNIS POUR BIEN VIVRE À SAINT PAUL LES FONTS","Sièges / Elu":"12","Sièges Secteur":0,"Sièges CC":1,"Voix":263,"% Voix/Ins":33,"% Voix/Exp":52.71}]},"population":{"F0-2":15.6132591605616,"F3-5":23.4165632750727,"F6-10":32.8639806027513,"F11-17":40.2462165662343,"F18-24":23.8295528278477,"F25-39":111.59915055257,"F40-54":92.4390671723779,"F55-64":75.5351083520726,"F65-79":55.0463606493083,"F80+":59.8933807340648,"H0-2":23.273940423985,"H3-5":28.8009437233368,"H6-10":36.7144781624769,"H11-17":36.7561122400996,"H18-24":24.3153635445564,"H25-39":100.832067859203,"H40-54":102.485953576085,"H55-64":57.5018192708495,"H65-79":62.2178178521944,"H80+":25.6188634543524},"Analyse":{"Votes décisifs":28,"tour décisif":1,"majeurs":791.3145058454821,"Non votants de 18-24":17.359018345162013}}