{"id":1954,"slug":"26-10-anneyron","nom_standard":"Anneyron","code_postal":"26","code_departement":"26","libelle_departement":"Drôme","code_commune":"10","Tour 1":{"Inscrits":2951,"Abstentions":1872,"% Abs/Ins":63.44,"Votants":1079,"% Vot/Ins":36.56,"Blancs":36,"% Blancs/Ins":1.22,"% Blancs/Vot":3.34,"Nuls":102,"% Nuls/Ins":3.46,"% Nuls/Vot":9.45,"Exprimés":941,"% Exp/Ins":31.89,"% Exp/Vot":87.21,"resultats":[{"N.Pan.":null,"Code Nuance":"LDVG","Sexe":"F","Nom":"BOIDIN","Prénom":"Patricia","Liste":"ENSEMBLE DESSINONS L'AVENIR D'ANNEYRON","Sièges / Elu":"27","Sièges Secteur":0,"Sièges CC":4,"Voix":941,"% Voix/Ins":31.89,"% Voix/Exp":100}]},"population":{"F0-2":58.7690444341898,"F3-5":57.8404717018319,"F6-10":134.328299368207,"F11-17":166.86359809324,"F18-24":125.714456222414,"F25-39":320.449371709797,"F40-54":433.436521440016,"F55-64":279.674061064413,"F65-79":335.765962285781,"F80+":176.7669860251,"H0-2":66.5067132424736,"H3-5":66.4291302551977,"H6-10":142.176416619832,"H11-17":196.79254698586,"H18-24":147.411869289048,"H25-39":326.02937966357,"H40-54":429.753520360176,"H55-64":264.591233155577,"H65-79":301.888979841268,"H80+":85.8114382420097},"Analyse":{"Votes décisifs":942,"tour décisif":1,"majeurs":3227.2937792991697,"Non votants de 18-24":181.81040406756284}}