{"id":1955,"slug":"26-11-aouste-sur-sye","nom_standard":"Aouste-sur-Sye","code_postal":"26","code_departement":"26","libelle_departement":"Drôme","code_commune":"11","Tour 1":{"Inscrits":1901,"Abstentions":1295,"% Abs/Ins":68.12,"Votants":606,"% Vot/Ins":31.88,"Blancs":40,"% Blancs/Ins":2.1,"% Blancs/Vot":6.6,"Nuls":43,"% Nuls/Ins":2.26,"% Nuls/Vot":7.1,"Exprimés":523,"% Exp/Ins":27.51,"% Exp/Vot":86.3,"resultats":[{"N.Pan.":null,"Code Nuance":"LNC","Sexe":"M","Nom":"BENOIT","Prénom":"Denis","Liste":"AOUSTE 2020","Sièges / Elu":"23","Sièges Secteur":0,"Sièges CC":5,"Voix":523,"% Voix/Ins":27.51,"% Voix/Exp":100}]},"population":{"F0-2":38.3366298771741,"F3-5":39.0466692453601,"F6-10":81.9175875959227,"F11-17":104.47506637796,"F18-24":63.7475185773611,"F25-39":220.441627969351,"F40-54":276.975164640757,"F55-64":172.168433291684,"F65-79":231.124333179018,"F80+":91.9042633150473,"H0-2":33.406841040695,"H3-5":63.861250822895,"H6-10":88.9509352165622,"H11-17":105.529815294916,"H18-24":92.1239525585696,"H25-39":220.466919487583,"H40-54":256.069740437426,"H55-64":151.121450119942,"H65-79":214.432205828315,"H80+":54.8995951234601},"Analyse":{"Votes décisifs":524,"tour décisif":1,"majeurs":2045.475204528514,"Non votants de 18-24":109.69241636212973}}