{"id":1989,"slug":"26-139-genissieux","nom_standard":"Génissieux","code_postal":"26","code_departement":"26","libelle_departement":"Drôme","code_commune":"139","Tour 1":{"Inscrits":1889,"Abstentions":1315,"% Abs/Ins":69.61,"Votants":574,"% Vot/Ins":30.39,"Blancs":72,"% Blancs/Ins":3.81,"% Blancs/Vot":12.54,"Nuls":84,"% Nuls/Ins":4.45,"% Nuls/Vot":14.63,"Exprimés":418,"% Exp/Ins":22.13,"% Exp/Vot":72.82,"resultats":[{"N.Pan.":null,"Code Nuance":"LNC","Sexe":"M","Nom":"BORDAZ","Prénom":"Christian","Liste":"Agir pour Génissieux","Sièges / Elu":"19","Sièges Secteur":0,"Sièges CC":1,"Voix":418,"% Voix/Ins":22.13,"% Voix/Exp":100}]},"population":{"F0-2":32.6788537434204,"F3-5":43.765921484338,"F6-10":70.2340609261449,"F11-17":101.319089221481,"F18-24":40.4802617535391,"F25-39":161.157781343128,"F40-54":239.228369106384,"F55-64":201.93615448245,"F65-79":238.490260527026,"F80+":111.53608054578,"H0-2":26.9328003528764,"H3-5":39.6085699678522,"H6-10":61.5593414591493,"H11-17":95.3799983200334,"H18-24":64.2633146363033,"H25-39":152.674996780548,"H40-54":244.798340220198,"H55-64":167.292528807944,"H65-79":235.732286537816,"H80+":79.9309897835873},"Analyse":{"Votes décisifs":419,"tour décisif":1,"majeurs":1937.521364524704,"Non votants de 18-24":73.71278934996977}}