{"id":1998,"slug":"26-169-malataverne","nom_standard":"Malataverne","code_postal":"26","code_departement":"26","libelle_departement":"Drôme","code_commune":"169","Tour 1":{"Inscrits":1548,"Abstentions":984,"% Abs/Ins":63.57,"Votants":564,"% Vot/Ins":36.43,"Blancs":32,"% Blancs/Ins":2.07,"% Blancs/Vot":5.67,"Nuls":46,"% Nuls/Ins":2.97,"% Nuls/Vot":8.16,"Exprimés":486,"% Exp/Ins":31.4,"% Exp/Vot":86.17,"resultats":[{"N.Pan.":null,"Code Nuance":"LNC","Sexe":"F","Nom":"ALLIEZ","Prénom":"Véronique","Liste":"TREMPLIN POUR MALATAVERNE","Sièges / Elu":"19","Sièges Secteur":0,"Sièges CC":2,"Voix":486,"% Voix/Ins":31.4,"% Voix/Exp":100}]},"population":{"F0-2":35.6897398451097,"F3-5":40.7924526271451,"F6-10":68.35151289136,"F11-17":104.434350184336,"F18-24":45.6456794150508,"F25-39":222.538258685151,"F40-54":246.66197666139,"F55-64":155.613962754661,"F65-79":130.476920905037,"F80+":32.3939741606821,"H0-2":49.4140520174718,"H3-5":55.8622708696004,"H6-10":59.8297349128692,"H11-17":98.3595579584456,"H18-24":61.8694564883052,"H25-39":196.103023529168,"H40-54":240.226182885213,"H55-64":166.382567301543,"H65-79":160.577710501538,"H80+":26.7766154059234},"Analyse":{"Votes décisifs":487,"tour décisif":1,"majeurs":1685.2663286936622,"Non votants de 18-24":71.53356099317733}}