{"id":2013,"slug":"26-211-montsegur-sur-lauzon","nom_standard":"Montségur-sur-Lauzon","code_postal":"26","code_departement":"26","libelle_departement":"Drôme","code_commune":"211","Tour 1":{"Inscrits":1081,"Abstentions":593,"% Abs/Ins":54.86,"Votants":488,"% Vot/Ins":45.14,"Blancs":40,"% Blancs/Ins":3.7,"% Blancs/Vot":8.2,"Nuls":42,"% Nuls/Ins":3.89,"% Nuls/Vot":8.61,"Exprimés":406,"% Exp/Ins":37.56,"% Exp/Vot":83.2,"resultats":[{"N.Pan.":null,"Code Nuance":"LNC","Sexe":"M","Nom":"FEYDY","Prénom":"Yves","Liste":"MONTSÉGUR POUR TOUS","Sièges / Elu":"15","Sièges Secteur":0,"Sièges CC":2,"Voix":406,"% Voix/Ins":37.56,"% Voix/Exp":100}]},"population":{"F0-2":14.9824474439629,"F3-5":29.9648316143622,"F6-10":41.858088250856,"F11-17":48.8781417677115,"F18-24":28.0575519094946,"F25-39":104.068965598526,"F40-54":140.31288895017,"F55-64":109.753932864424,"F65-79":137.049556297583,"F80+":34.3092098339209,"H0-2":20.9587946551472,"H3-5":25.9147758925785,"H6-10":42.86026822476,"H11-17":52.8456513145983,"H18-24":35.0269753700356,"H25-39":102.212275491456,"H40-54":118.190625024841,"H55-64":123.775620198984,"H65-79":117.817670547393,"H80+":23.1617287491968},"Analyse":{"Votes décisifs":407,"tour décisif":1,"majeurs":1073.737000836025,"Non votants de 18-24":34.413400841267425}}