{"id":2025,"slug":"26-289-saillans","nom_standard":"Saillans","code_postal":"26","code_departement":"26","libelle_departement":"Drôme","code_commune":"289","Tour 1":{"Inscrits":1171,"Abstentions":302,"% Abs/Ins":25.79,"Votants":869,"% Vot/Ins":74.21,"Blancs":11,"% Blancs/Ins":0.94,"% Blancs/Vot":1.27,"Nuls":8,"% Nuls/Ins":0.68,"% Nuls/Vot":0.92,"Exprimés":850,"% Exp/Ins":72.59,"% Exp/Vot":97.81,"resultats":[{"N.Pan.":null,"Code Nuance":"LNC","Sexe":"M","Nom":"KARAGIANNIS","Prénom":"Fernand","Liste":"S'ENGAGER ENSEMBLE POUR SAILLANS","Sièges / Elu":"3","Sièges Secteur":0,"Sièges CC":0,"Voix":416,"% Voix/Ins":35.53,"% Voix/Exp":48.94},{"N.Pan.":2,"Code Nuance":"LNC","Sexe":"M","Nom":"BROCARD","Prénom":"François","Liste":"SAILLANS UN AVENIR EN COMMUN","Sièges / Elu":"12","Sièges Secteur":0,"Sièges CC":2,"Voix":434,"% Voix/Ins":37.06,"% Voix/Exp":51.06}]},"population":{"F0-2":15.3174765339885,"F3-5":27.6336392028677,"F6-10":53.1747218052064,"F11-17":58.3127380762665,"F18-24":20.4235696715788,"F25-39":112.195506620183,"F40-54":123.312920318601,"F55-64":96.372578078929,"F65-79":127.667301112988,"F80+":73.769786634043,"H0-2":32.7158936701751,"H3-5":29.6635507131266,"H6-10":43.0186303428241,"H11-17":53.1163574396018,"H18-24":29.5574264733904,"H25-39":110.00111430127,"H40-54":123.246994756704,"H55-64":93.3474564121209,"H65-79":109.516195178001,"H80+":55.6361426581336},"Analyse":{"Votes décisifs":19,"tour décisif":1,"majeurs":1075.0469922159427,"Non votants de 18-24":9.579519777456301}}