{"id":2020,"slug":"26-252-portes-les-valence","nom_standard":"Portes-lès-Valence","code_postal":"26","code_departement":"26","libelle_departement":"Drôme","code_commune":"252","Tour 1":{"Inscrits":7589,"Abstentions":3943,"% Abs/Ins":51.96,"Votants":3646,"% Vot/Ins":48.04,"Blancs":31,"% Blancs/Ins":0.41,"% Blancs/Vot":0.85,"Nuls":34,"% Nuls/Ins":0.45,"% Nuls/Vot":0.93,"Exprimés":3581,"% Exp/Ins":47.19,"% Exp/Vot":98.22,"resultats":[{"N.Pan.":null,"Code Nuance":"LDVD","Sexe":"F","Nom":"GIRARD","Prénom":"Geneviève","Liste":"AGIR ET MIEUX VIVRE 2020","Sièges / Elu":"26","Sièges Secteur":0,"Sièges CC":3,"Voix":2038,"% Voix/Ins":26.85,"% Voix/Exp":56.91},{"N.Pan.":2,"Code Nuance":"LDVG","Sexe":"M","Nom":"TRAPIER","Prénom":"Pierre","Liste":"PORTES CITOYENNE 2020","Sièges / Elu":"5","Sièges Secteur":0,"Sièges CC":1,"Voix":1067,"% Voix/Ins":14.06,"% Voix/Exp":29.8},{"N.Pan.":3,"Code Nuance":"LDVG","Sexe":"M","Nom":"ILLY","Prénom":"Claude","Liste":"PORTES 2020","Sièges / Elu":2,"Sièges CC":0,"Voix":476,"% Voix/Ins":6.27,"% Voix/Exp":13.29}]},"population":{"F0-2":200.434016347759,"F3-5":187.147593886798,"F6-10":352.833986224387,"F11-17":501.890518563158,"F18-24":363.397398971311,"F25-39":1013.2792709238,"F40-54":1109.31267839882,"F55-64":599.562228699041,"F65-79":802.164361835127,"F80+":393.84817482518,"H0-2":198.397058873401,"H3-5":186.216753072687,"H6-10":384.212881748677,"H11-17":495.187060150005,"H18-24":342.809252715605,"H25-39":905.347590816197,"H40-54":1032.99316293108,"H55-64":629.153698581593,"H65-79":605.142117876543,"H80+":222.670194558827},"Analyse":{"Votes décisifs":496,"tour décisif":1,"majeurs":8019.680131133124,"Non votants de 18-24":385.14279253687647}}