{"id":2035,"slug":"26-325-saint-rambert-d-albon","nom_standard":"Saint-Rambert-d'Albon","code_postal":"26","code_departement":"26","libelle_departement":"Drôme","code_commune":"325","Tour 1":{"Inscrits":3973,"Abstentions":2227,"% Abs/Ins":56.05,"Votants":1746,"% Vot/Ins":43.95,"Blancs":25,"% Blancs/Ins":0.63,"% Blancs/Vot":1.43,"Nuls":37,"% Nuls/Ins":0.93,"% Nuls/Vot":2.12,"Exprimés":1684,"% Exp/Ins":42.39,"% Exp/Vot":96.45,"resultats":[{"N.Pan.":null,"Code Nuance":"LLR","Sexe":"M","Nom":"ORIOL","Prénom":"Gérard","Liste":"EXPERIENCE et AVENIR 2020","Sièges / Elu":"0","Sièges Secteur":0,"Sièges CC":0,"Voix":777,"% Voix/Ins":19.56,"% Voix/Exp":46.14},{"N.Pan.":2,"Code Nuance":"LDVG","Sexe":"F","Nom":"SARASAR","Prénom":"Blandine","Liste":"ENSEMBLE FAISONS AUTREMENT","Sièges / Elu":"0","Sièges Secteur":0,"Sièges CC":0,"Voix":304,"% Voix/Ins":7.65,"% Voix/Exp":18.05},{"N.Pan.":3,"Code Nuance":"LDVG","Sexe":"M","Nom":"JACOB","Prénom":"Olivier","Liste":"Un nouvel élan pour ST-Rambert","Sièges / Elu":0,"Sièges CC":0,"Voix":603,"% Voix/Ins":15.18,"% Voix/Exp":35.81}]},"Tour 2":{"Inscrits":3986,"Abstentions":2267,"% Abs/Ins":56.87,"Votants":1719,"% Vot/Ins":43.13,"Blancs":19,"% Blancs/Ins":0.48,"% Blancs/Vot":1.11,"Nuls":33,"% Nuls/Ins":0.83,"% Nuls/Vot":1.92,"Exprimés":1667,"% Exp/Ins":41.82,"% Exp/Vot":96.97,"resultats":[{"N.Pan.":1,"Code Nuance":"LLR","Sexe":"M","Nom":"ORIOL","Prénom":"Gérard","Liste":"EXPERIENCE et AVENIR 2020","Sièges / Elu":22,"Sièges Secteur":0,"Sièges CC":5,"Voix":857,"% Voix/Ins":21.5,"% Voix/Exp":51.41},{"N.Pan.":3,"Code Nuance":"LDVG","Sexe":"M","Nom":"JACOB","Prénom":"Olivier","Liste":"Un nouvel élan pour ST-Rambert","Sièges / Elu":7,"Sièges Secteur":0,"Sièges CC":1,"Voix":810,"% Voix/Ins":20.32,"% Voix/Exp":48.59}]},"population":{"F0-2":137.204258658891,"F3-5":134.237301833519,"F6-10":273.651965020128,"F11-17":388.209854009002,"F18-24":214.202484925499,"F25-39":629.538178661308,"F40-54":642.093501490803,"F55-64":365.045992216742,"F65-79":448.823537265255,"F80+":222.135347819432,"H0-2":152.684077319693,"H3-5":163.043294973555,"H6-10":293.290188547546,"H11-17":435.593726652035,"H18-24":231.896243585858,"H25-39":570.128534949334,"H40-54":653.724611183572,"H55-64":340.645263340264,"H65-79":394.647513525305,"H80+":142.204124022257},"Analyse":{"Votes décisifs":47,"tour décisif":2,"majeurs":4855.085332985629,"Non votants de 18-24":288.1522328852023}}