{"id":2047,"slug":"26-357-tulette","nom_standard":"Tulette","code_postal":"26","code_departement":"26","libelle_departement":"Drôme","code_commune":"357","Tour 1":{"Inscrits":1370,"Abstentions":610,"% Abs/Ins":44.53,"Votants":760,"% Vot/Ins":55.47,"Blancs":12,"% Blancs/Ins":0.88,"% Blancs/Vot":1.58,"Nuls":16,"% Nuls/Ins":1.17,"% Nuls/Vot":2.11,"Exprimés":732,"% Exp/Ins":53.43,"% Exp/Vot":96.32,"resultats":[{"N.Pan.":null,"Code Nuance":"LNC","Sexe":"F","Nom":"MOLINIÉ","Prénom":"Sylvie","Liste":"TULETTE UN NOUVEL ELAN","Sièges / Elu":"15","Sièges Secteur":0,"Sièges CC":2,"Voix":412,"% Voix/Ins":30.07,"% Voix/Exp":56.28},{"N.Pan.":2,"Code Nuance":"LNC","Sexe":"M","Nom":"PEYRON","Prénom":"Jacques","Liste":"DEMAIN TULETTE","Sièges / Elu":"4","Sièges Secteur":0,"Sièges CC":0,"Voix":320,"% Voix/Ins":23.36,"% Voix/Exp":43.72}]},"population":{"F0-2":29.6529040470389,"F3-5":45.5149672403037,"F6-10":60.2066072294856,"F11-17":90.8159224992758,"F18-24":41.85438849234,"F25-39":182.501270431823,"F40-54":193.029504647349,"F55-64":130.019462514458,"F65-79":190.068820827784,"F80+":108.0086569227,"H0-2":35.6303579929798,"H3-5":41.5089742497023,"H6-10":54.5073327498864,"H11-17":64.3835425215572,"H18-24":52.0627828069665,"H25-39":177.712835713888,"H40-54":178.914100325706,"H55-64":118.854815864855,"H65-79":151.242832776926,"H80+":57.5099201449741},"Analyse":{"Votes décisifs":93,"tour décisif":1,"majeurs":1581.7793914697695,"Non votants de 18-24":48.79264219468194}}