{"id":2028,"slug":"26-305-saint-gervais-sur-roubion","nom_standard":"Saint-Gervais-sur-Roubion","code_postal":"26","code_departement":"26","libelle_departement":"Drôme","code_commune":"305","Tour 1":{"Inscrits":740,"Abstentions":500,"% Abs/Ins":67.57,"Votants":240,"% Vot/Ins":32.43,"Blancs":24,"% Blancs/Ins":3.24,"% Blancs/Vot":10,"Nuls":19,"% Nuls/Ins":2.57,"% Nuls/Vot":7.92,"Exprimés":197,"% Exp/Ins":26.62,"% Exp/Vot":82.08,"resultats":[{"N.Pan.":null,"Code Nuance":"LNC","Sexe":"M","Nom":"ANDÉOL","Prénom":"Hervé","Liste":"ENSEMBLE POUR SAINT GERVAIS","Sièges / Elu":"15","Sièges Secteur":0,"Sièges CC":1,"Voix":197,"% Voix/Ins":26.62,"% Voix/Exp":100}]},"population":{"F0-2":16.5631822638617,"F3-5":24.616733661975,"F6-10":46.3551932066175,"F11-17":49.3003321712251,"F18-24":16.7164193698967,"F25-39":122.2170668297,"F40-54":110.58297374088,"F55-64":57.3508758296771,"F65-79":75.9298366975137,"F80+":25.7214927242789,"H0-2":22.5764479961287,"H3-5":16.6174951943966,"H6-10":36.9727427942383,"H11-17":61.4480256258304,"H18-24":34.5954892918321,"H25-39":99.4308901061699,"H40-54":114.836849699012,"H55-64":53.0814860426386,"H65-79":78.8656214242411,"H80+":19.2208453298867},"Analyse":{"Votes décisifs":198,"tour décisif":1,"majeurs":808.5498470857268,"Non votants de 18-24":36.08111228819461}}