{"id":1961,"slug":"26-42-beauvallon","nom_standard":"Beauvallon","code_postal":"26","code_departement":"26","libelle_departement":"Drôme","code_commune":"42","Tour 1":{"Inscrits":1253,"Abstentions":811,"% Abs/Ins":64.72,"Votants":442,"% Vot/Ins":35.28,"Blancs":29,"% Blancs/Ins":2.31,"% Blancs/Vot":6.56,"Nuls":23,"% Nuls/Ins":1.84,"% Nuls/Vot":5.2,"Exprimés":390,"% Exp/Ins":31.13,"% Exp/Vot":88.24,"resultats":[{"N.Pan.":null,"Code Nuance":"LNC","Sexe":"M","Nom":"RIPOCHE","Prénom":"Bernard","Liste":"AVEC VOUS POUR BEAUVALLON","Sièges / Elu":"19","Sièges Secteur":0,"Sièges CC":1,"Voix":390,"% Voix/Ins":31.13,"% Voix/Exp":100}]},"population":{"F0-2":18.8053824069221,"F3-5":24.5147427158705,"F6-10":37.3298015176819,"F11-17":60.8309631322522,"F18-24":38.7154451900954,"F25-39":107.209986244908,"F40-54":154.901116357809,"F55-64":92.62994679834,"F65-79":207.173939485557,"F80+":88.6743223808659,"H0-2":20.7243457709776,"H3-5":20.6077732750063,"H6-10":43.0874093594454,"H11-17":73.5758418249481,"H18-24":33.9636725462192,"H25-39":98.7727102700134,"H40-54":152.431665819549,"H55-64":80.9973943725724,"H65-79":194.479159993771,"H80+":45.5743805371953},"Analyse":{"Votes décisifs":391,"tour décisif":1,"majeurs":1295.5237399968955,"Non votants de 18-24":47.882837245516306}}