{"id":2601,"slug":"31-4-ayguesvives","nom_standard":"Ayguesvives","code_postal":"31","code_departement":"31","libelle_departement":"Haute-Garonne","code_commune":"4","Tour 1":{"Inscrits":2115,"Abstentions":931,"% Abs/Ins":44.02,"Votants":1184,"% Vot/Ins":55.98,"Blancs":9,"% Blancs/Ins":0.43,"% Blancs/Vot":0.76,"Nuls":10,"% Nuls/Ins":0.47,"% Nuls/Vot":0.84,"Exprimés":1165,"% Exp/Ins":55.08,"% Exp/Vot":98.4,"resultats":[{"N.Pan.":null,"Code Nuance":"LNC","Sexe":"M","Nom":"OBERTI","Prénom":"Jacques","Liste":"AYGUESVIVES, FORTE POUR DEMAIN","Sièges / Elu":"21","Sièges Secteur":0,"Sièges CC":2,"Voix":893,"% Voix/Ins":42.22,"% Voix/Exp":76.65},{"N.Pan.":2,"Code Nuance":"LNC","Sexe":"M","Nom":"ALBOUY","Prénom":"Jean-Pierre","Liste":"BIEN VIVRE A AYGUESVIVES","Sièges / Elu":"2","Sièges Secteur":0,"Sièges CC":0,"Voix":272,"% Voix/Ins":12.86,"% Voix/Exp":23.35}]},"population":{"F0-2":46.4254301126097,"F3-5":49.5151161652256,"F6-10":121.92447809747,"F11-17":154.798736513894,"F18-24":65.3027051110364,"F25-39":210.153313062858,"F40-54":329.986810279543,"F55-64":179.715541595594,"F65-79":160.529109902706,"F80+":41.2034925460147,"H0-2":42.7925749514169,"H3-5":45.559970822646,"H6-10":111.063469907776,"H11-17":183.742517381187,"H18-24":75.6713519683359,"H25-39":199.092605424526,"H40-54":347.07085845047,"H55-64":180.608418314339,"H65-79":138.656542733856,"H80+":37.1869566584962},"Analyse":{"Votes décisifs":622,"tour décisif":1,"majeurs":1965.1777060477752,"Non votants de 18-24":56.038591412167655}}