{"id":2642,"slug":"31-160-daux","nom_standard":"Daux","code_postal":"31","code_departement":"31","libelle_departement":"Haute-Garonne","code_commune":"160","Tour 1":{"Inscrits":1700,"Abstentions":1089,"% Abs/Ins":64.06,"Votants":611,"% Vot/Ins":35.94,"Blancs":36,"% Blancs/Ins":2.12,"% Blancs/Vot":5.89,"Nuls":40,"% Nuls/Ins":2.35,"% Nuls/Vot":6.55,"Exprimés":535,"% Exp/Ins":31.47,"% Exp/Vot":87.56,"resultats":[{"N.Pan.":null,"Code Nuance":"LNC","Sexe":"M","Nom":"LAGORCE","Prénom":"Patrice","Liste":"ENSEMBLE POUR DAUX","Sièges / Elu":"19","Sièges Secteur":0,"Sièges CC":3,"Voix":535,"% Voix/Ins":31.47,"% Voix/Exp":100}]},"population":{"F0-2":40.9241064898278,"F3-5":56.3393327603483,"F6-10":95.483163505575,"F11-17":102.888605301324,"F18-24":72.6443445691983,"F25-39":282.357564204625,"F40-54":271.868323669001,"F55-64":122.376777689502,"F65-79":123.876214336588,"F80+":37.099447752094,"H0-2":59.4420402427251,"H3-5":52.6689333502017,"H6-10":90.5813307275428,"H11-17":114.112442535879,"H18-24":92.5854164610898,"H25-39":287.078907498777,"H40-54":282.827173871347,"H55-64":105.5782723614,"H65-79":114.52928636519,"H80+":34.7383163077652},"Analyse":{"Votes décisifs":536,"tour décisif":1,"majeurs":1827.5600450865772,"Non votants de 18-24":109.98923185537748}}