{"id":2651,"slug":"31-186-fonbeauzard","nom_standard":"Fonbeauzard","code_postal":"31","code_departement":"31","libelle_departement":"Haute-Garonne","code_commune":"186","Tour 1":{"Inscrits":2142,"Abstentions":1116,"% Abs/Ins":52.1,"Votants":1026,"% Vot/Ins":47.9,"Blancs":0,"% Blancs/Ins":0,"% Blancs/Vot":0,"Nuls":14,"% Nuls/Ins":0.65,"% Nuls/Vot":1.36,"Exprimés":1012,"% Exp/Ins":47.25,"% Exp/Vot":98.64,"resultats":[{"N.Pan.":null,"Code Nuance":"LNC","Sexe":"M","Nom":"GRIMAUD","Prénom":"Robert","Liste":"BIEN VIVRE A FONBEAUZARD","Sièges / Elu":"19","Sièges Secteur":0,"Sièges CC":1,"Voix":661,"% Voix/Ins":30.86,"% Voix/Exp":65.32},{"N.Pan.":2,"Code Nuance":"LNC","Sexe":"M","Nom":"DELAUNÉ","Prénom":"Mickaël","Liste":"POUR VOUS AVEC VOUS SOYONS AUDACIEUX","Sièges / Elu":"4","Sièges Secteur":0,"Sièges CC":0,"Voix":351,"% Voix/Ins":16.39,"% Voix/Exp":34.68}]},"population":{"F0-2":66.7757403760097,"F3-5":48.5877050829553,"F6-10":67.4791746508418,"F11-17":108.760408575947,"F18-24":95.9642425985698,"F25-39":362.701451211939,"F40-54":299.489365385956,"F55-64":227.515249136544,"F65-79":215.694299421263,"F80+":70.9863196246741,"H0-2":52.0900782745239,"H3-5":52.9444522245342,"H6-10":72.088740062579,"H11-17":118.789108464996,"H18-24":101.888285850055,"H25-39":342.832126828679,"H40-54":266.395665389535,"H55-64":188.90522949175,"H65-79":175.655079921141,"H80+":57.4572774275066},"Analyse":{"Votes décisifs":311,"tour décisif":1,"majeurs":2405.484592287612,"Non votants de 18-24":113.46342247009117}}