{"id":2669,"slug":"31-252-labastide-saint-sernin","nom_standard":"Labastide-Saint-Sernin","code_postal":"31","code_departement":"31","libelle_departement":"Haute-Garonne","code_commune":"252","Tour 1":{"Inscrits":1613,"Abstentions":678,"% Abs/Ins":42.03,"Votants":935,"% Vot/Ins":57.97,"Blancs":7,"% Blancs/Ins":0.43,"% Blancs/Vot":0.75,"Nuls":7,"% Nuls/Ins":0.43,"% Nuls/Vot":0.75,"Exprimés":921,"% Exp/Ins":57.1,"% Exp/Vot":98.5,"resultats":[{"N.Pan.":null,"Code Nuance":"LNC","Sexe":"M","Nom":"ANDREASSIAN","Prénom":"Philippe Xavier","Liste":"TOUS LABASTIDIENS","Sièges / Elu":"4","Sièges Secteur":0,"Sièges CC":1,"Voix":376,"% Voix/Ins":23.31,"% Voix/Exp":40.83},{"N.Pan.":2,"Code Nuance":"LNC","Sexe":"M","Nom":"SARRAU","Prénom":"Bertrand","Liste":"LABASTIDE POUR VOUS !","Sièges / Elu":"15","Sièges Secteur":0,"Sièges CC":2,"Voix":545,"% Voix/Ins":33.79,"% Voix/Exp":59.17}]},"population":{"F0-2":38.2713814304595,"F3-5":41.1850678688151,"F6-10":69.7123737141242,"F11-17":91.5303080937344,"F18-24":43.2780072351154,"F25-39":197.359729555797,"F40-54":225.036391462044,"F55-64":112.302676456422,"F65-79":121.35602581346,"F80+":44.4515178200705,"H0-2":34.6498576325784,"H3-5":36.2789618529015,"H6-10":70.2677084782499,"H11-17":72.3210689684803,"H18-24":69.2647658480254,"H25-39":185.365638509586,"H40-54":216.57591287727,"H55-64":132.355411391111,"H65-79":112.299032755904,"H80+":40.1381622358515},"Analyse":{"Votes décisifs":170,"tour décisif":1,"majeurs":1499.7832719606565,"Non votants de 18-24":42.3809738418588}}