{"id":2673,"slug":"31-261-lafitte-vigordane","nom_standard":"Lafitte-Vigordane","code_postal":"31","code_departement":"31","libelle_departement":"Haute-Garonne","code_commune":"261","Tour 1":{"Inscrits":858,"Abstentions":480,"% Abs/Ins":55.94,"Votants":378,"% Vot/Ins":44.06,"Blancs":59,"% Blancs/Ins":6.88,"% Blancs/Vot":15.61,"Nuls":19,"% Nuls/Ins":2.21,"% Nuls/Vot":5.03,"Exprimés":300,"% Exp/Ins":34.97,"% Exp/Vot":79.37,"resultats":[{"N.Pan.":null,"Code Nuance":"LNC","Sexe":"F","Nom":"BRUN","Prénom":"Karine","Liste":"AVEC VOUS IMPLIQUES POUR LAFITTE-VIGORDANE","Sièges / Elu":"15","Sièges Secteur":0,"Sièges CC":1,"Voix":300,"% Voix/Ins":34.97,"% Voix/Exp":100}]},"population":{"F0-2":19.2166499784779,"F3-5":13.4910871307504,"F6-10":51.7096837652656,"F11-17":79.1543145430835,"F18-24":29.5206675952315,"F25-39":107.368129221577,"F40-54":154.902077066508,"F55-64":65.1114957739447,"F65-79":49.6789232651287,"F80+":22.5108434313377,"H0-2":19.0255190860269,"H3-5":20.2632892961337,"H6-10":58.8365137618807,"H11-17":70.0207144292712,"H18-24":32.6487577601128,"H25-39":90.5849424857541,"H40-54":167.299015641968,"H55-64":67.7580863446756,"H65-79":56.5088708441759,"H80+":25.3904185786973},"Analyse":{"Votes décisifs":301,"tour décisif":1,"majeurs":869.2822280091115,"Non votants de 18-24":35.135578317954014}}