{"id":2680,"slug":"31-282-launaguet","nom_standard":"Launaguet","code_postal":"31","code_departement":"31","libelle_departement":"Haute-Garonne","code_commune":"282","Tour 1":{"Inscrits":5972,"Abstentions":3723,"% Abs/Ins":62.34,"Votants":2249,"% Vot/Ins":37.66,"Blancs":39,"% Blancs/Ins":0.65,"% Blancs/Vot":1.73,"Nuls":22,"% Nuls/Ins":0.37,"% Nuls/Vot":0.98,"Exprimés":2188,"% Exp/Ins":36.64,"% Exp/Vot":97.29,"resultats":[{"N.Pan.":null,"Code Nuance":"LSOC","Sexe":"M","Nom":"ROUGÉ","Prénom":"Michel","Liste":"AGIR AVEC VOUS NATURELLEMENT","Sièges / Elu":"25","Sièges Secteur":0,"Sièges CC":2,"Voix":1532,"% Voix/Ins":25.65,"% Voix/Exp":70.02},{"N.Pan.":2,"Code Nuance":"LDVD","Sexe":"M","Nom":"DENEUVILLE","Prénom":"Georges","Liste":"Place au changement pour une vraie ville","Sièges / Elu":"4","Sièges Secteur":0,"Sièges CC":0,"Voix":656,"% Voix/Ins":10.98,"% Voix/Exp":29.98}]},"population":{"F0-2":201.878749316642,"F3-5":209.54812029445,"F6-10":321.695963695603,"F11-17":391.861227395801,"F18-24":362.662554386715,"F25-39":1103.1395100156,"F40-54":1019.79591182912,"F55-64":477.930869729908,"F65-79":452.442622456709,"F80+":216.479160969683,"H0-2":184.97669019628,"H3-5":216.011964695279,"H6-10":329.109260542405,"H11-17":429.824828310299,"H18-24":392.746417315372,"H25-39":1049.26518621747,"H40-54":938.787895761734,"H55-64":490.65849285247,"H65-79":363.894689715706,"H80+":156.289884302752},"Analyse":{"Votes décisifs":877,"tour décisif":1,"majeurs":7024.09319555324,"Non votants de 18-24":513.5393480994944}}