{"id":2681,"slug":"31-284-lauzerville","nom_standard":"Lauzerville","code_postal":"31","code_departement":"31","libelle_departement":"Haute-Garonne","code_commune":"284","Tour 1":{"Inscrits":1389,"Abstentions":614,"% Abs/Ins":44.2,"Votants":775,"% Vot/Ins":55.8,"Blancs":5,"% Blancs/Ins":0.36,"% Blancs/Vot":0.65,"Nuls":11,"% Nuls/Ins":0.79,"% Nuls/Vot":1.42,"Exprimés":759,"% Exp/Ins":54.64,"% Exp/Vot":97.94,"resultats":[{"N.Pan.":null,"Code Nuance":"LNC","Sexe":"F","Nom":"GARCIA","Prénom":"Christelle","Liste":"LAUZERVILLE, CONTINUONS ENSEMBLE","Sièges / Elu":"16","Sièges Secteur":0,"Sièges CC":1,"Voix":495,"% Voix/Ins":35.64,"% Voix/Exp":65.22},{"N.Pan.":2,"Code Nuance":"LNC","Sexe":"F","Nom":"QUÉRÉ","Prénom":"Christine","Liste":"Lauzerville citoyenne et écologique","Sièges / Elu":"3","Sièges Secteur":0,"Sièges CC":0,"Voix":264,"% Voix/Ins":19.01,"% Voix/Exp":34.78}]},"population":{"F0-2":20.3228701831832,"F3-5":41.2667077173423,"F6-10":59.3571525731431,"F11-17":109.031268926981,"F18-24":46.8313679316754,"F25-39":115.670013344287,"F40-54":258.186734031226,"F55-64":95.275840712435,"F65-79":79.9679540849583,"F80+":3.43383922306653,"H0-2":22.334064493962,"H3-5":36.2437003508364,"H6-10":63.9038938766818,"H11-17":95.5426222846271,"H18-24":72.4990660076839,"H25-39":101.899369681948,"H40-54":221.710989419022,"H55-64":118.496669665253,"H65-79":76.6410311449039,"H80+":14.3848443467844},"Analyse":{"Votes décisifs":232,"tour décisif":1,"majeurs":1204.9977195932436,"Non votants de 18-24":42.582499234369834}}