{"id":2695,"slug":"31-355-mons","nom_standard":"Mons","code_postal":"31","code_departement":"31","libelle_departement":"Haute-Garonne","code_commune":"355","Tour 1":{"Inscrits":1460,"Abstentions":581,"% Abs/Ins":39.79,"Votants":879,"% Vot/Ins":60.21,"Blancs":3,"% Blancs/Ins":0.21,"% Blancs/Vot":0.34,"Nuls":10,"% Nuls/Ins":0.68,"% Nuls/Vot":1.14,"Exprimés":866,"% Exp/Ins":59.32,"% Exp/Vot":98.52,"resultats":[{"N.Pan.":null,"Code Nuance":"LNC","Sexe":"F","Nom":"DOITTAU","Prénom":"Véronique","Liste":"Mons avec Vous!","Sièges / Elu":"15","Sièges Secteur":0,"Sièges CC":1,"Voix":517,"% Voix/Ins":35.41,"% Voix/Exp":59.7},{"N.Pan.":2,"Code Nuance":"LNC","Sexe":"M","Nom":"LAFFONT","Prénom":"Jean-Claude","Liste":"\"DU COEUR ET DES ACTES\"","Sièges / Elu":"4","Sièges Secteur":0,"Sièges CC":0,"Voix":349,"% Voix/Ins":23.9,"% Voix/Exp":40.3}]},"population":{"F0-2":16.1927335362097,"F3-5":36.3371464776875,"F6-10":58.9824175568852,"F11-17":66.9223759800344,"F18-24":51.6859867680236,"F25-39":98.9979001276522,"F40-54":212.844068475917,"F55-64":146.374546612946,"F65-79":140.9380765791,"F80+":34.4484560782518,"H0-2":18.1681709257043,"H3-5":25.6988632744801,"H6-10":72.2736257477138,"H11-17":119.740320489659,"H18-24":62.4932919118547,"H25-39":87.9950825301604,"H40-54":238.556868125215,"H55-64":158.032813429005,"H65-79":110.970768375829,"H80+":31.3464869976707},"Analyse":{"Votes décisifs":169,"tour décisif":1,"majeurs":1374.6843460116256,"Non votants de 18-24":41.170819501014364}}