{"id":2091,"slug":"27-161-claville","nom_standard":"Claville","code_postal":"27","code_departement":"27","libelle_departement":"Eure","code_commune":"161","Tour 1":{"Inscrits":845,"Abstentions":493,"% Abs/Ins":58.34,"Votants":352,"% Vot/Ins":41.66,"Blancs":16,"% Blancs/Ins":1.89,"% Blancs/Vot":4.55,"Nuls":25,"% Nuls/Ins":2.96,"% Nuls/Vot":7.1,"Exprimés":311,"% Exp/Ins":36.8,"% Exp/Vot":88.35,"resultats":[{"N.Pan.":null,"Code Nuance":"LNC","Sexe":"M","Nom":"THEBAUD","Prénom":"Gérard","Liste":"AGIR ENSEMBLE POUR CLAVILLE","Sièges / Elu":"15","Sièges Secteur":0,"Sièges CC":2,"Voix":311,"% Voix/Ins":36.8,"% Voix/Exp":100}]},"population":{"F0-2":12.6996233349825,"F3-5":18.6948110540862,"F6-10":39.1755912527443,"F11-17":53.606920118268,"F18-24":19.7551903770729,"F25-39":105.832440160118,"F40-54":109.50374993955,"F55-64":107.128247574482,"F65-79":74.4537130632013,"F80+":17.442687240973,"H0-2":16.7229458878865,"H3-5":25.3794513421021,"H6-10":46.9033322071467,"H11-17":42.0046519932703,"H18-24":27.6172421183496,"H25-39":80.0996612857186,"H40-54":119.284851605158,"H55-64":87.3989924544459,"H65-79":63.1357853508558,"H80+":13.1601116395869},"Analyse":{"Votes décisifs":312,"tour décisif":1,"majeurs":824.812672809512,"Non votants de 18-24":27.15560413172957}}