{"id":2109,"slug":"27-246-fleury-sur-andelle","nom_standard":"Fleury-sur-Andelle","code_postal":"27","code_departement":"27","libelle_departement":"Eure","code_commune":"246","Tour 1":{"Inscrits":1306,"Abstentions":706,"% Abs/Ins":54.06,"Votants":600,"% Vot/Ins":45.94,"Blancs":6,"% Blancs/Ins":0.46,"% Blancs/Vot":1,"Nuls":12,"% Nuls/Ins":0.92,"% Nuls/Vot":2,"Exprimés":582,"% Exp/Ins":44.56,"% Exp/Vot":97,"resultats":[{"N.Pan.":null,"Code Nuance":"LNC","Sexe":"M","Nom":"GAVELLE","Prénom":"Jean-Marc","Liste":"DE LA VIE POUR FLEURY-SUR-ANDELLE","Sièges / Elu":"4","Sièges Secteur":0,"Sièges CC":1,"Voix":274,"% Voix/Ins":20.98,"% Voix/Exp":47.08},{"N.Pan.":2,"Code Nuance":"LNC","Sexe":"M","Nom":"VIEILLARD","Prénom":"Rémi","Liste":"AGIR POUR FLEURY-SUR-ANDELLE","Sièges / Elu":"15","Sièges Secteur":0,"Sièges CC":3,"Voix":308,"% Voix/Ins":23.58,"% Voix/Exp":52.92}]},"population":{"F0-2":23.7217692109689,"F3-5":30.763137166477,"F6-10":57.3156785532561,"F11-17":78.1601348248073,"F18-24":63.3621318873345,"F25-39":154.952151712328,"F40-54":157.648682446944,"F55-64":132.863090895504,"F65-79":177.244887455048,"F80+":90.4099023587729,"H0-2":27.5659346442627,"H3-5":25.6198118463496,"H6-10":44.2120569599422,"H11-17":102.201053352745,"H18-24":79.3557662425651,"H25-39":157.391396107131,"H40-54":141.216399208272,"H55-64":110.33563359212,"H65-79":133.775380376287,"H80+":37.8850011588857},"Analyse":{"Votes décisifs":35,"tour décisif":1,"majeurs":1436.4404234411923,"Non votants de 18-24":83.10474781712891}}