{"id":2130,"slug":"27-367-lieurey","nom_standard":"Lieurey","code_postal":"27","code_departement":"27","libelle_departement":"Eure","code_commune":"367","Tour 1":{"Inscrits":1135,"Abstentions":498,"% Abs/Ins":43.88,"Votants":637,"% Vot/Ins":56.12,"Blancs":7,"% Blancs/Ins":0.62,"% Blancs/Vot":1.1,"Nuls":24,"% Nuls/Ins":2.11,"% Nuls/Vot":3.77,"Exprimés":606,"% Exp/Ins":53.39,"% Exp/Vot":95.13,"resultats":[{"N.Pan.":null,"Code Nuance":"LNC","Sexe":"F","Nom":"SIMON","Prénom":"Isabelle","Liste":"LIEUREY EN ACTION","Sièges / Elu":"13","Sièges Secteur":0,"Sièges CC":3,"Voix":390,"% Voix/Ins":34.36,"% Voix/Exp":64.36},{"N.Pan.":2,"Code Nuance":"LNC","Sexe":"M","Nom":"DE DRYVER","Prénom":"Gérard","Liste":"AGIR ENSEMBLE POUR UN VILLAGE VIVANT","Sièges / Elu":"2","Sièges Secteur":0,"Sièges CC":1,"Voix":216,"% Voix/Ins":19.03,"% Voix/Exp":35.64}]},"population":{"F0-2":26.9093622166376,"F3-5":28.9299954587446,"F6-10":36.2126260599157,"F11-17":61.0183824260697,"F18-24":44.4497025422035,"F25-39":111.722082305306,"F40-54":139.781633889842,"F55-64":113.917118391738,"F65-79":131.580569776173,"F80+":74.6382160928611,"H0-2":26.9052366709832,"H3-5":24.8307281396762,"H6-10":43.4164201206923,"H11-17":86.8521104691861,"H18-24":35.1963726363521,"H25-39":107.669831470422,"H40-54":131.438510157734,"H55-64":113.906105660952,"H65-79":126.353141302303,"H80+":36.2718542122074},"Analyse":{"Votes décisifs":175,"tour décisif":1,"majeurs":1166.9251384380939,"Non votants de 18-24":36.16895036774974}}