{"id":2140,"slug":"27-425-nassandres-sur-risle","nom_standard":"Nassandres sur Risle","code_postal":"27","code_departement":"27","libelle_departement":"Eure","code_commune":"425","Tour 1":{"Inscrits":1807,"Abstentions":1179,"% Abs/Ins":65.25,"Votants":628,"% Vot/Ins":34.75,"Blancs":27,"% Blancs/Ins":1.49,"% Blancs/Vot":4.3,"Nuls":108,"% Nuls/Ins":5.98,"% Nuls/Vot":17.2,"Exprimés":493,"% Exp/Ins":27.28,"% Exp/Vot":78.5,"resultats":[{"N.Pan.":null,"Code Nuance":"LNC","Sexe":"M","Nom":"ANTHIERENS","Prénom":"André","Liste":"VIVRE ET AGIR ENSEMBLE","Sièges / Elu":"23","Sièges Secteur":0,"Sièges CC":3,"Voix":493,"% Voix/Ins":27.28,"% Voix/Exp":100}]},"population":{"F0-2":26.934148053594,"F3-5":24.6340338563312,"F6-10":65.1963742157677,"F11-17":102.51807289026,"F18-24":51.8735877816893,"F25-39":163.448064771519,"F40-54":257.088398045681,"F55-64":171.725108718452,"F65-79":216.48143929571,"F80+":110.30581230912,"H0-2":35.243971513347,"H3-5":35.6567416069027,"H6-10":76.8810193326524,"H11-17":109.085085464293,"H18-24":73.2194353934307,"H25-39":152.104462114684,"H40-54":255.385940207086,"H55-64":173.672197990296,"H65-79":199.368603588606,"H80+":65.1775028505778},"Analyse":{"Votes décisifs":494,"tour décisif":1,"majeurs":1889.8505530668522,"Non votants de 18-24":83.52443542277597}}