{"id":2157,"slug":"27-507-saint-andre-de-l-eure","nom_standard":"Saint-André-de-l'Eure","code_postal":"27","code_departement":"27","libelle_departement":"Eure","code_commune":"507","Tour 1":{"Inscrits":2687,"Abstentions":1760,"% Abs/Ins":65.5,"Votants":927,"% Vot/Ins":34.5,"Blancs":12,"% Blancs/Ins":0.45,"% Blancs/Vot":1.29,"Nuls":14,"% Nuls/Ins":0.52,"% Nuls/Vot":1.51,"Exprimés":901,"% Exp/Ins":33.53,"% Exp/Vot":97.2,"resultats":[{"N.Pan.":null,"Code Nuance":"LDVG","Sexe":"M","Nom":"BERNARD","Prénom":"Franck","Liste":"L'AVENIR AVEC VOUS","Sièges / Elu":"23","Sièges Secteur":0,"Sièges CC":3,"Voix":628,"% Voix/Ins":23.37,"% Voix/Exp":69.7},{"N.Pan.":2,"Code Nuance":"LDIV","Sexe":"F","Nom":"LOUST","Prénom":"Claire","Liste":"Les Andrésiens","Sièges / Elu":"4","Sièges Secteur":0,"Sièges CC":0,"Voix":273,"% Voix/Ins":10.16,"% Voix/Exp":30.3}]},"population":{"F0-2":65.165899158673,"F3-5":102.855836950208,"F6-10":143.573561277305,"F11-17":187.32740769048,"F18-24":125.088952320984,"F25-39":386.720114271799,"F40-54":385.532226315001,"F55-64":236.790576166748,"F65-79":265.105655325966,"F80+":175.726309047447,"H0-2":100.800066111017,"H3-5":84.518391014819,"H6-10":155.807099223579,"H11-17":193.479699833332,"H18-24":155.690918859009,"H25-39":348.930476649159,"H40-54":385.440818799119,"H55-64":230.691847343109,"H65-79":237.652939094135,"H80+":88.1012045481098},"Analyse":{"Votes décisifs":356,"tour décisif":1,"majeurs":3021.472038740586,"Non votants de 18-24":194.6354563892657}}