{"id":2065,"slug":"27-51-beaumont-le-roger","nom_standard":"Beaumont-le-Roger","code_postal":"27","code_departement":"27","libelle_departement":"Eure","code_commune":"51","Tour 1":{"Inscrits":1992,"Abstentions":924,"% Abs/Ins":46.39,"Votants":1068,"% Vot/Ins":53.61,"Blancs":13,"% Blancs/Ins":0.65,"% Blancs/Vot":1.22,"Nuls":16,"% Nuls/Ins":0.8,"% Nuls/Vot":1.5,"Exprimés":1039,"% Exp/Ins":52.16,"% Exp/Vot":97.28,"resultats":[{"N.Pan.":null,"Code Nuance":"LNC","Sexe":"M","Nom":"LE ROUX","Prénom":"Jean-Pierre","Liste":"ENSEMBLE CONTINUONS POUR BEAUMONT LE ROGER","Sièges / Elu":"20","Sièges Secteur":0,"Sièges CC":4,"Voix":774,"% Voix/Ins":38.86,"% Voix/Exp":74.49},{"N.Pan.":2,"Code Nuance":"LNC","Sexe":"M","Nom":"ANQUETIL","Prénom":"Bruno","Liste":"Ensemble pour redonner une âme à Beaumont le Roger","Sièges / Elu":"3","Sièges Secteur":0,"Sièges CC":0,"Voix":265,"% Voix/Ins":13.3,"% Voix/Exp":25.51}]},"population":{"F0-2":39.643137922839,"F3-5":42.3604246387316,"F6-10":81.2534769279784,"F11-17":131.32314606236,"F18-24":82.0810771582306,"F25-39":224.433558121094,"F40-54":296.52978880445,"F55-64":181.292062140364,"F65-79":237.000616045677,"F80+":181.573117047713,"H0-2":37.7309294752894,"H3-5":47.1799235621288,"H6-10":89.8136872595704,"H11-17":132.113693610562,"H18-24":97.3988845273121,"H25-39":195.232283721321,"H40-54":256.025777841346,"H55-64":160.201069091245,"H65-79":195.540093216882,"H80+":82.273252824907},"Analyse":{"Votes décisifs":510,"tour décisif":1,"majeurs":2189.581580540542,"Non votants de 18-24":91.93602142603504}}