{"id":2162,"slug":"27-554-la-chapelle-longueville","nom_standard":"La Chapelle-Longueville","code_postal":"27","code_departement":"27","libelle_departement":"Eure","code_commune":"554","Tour 1":{"Inscrits":2751,"Abstentions":1971,"% Abs/Ins":71.65,"Votants":780,"% Vot/Ins":28.35,"Blancs":30,"% Blancs/Ins":1.09,"% Blancs/Vot":3.85,"Nuls":87,"% Nuls/Ins":3.16,"% Nuls/Vot":11.15,"Exprimés":663,"% Exp/Ins":24.1,"% Exp/Vot":85,"resultats":[{"N.Pan.":null,"Code Nuance":"LNC","Sexe":"M","Nom":"ROUSSELET","Prénom":"Antoine","Liste":"UNE DYNAMIQUE COMMUNE POUR NOS VILLAGES","Sièges / Elu":"27","Sièges Secteur":0,"Sièges CC":3,"Voix":663,"% Voix/Ins":24.1,"% Voix/Exp":100}]},"population":{"F0-2":46.6369689791111,"F3-5":36.4994026530075,"F6-10":115.294119714698,"F11-17":179.75981277776,"F18-24":102.078169285737,"F25-39":230.129005429543,"F40-54":380.873208776167,"F55-64":245.267004707003,"F65-79":268.224842331056,"F80+":72.44513968233,"H0-2":39.74223658532,"H3-5":43.6791381238063,"H6-10":107.450252508611,"H11-17":164.372555933281,"H18-24":116.408960955173,"H25-39":213.865033254221,"H40-54":390.408340311432,"H55-64":244.482522472194,"H65-79":253.489665143623,"H80+":67.8936203759251},"Analyse":{"Votes décisifs":664,"tour décisif":1,"majeurs":2585.565512724404,"Non votants de 18-24":152.57506545306455}}