{"id":2175,"slug":"27-654-tourville-la-campagne","nom_standard":"Tourville-la-Campagne","code_postal":"27","code_departement":"27","libelle_departement":"Eure","code_commune":"654","Tour 1":{"Inscrits":786,"Abstentions":277,"% Abs/Ins":35.24,"Votants":509,"% Vot/Ins":64.76,"Blancs":8,"% Blancs/Ins":1.02,"% Blancs/Vot":1.57,"Nuls":9,"% Nuls/Ins":1.15,"% Nuls/Vot":1.77,"Exprimés":492,"% Exp/Ins":62.6,"% Exp/Vot":96.66,"resultats":[{"N.Pan.":null,"Code Nuance":"LNC","Sexe":"M","Nom":"BOURGAULT","Prénom":"Hugues","Liste":"UNIS POUR TOURVILLE LA CAMPAGNE","Sièges / Elu":"12","Sièges Secteur":0,"Sièges CC":2,"Voix":269,"% Voix/Ins":34.22,"% Voix/Exp":54.67},{"N.Pan.":2,"Code Nuance":"LNC","Sexe":"M","Nom":"OUF","Prénom":"Daniel","Liste":"AGIR ENSEMBLE POUR NOTRE VILLAGE","Sièges / Elu":"3","Sièges Secteur":0,"Sièges CC":0,"Voix":223,"% Voix/Ins":28.37,"% Voix/Exp":45.33}]},"population":{"F0-2":17.7718217814192,"F3-5":19.9276554116463,"F6-10":42.9846935146801,"F11-17":61.888768176781,"F18-24":25.072556979413,"F25-39":114.980788449217,"F40-54":133.447425427982,"F55-64":62.0051679130882,"F65-79":46.4138638758503,"F80+":16.4437576373805,"H0-2":21.992089795808,"H3-5":29.3668881664488,"H6-10":54.5965034265995,"H11-17":70.3800673114112,"H18-24":31.3654645988677,"H25-39":101.288715834816,"H40-54":139.626141250219,"H55-64":73.4761979389091,"H65-79":49.5353039169595,"H80+":14.4361285925037},"Analyse":{"Votes décisifs":47,"tour décisif":1,"majeurs":808.091512415206,"Non votants de 18-24":20.888888167033254}}