{"id":2053,"slug":"27-8-alizay","nom_standard":"Alizay","code_postal":"27","code_departement":"27","libelle_departement":"Eure","code_commune":"8","Tour 1":{"Inscrits":1177,"Abstentions":587,"% Abs/Ins":49.87,"Votants":590,"% Vot/Ins":50.13,"Blancs":18,"% Blancs/Ins":1.53,"% Blancs/Vot":3.05,"Nuls":60,"% Nuls/Ins":5.1,"% Nuls/Vot":10.17,"Exprimés":512,"% Exp/Ins":43.5,"% Exp/Vot":86.78,"resultats":[{"N.Pan.":null,"Code Nuance":"LNC","Sexe":"M","Nom":"LEVITRE","Prénom":"Arnaud","Liste":"L'AVENIR ENSEMBLE","Sièges / Elu":"19","Sièges Secteur":0,"Sièges CC":1,"Voix":512,"% Voix/Ins":43.5,"% Voix/Exp":100}]},"population":{"F0-2":30.81427968442,"F3-5":35.6728973720433,"F6-10":50.9319894989432,"F11-17":81.6123400761605,"F18-24":39.2073046165564,"F25-39":172.490258462975,"F40-54":167.004222144438,"F55-64":90.5305366352682,"F65-79":105.796927960979,"F80+":36.7045446341315,"H0-2":33.9133609862493,"H3-5":32.0434834985696,"H6-10":68.425945045916,"H11-17":91.1743865660097,"H18-24":63.9123409731711,"H25-39":165.034977753411,"H40-54":146.609017518836,"H55-64":82.0203435350193,"H65-79":81.1637139554295,"H80+":21.9371290814731},"Analyse":{"Votes décisifs":513,"tour décisif":1,"majeurs":1172.4113172716882,"Non votants de 18-24":51.22609082643757}}