{"id":2704,"slug":"31-390-montrejeau","nom_standard":"Montréjeau","code_postal":"31","code_departement":"31","libelle_departement":"Haute-Garonne","code_commune":"390","Tour 1":{"Inscrits":1913,"Abstentions":1053,"% Abs/Ins":55.04,"Votants":860,"% Vot/Ins":44.96,"Blancs":25,"% Blancs/Ins":1.31,"% Blancs/Vot":2.91,"Nuls":38,"% Nuls/Ins":1.99,"% Nuls/Vot":4.42,"Exprimés":797,"% Exp/Ins":41.66,"% Exp/Vot":92.67,"resultats":[{"N.Pan.":null,"Code Nuance":"LNC","Sexe":"M","Nom":"MIQUEL","Prénom":"Éric","Liste":"AGIR ENSEMBLE POUR MONTRÉJEAU","Sièges / Elu":"20","Sièges Secteur":0,"Sièges CC":5,"Voix":548,"% Voix/Ins":28.65,"% Voix/Exp":68.76},{"N.Pan.":2,"Code Nuance":"LNC","Sexe":"M","Nom":"BARON","Prénom":"Jérôme","Liste":"RÉVEILLER MONTRÉJEAU","Sièges / Elu":"3","Sièges Secteur":0,"Sièges CC":0,"Voix":249,"% Voix/Ins":13.02,"% Voix/Exp":31.24}]},"population":{"F0-2":30.563028528792,"F3-5":39.9300297354319,"F6-10":57.9834247316887,"F11-17":98.0769698172513,"F18-24":90.2573460297758,"F25-39":203.037892555318,"F40-54":239.078567323307,"F55-64":208.906147014037,"F65-79":274.65049523071,"F80+":219.339898836115,"H0-2":39.6132563007745,"H3-5":39.2600784306996,"H6-10":76.2585894970866,"H11-17":94.6897746309128,"H18-24":87.6393246962283,"H25-39":190.177762033784,"H40-54":208.347329748712,"H55-64":183.177524787775,"H65-79":237.935326484834,"H80+":107.077233586765},"Analyse":{"Votes décisifs":300,"tour décisif":1,"majeurs":2249.624848327361,"Non votants de 18-24":109.88927076413255}}