{"id":2733,"slug":"31-488-saint-jean","nom_standard":"Saint-Jean","code_postal":"31","code_departement":"31","libelle_departement":"Haute-Garonne","code_commune":"488","Tour 1":{"Inscrits":8058,"Abstentions":4791,"% Abs/Ins":59.46,"Votants":3267,"% Vot/Ins":40.54,"Blancs":61,"% Blancs/Ins":0.76,"% Blancs/Vot":1.87,"Nuls":70,"% Nuls/Ins":0.87,"% Nuls/Vot":2.14,"Exprimés":3136,"% Exp/Ins":38.92,"% Exp/Vot":95.99,"resultats":[{"N.Pan.":null,"Code Nuance":"LDVD","Sexe":"M","Nom":"DURANDET","Prénom":"Patrick","Liste":"AIMER SAINT-JEAN","Sièges / Elu":"4","Sièges Secteur":0,"Sièges CC":0,"Voix":902,"% Voix/Ins":11.19,"% Voix/Exp":28.76},{"N.Pan.":2,"Code Nuance":"LUG","Sexe":"M","Nom":"ESPIC","Prénom":"Bruno","Liste":"SAINT-JEAN, MA VILLE","Sièges / Elu":"29","Sièges Secteur":0,"Sièges CC":2,"Voix":2234,"% Voix/Ins":27.72,"% Voix/Exp":71.24}]},"population":{"F0-2":198.116048076109,"F3-5":210.721412834503,"F6-10":323.418658869756,"F11-17":416.884935106642,"F18-24":322.697949182967,"F25-39":1087.10183452896,"F40-54":1136.69162385391,"F55-64":656.675509203274,"F65-79":1013.09854243875,"F80+":511.550748439292,"H0-2":194.1799554868,"H3-5":205.017934041409,"H6-10":354.540976561221,"H11-17":438.213743234725,"H18-24":241.24851318821,"H25-39":954.049489340441,"H40-54":1199.02819060972,"H55-64":569.748316159709,"H65-79":782.387530324904,"H80+":298.628088518704},"Analyse":{"Votes décisifs":1333,"tour décisif":1,"majeurs":8772.906335788843,"Non votants de 18-24":353.9347488013468}}