{"id":2754,"slug":"31-574-vernet","nom_standard":"Vernet","code_postal":"31","code_departement":"31","libelle_departement":"Haute-Garonne","code_commune":"574","Tour 1":{"Inscrits":2125,"Abstentions":1318,"% Abs/Ins":62.02,"Votants":807,"% Vot/Ins":37.98,"Blancs":40,"% Blancs/Ins":1.88,"% Blancs/Vot":4.96,"Nuls":58,"% Nuls/Ins":2.73,"% Nuls/Vot":7.19,"Exprimés":709,"% Exp/Ins":33.36,"% Exp/Vot":87.86,"resultats":[{"N.Pan.":null,"Code Nuance":"LNC","Sexe":"M","Nom":"DEMANGE","Prénom":"Serge","Liste":"LE VERNET POUR TOUS","Sièges / Elu":"23","Sièges Secteur":0,"Sièges CC":4,"Voix":709,"% Voix/Ins":33.36,"% Voix/Exp":100}]},"population":{"F0-2":59.8200704745156,"F3-5":59.8338342936057,"F6-10":93.3842407908486,"F11-17":156.372104077299,"F18-24":70.4024487950236,"F25-39":305.786727446505,"F40-54":332.076092928663,"F55-64":213.74173414514,"F65-79":191.734622028165,"F80+":84.3223596166635,"H0-2":57.733117654561,"H3-5":81.8548950014029,"H6-10":103.883844413568,"H11-17":164.75727538828,"H18-24":80.9178114634902,"H25-39":293.292811325256,"H40-54":339.435704849611,"H55-64":196.896635087926,"H65-79":202.249936584633,"H80+":49.5037336348453},"Analyse":{"Votes décisifs":710,"tour décisif":1,"majeurs":2360.3606179059216,"Non votants de 18-24":99.58433096777696}}