{"id":2766,"slug":"32-13-auch","nom_standard":"Auch","code_postal":"32","code_departement":"32","libelle_departement":"Gers","code_commune":"13","Tour 1":{"Inscrits":14180,"Abstentions":8880,"% Abs/Ins":62.62,"Votants":5300,"% Vot/Ins":37.38,"Blancs":86,"% Blancs/Ins":0.61,"% Blancs/Vot":1.62,"Nuls":126,"% Nuls/Ins":0.89,"% Nuls/Vot":2.38,"Exprimés":5088,"% Exp/Ins":35.88,"% Exp/Vot":96,"resultats":[{"N.Pan.":null,"Code Nuance":"LDIV","Sexe":"F","Nom":"DESBONS","Prénom":"Marie-Pierre","Liste":"AUCH 2020 le temps des citoyens","Sièges / Elu":"3","Sièges Secteur":0,"Sièges CC":3,"Voix":1008,"% Voix/Ins":7.11,"% Voix/Exp":19.81},{"N.Pan.":2,"Code Nuance":"LDVG","Sexe":"M","Nom":"DOMENECH","Prénom":"Damien","Liste":"AUSCITAIN·ES SOLIDAIRES ET RESPONSABLES","Sièges / Elu":"2","Sièges Secteur":0,"Sièges CC":1,"Voix":584,"% Voix/Ins":4.12,"% Voix/Exp":11.48},{"N.Pan.":3,"Code Nuance":"LDVG","Sexe":"M","Nom":"LAPREBENDE","Prénom":"Christian","Liste":"POUR AUCH, POUR VOUS","Sièges / Elu":28,"Sièges CC":21,"Voix":2828,"% Voix/Ins":19.94,"% Voix/Exp":55.58},{"N.Pan.":4,"Code Nuance":"LDVC","Sexe":"M","Nom":"LOIZON","Prénom":"Christophe","Liste":"AUCH AU PLURIEL","Sièges / Elu":2,"Sièges CC":1,"Voix":668,"% Voix/Ins":4.71,"% Voix/Exp":13.13}]},"population":{"F0-2":207.592653923264,"F3-5":262.343002605443,"F6-10":511.390973745057,"F11-17":856.240700598637,"F18-24":1000.76463030192,"F25-39":1726.52454159042,"F40-54":2204.77445183603,"F55-64":1653.25115421389,"F65-79":2201.130138638,"F80+":1401.65220428073,"H0-2":319.503121453163,"H3-5":360.492008470321,"H6-10":481.06214165185,"H11-17":918.392534787145,"H18-24":1108.25499538356,"H25-39":1654.67734485234,"H40-54":1856.66660024847,"H55-64":1312.9793799242,"H65-79":1753.9336830073,"H80+":726.37373848826},"Analyse":{"Votes décisifs":569,"tour décisif":1,"majeurs":18600.982862765122,"Non votants de 18-24":1508.0941746702852}}