{"id":2793,"slug":"32-410-samatan","nom_standard":"Samatan","code_postal":"32","code_departement":"32","libelle_departement":"Gers","code_commune":"410","Tour 1":{"Inscrits":1861,"Abstentions":1016,"% Abs/Ins":54.59,"Votants":845,"% Vot/Ins":45.41,"Blancs":36,"% Blancs/Ins":1.93,"% Blancs/Vot":4.26,"Nuls":71,"% Nuls/Ins":3.82,"% Nuls/Vot":8.4,"Exprimés":738,"% Exp/Ins":39.66,"% Exp/Vot":87.34,"resultats":[{"N.Pan.":null,"Code Nuance":"LNC","Sexe":"M","Nom":"LEFEBVRE","Prénom":"Hervé","Liste":"SAMATAN : VIVRE ET AGIR","Sièges / Elu":"19","Sièges Secteur":0,"Sièges CC":9,"Voix":738,"% Voix/Ins":39.66,"% Voix/Exp":100}]},"population":{"F0-2":31.6526747690867,"F3-5":32.6119599749627,"F6-10":57.5517083500961,"F11-17":87.2849889297379,"F18-24":54.6482307940437,"F25-39":171.650376848521,"F40-54":225.323203793464,"F55-64":159.145446252332,"F65-79":261.127462834626,"F80+":157.31350385262,"H0-2":28.7756470277438,"H3-5":34.5342503066925,"H6-10":65.236324553403,"H11-17":109.345644683726,"H18-24":60.8941766881109,"H25-39":165.8744195247,"H40-54":211.905621750301,"H55-64":160.107627776729,"H65-79":223.616032428184,"H80+":81.4006988609196},"Analyse":{"Votes décisifs":739,"tour décisif":1,"majeurs":1933.0068014045514,"Non votants de 18-24":65.03387629050086}}