{"id":2794,"slug":"32-425-segoufielle","nom_standard":"Ségoufielle","code_postal":"32","code_departement":"32","libelle_departement":"Gers","code_commune":"425","Tour 1":{"Inscrits":778,"Abstentions":466,"% Abs/Ins":59.9,"Votants":312,"% Vot/Ins":40.1,"Blancs":20,"% Blancs/Ins":2.57,"% Blancs/Vot":6.41,"Nuls":34,"% Nuls/Ins":4.37,"% Nuls/Vot":10.9,"Exprimés":258,"% Exp/Ins":33.16,"% Exp/Vot":82.69,"resultats":[{"N.Pan.":null,"Code Nuance":"LNC","Sexe":"M","Nom":"BELOU","Prénom":"Georges","Liste":"CONTINUONS, ENSEMBLE","Sièges / Elu":"15","Sièges Secteur":0,"Sièges CC":1,"Voix":258,"% Voix/Ins":33.16,"% Voix/Exp":100}]},"population":{"F0-2":25.0415512570716,"F3-5":43.4179541561655,"F6-10":49.3223137979174,"F11-17":50.1840091489182,"F18-24":25.1492304917028,"F25-39":115.602844129011,"F40-54":153.080995778983,"F55-64":58.3451925859923,"F65-79":43.5151952222965,"F80+":24.0061946392149,"H0-2":16.4893659945968,"H3-5":30.8108869271637,"H6-10":60.4319662543907,"H11-17":66.1602970542222,"H18-24":33.8220324829784,"H25-39":109.468815175011,"H40-54":136.543792915494,"H55-64":68.2639768896811,"H65-79":31.7715418825935,"H80+":18.571843216594},"Analyse":{"Votes décisifs":259,"tour décisif":1,"majeurs":818.1416554095524,"Non votants de 18-24":36.48245076661659}}