{"id":2212,"slug":"28-110-le-coudray","nom_standard":"Le Coudray","code_postal":"28","code_departement":"28","libelle_departement":"Eure-et-Loir","code_commune":"110","Tour 1":{"Inscrits":3018,"Abstentions":2207,"% Abs/Ins":73.13,"Votants":811,"% Vot/Ins":26.87,"Blancs":42,"% Blancs/Ins":1.39,"% Blancs/Vot":5.18,"Nuls":62,"% Nuls/Ins":2.05,"% Nuls/Vot":7.64,"Exprimés":707,"% Exp/Ins":23.43,"% Exp/Vot":87.18,"resultats":[{"N.Pan.":null,"Code Nuance":"LDVD","Sexe":"M","Nom":"SOULET","Prénom":"Dominique","Liste":"ENSEMBLE POUR UN AVENIR DYNAMIQUE ET REALISTE","Sièges / Elu":"27","Sièges Secteur":0,"Sièges CC":2,"Voix":707,"% Voix/Ins":23.43,"% Voix/Exp":100}]},"population":{"F0-2":59.4454622522719,"F3-5":51.8588485784836,"F6-10":113.625355514443,"F11-17":193.559833170528,"F18-24":119.084993098434,"F25-39":352.526021803254,"F40-54":503.051923593464,"F55-64":319.617748519617,"F65-79":270.381319762414,"F80+":102.197490497774,"H0-2":47.2761510397168,"H3-5":63.3385400939332,"H6-10":127.136828640164,"H11-17":244.239014870226,"H18-24":155.253516387564,"H25-39":299.272287378999,"H40-54":434.843920885469,"H55-64":290.204694424055,"H65-79":241.899517173368,"H80+":53.1865323158234},"Analyse":{"Votes décisifs":708,"tour décisif":1,"majeurs":3141.5199658402357,"Non votants de 18-24":203.516571821299}}