{"id":2228,"slug":"28-201-jouy","nom_standard":"Jouy","code_postal":"28","code_departement":"28","libelle_departement":"Eure-et-Loir","code_commune":"201","Tour 1":{"Inscrits":1508,"Abstentions":1017,"% Abs/Ins":67.44,"Votants":491,"% Vot/Ins":32.56,"Blancs":27,"% Blancs/Ins":1.79,"% Blancs/Vot":5.5,"Nuls":36,"% Nuls/Ins":2.39,"% Nuls/Vot":7.33,"Exprimés":428,"% Exp/Ins":28.38,"% Exp/Vot":87.17,"resultats":[{"N.Pan.":null,"Code Nuance":"LNC","Sexe":"M","Nom":"PAUL-LOUBIERE","Prénom":"Christian","Liste":"JOUY Village d'avenir","Sièges / Elu":"19","Sièges Secteur":0,"Sièges CC":1,"Voix":428,"% Voix/Ins":28.38,"% Voix/Exp":100}]},"population":{"F0-2":38.2220439135642,"F3-5":31.3350562986302,"F6-10":63.4847120102769,"F11-17":98.7469703413447,"F18-24":35.751995495813,"F25-39":159.277914764682,"F40-54":193.770191224658,"F55-64":146.904317592266,"F65-79":158.793017569154,"F80+":79.3897935123136,"H0-2":27.0641031664437,"H3-5":40.2175009962371,"H6-10":61.2803132750171,"H11-17":92.6590520833467,"H18-24":53.9322089494836,"H25-39":161.927251268372,"H40-54":199.88726863281,"H55-64":132.403389822663,"H65-79":152.181655254116,"H80+":42.7712438288075},"Analyse":{"Votes décisifs":429,"tour décisif":1,"majeurs":1516.990247915139,"Non votants de 18-24":60.65636827880862}}