{"id":2264,"slug":"28-386-thimert-gatelles","nom_standard":"Thimert-Gâtelles","code_postal":"28","code_departement":"28","libelle_departement":"Eure-et-Loir","code_commune":"386","Tour 1":{"Inscrits":835,"Abstentions":576,"% Abs/Ins":68.98,"Votants":259,"% Vot/Ins":31.02,"Blancs":10,"% Blancs/Ins":1.2,"% Blancs/Vot":3.86,"Nuls":17,"% Nuls/Ins":2.04,"% Nuls/Vot":6.56,"Exprimés":232,"% Exp/Ins":27.78,"% Exp/Vot":89.58,"resultats":[{"N.Pan.":null,"Code Nuance":"LNC","Sexe":"M","Nom":"GUERRIER","Prénom":"Pascal","Liste":"AGIR POUR THIMERT GATELLES","Sièges / Elu":"15","Sièges Secteur":0,"Sièges CC":1,"Voix":232,"% Voix/Ins":27.78,"% Voix/Exp":100}]},"population":{"F0-2":18.8435521276543,"F3-5":27.4788749127253,"F6-10":50.271443714714,"F11-17":72.8807372537824,"F18-24":27.8446604333482,"F25-39":137.238154365964,"F40-54":122.343221165848,"F55-64":63.6443013904492,"F65-79":63.7350269591557,"F80+":22.2893250408609,"H0-2":23.6714222375413,"H3-5":28.5432139042879,"H6-10":71.881121634236,"H11-17":61.0386563724791,"H18-24":24.7816765360345,"H25-39":140.445434302123,"H40-54":133.536055950872,"H55-64":63.4416994319948,"H65-79":59.7397378048803,"H80+":26.3516844610505},"Analyse":{"Votes décisifs":233,"tour décisif":1,"majeurs":885.390977842581,"Non votants de 18-24":37.23175805885136}}