{"id":2203,"slug":"28-75-la-chapelle-du-noyer","nom_standard":"La Chapelle-du-Noyer","code_postal":"28","code_departement":"28","libelle_departement":"Eure-et-Loir","code_commune":"75","Tour 1":{"Inscrits":796,"Abstentions":438,"% Abs/Ins":55.03,"Votants":358,"% Vot/Ins":44.97,"Blancs":5,"% Blancs/Ins":0.63,"% Blancs/Vot":1.4,"Nuls":59,"% Nuls/Ins":7.41,"% Nuls/Vot":16.48,"Exprimés":294,"% Exp/Ins":36.93,"% Exp/Vot":82.12,"resultats":[{"N.Pan.":null,"Code Nuance":"LNC","Sexe":"F","Nom":"PROFETI","Prénom":"Martine","Liste":"EN AVANT POUR LA CHAPELLE-DU-NOYER","Sièges / Elu":"15","Sièges Secteur":0,"Sièges CC":1,"Voix":294,"% Voix/Ins":36.93,"% Voix/Exp":100}]},"population":{"F0-2":11.2683642185642,"F3-5":12.240618842086,"F6-10":24.971446590661,"F11-17":35.7661713498687,"F18-24":25.2003172770375,"F25-39":72.3407118782739,"F40-54":94.3423898610709,"F55-64":101.260636693535,"F65-79":97.9420037368248,"F80+":46.5255732105758,"H0-2":14.2247315370588,"H3-5":17.8610322929021,"H6-10":30.2184734912972,"H11-17":40.4127685755911,"H18-24":29.2766921794559,"H25-39":68.8651004392035,"H40-54":85.783291521272,"H55-64":82.6853863466549,"H65-79":94.4336393265367,"H80+":28.3806506315295},"Analyse":{"Votes décisifs":295,"tour décisif":1,"majeurs":827.0363931019704,"Non votants de 18-24":30.89549654111191}}