{"id":2828,"slug":"33-56-blanquefort","nom_standard":"Blanquefort","code_postal":"33","code_departement":"33","libelle_departement":"Gironde","code_commune":"56","Tour 1":{"Inscrits":11325,"Abstentions":6850,"% Abs/Ins":60.49,"Votants":4475,"% Vot/Ins":39.51,"Blancs":53,"% Blancs/Ins":0.47,"% Blancs/Vot":1.18,"Nuls":83,"% Nuls/Ins":0.73,"% Nuls/Vot":1.85,"Exprimés":4339,"% Exp/Ins":38.31,"% Exp/Vot":96.96,"resultats":[{"N.Pan.":null,"Code Nuance":"LDVD","Sexe":"M","Nom":"SIBRAC","Prénom":"Luc","Liste":"Parole De Blanquefortais","Sièges / Elu":"3","Sièges Secteur":0,"Sièges CC":0,"Voix":946,"% Voix/Ins":8.35,"% Voix/Exp":21.8},{"N.Pan.":2,"Code Nuance":"LDVG","Sexe":"F","Nom":"FERREIRA","Prénom":"Véronique","Liste":"Ensemble, vivre Blanquefort","Sièges / Elu":"27","Sièges Secteur":0,"Sièges CC":2,"Voix":2416,"% Voix/Ins":21.33,"% Voix/Exp":55.68},{"N.Pan.":3,"Code Nuance":"LEXG","Sexe":"F","Nom":"BRUN","Prénom":"Marie-Mathilde","Liste":"Blanquefort En Luttes","Sièges / Elu":1,"Sièges CC":0,"Voix":424,"% Voix/Ins":3.74,"% Voix/Exp":9.77},{"N.Pan.":4,"Code Nuance":"LREM","Sexe":"F","Nom":"PLOUGOULM","Prénom":"Emmanuelle","Liste":"Unis pour Blanquefort","Sièges / Elu":2,"Sièges CC":0,"Voix":553,"% Voix/Ins":4.88,"% Voix/Exp":12.74}]},"population":{"F0-2":194.330588135422,"F3-5":237.035086105049,"F6-10":480.044440032011,"F11-17":627.740880640332,"F18-24":650.510170327236,"F25-39":1279.56569556449,"F40-54":1693.26064911217,"F55-64":1105.68852296853,"F65-79":1201.41566950382,"F80+":468.747759808782,"H0-2":234.98657975383,"H3-5":252.164432012553,"H6-10":549.316185318474,"H11-17":688.954085088031,"H18-24":736.908877619341,"H25-39":1223.67077824123,"H40-54":1481.58435649135,"H55-64":917.207964905271,"H65-79":1020.8980455992,"H80+":231.969232772886},"Analyse":{"Votes décisifs":494,"tour décisif":1,"majeurs":12011.427722914306,"Non votants de 18-24":870.5196099458353}}