{"id":2871,"slug":"33-162-eysines","nom_standard":"Eysines","code_postal":"33","code_departement":"33","libelle_departement":"Gironde","code_commune":"162","Tour 1":{"Inscrits":14904,"Abstentions":10010,"% Abs/Ins":67.16,"Votants":4894,"% Vot/Ins":32.84,"Blancs":75,"% Blancs/Ins":0.5,"% Blancs/Vot":1.53,"Nuls":99,"% Nuls/Ins":0.66,"% Nuls/Vot":2.02,"Exprimés":4720,"% Exp/Ins":31.67,"% Exp/Vot":96.44,"resultats":[{"N.Pan.":null,"Code Nuance":"LREM","Sexe":"F","Nom":"SANGUINET-JIMENEZ","Prénom":"Nadine","Liste":"Vivre Mieux Ensemble","Sièges / Elu":"2","Sièges Secteur":0,"Sièges CC":0,"Voix":531,"% Voix/Ins":3.56,"% Voix/Exp":11.25},{"N.Pan.":2,"Code Nuance":"LDVG","Sexe":"F","Nom":"BOST","Prénom":"Christine","Liste":"EYSINES DURABLEMENT","Sièges / Elu":"29","Sièges Secteur":0,"Sièges CC":3,"Voix":3114,"% Voix/Ins":20.89,"% Voix/Exp":65.97},{"N.Pan.":3,"Code Nuance":"LDIV","Sexe":"M","Nom":"DERUMAUX","Prénom":"Arnaud","Liste":"FIERS D'EYSINES","Sièges / Elu":4,"Sièges CC":0,"Voix":1075,"% Voix/Ins":7.21,"% Voix/Exp":22.78}]},"population":{"F0-2":417.126784284909,"F3-5":440.889616375564,"F6-10":741.409403320439,"F11-17":952.800028519799,"F18-24":943.887920993997,"F25-39":2782.74499946318,"F40-54":2549.27308332685,"F55-64":1368.4834308594,"F65-79":1582.0449340966,"F80+":913.663706904291,"H0-2":464.07203962893,"H3-5":424.404905863908,"H6-10":786.0599696779,"H11-17":1129.70457711867,"H18-24":904.143739965305,"H25-39":2556.88444169104,"H40-54":2217.23860876191,"H55-64":1241.03510463798,"H65-79":1277.08141561236,"H80+":509.051288896982},"Analyse":{"Votes décisifs":1509,"tour décisif":1,"majeurs":18845.5326752099,"Non votants de 18-24":1368.1159639818434}}