{"id":2897,"slug":"33-225-landiras","nom_standard":"Landiras","code_postal":"33","code_departement":"33","libelle_departement":"Gironde","code_commune":"225","Tour 1":{"Inscrits":1701,"Abstentions":1046,"% Abs/Ins":61.49,"Votants":655,"% Vot/Ins":38.51,"Blancs":41,"% Blancs/Ins":2.41,"% Blancs/Vot":6.26,"Nuls":57,"% Nuls/Ins":3.35,"% Nuls/Vot":8.7,"Exprimés":557,"% Exp/Ins":32.75,"% Exp/Vot":85.04,"resultats":[{"N.Pan.":null,"Code Nuance":"LNC","Sexe":"M","Nom":"PELLETANT","Prénom":"Jean-Marc","Liste":"AGIR ENSEMBLE POUR LANDIRAS","Sièges / Elu":"19","Sièges Secteur":0,"Sièges CC":3,"Voix":557,"% Voix/Ins":32.75,"% Voix/Exp":100}]},"population":{"F0-2":27.2475499433939,"F3-5":42.7040535407381,"F6-10":90.5185546364918,"F11-17":93.435331663282,"F18-24":37.7563839207324,"F25-39":211.894129928968,"F40-54":231.054449474637,"F55-64":171.41161554803,"F65-79":145.445370795832,"F80+":62.3535998539049,"H0-2":35.1785966994,"H3-5":40.4360434355521,"H6-10":82.9499826040458,"H11-17":121.39679912711,"H18-24":55.7357108176889,"H25-39":195.292111442202,"H40-54":229.785140438133,"H55-64":131.005702327983,"H65-79":146.176217050957,"H80+":38.2226567509196},"Analyse":{"Votes décisifs":558,"tour décisif":1,"majeurs":1656.1330883499882,"Non votants de 18-24":56.516007197849945}}