{"id":2359,"slug":"29-137-logonna-daoulas","nom_standard":"Logonna-Daoulas","code_postal":"29","code_departement":"29","libelle_departement":"Finistère","code_commune":"137","Tour 1":{"Inscrits":1789,"Abstentions":853,"% Abs/Ins":47.68,"Votants":936,"% Vot/Ins":52.32,"Blancs":25,"% Blancs/Ins":1.4,"% Blancs/Vot":2.67,"Nuls":13,"% Nuls/Ins":0.73,"% Nuls/Vot":1.39,"Exprimés":898,"% Exp/Ins":50.2,"% Exp/Vot":95.94,"resultats":[{"N.Pan.":null,"Code Nuance":"LNC","Sexe":"M","Nom":"LE BRAS","Prénom":"Michel","Liste":"VIVONS LOGONNA DAOULAS","Sièges / Elu":"4","Sièges Secteur":0,"Sièges CC":0,"Voix":371,"% Voix/Ins":20.74,"% Voix/Exp":41.31},{"N.Pan.":2,"Code Nuance":"LNC","Sexe":"M","Nom":"FERRE","Prénom":"Fabrice","Liste":"LOGONNA DYNAMIQUE CREATIVE","Sièges / Elu":"15","Sièges Secteur":0,"Sièges CC":2,"Voix":527,"% Voix/Ins":29.46,"% Voix/Exp":58.69}]},"population":{"F0-2":22.4298939668474,"F3-5":35.946851986598,"F6-10":72.5046059833919,"F11-17":111.906327879089,"F18-24":42.0794993219988,"F25-39":177.733266066993,"F40-54":246.832549136345,"F55-64":151.236365338623,"F65-79":149.2581046217,"F80+":77.8350088372993,"H0-2":30.0965340952644,"H3-5":30.0211430409543,"H6-10":64.2297512360933,"H11-17":106.709876754667,"H18-24":49.7726981985339,"H25-39":143.792269602862,"H40-54":263.513065338216,"H55-64":153.93298701386,"H65-79":141.576674351428,"H80+":48.5925272292343},"Analyse":{"Votes décisifs":157,"tour décisif":1,"majeurs":1646.1550150570931,"Non votants de 18-24":39.625246782095225}}