{"id":2355,"slug":"29-130-locmaria-plouzane","nom_standard":"Locmaria-Plouzané","code_postal":"29","code_departement":"29","libelle_departement":"Finistère","code_commune":"130","Tour 1":{"Inscrits":4081,"Abstentions":1864,"% Abs/Ins":45.68,"Votants":2217,"% Vot/Ins":54.32,"Blancs":19,"% Blancs/Ins":0.47,"% Blancs/Vot":0.86,"Nuls":21,"% Nuls/Ins":0.51,"% Nuls/Vot":0.95,"Exprimés":2177,"% Exp/Ins":53.34,"% Exp/Vot":98.2,"resultats":[{"N.Pan.":null,"Code Nuance":"LDVD","Sexe":"F","Nom":"GODEBERT","Prénom":"Viviane","Liste":"LOCMARIA UNE ENERGIE COMMUNE","Sièges / Elu":"23","Sièges Secteur":0,"Sièges CC":4,"Voix":1288,"% Voix/Ins":31.56,"% Voix/Exp":59.16},{"N.Pan.":2,"Code Nuance":"LDVG","Sexe":"M","Nom":"QUEMENER","Prénom":"Loïc","Liste":"LOCMARIA UN NOUVEAU CAP","Sièges / Elu":"6","Sièges Secteur":0,"Sièges CC":1,"Voix":889,"% Voix/Ins":21.78,"% Voix/Exp":40.84}]},"population":{"F0-2":64.6122686429405,"F3-5":95.1723422647525,"F6-10":193.76915527247,"F11-17":270.23934694889,"F18-24":127.630405629326,"F25-39":364.328834501506,"F40-54":590.432269609124,"F55-64":376.125617647462,"F65-79":399.753678687757,"F80+":96.3689682568374,"H0-2":88.7310905842305,"H3-5":84.268886833028,"H6-10":186.485380805516,"H11-17":258.678286925074,"H18-24":161.959500973538,"H25-39":354.132673992022,"H40-54":573.788080664295,"H55-64":370.681742799027,"H65-79":391.910484792447,"H80+":65.9309841697559},"Analyse":{"Votes décisifs":400,"tour décisif":1,"majeurs":3873.0432417230973,"Non votants de 18-24":123.82340649714412}}