{"id":2360,"slug":"29-140-loperhet","nom_standard":"Loperhet","code_postal":"29","code_departement":"29","libelle_departement":"Finistère","code_commune":"140","Tour 1":{"Inscrits":2850,"Abstentions":1293,"% Abs/Ins":45.37,"Votants":1557,"% Vot/Ins":54.63,"Blancs":22,"% Blancs/Ins":0.77,"% Blancs/Vot":1.41,"Nuls":17,"% Nuls/Ins":0.6,"% Nuls/Vot":1.09,"Exprimés":1518,"% Exp/Ins":53.26,"% Exp/Vot":97.5,"resultats":[{"N.Pan.":null,"Code Nuance":"LDIV","Sexe":"F","Nom":"GODET","Prénom":"Nathalie","Liste":"LOPERHET, JE CHOISIS","Sièges / Elu":"21","Sièges Secteur":0,"Sièges CC":2,"Voix":841,"% Voix/Ins":29.51,"% Voix/Exp":55.4},{"N.Pan.":2,"Code Nuance":"LDVG","Sexe":"F","Nom":"LENUE","Prénom":"Françoise","Liste":"LOPERHET ENSEMBLE","Sièges / Elu":"6","Sièges Secteur":0,"Sièges CC":1,"Voix":677,"% Voix/Ins":23.75,"% Voix/Exp":44.6}]},"population":{"F0-2":75.3799918535309,"F3-5":79.391544842678,"F6-10":145.693025513521,"F11-17":175.863379713586,"F18-24":93.4950124672193,"F25-39":342.801309979634,"F40-54":427.227102494976,"F55-64":271.672901490342,"F65-79":244.479958818833,"F80+":128.576581358405,"H0-2":72.3708366771139,"H3-5":87.4275799378397,"H6-10":146.711593453296,"H11-17":200.96486717895,"H18-24":92.4754124760655,"H25-39":314.708870617901,"H40-54":427.235287002598,"H55-64":296.741685251268,"H65-79":239.430799578598,"H80+":68.3522592936437},"Analyse":{"Votes décisifs":165,"tour décisif":1,"majeurs":2947.1971808294834,"Non votants de 18-24":87.72251892594821}}