{"id":2353,"slug":"29-120-lanveoc","nom_standard":"Lanvéoc","code_postal":"29","code_departement":"29","libelle_departement":"Finistère","code_commune":"120","Tour 1":{"Inscrits":1498,"Abstentions":663,"% Abs/Ins":44.26,"Votants":835,"% Vot/Ins":55.74,"Blancs":13,"% Blancs/Ins":0.87,"% Blancs/Vot":1.56,"Nuls":17,"% Nuls/Ins":1.13,"% Nuls/Vot":2.04,"Exprimés":805,"% Exp/Ins":53.74,"% Exp/Vot":96.41,"resultats":[{"N.Pan.":null,"Code Nuance":"LNC","Sexe":"F","Nom":"LASTENNET","Prénom":"Christine","Liste":"JE, VOUS, NOUS, POUR LANVEOC","Sièges / Elu":"17","Sièges Secteur":0,"Sièges CC":3,"Voix":621,"% Voix/Ins":41.46,"% Voix/Exp":77.14},{"N.Pan.":2,"Code Nuance":"LNC","Sexe":"M","Nom":"REYNOUARD","Prénom":"Sylvain","Liste":"LANVEOC POUR TOUS","Sièges / Elu":"2","Sièges Secteur":0,"Sièges CC":0,"Voix":184,"% Voix/Ins":12.28,"% Voix/Exp":22.86}]},"population":{"F0-2":25.639825608856,"F3-5":28.416237799361,"F6-10":61.7320191902427,"F11-17":85.8825930334591,"F18-24":36.8672060642899,"F25-39":124.886183298816,"F40-54":174.262925572225,"F55-64":118.886343577885,"F65-79":192.816994166656,"F80+":58.7521042097344,"H0-2":12.778942813438,"H3-5":21.7760039079355,"H6-10":55.1315588730703,"H11-17":94.3941982804673,"H18-24":200.538956659314,"H25-39":163.339442943931,"H40-54":185.43948906984,"H55-64":117.808378018238,"H65-79":159.167470598087,"H80+":47.4831263141548},"Analyse":{"Votes décisifs":438,"tour décisif":1,"majeurs":1580.248620493171,"Non votants de 18-24":111.96125278763229}}