{"id":2284,"slug":"29-11-bohars","nom_standard":"Bohars","code_postal":"29","code_departement":"29","libelle_departement":"Finistère","code_commune":"11","Tour 1":{"Inscrits":2694,"Abstentions":2015,"% Abs/Ins":74.8,"Votants":679,"% Vot/Ins":25.2,"Blancs":63,"% Blancs/Ins":2.34,"% Blancs/Vot":9.28,"Nuls":82,"% Nuls/Ins":3.04,"% Nuls/Vot":12.08,"Exprimés":534,"% Exp/Ins":19.82,"% Exp/Vot":78.65,"resultats":[{"N.Pan.":null,"Code Nuance":"LNC","Sexe":"M","Nom":"GOURVIL","Prénom":"Armel","Liste":"BOHARS EN ACTION","Sièges / Elu":"23","Sièges Secteur":0,"Sièges CC":2,"Voix":534,"% Voix/Ins":19.82,"% Voix/Exp":100}]},"population":{"F0-2":46.6676535921532,"F3-5":44.4620026336795,"F6-10":95.3048864674163,"F11-17":132.533535313143,"F18-24":107.129817209191,"F25-39":212.107903520476,"F40-54":349.912831235805,"F55-64":279.12283532994,"F65-79":352.809804153611,"F80+":234.115236441671,"H0-2":52.3531503763909,"H3-5":50.7154924174367,"H6-10":93.0551512879131,"H11-17":162.899409423524,"H18-24":127.510984784898,"H25-39":207.794516209981,"H40-54":320.795396127018,"H55-64":276.85827455454,"H65-79":326.600233791046,"H80+":86.2508851301671},"Analyse":{"Votes décisifs":535,"tour décisif":1,"majeurs":2881.0087184883446,"Non votants de 18-24":179.34034298069813}}