{"id":2388,"slug":"29-184-plouenan","nom_standard":"Plouénan","code_postal":"29","code_departement":"29","libelle_departement":"Finistère","code_commune":"184","Tour 1":{"Inscrits":2026,"Abstentions":1317,"% Abs/Ins":65,"Votants":709,"% Vot/Ins":35,"Blancs":26,"% Blancs/Ins":1.28,"% Blancs/Vot":3.67,"Nuls":63,"% Nuls/Ins":3.11,"% Nuls/Vot":8.89,"Exprimés":620,"% Exp/Ins":30.6,"% Exp/Vot":87.45,"resultats":[{"N.Pan.":null,"Code Nuance":"LNC","Sexe":"F","Nom":"CHEVAUCHER","Prénom":"Aline","Liste":"ENERGIE ET PASSION POUR PLOUENAN","Sièges / Elu":"23","Sièges Secteur":0,"Sièges CC":3,"Voix":620,"% Voix/Ins":30.6,"% Voix/Exp":100}]},"population":{"F0-2":42.0366896468679,"F3-5":38.9918204968645,"F6-10":74.9997937360389,"F11-17":124.096406249932,"F18-24":62.3554214785879,"F25-39":210.871602307373,"F40-54":246.640238431767,"F55-64":167.16375615819,"F65-79":194.80108001789,"F80+":115.805557553464,"H0-2":42.1213498251218,"H3-5":55.0098493134604,"H6-10":76.9889396096736,"H11-17":105.961985396175,"H18-24":74.4379722651988,"H25-39":225.443546164483,"H40-54":261.928210105845,"H55-64":190.301883942903,"H65-79":172.3139942967,"H80+":56.7299030034643},"Analyse":{"Votes décisifs":621,"tour décisif":1,"majeurs":1978.793165725866,"Non votants de 18-24":87.78043077008047}}