{"id":2402,"slug":"29-201-ploumoguer","nom_standard":"Ploumoguer","code_postal":"29","code_departement":"29","libelle_departement":"Finistère","code_commune":"201","Tour 1":{"Inscrits":1541,"Abstentions":593,"% Abs/Ins":38.48,"Votants":948,"% Vot/Ins":61.52,"Blancs":9,"% Blancs/Ins":0.58,"% Blancs/Vot":0.95,"Nuls":20,"% Nuls/Ins":1.3,"% Nuls/Vot":2.11,"Exprimés":919,"% Exp/Ins":59.64,"% Exp/Vot":96.94,"resultats":[{"N.Pan.":null,"Code Nuance":"LNC","Sexe":"M","Nom":"KERVISIC","Prénom":"Pascal","Liste":"ENSEMBLE POUR PLOUMOGUER","Sièges / Elu":"4","Sièges Secteur":0,"Sièges CC":0,"Voix":443,"% Voix/Ins":28.75,"% Voix/Exp":48.2},{"N.Pan.":2,"Code Nuance":"LNC","Sexe":"M","Nom":"PLUVINAGE","Prénom":"Didier","Liste":"PLOUM POUR TOUS","Sièges / Elu":"15","Sièges Secteur":0,"Sièges CC":2,"Voix":476,"% Voix/Ins":30.89,"% Voix/Exp":51.8}]},"population":{"F0-2":40.1579683125669,"F3-5":40.9310459203417,"F6-10":80.6741635863344,"F11-17":107.615608560091,"F18-24":59.1874222787502,"F25-39":179.925782134993,"F40-54":214.328924852447,"F55-64":152.595903566866,"F65-79":132.014383805725,"F80+":72.1044090949436,"H0-2":41.2340896389773,"H3-5":50.1025243919971,"H6-10":85.9975852819089,"H11-17":100.396122980912,"H18-24":60.0893435869453,"H25-39":175.672842414455,"H40-54":227.58420320142,"H55-64":162.023256903171,"H65-79":128.699579065204,"H80+":31.6648404219495},"Analyse":{"Votes décisifs":34,"tour décisif":1,"majeurs":1595.8908913268695,"Non votants de 18-24":48.42331676387999}}