{"id":2423,"slug":"29-229-quemeneven","nom_standard":"Quéménéven","code_postal":"29","code_departement":"29","libelle_departement":"Finistère","code_commune":"229","Tour 1":{"Inscrits":860,"Abstentions":344,"% Abs/Ins":40,"Votants":516,"% Vot/Ins":60,"Blancs":7,"% Blancs/Ins":0.81,"% Blancs/Vot":1.36,"Nuls":8,"% Nuls/Ins":0.93,"% Nuls/Vot":1.55,"Exprimés":501,"% Exp/Ins":58.26,"% Exp/Vot":97.09,"resultats":[{"N.Pan.":null,"Code Nuance":"LNC","Sexe":"M","Nom":"RECULEAU","Prénom":"Bernard","Liste":"VOUS ETES QUEMENEVEN","Sièges / Elu":"2","Sièges Secteur":0,"Sièges CC":0,"Voix":175,"% Voix/Ins":20.35,"% Voix/Exp":34.93},{"N.Pan.":2,"Code Nuance":"LNC","Sexe":"F","Nom":"LAGADEC","Prénom":"Fabienne","Liste":"QUEMENEVEN, UN AVENIR A LA CAMPAGNE","Sièges / Elu":"13","Sièges Secteur":0,"Sièges CC":1,"Voix":326,"% Voix/Ins":37.91,"% Voix/Exp":65.07}]},"population":{"F0-2":21.7736171620846,"F3-5":15.8527968468695,"F6-10":30.6167076173252,"F11-17":52.5101344122053,"F18-24":27.9356666882326,"F25-39":83.5229892938598,"F40-54":109.569653251928,"F55-64":89.3973321621351,"F65-79":76.5023700947265,"F80+":46.3521702580851,"H0-2":8.94855792151523,"H3-5":21.7667465152727,"H6-10":37.5560019810808,"H11-17":52.4958917950143,"H18-24":21.8303380276757,"H25-39":83.807809695818,"H40-54":151.726260289863,"H55-64":72.2062395002744,"H65-79":77.4424001919918,"H80+":30.1863162940427},"Analyse":{"Votes décisifs":152,"tour décisif":1,"majeurs":870.4795457486326,"Non votants de 18-24":20.265876242098013}}