{"id":2437,"slug":"29-259-saint-pol-de-leon","nom_standard":"Saint-Pol-de-Léon","code_postal":"29","code_departement":"29","libelle_departement":"Finistère","code_commune":"259","Tour 1":{"Inscrits":5360,"Abstentions":2964,"% Abs/Ins":55.3,"Votants":2396,"% Vot/Ins":44.7,"Blancs":14,"% Blancs/Ins":0.26,"% Blancs/Vot":0.58,"Nuls":52,"% Nuls/Ins":0.97,"% Nuls/Vot":2.17,"Exprimés":2330,"% Exp/Ins":43.47,"% Exp/Vot":97.25,"resultats":[{"N.Pan.":null,"Code Nuance":"LDVD","Sexe":"M","Nom":"CLOAREC","Prénom":"Stéphane","Liste":"SAINT-POL-UN-CAP-DES-AMBITIONS","Sièges / Elu":"25","Sièges Secteur":0,"Sièges CC":7,"Voix":1639,"% Voix/Ins":30.58,"% Voix/Exp":70.34},{"N.Pan.":2,"Code Nuance":"LDVG","Sexe":"M","Nom":"BONIS","Prénom":"Jean-Luc","Liste":"OSONS SAINT-POL ENSEMBLE","Sièges / Elu":"4","Sièges Secteur":0,"Sièges CC":1,"Voix":691,"% Voix/Ins":12.89,"% Voix/Exp":29.66}]},"population":{"F0-2":62.164415936341,"F3-5":99.830332988146,"F6-10":157.904759273937,"F11-17":267.9942670062,"F18-24":182.668904260978,"F25-39":428.608588574475,"F40-54":700.665331630347,"F55-64":530.190483324867,"F65-79":720.448429698322,"F80+":448.719239549294,"H0-2":68.2739531029894,"H3-5":83.5374967893397,"H6-10":160.937422895544,"H11-17":275.083743130271,"H18-24":217.465572592157,"H25-39":403.413508663292,"H40-54":643.217341884481,"H55-64":490.053349193903,"H65-79":594.490838740926,"H80+":207.332020764189},"Analyse":{"Votes décisifs":949,"tour décisif":1,"majeurs":5567.273608877232,"Non votants de 18-24":227.9277067365393}}