{"id":2302,"slug":"29-38-commana","nom_standard":"Commana","code_postal":"29","code_departement":"29","libelle_departement":"Finistère","code_commune":"38","Tour 1":{"Inscrits":826,"Abstentions":281,"% Abs/Ins":34.02,"Votants":545,"% Vot/Ins":65.98,"Blancs":5,"% Blancs/Ins":0.61,"% Blancs/Vot":0.92,"Nuls":10,"% Nuls/Ins":1.21,"% Nuls/Vot":1.83,"Exprimés":530,"% Exp/Ins":64.16,"% Exp/Vot":97.25,"resultats":[{"N.Pan.":null,"Code Nuance":"LNC","Sexe":"F","Nom":"POULIQUEN","Prénom":"Valérie","Liste":"POUR COMMANA AVANCONS TOUS ENSEMBLE","Sièges / Elu":"3","Sièges Secteur":0,"Sièges CC":0,"Voix":259,"% Voix/Ins":31.36,"% Voix/Exp":48.87},{"N.Pan.":2,"Code Nuance":"LNC","Sexe":"M","Nom":"GUEGUEN","Prénom":"Philippe","Liste":"COMMANA, DES IDEES POUR DEMAIN","Sièges / Elu":"12","Sièges Secteur":0,"Sièges CC":2,"Voix":271,"% Voix/Ins":32.81,"% Voix/Exp":51.13}]},"population":{"F0-2":10.9354803024846,"F3-5":23.8910384979777,"F6-10":35.8368216097876,"F11-17":31.8213803477067,"F18-24":20.9315051219841,"F25-39":87.8181594872326,"F40-54":95.8560757634154,"F55-64":65.1335718023681,"F65-79":71.1773195086575,"F80+":41.1072537366743,"H0-2":11.9464884988671,"H3-5":15.9298521790738,"H6-10":27.8328293526788,"H11-17":58.7245675367414,"H18-24":23.8869536178079,"H25-39":87.8805852178408,"H40-54":109.922621446132,"H55-64":76.1448932421301,"H65-79":72.1541273115972,"H80+":28.0684754188428},"Analyse":{"Votes décisifs":13,"tour décisif":1,"majeurs":780.0815416746829,"Non votants de 18-24":13.506270579630366}}