{"id":2318,"slug":"29-57-la-foret-fouesnant","nom_standard":"La Forêt-Fouesnant","code_postal":"29","code_departement":"29","libelle_departement":"Finistère","code_commune":"57","Tour 1":{"Inscrits":2928,"Abstentions":1529,"% Abs/Ins":52.22,"Votants":1399,"% Vot/Ins":47.78,"Blancs":37,"% Blancs/Ins":1.26,"% Blancs/Vot":2.64,"Nuls":29,"% Nuls/Ins":0.99,"% Nuls/Vot":2.07,"Exprimés":1333,"% Exp/Ins":45.53,"% Exp/Vot":95.28,"resultats":[{"N.Pan.":null,"Code Nuance":"LNC","Sexe":"M","Nom":"GOYAT","Prénom":"Daniel","Liste":"VIVONS LA FORET-FOUESNANT","Sièges / Elu":"18","Sièges Secteur":0,"Sièges CC":4,"Voix":767,"% Voix/Ins":26.2,"% Voix/Exp":57.54},{"N.Pan.":2,"Code Nuance":"LNC","Sexe":"F","Nom":"HELAOUET","Prénom":"Marie","Liste":"LA FORET SIMPLEMENT","Sièges / Elu":"5","Sièges Secteur":0,"Sièges CC":1,"Voix":566,"% Voix/Ins":19.33,"% Voix/Exp":42.46}]},"population":{"F0-2":38.9380933465725,"F3-5":54.6703552746355,"F6-10":83.3005914876402,"F11-17":126.436131319117,"F18-24":67.1963109337191,"F25-39":209.884426019691,"F40-54":343.604779425414,"F55-64":314.687076007834,"F65-79":373.568473068497,"F80+":164.851341770182,"H0-2":35.8813530872111,"H3-5":44.7866282277368,"H6-10":65.3886785227321,"H11-17":134.329366590693,"H18-24":73.5281241015525,"H25-39":209.63454270278,"H40-54":339.873110067612,"H55-64":273.07627351914,"H65-79":380.45519621425,"H80+":124.909148312989},"Analyse":{"Votes décisifs":202,"tour décisif":1,"majeurs":2875.2688021436607,"Non votants de 18-24":72.25310307925912}}