{"id":2913,"slug":"33-262-macau","nom_standard":"Macau","code_postal":"33","code_departement":"33","libelle_departement":"Gironde","code_commune":"262","Tour 1":{"Inscrits":2902,"Abstentions":1603,"% Abs/Ins":55.24,"Votants":1299,"% Vot/Ins":44.76,"Blancs":13,"% Blancs/Ins":0.45,"% Blancs/Vot":1,"Nuls":28,"% Nuls/Ins":0.96,"% Nuls/Vot":2.16,"Exprimés":1258,"% Exp/Ins":43.35,"% Exp/Vot":96.84,"resultats":[{"N.Pan.":null,"Code Nuance":"LDIV","Sexe":"F","Nom":"BOBINEAU MEYNARD","Prénom":"Marie-Laure","Liste":"ENSEMBLE CHANGEONS MACAU","Sièges / Elu":"4","Sièges Secteur":0,"Sièges CC":1,"Voix":425,"% Voix/Ins":14.65,"% Voix/Exp":33.78},{"N.Pan.":2,"Code Nuance":"LDVG","Sexe":"F","Nom":"COLMONT-DIGNEAU","Prénom":"Chrystel","Liste":"Macau Nous Rassemble","Sièges / Elu":"23","Sièges Secteur":0,"Sièges CC":4,"Voix":833,"% Voix/Ins":28.7,"% Voix/Exp":66.22}]},"population":{"F0-2":99.5857158336418,"F3-5":113.858913711479,"F6-10":158.571845615675,"F11-17":190.081218398726,"F18-24":135.091604212262,"F25-39":511.873043654136,"F40-54":477.315121397628,"F55-64":246.477833334099,"F65-79":251.451278881242,"F80+":96.2856113226653,"H0-2":95.5217721746492,"H3-5":88.4153248151689,"H6-10":195.176212335144,"H11-17":193.099652003109,"H18-24":141.171852189027,"H25-39":464.051386249366,"H40-54":506.736019406372,"H55-64":227.252973112887,"H65-79":231.220602003383,"H80+":54.7620193493389},"Analyse":{"Votes décisifs":409,"tour décisif":1,"majeurs":3343.6893451124065,"Non votants de 18-24":168.93702956386693}}