{"id":2923,"slug":"33-293-montussan","nom_standard":"Montussan","code_postal":"33","code_departement":"33","libelle_departement":"Gironde","code_commune":"293","Tour 1":{"Inscrits":2430,"Abstentions":1598,"% Abs/Ins":65.76,"Votants":832,"% Vot/Ins":34.24,"Blancs":34,"% Blancs/Ins":1.4,"% Blancs/Vot":4.09,"Nuls":50,"% Nuls/Ins":2.06,"% Nuls/Vot":6.01,"Exprimés":748,"% Exp/Ins":30.78,"% Exp/Vot":89.9,"resultats":[{"N.Pan.":null,"Code Nuance":"LNC","Sexe":"M","Nom":"DUPIC","Prénom":"Frédéric","Liste":"Continuons Ensemble pour Montussan","Sièges / Elu":"23","Sièges Secteur":0,"Sièges CC":3,"Voix":748,"% Voix/Ins":30.78,"% Voix/Exp":100}]},"population":{"F0-2":66.5448784493018,"F3-5":67.4199102482019,"F6-10":90.3515349485028,"F11-17":168.738101619161,"F18-24":131.084554906205,"F25-39":314.80557541043,"F40-54":401.991702068705,"F55-64":205.343039071626,"F65-79":214.565091737832,"F80+":55.5210641770911,"H0-2":65.4235965148089,"H3-5":65.3056082224006,"H6-10":106.378349509067,"H11-17":162.673765073609,"H18-24":115.439434164103,"H25-39":343.233534858438,"H40-54":397.475364084425,"H55-64":196.905483913141,"H65-79":207.955676318348,"H80+":34.8437347046013},"Analyse":{"Votes décisifs":749,"tour décisif":1,"majeurs":2619.1642554149457,"Non votants de 18-24":168.21352859328775}}