{"id":2939,"slug":"33-330-pompignac","nom_standard":"Pompignac","code_postal":"33","code_departement":"33","libelle_departement":"Gironde","code_commune":"330","Tour 1":{"Inscrits":2591,"Abstentions":1104,"% Abs/Ins":42.61,"Votants":1487,"% Vot/Ins":57.39,"Blancs":8,"% Blancs/Ins":0.31,"% Blancs/Vot":0.54,"Nuls":11,"% Nuls/Ins":0.42,"% Nuls/Vot":0.74,"Exprimés":1468,"% Exp/Ins":56.66,"% Exp/Vot":98.72,"resultats":[{"N.Pan.":null,"Code Nuance":"LNC","Sexe":"M","Nom":"LOPEZ","Prénom":"Denis","Liste":"POMPIGNAC 20 PROJETS POUR 2020","Sièges / Elu":"3","Sièges Secteur":0,"Sièges CC":1,"Voix":417,"% Voix/Ins":16.09,"% Voix/Exp":28.41},{"N.Pan.":2,"Code Nuance":"LNC","Sexe":"M","Nom":"JOUANNAUD","Prénom":"Raphaël","Liste":"Vivons Pompignac Autrement","Sièges / Elu":"2","Sièges Secteur":0,"Sièges CC":0,"Voix":275,"% Voix/Ins":10.61,"% Voix/Exp":18.73},{"N.Pan.":3,"Code Nuance":"LNC","Sexe":"F","Nom":"DELIGNY-ESTOVERT","Prénom":"Céline","Liste":"Construire demain ensemble","Sièges / Elu":18,"Sièges CC":3,"Voix":776,"% Voix/Ins":29.95,"% Voix/Exp":52.86}]},"population":{"F0-2":54.331291686087,"F3-5":44.4286718163038,"F6-10":106.223874530044,"F11-17":118.229275350216,"F18-24":82.6488439409024,"F25-39":255.007389912888,"F40-54":370.058836184976,"F55-64":247.320121437918,"F65-79":277.303182236357,"F80+":88.2915215495038,"H0-2":43.5674290664634,"H3-5":62.981377394287,"H6-10":127.729067755496,"H11-17":151.771661153999,"H18-24":101.70759722965,"H25-39":235.53712728536,"H40-54":357.468445733016,"H55-64":233.820992125278,"H65-79":272.003929656264,"H80+":70.5693639549908},"Analyse":{"Votes décisifs":85,"tour décisif":1,"majeurs":2591.7373512471036,"Non votants de 18-24":78.58259495550267}}