{"id":2955,"slug":"33-366-saint-andre-de-cubzac","nom_standard":"Saint-André-de-Cubzac","code_postal":"33","code_departement":"33","libelle_departement":"Gironde","code_commune":"366","Tour 1":{"Inscrits":7755,"Abstentions":4904,"% Abs/Ins":63.24,"Votants":2851,"% Vot/Ins":36.76,"Blancs":34,"% Blancs/Ins":0.44,"% Blancs/Vot":1.19,"Nuls":53,"% Nuls/Ins":0.68,"% Nuls/Vot":1.86,"Exprimés":2764,"% Exp/Ins":35.64,"% Exp/Vot":96.95,"resultats":[{"N.Pan.":null,"Code Nuance":"LDVC","Sexe":"M","Nom":"FAMEL","Prénom":"Olivier","Liste":"SAMVA AVEC OLIVIER FAMEL","Sièges / Elu":"2","Sièges Secteur":0,"Sièges CC":1,"Voix":401,"% Voix/Ins":5.17,"% Voix/Exp":14.51},{"N.Pan.":2,"Code Nuance":"LDVG","Sexe":"F","Nom":"MONSEIGNE","Prénom":"Célia","Liste":"SAINT-ANDRE AVANCE","Sièges / Elu":"28","Sièges Secteur":0,"Sièges CC":11,"Voix":1762,"% Voix/Ins":22.72,"% Voix/Exp":63.75},{"N.Pan.":3,"Code Nuance":"LDVD","Sexe":"M","Nom":"BELMONTE","Prénom":"Georges","Liste":"DSA Georges Belmonte","Sièges / Elu":3,"Sièges CC":1,"Voix":601,"% Voix/Ins":7.75,"% Voix/Exp":21.74}]},"population":{"F0-2":259.428644301904,"F3-5":281.210969569122,"F6-10":440.870684306488,"F11-17":560.426103895991,"F18-24":435.012674657799,"F25-39":1433.15558597648,"F40-54":1279.07040898475,"F55-64":698.323915016409,"F65-79":792.758428922349,"F80+":470.844704263431,"H0-2":229.329390292832,"H3-5":227.581237942301,"H6-10":514.844927554086,"H11-17":587.121993416297,"H18-24":465.338250167664,"H25-39":1331.84685229696,"H40-54":1276.46728694105,"H55-64":570.351480769912,"H65-79":679.047764280736,"H80+":201.968696443442},"Analyse":{"Votes décisifs":761,"tour décisif":1,"majeurs":9634.186048720981,"Non votants de 18-24":633.9142509127588}}