{"id":2959,"slug":"33-381-saint-caprais-de-bordeaux","nom_standard":"Saint-Caprais-de-Bordeaux","code_postal":"33","code_departement":"33","libelle_departement":"Gironde","code_commune":"381","Tour 1":{"Inscrits":2466,"Abstentions":1264,"% Abs/Ins":51.26,"Votants":1202,"% Vot/Ins":48.74,"Blancs":22,"% Blancs/Ins":0.89,"% Blancs/Vot":1.83,"Nuls":17,"% Nuls/Ins":0.69,"% Nuls/Vot":1.41,"Exprimés":1163,"% Exp/Ins":47.16,"% Exp/Vot":96.76,"resultats":[{"N.Pan.":null,"Code Nuance":"LNC","Sexe":"M","Nom":"BONETA","Prénom":"Christian","Liste":"SAINT-CAPRAIS DE BORDEAUX, CONTINUONS D'AGIR","Sièges / Elu":"5","Sièges Secteur":0,"Sièges CC":1,"Voix":551,"% Voix/Ins":22.34,"% Voix/Exp":47.38},{"N.Pan.":2,"Code Nuance":"LNC","Sexe":"M","Nom":"MURARD","Prénom":"Sébastien","Liste":"Liste citoyenne Sébastien Murard","Sièges / Elu":"18","Sièges Secteur":0,"Sièges CC":4,"Voix":612,"% Voix/Ins":24.82,"% Voix/Exp":52.62}]},"population":{"F0-2":47.2844766685507,"F3-5":76.9285113832989,"F6-10":126.579508784226,"F11-17":144.961574500775,"F18-24":88.6934688765832,"F25-39":325.017813177949,"F40-54":393.653368216801,"F55-64":220.088858836171,"F65-79":281.46986618142,"F80+":61.4977903576719,"H0-2":62.5698272426814,"H3-5":66.216149474033,"H6-10":123.457792197939,"H11-17":152.282079712488,"H18-24":91.6060029488232,"H25-39":285.446501615467,"H40-54":368.914222305209,"H55-64":198.997899682776,"H65-79":264.311703438125,"H80+":39.0225843990104},"Analyse":{"Votes décisifs":62,"tour décisif":1,"majeurs":2618.7200800360065,"Non votants de 18-24":97.54149903315643}}