{"id":2964,"slug":"33-394-saint-emilion","nom_standard":"Saint-Emilion","code_postal":"33","code_departement":"33","libelle_departement":"Gironde","code_commune":"394","Tour 1":{"Inscrits":1484,"Abstentions":675,"% Abs/Ins":45.49,"Votants":809,"% Vot/Ins":54.51,"Blancs":2,"% Blancs/Ins":0.13,"% Blancs/Vot":0.25,"Nuls":10,"% Nuls/Ins":0.67,"% Nuls/Vot":1.24,"Exprimés":797,"% Exp/Ins":53.71,"% Exp/Vot":98.52,"resultats":[{"N.Pan.":null,"Code Nuance":"LNC","Sexe":"M","Nom":"VAUTHIER","Prénom":"Alain","Liste":"SAINT-EMILIONNAIS, OSEZ LE CHANGEMENT","Sièges / Elu":"2","Sièges Secteur":0,"Sièges CC":0,"Voix":200,"% Voix/Ins":13.48,"% Voix/Exp":25.09},{"N.Pan.":2,"Code Nuance":"LNC","Sexe":"M","Nom":"DUPONTEIL","Prénom":"Daniel","Liste":"SAINT-ÉMILION NOTRE COMMUNE","Sièges / Elu":"1","Sièges Secteur":0,"Sièges CC":0,"Voix":112,"% Voix/Ins":7.55,"% Voix/Exp":14.05},{"N.Pan.":3,"Code Nuance":"LNC","Sexe":"M","Nom":"LAURET","Prénom":"Bernard","Liste":"AGIR ENSEMBLE POUR SAINT-EMILION","Sièges / Elu":16,"Sièges CC":5,"Voix":485,"% Voix/Ins":32.68,"% Voix/Exp":60.85}]},"population":{"F0-2":21.3658819833286,"F3-5":27.0514882494566,"F6-10":55.0075296584202,"F11-17":55.0920201579664,"F18-24":55.6664820156173,"F25-39":139.099086488302,"F40-54":205.811837824478,"F55-64":122.699716944958,"F65-79":161.03252476517,"F80+":74.5275315266392,"H0-2":23.1465392157434,"H3-5":20.218075074136,"H6-10":63.603410607409,"H11-17":89.5078187479472,"H18-24":56.3607301452839,"H25-39":142.63604803303,"H40-54":210.173584864816,"H55-64":120.164827420193,"H65-79":145.785559399055,"H80+":55.04930687805},"Analyse":{"Votes décisifs":174,"tour décisif":1,"majeurs":1489.0072363055924,"Non votants de 18-24":51.16114487231426}}