{"id":2965,"slug":"33-395-saint-estephe","nom_standard":"Saint-Estèphe","code_postal":"33","code_departement":"33","libelle_departement":"Gironde","code_commune":"395","Tour 1":{"Inscrits":1078,"Abstentions":694,"% Abs/Ins":64.38,"Votants":384,"% Vot/Ins":35.62,"Blancs":19,"% Blancs/Ins":1.76,"% Blancs/Vot":4.95,"Nuls":43,"% Nuls/Ins":3.99,"% Nuls/Vot":11.2,"Exprimés":322,"% Exp/Ins":29.87,"% Exp/Vot":83.85,"resultats":[{"N.Pan.":null,"Code Nuance":"LNC","Sexe":"F","Nom":"SAINTOUT","Prénom":"Michelle","Liste":"Saint-Estèphe au coeur...","Sièges / Elu":"19","Sièges Secteur":0,"Sièges CC":2,"Voix":322,"% Voix/Ins":29.87,"% Voix/Exp":100}]},"population":{"F0-2":20.2967659664753,"F3-5":19.5043282829842,"F6-10":47.418169322182,"F11-17":74.9114261265588,"F18-24":43.47668288915,"F25-39":130.815228243712,"F40-54":165.69105822799,"F55-64":118.452466072325,"F65-79":121.526708587757,"F80+":59.8339067761446,"H0-2":23.422074060493,"H3-5":25.0952174943959,"H6-10":58.6693958586623,"H11-17":73.1403978361737,"H18-24":58.0516816480436,"H25-39":118.607022136556,"H40-54":172.885028962199,"H55-64":124.209867635289,"H65-79":111.648986787403,"H80+":36.3435870855059},"Analyse":{"Votes décisifs":323,"tour décisif":1,"majeurs":1261.5422250520749,"Non votants de 18-24":70.62421308822168}}