{"id":2979,"slug":"33-438-saint-maixant","nom_standard":"Saint-Maixant","code_postal":"33","code_departement":"33","libelle_departement":"Gironde","code_commune":"438","Tour 1":{"Inscrits":1404,"Abstentions":708,"% Abs/Ins":50.43,"Votants":696,"% Vot/Ins":49.57,"Blancs":8,"% Blancs/Ins":0.57,"% Blancs/Vot":1.15,"Nuls":17,"% Nuls/Ins":1.21,"% Nuls/Vot":2.44,"Exprimés":671,"% Exp/Ins":47.79,"% Exp/Vot":96.41,"resultats":[{"N.Pan.":null,"Code Nuance":"LNC","Sexe":"F","Nom":"CHAUDERON","Prénom":"Catherine","Liste":"RASSEMBLEMENT À SAINT-MAIXANT","Sièges / Elu":"1","Sièges Secteur":0,"Sièges CC":0,"Voix":86,"% Voix/Ins":6.13,"% Voix/Exp":12.82},{"N.Pan.":2,"Code Nuance":"LNC","Sexe":"M","Nom":"BERNARDET","Prénom":"Alain","Liste":"BIEN VIVRE À SAINT MAIXANT","Sièges / Elu":"18","Sièges Secteur":0,"Sièges CC":2,"Voix":585,"% Voix/Ins":41.67,"% Voix/Exp":87.18}]},"population":{"F0-2":33.2599152972986,"F3-5":41.6400260819605,"F6-10":101.091334802075,"F11-17":118.620107250723,"F18-24":47.6869848279187,"F25-39":195.065933081158,"F40-54":213.182914930375,"F55-64":125.644828146866,"F65-79":128.484419111091,"F80+":65.6737530872643,"H0-2":37.4751450096604,"H3-5":42.763822828428,"H6-10":77.0466831364102,"H11-17":106.264185462764,"H18-24":46.6909388438961,"H25-39":142.013319710373,"H40-54":208.342334554732,"H55-64":108.18144487719,"H65-79":118.310698659389,"H80+":56.5612103004286},"Analyse":{"Votes décisifs":500,"tour décisif":1,"majeurs":1455.8387801306817,"Non votants de 18-24":49.25820590355561}}