{"id":2981,"slug":"33-441-saint-martin-lacaussade","nom_standard":"Saint-Martin-Lacaussade","code_postal":"33","code_departement":"33","libelle_departement":"Gironde","code_commune":"441","Tour 1":{"Inscrits":768,"Abstentions":412,"% Abs/Ins":53.65,"Votants":356,"% Vot/Ins":46.35,"Blancs":13,"% Blancs/Ins":1.69,"% Blancs/Vot":3.65,"Nuls":58,"% Nuls/Ins":7.55,"% Nuls/Vot":16.29,"Exprimés":285,"% Exp/Ins":37.11,"% Exp/Vot":80.06,"resultats":[{"N.Pan.":null,"Code Nuance":"LNC","Sexe":"M","Nom":"BEDIS","Prénom":"Julien","Liste":"AVEC VOUS PREPARONS L'AVENIR","Sièges / Elu":"15","Sièges Secteur":0,"Sièges CC":2,"Voix":285,"% Voix/Ins":37.11,"% Voix/Exp":100}]},"population":{"F0-2":13.2155927886639,"F3-5":22.3663222978107,"F6-10":39.7701155025734,"F11-17":45.6829827760498,"F18-24":40.3268844963166,"F25-39":92.0464255101447,"F40-54":114.03918492572,"F55-64":93.4177000522439,"F65-79":89.2519022125893,"F80+":51.0829091892655,"H0-2":11.1589779567698,"H3-5":16.2871569186524,"H6-10":31.5860533316793,"H11-17":51.7671311581307,"H18-24":24.1791086578001,"H25-39":103.934001343009,"H40-54":115.081212663227,"H55-64":91.4245158756065,"H65-79":83.2682640578842,"H80+":30.1135582858631},"Analyse":{"Votes décisifs":286,"tour décisif":1,"majeurs":928.1656672696698,"Non votants de 18-24":39.764576430076715}}