{"id":2991,"slug":"33-474-saint-selve","nom_standard":"Saint-Selve","code_postal":"33","code_departement":"33","libelle_departement":"Gironde","code_commune":"474","Tour 1":{"Inscrits":2381,"Abstentions":960,"% Abs/Ins":40.32,"Votants":1421,"% Vot/Ins":59.68,"Blancs":17,"% Blancs/Ins":0.71,"% Blancs/Vot":1.2,"Nuls":14,"% Nuls/Ins":0.59,"% Nuls/Vot":0.99,"Exprimés":1390,"% Exp/Ins":58.38,"% Exp/Vot":97.82,"resultats":[{"N.Pan.":null,"Code Nuance":"LNC","Sexe":"F","Nom":"VIDAL DE SOUSA","Prénom":"Céline","Liste":"Saint Selve Avenir 2020","Sièges / Elu":"3","Sièges Secteur":0,"Sièges CC":0,"Voix":463,"% Voix/Ins":19.45,"% Voix/Exp":33.31},{"N.Pan.":2,"Code Nuance":"LNC","Sexe":"F","Nom":"BURTIN-DAUZAN","Prénom":"Nathalie","Liste":"FAIRE ENSEMBLE SAINT SELVE","Sièges / Elu":"20","Sièges Secteur":0,"Sièges CC":3,"Voix":927,"% Voix/Ins":38.93,"% Voix/Exp":66.69}]},"population":{"F0-2":75.0450966749571,"F3-5":101.700119801076,"F6-10":145.48458805911,"F11-17":149.482649437239,"F18-24":72.0648643238774,"F25-39":417.831808431727,"F40-54":383.336399813038,"F55-64":165.649434793929,"F65-79":154.162597168046,"F80+":39.7051873959344,"H0-2":85.5119856437024,"H3-5":93.1726146222723,"H6-10":173.083253976509,"H11-17":196.983337978675,"H18-24":107.943037320478,"H25-39":364.765268430647,"H40-54":389.18166965777,"H55-64":209.228593595907,"H65-79":142.862198774298,"H80+":20.8052941008065},"Analyse":{"Votes décisifs":465,"tour décisif":1,"majeurs":2467.5363538064585,"Non votants de 18-24":76.34530399223098}}