{"id":306,"slug":"3-156-lusigny","nom_standard":"Lusigny","code_postal":"3","code_departement":"3","libelle_departement":"Allier","code_commune":"156","Tour 1":{"Inscrits":1206,"Abstentions":716,"% Abs/Ins":59.37,"Votants":490,"% Vot/Ins":40.63,"Blancs":21,"% Blancs/Ins":1.74,"% Blancs/Vot":4.29,"Nuls":71,"% Nuls/Ins":5.89,"% Nuls/Vot":14.49,"Exprimés":398,"% Exp/Ins":33,"% Exp/Vot":81.22,"resultats":[{"N.Pan.":null,"Code Nuance":"LNC","Sexe":"M","Nom":"JARDIN","Prénom":"André","Liste":"Union et Gestion pour l'avenir de Lusigny","Sièges / Elu":"19","Sièges Secteur":0,"Sièges CC":1,"Voix":398,"% Voix/Ins":33,"% Voix/Exp":100}]},"population":{"F0-2":24.4326701343947,"F3-5":24.673891832257,"F6-10":54.7305697462712,"F11-17":93.7163783736194,"F18-24":41.7473603776602,"F25-39":134.142360149993,"F40-54":174.907110008911,"F55-64":93.3622351838547,"F65-79":156.949182658628,"F80+":42.9760906789918,"H0-2":14.8210717214472,"H3-5":32.6133118326998,"H6-10":61.465487061337,"H11-17":102.75982359193,"H18-24":42.7999374656325,"H25-39":116.478738628117,"H40-54":176.620674958867,"H55-64":107.859693257149,"H65-79":137.884576576973,"H80+":35.0588357612668},"Analyse":{"Votes décisifs":399,"tour décisif":1,"majeurs":1260.786795706044,"Non votants de 18-24":51.688311625870014}}