{"id":307,"slug":"3-165-le-mayet-de-montagne","nom_standard":"Le Mayet-de-Montagne","code_postal":"3","code_departement":"3","libelle_departement":"Allier","code_commune":"165","Tour 1":{"Inscrits":1038,"Abstentions":392,"% Abs/Ins":37.76,"Votants":646,"% Vot/Ins":62.24,"Blancs":25,"% Blancs/Ins":2.41,"% Blancs/Vot":3.87,"Nuls":55,"% Nuls/Ins":5.3,"% Nuls/Vot":8.51,"Exprimés":566,"% Exp/Ins":54.53,"% Exp/Vot":87.62,"resultats":[{"N.Pan.":null,"Code Nuance":"LNC","Sexe":"M","Nom":"GAUTHEROT","Prénom":"Denis","Liste":"Le possible commence avec Vous!","Sièges / Elu":"2","Sièges Secteur":0,"Sièges CC":0,"Voix":186,"% Voix/Ins":17.92,"% Voix/Exp":32.86},{"N.Pan.":2,"Code Nuance":"LNC","Sexe":"M","Nom":"RAYMOND","Prénom":"Jean-Pierre","Liste":"UNE NOUVELLE EQUIPE A VOTRE ECOUTE","Sièges / Elu":"13","Sièges Secteur":0,"Sièges CC":1,"Voix":380,"% Voix/Ins":36.61,"% Voix/Exp":67.14}]},"population":{"F0-2":10.9590598739337,"F3-5":16.929417720644,"F6-10":33.901958431753,"F11-17":56.7836470914847,"F18-24":23.9581659852497,"F25-39":78.9409890276322,"F40-54":133.086054475523,"F55-64":109.45930011305,"F65-79":168.75019256268,"F80+":100.354990955302,"H0-2":13.9259106082477,"H3-5":15.9477076848627,"H6-10":27.9103876071369,"H11-17":59.8093736541072,"H18-24":34.9722124995748,"H25-39":70.989329701042,"H40-54":118.127695659594,"H55-64":107.355461223852,"H65-79":145.619171298596,"H80+":58.218973825734},"Analyse":{"Votes décisifs":195,"tour décisif":1,"majeurs":1149.8325373278299,"Non votants de 18-24":25.82205769433122}}