{"id":318,"slug":"3-247-saint-menoux","nom_standard":"Saint-Menoux","code_postal":"3","code_departement":"3","libelle_departement":"Allier","code_commune":"247","Tour 1":{"Inscrits":788,"Abstentions":393,"% Abs/Ins":49.87,"Votants":395,"% Vot/Ins":50.13,"Blancs":11,"% Blancs/Ins":1.4,"% Blancs/Vot":2.78,"Nuls":103,"% Nuls/Ins":13.07,"% Nuls/Vot":26.08,"Exprimés":281,"% Exp/Ins":35.66,"% Exp/Vot":71.14,"resultats":[{"N.Pan.":null,"Code Nuance":"LNC","Sexe":"M","Nom":"CHÉRION","Prénom":"Jean Guy","Liste":"Ensemble pour Saint-Menoux","Sièges / Elu":"15","Sièges Secteur":0,"Sièges CC":3,"Voix":281,"% Voix/Ins":35.66,"% Voix/Exp":100}]},"population":{"F0-2":17.4164024073092,"F3-5":25.5398100978982,"F6-10":45.128552930565,"F11-17":44.8402173159217,"F18-24":32.2081077915949,"F25-39":83.2585115335287,"F40-54":118.417137225941,"F55-64":74.2583803360944,"F65-79":95.1191009522814,"F80+":34.9285714140622,"H0-2":15.3084044956448,"H3-5":24.5731425391931,"H6-10":43.0105181612715,"H11-17":61.3744497065259,"H18-24":35.4042648997122,"H25-39":82.1794099544123,"H40-54":108.507373583509,"H55-64":61.2853797664083,"H65-79":94.278909051414,"H80+":21.9633558367121},"Analyse":{"Votes décisifs":282,"tour décisif":1,"majeurs":841.8085023456705,"Non votants de 18-24":35.88676391134292}}