{"id":284,"slug":"3-53-chantelle","nom_standard":"Chantelle","code_postal":"3","code_departement":"3","libelle_departement":"Allier","code_commune":"53","Tour 1":{"Inscrits":803,"Abstentions":345,"% Abs/Ins":42.96,"Votants":458,"% Vot/Ins":57.04,"Blancs":9,"% Blancs/Ins":1.12,"% Blancs/Vot":1.97,"Nuls":45,"% Nuls/Ins":5.6,"% Nuls/Vot":9.83,"Exprimés":404,"% Exp/Ins":50.31,"% Exp/Vot":88.21,"resultats":[{"N.Pan.":null,"Code Nuance":"LNC","Sexe":"M","Nom":"BIDAUD","Prénom":"André","Liste":"tous ensemble pour Chantelle","Sièges / Elu":"15","Sièges Secteur":0,"Sièges CC":2,"Voix":404,"% Voix/Ins":50.31,"% Voix/Exp":100}]},"population":{"F0-2":9.16171778685261,"F3-5":11.2274596944815,"F6-10":32.6417259489418,"F11-17":26.4840147841256,"F18-24":35.5154027433984,"F25-39":77.1236483826495,"F40-54":96.4056873303289,"F55-64":80.977150256946,"F65-79":105.1035572315,"F80+":125.602035630802,"H0-2":6.1128114721755,"H3-5":10.2021058653897,"H6-10":22.4157137427662,"H11-17":45.871930518762,"H18-24":31.3643119065521,"H25-39":82.1655950575305,"H40-54":89.2519673109503,"H55-64":74.9359534536566,"H65-79":84.9763830169346,"H80+":57.4608278652561},"Analyse":{"Votes décisifs":405,"tour décisif":1,"majeurs":940.8825201865051,"Non votants de 18-24":34.324205696924615}}