{"id":2498,"slug":"30-112-fons","nom_standard":"Fons","code_postal":"30","code_departement":"30","libelle_departement":"Gard","code_commune":"112","Tour 1":{"Inscrits":1067,"Abstentions":382,"% Abs/Ins":35.8,"Votants":685,"% Vot/Ins":64.2,"Blancs":7,"% Blancs/Ins":0.66,"% Blancs/Vot":1.02,"Nuls":10,"% Nuls/Ins":0.94,"% Nuls/Vot":1.46,"Exprimés":668,"% Exp/Ins":62.61,"% Exp/Vot":97.52,"resultats":[{"N.Pan.":null,"Code Nuance":"LNC","Sexe":"M","Nom":"BIARNES","Prénom":"Christian","Liste":"FONS DEMAIN","Sièges / Elu":"4","Sièges Secteur":0,"Sièges CC":0,"Voix":280,"% Voix/Ins":26.24,"% Voix/Exp":41.92},{"N.Pan.":2,"Code Nuance":"LNC","Sexe":"F","Nom":"GIANNACCINI","Prénom":"Maryse","Liste":"FONS, le meilleur pour tous","Sièges / Elu":"15","Sièges Secteur":0,"Sièges CC":1,"Voix":388,"% Voix/Ins":36.36,"% Voix/Exp":58.08}]},"population":{"F0-2":35.9704906431638,"F3-5":43.590497205391,"F6-10":77.2897088288934,"F11-17":79.4750327892802,"F18-24":34.5945560225197,"F25-39":176.759221615251,"F40-54":173.844687463527,"F55-64":108.452085308713,"F65-79":95.1349174208266,"F80+":70.1010370731315,"H0-2":35.87351007516,"H3-5":40.3193406737105,"H6-10":74.06971956284,"H11-17":94.637149751393,"H18-24":35.7745722820838,"H25-39":155.098529627792,"H40-54":182.862370200052,"H55-64":81.6462980958321,"H65-79":103.98277453125,"H80+":33.5235008291885},"Analyse":{"Votes décisifs":109,"tour décisif":1,"majeurs":1251.7745504701672,"Non votants de 18-24":31.861512959213727}}