{"id":2543,"slug":"30-221-roquemaure","nom_standard":"Roquemaure","code_postal":"30","code_departement":"30","libelle_departement":"Gard","code_commune":"221","Tour 1":{"Inscrits":3916,"Abstentions":2038,"% Abs/Ins":52.04,"Votants":1878,"% Vot/Ins":47.96,"Blancs":36,"% Blancs/Ins":0.92,"% Blancs/Vot":1.92,"Nuls":36,"% Nuls/Ins":0.92,"% Nuls/Vot":1.92,"Exprimés":1806,"% Exp/Ins":46.12,"% Exp/Vot":96.17,"resultats":[{"N.Pan.":null,"Code Nuance":"LDVG","Sexe":"F","Nom":"NURY","Prénom":"Nathalie","Liste":"TOUS UNIS pour ROQUEMAURE","Sièges / Elu":"23","Sièges Secteur":0,"Sièges CC":2,"Voix":941,"% Voix/Ins":24.03,"% Voix/Exp":52.1},{"N.Pan.":2,"Code Nuance":"LDVC","Sexe":"M","Nom":"CARDENES","Prénom":"Stéphane","Liste":"CONSTRUISONS ENSEMBLE L'AVENIR DE ROQUEMAURE","Sièges / Elu":"3","Sièges Secteur":0,"Sièges CC":0,"Voix":421,"% Voix/Ins":10.75,"% Voix/Exp":23.31},{"N.Pan.":3,"Code Nuance":"LDVD","Sexe":"M","Nom":"HEUGHE","Prénom":"André","Liste":"A.G.I.R","Sièges / Elu":3,"Sièges CC":0,"Voix":444,"% Voix/Ins":11.34,"% Voix/Exp":24.58}]},"population":{"F0-2":91.147914635162,"F3-5":102.355200737499,"F6-10":191.542942532546,"F11-17":271.331540736707,"F18-24":178.838525498612,"F25-39":498.061048014665,"F40-54":575.250015867896,"F55-64":363.276497539764,"F65-79":365.905141793918,"F80+":240.823020917083,"H0-2":101.209068725592,"H3-5":108.353342257878,"H6-10":185.334340052169,"H11-17":262.42544070507,"H18-24":160.833926219709,"H25-39":469.139882339245,"H40-54":577.278122875095,"H55-64":331.225694515569,"H65-79":325.028959552682,"H80+":131.63937448314},"Analyse":{"Votes décisifs":77,"tour décisif":1,"majeurs":4217.300209617379,"Non votants de 18-24":188.41339198330584}}