{"id":2550,"slug":"30-243-saint-christol-les-ales","nom_standard":"Saint-Christol-lès-Alès","code_postal":"30","code_departement":"30","libelle_departement":"Gard","code_commune":"243","Tour 1":{"Inscrits":5779,"Abstentions":3678,"% Abs/Ins":63.64,"Votants":2101,"% Vot/Ins":36.36,"Blancs":28,"% Blancs/Ins":0.48,"% Blancs/Vot":1.33,"Nuls":50,"% Nuls/Ins":0.87,"% Nuls/Vot":2.38,"Exprimés":2023,"% Exp/Ins":35.01,"% Exp/Vot":96.29,"resultats":[{"N.Pan.":null,"Code Nuance":"LDVG","Sexe":"M","Nom":"MONTIGNY","Prénom":"André","Liste":"SAINT CHRISTOL DYNAMIQUE ET SOLIDAIRE","Sièges / Elu":"4","Sièges Secteur":0,"Sièges CC":1,"Voix":618,"% Voix/Ins":10.69,"% Voix/Exp":30.55},{"N.Pan.":2,"Code Nuance":"LDVC","Sexe":"M","Nom":"BENEZET","Prénom":"Jean-Charles","Liste":"SAINT CHRISTOL POUR VOUS","Sièges / Elu":"23","Sièges Secteur":0,"Sièges CC":3,"Voix":1103,"% Voix/Ins":19.09,"% Voix/Exp":54.52},{"N.Pan.":3,"Code Nuance":"LDVG","Sexe":"F","Nom":"GALIANO","Prénom":"Catherine","Liste":"ENSEMBLE POUR LA QUALITE DE VIE A SAINT CHRISTOL","Sièges / Elu":2,"Sièges CC":0,"Voix":302,"% Voix/Ins":5.23,"% Voix/Exp":14.93}]},"population":{"F0-2":80.2462677012776,"F3-5":105.881883952965,"F6-10":189.702186594966,"F11-17":312.146166649051,"F18-24":195.569137808013,"F25-39":502.406598171421,"F40-54":730.27906842946,"F55-64":547.671465990687,"F65-79":778.601292969324,"F80+":328.955563359587,"H0-2":79.280092602325,"H3-5":116.564408949085,"H6-10":189.711212419904,"H11-17":286.767117979282,"H18-24":197.874717601612,"H25-39":460.541144067119,"H40-54":623.956710041677,"H55-64":486.025374548475,"H65-79":672.885072661246,"H80+":220.934517502523},"Analyse":{"Votes décisifs":184,"tour décisif":1,"majeurs":5745.700663151144,"Non votants de 18-24":249.57531984232457}}