{"id":2595,"slug":"30-350-le-vigan","nom_standard":"Le Vigan","code_postal":"30","code_departement":"30","libelle_departement":"Gard","code_commune":"350","Tour 1":{"Inscrits":3054,"Abstentions":1388,"% Abs/Ins":45.45,"Votants":1666,"% Vot/Ins":54.55,"Blancs":23,"% Blancs/Ins":0.75,"% Blancs/Vot":1.38,"Nuls":38,"% Nuls/Ins":1.24,"% Nuls/Vot":2.28,"Exprimés":1605,"% Exp/Ins":52.55,"% Exp/Vot":96.34,"resultats":[{"N.Pan.":null,"Code Nuance":"LDVG","Sexe":"F","Nom":"ARNAL","Prénom":"Sylvie","Liste":"VIVRE ENSEMBLE AU VIGAN","Sièges / Elu":"21","Sièges Secteur":0,"Sièges CC":12,"Voix":848,"% Voix/Ins":27.77,"% Voix/Exp":52.83},{"N.Pan.":2,"Code Nuance":"LDVG","Sexe":"M","Nom":"COZZA","Prénom":"Alessandro","Liste":"ENSEMBLE, DONNONS UN AVENIR AUX VIGANAIS","Sièges / Elu":"6","Sièges Secteur":0,"Sièges CC":3,"Voix":757,"% Voix/Ins":24.79,"% Voix/Exp":47.17}]},"population":{"F0-2":35.7295358396224,"F3-5":54.1168472735315,"F6-10":98.2808830434391,"F11-17":149.449045787454,"F18-24":82.8073979002152,"F25-39":219.278845894606,"F40-54":366.936573594449,"F55-64":340.731523850853,"F65-79":393.86562905173,"F80+":253.880243978387,"H0-2":47.3825698794586,"H3-5":43.3522323749309,"H6-10":83.1356120559094,"H11-17":163.514380557843,"H18-24":95.627836661686,"H25-39":217.871231355203,"H40-54":320.870412292554,"H55-64":302.282821770628,"H65-79":319.335235196232,"H80+":119.551141641268},"Analyse":{"Votes décisifs":92,"tour décisif":1,"majeurs":3033.038893187811,"Non votants de 18-24":80.42359961458774}}