{"id":2587,"slug":"30-336-vallabregues","nom_standard":"Vallabrègues","code_postal":"30","code_departement":"30","libelle_departement":"Gard","code_commune":"336","Tour 1":{"Inscrits":1063,"Abstentions":304,"% Abs/Ins":28.6,"Votants":759,"% Vot/Ins":71.4,"Blancs":17,"% Blancs/Ins":1.6,"% Blancs/Vot":2.24,"Nuls":16,"% Nuls/Ins":1.51,"% Nuls/Vot":2.11,"Exprimés":726,"% Exp/Ins":68.3,"% Exp/Vot":95.65,"resultats":[{"N.Pan.":null,"Code Nuance":"LNC","Sexe":"M","Nom":"GILLES","Prénom":"Jean-Marie","Liste":"AGIR POUR VALLABREGUES","Sièges / Elu":"13","Sièges Secteur":0,"Sièges CC":1,"Voix":454,"% Voix/Ins":42.71,"% Voix/Exp":62.53},{"N.Pan.":2,"Code Nuance":"LNC","Sexe":"M","Nom":"FUSTER","Prénom":"Jean-Pierre","Liste":"UN NOUVEL HORIZON POUR VALLABREGUES","Sièges / Elu":"2","Sièges Secteur":0,"Sièges CC":0,"Voix":272,"% Voix/Ins":25.59,"% Voix/Exp":37.47}]},"population":{"F0-2":27.1589412052068,"F3-5":21.2457459037796,"F6-10":54.9063144073629,"F11-17":47.6689212980077,"F18-24":36.2493896391499,"F25-39":117.217487206637,"F40-54":151.340499972168,"F55-64":101.392682607362,"F65-79":99.9628754590206,"F80+":53.7917457626815,"H0-2":29.9475418461897,"H3-5":24.1089852145,"H6-10":35.6706228661826,"H11-17":62.7345064905723,"H18-24":42.4349005176199,"H25-39":104.763251485513,"H40-54":150.247004467106,"H55-64":93.2457845479172,"H65-79":94.6510178790157,"H80+":26.2617812240071},"Analyse":{"Votes décisifs":183,"tour décisif":1,"majeurs":1071.558420768198,"Non votants de 18-24":22.951093467247123}}