{"id":2474,"slug":"30-32-beaucaire","nom_standard":"Beaucaire","code_postal":"30","code_departement":"30","libelle_departement":"Gard","code_commune":"32","Tour 1":{"Inscrits":10861,"Abstentions":5240,"% Abs/Ins":48.25,"Votants":5621,"% Vot/Ins":51.75,"Blancs":73,"% Blancs/Ins":0.67,"% Blancs/Vot":1.3,"Nuls":127,"% Nuls/Ins":1.17,"% Nuls/Vot":2.26,"Exprimés":5421,"% Exp/Ins":49.91,"% Exp/Vot":96.44,"resultats":[{"N.Pan.":null,"Code Nuance":"LDVC","Sexe":"M","Nom":"DEPETRI","Prénom":"Lionel","Liste":"EN AVANT POUR BEAUCAIRE","Sièges / Elu":"1","Sièges Secteur":0,"Sièges CC":0,"Voix":467,"% Voix/Ins":4.3,"% Voix/Exp":8.61},{"N.Pan.":2,"Code Nuance":"LDVG","Sexe":"M","Nom":"MENARD","Prénom":"Charles","Liste":"Beaucaire En Commun","Sièges / Elu":"1","Sièges Secteur":0,"Sièges CC":0,"Voix":370,"% Voix/Ins":3.41,"% Voix/Exp":6.83},{"N.Pan.":3,"Code Nuance":"LRN","Sexe":"M","Nom":"SANCHEZ","Prénom":"Julien","Liste":"Avec vous pour Beaucaire !","Sièges / Elu":27,"Sièges CC":15,"Voix":3226,"% Voix/Ins":29.7,"% Voix/Exp":59.51},{"N.Pan.":4,"Code Nuance":"LDIV","Sexe":"F","Nom":"NOAILLES DUPLISSY","Prénom":"Pascale","Liste":"UNIS POUR BEAUCAIRE","Sièges / Elu":4,"Sièges CC":2,"Voix":1358,"% Voix/Ins":12.5,"% Voix/Exp":25.05}]},"population":{"F0-2":288.173247502783,"F3-5":286.843757929312,"F6-10":487.928568091553,"F11-17":676.004419677402,"F18-24":556.825650030995,"F25-39":1224.61055954193,"F40-54":1708.49154916786,"F55-64":1272.68909360194,"F65-79":1150.39989509747,"F80+":600.115610409899,"H0-2":260.36807578743,"H3-5":302.217106798291,"H6-10":478.594596006126,"H11-17":801.851264274213,"H18-24":507.393365383755,"H25-39":1069.54995279615,"H40-54":1528.23378839109,"H55-64":1038.53279514188,"H65-79":1097.42041294382,"H80+":322.756291426108},"Analyse":{"Votes décisifs":1032,"tour décisif":1,"majeurs":12077.018963932898,"Non votants de 18-24":568.9001702998236}}