{"id":2591,"slug":"30-344-vergeze","nom_standard":"Vergèze","code_postal":"30","code_departement":"30","libelle_departement":"Gard","code_commune":"344","Tour 1":{"Inscrits":4067,"Abstentions":2214,"% Abs/Ins":54.44,"Votants":1853,"% Vot/Ins":45.56,"Blancs":34,"% Blancs/Ins":0.84,"% Blancs/Vot":1.83,"Nuls":40,"% Nuls/Ins":0.98,"% Nuls/Vot":2.16,"Exprimés":1779,"% Exp/Ins":43.74,"% Exp/Vot":96.01,"resultats":[{"N.Pan.":null,"Code Nuance":"LDVC","Sexe":"F","Nom":"FORTUNAT-DESCHAMPS","Prénom":"Pascale","Liste":"ENVIE COMMUNE","Sièges / Elu":"24","Sièges Secteur":0,"Sièges CC":5,"Voix":1077,"% Voix/Ins":26.48,"% Voix/Exp":60.54},{"N.Pan.":2,"Code Nuance":"LDIV","Sexe":"M","Nom":"MONNIER","Prénom":"Robert","Liste":"RESSOURCER VERGEZE","Sièges / Elu":"5","Sièges Secteur":0,"Sièges CC":1,"Voix":702,"% Voix/Ins":17.26,"% Voix/Exp":39.46}]},"population":{"F0-2":85.8339869842994,"F3-5":96.8230848839264,"F6-10":187.055592458284,"F11-17":255.311271021374,"F18-24":169.167575308152,"F25-39":501.913086672196,"F40-54":574.447736729484,"F55-64":342.102720937707,"F65-79":410.228639411479,"F80+":212.434114135338,"H0-2":95.0336837492263,"H3-5":98.9804991770613,"H6-10":206.669482611226,"H11-17":290.118748598644,"H18-24":183.604477248954,"H25-39":455.245068922924,"H40-54":551.595384443131,"H55-64":313.338048053358,"H65-79":327.15575596747,"H80+":107.941042685768},"Analyse":{"Votes décisifs":376,"tour décisif":1,"majeurs":4149.173650515961,"Non votants de 18-24":195.22583529839238}}