{"id":300,"slug":"3-118-gannat","nom_standard":"Gannat","code_postal":"3","code_departement":"3","libelle_departement":"Allier","code_commune":"118","Tour 1":{"Inscrits":4217,"Abstentions":2091,"% Abs/Ins":49.59,"Votants":2126,"% Vot/Ins":50.41,"Blancs":25,"% Blancs/Ins":0.59,"% Blancs/Vot":1.18,"Nuls":60,"% Nuls/Ins":1.42,"% Nuls/Vot":2.82,"Exprimés":2041,"% Exp/Ins":48.4,"% Exp/Vot":96,"resultats":[{"N.Pan.":null,"Code Nuance":"LSOC","Sexe":"F","Nom":"JEUDI","Prénom":"Aline","Liste":"J'aime Gannat","Sièges / Elu":"5","Sièges Secteur":0,"Sièges CC":2,"Voix":681,"% Voix/Ins":16.15,"% Voix/Exp":33.37},{"N.Pan.":2,"Code Nuance":"LDVD","Sexe":"F","Nom":"POUZADOUX","Prénom":"Véronique","Liste":"Véronique POUZADOUX GANNAT 2020","Sièges / Elu":"22","Sièges Secteur":0,"Sièges CC":10,"Voix":1086,"% Voix/Ins":25.75,"% Voix/Exp":53.21},{"N.Pan.":3,"Code Nuance":"LEXG","Sexe":"M","Nom":"MONTJOL","Prénom":"Hubert","Liste":"GANNAT TRANSITIONS","Sièges / Elu":2,"Sièges CC":1,"Voix":274,"% Voix/Ins":6.5,"% Voix/Exp":13.42}]},"population":{"F0-2":81.0076136027561,"F3-5":79.1825238164596,"F6-10":169.68308573106,"F11-17":221.947856477913,"F18-24":184.196658629975,"F25-39":461.097030273407,"F40-54":535.467690911219,"F55-64":373.575708244526,"F65-79":560.064249968677,"F80+":416.167546452589,"H0-2":73.2083599894971,"H3-5":105.093581406351,"H6-10":158.599495431458,"H11-17":240.235795601897,"H18-24":238.100496549578,"H25-39":435.227938325909,"H40-54":525.650126869614,"H55-64":344.080243078598,"H65-79":418.149432670004,"H80+":194.264565968512},"Analyse":{"Votes décisifs":132,"tour décisif":1,"majeurs":4686.0416879426075,"Non votants de 18-24":230.70608286326984}}