{"id":3000,"slug":"33-494-salaunes","nom_standard":"Salaunes","code_postal":"33","code_departement":"33","libelle_departement":"Gironde","code_commune":"494","Tour 1":{"Inscrits":783,"Abstentions":256,"% Abs/Ins":32.69,"Votants":527,"% Vot/Ins":67.31,"Blancs":2,"% Blancs/Ins":0.26,"% Blancs/Vot":0.38,"Nuls":1,"% Nuls/Ins":0.13,"% Nuls/Vot":0.19,"Exprimés":524,"% Exp/Ins":66.92,"% Exp/Vot":99.43,"resultats":[{"N.Pan.":null,"Code Nuance":"LNC","Sexe":"M","Nom":"MORENO","Prénom":"Louis-Laurent","Liste":"Une équipe, une commune, un avenir","Sièges / Elu":"0","Sièges Secteur":0,"Sièges CC":0,"Voix":94,"% Voix/Ins":12.01,"% Voix/Exp":17.94},{"N.Pan.":2,"Code Nuance":"LNC","Sexe":"M","Nom":"VIGNAUX","Prénom":"Patrick","Liste":"NOUVELLE DYNAMIQUE SALAUNAISE","Sièges / Elu":"0","Sièges Secteur":0,"Sièges CC":0,"Voix":183,"% Voix/Ins":23.37,"% Voix/Exp":34.92},{"N.Pan.":3,"Code Nuance":"LNC","Sexe":"M","Nom":"PARDES","Prénom":"Jérôme","Liste":"Salaunes, l'esprit village","Sièges / Elu":0,"Sièges CC":0,"Voix":247,"% Voix/Ins":31.55,"% Voix/Exp":47.14}]},"Tour 2":{"Inscrits":789,"Abstentions":283,"% Abs/Ins":35.87,"Votants":506,"% Vot/Ins":64.13,"Blancs":13,"% Blancs/Ins":1.65,"% Blancs/Vot":2.57,"Nuls":8,"% Nuls/Ins":1.01,"% Nuls/Vot":1.58,"Exprimés":485,"% Exp/Ins":61.47,"% Exp/Vot":95.85,"resultats":[{"N.Pan.":2,"Code Nuance":"LNC","Sexe":"M","Nom":"VIGNAUX","Prénom":"Patrick","Liste":"NOUVELLE DYNAMIQUE SALAUNAISE","Sièges / Elu":3,"Sièges Secteur":0,"Sièges CC":0,"Voix":201,"% Voix/Ins":25.48,"% Voix/Exp":41.44},{"N.Pan.":3,"Code Nuance":"LNC","Sexe":"M","Nom":"PARDES","Prénom":"Jérôme","Liste":"Salaunes, l'esprit village","Sièges / Elu":12,"Sièges Secteur":0,"Sièges CC":2,"Voix":284,"% Voix/Ins":35.99,"% Voix/Exp":58.56}]},"population":{"F0-2":30.0652311890374,"F3-5":34.9068638610259,"F6-10":38.4792113491158,"F11-17":41.9335173252524,"F18-24":28.7183054994736,"F25-39":136.078350411726,"F40-54":134.297853137041,"F55-64":53.8682962123054,"F65-79":56.5819934033394,"F80+":17.2297756512712,"H0-2":30.1366666946928,"H3-5":38.4768310612025,"H6-10":70.0067943451465,"H11-17":59.2933439979722,"H18-24":29.6968950531383,"H25-39":133.617986479795,"H40-54":148.828969771449,"H55-64":63.1524259878054,"H65-79":49.2112240815618,"H80+":16.4194644876479},"Analyse":{"Votes décisifs":83,"tour décisif":2,"majeurs":867.701540176554,"Non votants de 18-24":24.350386660951244}}