{"id":3012,"slug":"33-525-tauriac","nom_standard":"Tauriac","code_postal":"33","code_departement":"33","libelle_departement":"Gironde","code_commune":"525","Tour 1":{"Inscrits":1022,"Abstentions":558,"% Abs/Ins":54.6,"Votants":464,"% Vot/Ins":45.4,"Blancs":24,"% Blancs/Ins":2.35,"% Blancs/Vot":5.17,"Nuls":33,"% Nuls/Ins":3.23,"% Nuls/Vot":7.11,"Exprimés":407,"% Exp/Ins":39.82,"% Exp/Vot":87.72,"resultats":[{"N.Pan.":null,"Code Nuance":"LNC","Sexe":"M","Nom":"TARIS","Prénom":"Roger","Liste":"ENTREPRENDRE POUR TAURIAC","Sièges / Elu":"14","Sièges Secteur":0,"Sièges CC":1,"Voix":348,"% Voix/Ins":34.05,"% Voix/Exp":85.5},{"N.Pan.":2,"Code Nuance":"LNC","Sexe":"M","Nom":"JACQUES","Prénom":"Sebastien","Liste":"TOUS ENSEMBLE POUR TAURIAC","Sièges / Elu":"1","Sièges Secteur":0,"Sièges CC":0,"Voix":59,"% Voix/Ins":5.77,"% Voix/Exp":14.5}]},"population":{"F0-2":20.8746583247535,"F3-5":24.631497090688,"F6-10":41.1839549977007,"F11-17":52.874861518113,"F18-24":29.7919599405519,"F25-39":107.043213012187,"F40-54":169.895664275033,"F55-64":96.4988421332636,"F65-79":76.3638477830446,"F80+":34.5922339574751,"H0-2":20.465989943164,"H3-5":17.6819027396393,"H6-10":34.1353226807424,"H11-17":67.9386082139275,"H18-24":36.8303372150648,"H25-39":112.876762373857,"H40-54":154.384356401055,"H55-64":99.7003251354371,"H65-79":77.5209537398069,"H80+":28.714708524495},"Analyse":{"Votes décisifs":290,"tour décisif":1,"majeurs":1024.213204491271,"Non votants de 18-24":36.44035286447609}}