{"id":3016,"slug":"33-535-tresses","nom_standard":"Tresses","code_postal":"33","code_departement":"33","libelle_departement":"Gironde","code_commune":"535","Tour 1":{"Inscrits":3709,"Abstentions":1615,"% Abs/Ins":43.54,"Votants":2094,"% Vot/Ins":56.46,"Blancs":20,"% Blancs/Ins":0.54,"% Blancs/Vot":0.96,"Nuls":20,"% Nuls/Ins":0.54,"% Nuls/Vot":0.96,"Exprimés":2054,"% Exp/Ins":55.38,"% Exp/Vot":98.09,"resultats":[{"N.Pan.":null,"Code Nuance":"LDIV","Sexe":"F","Nom":"BALGUERIE","Prénom":"Axelle","Liste":"Nouvel élan Tressois","Sièges / Elu":"5","Sièges Secteur":0,"Sièges CC":1,"Voix":785,"% Voix/Ins":21.16,"% Voix/Exp":38.22},{"N.Pan.":2,"Code Nuance":"LDVG","Sexe":"M","Nom":"SOUBIE","Prénom":"Christian","Liste":"TRESSES ENSEMBLE","Sièges / Elu":"22","Sièges Secteur":0,"Sièges CC":6,"Voix":1269,"% Voix/Ins":34.21,"% Voix/Exp":61.78}]},"population":{"F0-2":67.4571719505333,"F3-5":67.0632943598825,"F6-10":153.384155981727,"F11-17":215.960480423804,"F18-24":129.92817984222,"F25-39":426.025070045871,"F40-54":600.116051696454,"F55-64":375.653163537781,"F65-79":396.581768621177,"F80+":111.652319309353,"H0-2":71.399430303889,"H3-5":109.109216618734,"H6-10":155.928913184113,"H11-17":241.939678156333,"H18-24":161.32460122114,"H25-39":364.921507927891,"H40-54":558.100408583847,"H55-64":355.437457544792,"H65-79":338.073511735387,"H80+":80.9436189550706},"Analyse":{"Votes décisifs":485,"tour décisif":1,"majeurs":3898.7576590209837,"Non votants de 18-24":134.822611023034}}