{"id":303,"slug":"3-138-lapalisse","nom_standard":"Lapalisse","code_postal":"3","code_departement":"3","libelle_departement":"Allier","code_commune":"138","Tour 1":{"Inscrits":2119,"Abstentions":1329,"% Abs/Ins":62.72,"Votants":790,"% Vot/Ins":37.28,"Blancs":26,"% Blancs/Ins":1.23,"% Blancs/Vot":3.29,"Nuls":87,"% Nuls/Ins":4.11,"% Nuls/Vot":11.01,"Exprimés":677,"% Exp/Ins":31.95,"% Exp/Vot":85.7,"resultats":[{"N.Pan.":null,"Code Nuance":"LNC","Sexe":"M","Nom":"DE CHABANNES","Prénom":"Jacques","Liste":"CONTINUONS A CONSTRUIRE L'AVENIR","Sièges / Elu":"23","Sièges Secteur":0,"Sièges CC":11,"Voix":677,"% Voix/Ins":31.95,"% Voix/Exp":100}]},"population":{"F0-2":41.5837600817341,"F3-5":44.5042324484028,"F6-10":76.1343907911543,"F11-17":102.997634870441,"F18-24":76.8153657011538,"F25-39":201.944481749212,"F40-54":273.386942650633,"F55-64":235.779698806805,"F65-79":333.579152964254,"F80+":293.980884964088,"H0-2":35.6429403361765,"H3-5":37.5915714622058,"H6-10":89.9203640424388,"H11-17":99.9882494222704,"H18-24":103.620835470136,"H25-39":211.487121186807,"H40-54":257.317503349442,"H55-64":205.490695921765,"H65-79":284.854957617158,"H80+":130.379216163723},"Analyse":{"Votes décisifs":678,"tour décisif":1,"majeurs":2608.636856545176,"Non votants de 18-24":125.79287334753819}}