{"id":3035,"slug":"34-13-aspiran","nom_standard":"Aspiran","code_postal":"34","code_departement":"34","libelle_departement":"Hérault","code_commune":"13","Tour 1":{"Inscrits":1153,"Abstentions":672,"% Abs/Ins":58.28,"Votants":481,"% Vot/Ins":41.72,"Blancs":20,"% Blancs/Ins":1.73,"% Blancs/Vot":4.16,"Nuls":55,"% Nuls/Ins":4.77,"% Nuls/Vot":11.43,"Exprimés":406,"% Exp/Ins":35.21,"% Exp/Vot":84.41,"resultats":[{"N.Pan.":null,"Code Nuance":"LNC","Sexe":"M","Nom":"BERNARDI","Prénom":"Olivier","Liste":"ASPIRAN C'EST VOUS","Sièges / Elu":"19","Sièges Secteur":0,"Sièges CC":2,"Voix":406,"% Voix/Ins":35.21,"% Voix/Exp":100}]},"population":{"F0-2":19.8212776939108,"F3-5":15.3852417751093,"F6-10":43.7584960290338,"F11-17":93.3947090539555,"F18-24":44.4111089937694,"F25-39":127.266246341175,"F40-54":173.60622993831,"F55-64":116.49297334408,"F65-79":128.84953560056,"F80+":83.9199184021612,"H0-2":23.9693322821628,"H3-5":23.0001838619621,"H6-10":52.6805867418805,"H11-17":74.0933311272579,"H18-24":48.8036588294004,"H25-39":132.440957091503,"H40-54":157.476014360075,"H55-64":120.562434949783,"H65-79":134.412713025926,"H80+":55.6550505579839},"Analyse":{"Votes décisifs":407,"tour décisif":1,"majeurs":1323.896841434727,"Non votants de 18-24":59.34785167103601}}