{"id":3036,"slug":"34-14-assas","nom_standard":"Assas","code_postal":"34","code_departement":"34","libelle_departement":"Hérault","code_commune":"14","Tour 1":{"Inscrits":1278,"Abstentions":468,"% Abs/Ins":36.62,"Votants":810,"% Vot/Ins":63.38,"Blancs":4,"% Blancs/Ins":0.31,"% Blancs/Vot":0.49,"Nuls":10,"% Nuls/Ins":0.78,"% Nuls/Vot":1.23,"Exprimés":796,"% Exp/Ins":62.28,"% Exp/Vot":98.27,"resultats":[{"N.Pan.":null,"Code Nuance":"LNC","Sexe":"M","Nom":"GRAU","Prénom":"Jacques","Liste":"Engagés pour Agir","Sièges / Elu":"0","Sièges Secteur":0,"Sièges CC":0,"Voix":304,"% Voix/Ins":23.79,"% Voix/Exp":38.19},{"N.Pan.":2,"Code Nuance":"LNC","Sexe":"M","Nom":"DANELUZZI","Prénom":"Bruno","Liste":"ASSAS AUTREMENT","Sièges / Elu":"0","Sièges Secteur":0,"Sièges CC":0,"Voix":173,"% Voix/Ins":13.54,"% Voix/Exp":21.73},{"N.Pan.":3,"Code Nuance":"LNC","Sexe":"M","Nom":"DUSFOUR","Prénom":"Nicolas","Liste":"Ensemble, un avenir pour Assas","Sièges / Elu":0,"Sièges CC":0,"Voix":319,"% Voix/Ins":24.96,"% Voix/Exp":40.08}]},"Tour 2":{"Inscrits":1285,"Abstentions":296,"% Abs/Ins":23.04,"Votants":989,"% Vot/Ins":76.96,"Blancs":18,"% Blancs/Ins":1.4,"% Blancs/Vot":1.82,"Nuls":15,"% Nuls/Ins":1.17,"% Nuls/Vot":1.52,"Exprimés":956,"% Exp/Ins":74.4,"% Exp/Vot":96.66,"resultats":[{"N.Pan.":1,"Code Nuance":"LNC","Sexe":"M","Nom":"GRAU","Prénom":"Jacques","Liste":"Engagés pour Agir","Sièges / Elu":15,"Sièges Secteur":0,"Sièges CC":2,"Voix":509,"% Voix/Ins":39.61,"% Voix/Exp":53.24},{"N.Pan.":3,"Code Nuance":"LNC","Sexe":"M","Nom":"DUSFOUR","Prénom":"Nicolas","Liste":"ENSEMBLE UN AVENIR POUR ASSAS","Sièges / Elu":4,"Sièges Secteur":0,"Sièges CC":0,"Voix":447,"% Voix/Ins":34.79,"% Voix/Exp":46.76}]},"population":{"F0-2":12.8734923581604,"F3-5":19.5942779053315,"F6-10":28.0862385031476,"F11-17":72.0819956147841,"F18-24":43.0811918935346,"F25-39":62.5836158145372,"F40-54":179.408928762995,"F55-64":141.370964826744,"F65-79":148.505708542783,"F80+":50.0348443517645,"H0-2":9.33856334781369,"H3-5":9.90840904294297,"H6-10":33.6447362207317,"H11-17":65.6468776169307,"H18-24":51.3092222299586,"H25-39":69.1865303725007,"H40-54":153.831664073636,"H55-64":145.937923568981,"H65-79":141.886189707608,"H80+":44.6886252451158},"Analyse":{"Votes décisifs":62,"tour décisif":2,"majeurs":1231.8254093901585,"Non votants de 18-24":18.60685027060049}}