{"id":3050,"slug":"34-39-bouzigues","nom_standard":"Bouzigues","code_postal":"34","code_departement":"34","libelle_departement":"Hérault","code_commune":"39","Tour 1":{"Inscrits":1457,"Abstentions":393,"% Abs/Ins":26.97,"Votants":1064,"% Vot/Ins":73.03,"Blancs":8,"% Blancs/Ins":0.55,"% Blancs/Vot":0.75,"Nuls":8,"% Nuls/Ins":0.55,"% Nuls/Vot":0.75,"Exprimés":1048,"% Exp/Ins":71.93,"% Exp/Vot":98.5,"resultats":[{"N.Pan.":null,"Code Nuance":"LNC","Sexe":"M","Nom":"RAJA","Prénom":"Cédric","Liste":"\"POUR BOUZIGUES\"","Sièges / Elu":"16","Sièges Secteur":0,"Sièges CC":1,"Voix":716,"% Voix/Ins":49.14,"% Voix/Exp":68.32},{"N.Pan.":2,"Code Nuance":"LNC","Sexe":"F","Nom":"ROSAY","Prénom":"Eliane","Liste":"BOUZIGUES, NOTRE VILLAGE, NOTRE AVENIR","Sièges / Elu":"3","Sièges Secteur":0,"Sièges CC":0,"Voix":332,"% Voix/Ins":22.79,"% Voix/Exp":31.68}]},"population":{"F0-2":16.333545563083,"F3-5":18.1668922280269,"F6-10":27.8477050113925,"F11-17":67.0836534144555,"F18-24":49.0484648302701,"F25-39":104.295668669229,"F40-54":184.754715343404,"F55-64":113.860270750332,"F65-79":185.672230329955,"F80+":66.0082071954693,"H0-2":19.8234463451185,"H3-5":26.7208821792426,"H6-10":41.6155313777326,"H11-17":57.6376849046539,"H18-24":43.8875601219958,"H25-39":115.348598303851,"H40-54":180.174847565678,"H55-64":101.609524945873,"H65-79":152.845666305868,"H80+":60.2649046143698},"Analyse":{"Votes décisifs":385,"tour décisif":1,"majeurs":1357.770658976295,"Non votants de 18-24":20.107871025471315}}