{"id":3074,"slug":"34-95-fabregues","nom_standard":"Fabrègues","code_postal":"34","code_departement":"34","libelle_departement":"Hérault","code_commune":"95","Tour 1":{"Inscrits":5727,"Abstentions":3422,"% Abs/Ins":59.75,"Votants":2305,"% Vot/Ins":40.25,"Blancs":34,"% Blancs/Ins":0.59,"% Blancs/Vot":1.48,"Nuls":47,"% Nuls/Ins":0.82,"% Nuls/Vot":2.04,"Exprimés":2224,"% Exp/Ins":38.83,"% Exp/Vot":96.49,"resultats":[{"N.Pan.":null,"Code Nuance":"LDVG","Sexe":"F","Nom":"BOUHOT","Prénom":"Nora","Liste":"FABREGUES CITOYENNE","Sièges / Elu":"3","Sièges Secteur":0,"Sièges CC":0,"Voix":574,"% Voix/Ins":10.02,"% Voix/Exp":25.81},{"N.Pan.":2,"Code Nuance":"LDVD","Sexe":"M","Nom":"MARTINIER","Prénom":"Jacques","Liste":"Fabrègues à Coeur","Sièges / Elu":"26","Sièges Secteur":0,"Sièges CC":2,"Voix":1650,"% Voix/Ins":28.81,"% Voix/Exp":74.19}]},"population":{"F0-2":110.954737960887,"F3-5":114.350725889739,"F6-10":221.35142801693,"F11-17":282.847732208319,"F18-24":215.124126063121,"F25-39":687.558126620253,"F40-54":692.789674737608,"F55-64":568.000870892902,"F65-79":582.747163848999,"F80+":239.234406736189,"H0-2":128.225945665889,"H3-5":108.367490541396,"H6-10":212.552294568942,"H11-17":278.527974220376,"H18-24":236.977911061656,"H25-39":626.361812051332,"H40-54":674.96506421582,"H55-64":533.43659393557,"H65-79":521.405486912993,"H80+":158.220433851082},"Analyse":{"Votes décisifs":1077,"tour décisif":1,"majeurs":5736.821670927525,"Non votants de 18-24":270.45176884929026}}