{"id":3083,"slug":"34-120-jacou","nom_standard":"Jacou","code_postal":"34","code_departement":"34","libelle_departement":"Hérault","code_commune":"120","Tour 1":{"Inscrits":4723,"Abstentions":2610,"% Abs/Ins":55.26,"Votants":2113,"% Vot/Ins":44.74,"Blancs":26,"% Blancs/Ins":0.55,"% Blancs/Vot":1.23,"Nuls":34,"% Nuls/Ins":0.72,"% Nuls/Vot":1.61,"Exprimés":2053,"% Exp/Ins":43.47,"% Exp/Vot":97.16,"resultats":[{"N.Pan.":null,"Code Nuance":"LDVG","Sexe":"M","Nom":"CALVAT","Prénom":"Renaud","Liste":"Tous ensemble pour Jacou","Sièges / Elu":"27","Sièges Secteur":0,"Sièges CC":1,"Voix":1769,"% Voix/Ins":37.46,"% Voix/Exp":86.17},{"N.Pan.":2,"Code Nuance":"LDVG","Sexe":"M","Nom":"BRECHOTTEAU","Prénom":"Patrick","Liste":"JACOU citoyenne, écologique et sociale","Sièges / Elu":"2","Sièges Secteur":0,"Sièges CC":0,"Voix":284,"% Voix/Ins":6.01,"% Voix/Exp":13.83}]},"population":{"F0-2":95.1596888945177,"F3-5":123.793359528087,"F6-10":209.911702942888,"F11-17":331.121066520411,"F18-24":217.377592228098,"F25-39":626.834471222091,"F40-54":772.954061034426,"F55-64":467.536545603432,"F65-79":497.75760275593,"F80+":192.358794469869,"H0-2":113.109652745982,"H3-5":128.839086833715,"H6-10":240.415969046474,"H11-17":374.957236724939,"H18-24":246.897029177878,"H25-39":531.404692277428,"H40-54":734.880754070226,"H55-64":374.929765276831,"H65-79":413.245404924413,"H80+":100.515523722363},"Analyse":{"Votes décisifs":1486,"tour décisif":1,"majeurs":5176.692236762985,"Non votants de 18-24":274.7690007967316}}