{"id":3089,"slug":"34-130-laurens","nom_standard":"Laurens","code_postal":"34","code_departement":"34","libelle_departement":"Hérault","code_commune":"130","Tour 1":{"Inscrits":1260,"Abstentions":705,"% Abs/Ins":55.95,"Votants":555,"% Vot/Ins":44.05,"Blancs":26,"% Blancs/Ins":2.06,"% Blancs/Vot":4.68,"Nuls":35,"% Nuls/Ins":2.78,"% Nuls/Vot":6.31,"Exprimés":494,"% Exp/Ins":39.21,"% Exp/Vot":89.01,"resultats":[{"N.Pan.":null,"Code Nuance":"LNC","Sexe":"M","Nom":"ANGLADE","Prénom":"François","Liste":"Agissons Ensemble Pour l'Avenir","Sièges / Elu":"19","Sièges Secteur":0,"Sièges CC":3,"Voix":494,"% Voix/Ins":39.21,"% Voix/Exp":100}]},"population":{"F0-2":25.320128645064,"F3-5":40.2416816213565,"F6-10":57.3207525232863,"F11-17":79.5960383448017,"F18-24":20.3881025883087,"F25-39":159.778083854852,"F40-54":182.859868144267,"F55-64":126.39045581885,"F65-79":158.824789493086,"F80+":68.8460103498071,"H0-2":31.3775124789802,"H3-5":26.213531994089,"H6-10":61.4767334968515,"H11-17":86.5438117476088,"H18-24":43.8094383947342,"H25-39":140.758628429291,"H40-54":182.735975610167,"H55-64":99.2397879302301,"H65-79":140.942934317427,"H80+":43.3357342169423},"Analyse":{"Votes décisifs":495,"tour décisif":1,"majeurs":1367.9098091479623,"Non votants de 18-24":38.1507687416905}}