{"id":2649,"slug":"31-182-fenouillet","nom_standard":"Fenouillet","code_postal":"31","code_departement":"31","libelle_departement":"Haute-Garonne","code_commune":"182","Tour 1":{"Inscrits":3663,"Abstentions":1768,"% Abs/Ins":48.27,"Votants":1895,"% Vot/Ins":51.73,"Blancs":36,"% Blancs/Ins":0.98,"% Blancs/Vot":1.9,"Nuls":40,"% Nuls/Ins":1.09,"% Nuls/Vot":2.11,"Exprimés":1819,"% Exp/Ins":49.66,"% Exp/Vot":95.99,"resultats":[{"N.Pan.":null,"Code Nuance":"LDVC","Sexe":"M","Nom":"BROQUÈRE","Prénom":"Gilles","Liste":"Fenouillet au coeur","Sièges / Elu":"6","Sièges Secteur":0,"Sièges CC":0,"Voix":820,"% Voix/Ins":22.39,"% Voix/Exp":45.08},{"N.Pan.":2,"Code Nuance":"LDVG","Sexe":"M","Nom":"DUHAMEL","Prénom":"Thierry","Liste":"ENSEMBLE POUR FENOUILLET","Sièges / Elu":"23","Sièges Secteur":0,"Sièges CC":1,"Voix":999,"% Voix/Ins":27.27,"% Voix/Exp":54.92}]},"population":{"F0-2":92.4850761444579,"F3-5":124.722127052371,"F6-10":181.425700906113,"F11-17":239.685531480427,"F18-24":208.60544866462,"F25-39":602.406877666804,"F40-54":558.659984194177,"F55-64":315.151916566482,"F65-79":320.019993349496,"F80+":147.936210993448,"H0-2":108.398587857542,"H3-5":97.7769458403658,"H6-10":205.704321951231,"H11-17":254.916968032437,"H18-24":205.48271282734,"H25-39":569.268497431201,"H40-54":542.031702138661,"H55-64":311.712858632248,"H65-79":284.835419881873,"H80+":90.7731183887068},"Analyse":{"Votes décisifs":180,"tour décisif":1,"majeurs":4156.884740735057,"Non votants de 18-24":225.31769635548687}}