{"id":2604,"slug":"31-28-aurignac","nom_standard":"Aurignac","code_postal":"31","code_departement":"31","libelle_departement":"Haute-Garonne","code_commune":"28","Tour 1":{"Inscrits":666,"Abstentions":314,"% Abs/Ins":47.15,"Votants":352,"% Vot/Ins":52.85,"Blancs":35,"% Blancs/Ins":5.26,"% Blancs/Vot":9.94,"Nuls":41,"% Nuls/Ins":6.16,"% Nuls/Vot":11.65,"Exprimés":276,"% Exp/Ins":41.44,"% Exp/Vot":78.41,"resultats":[{"N.Pan.":null,"Code Nuance":"LNC","Sexe":"M","Nom":"LOSEGO","Prénom":"Jean-Michel","Liste":"AURIGNAC, TOUJOURS EN AVANT","Sièges / Elu":"15","Sièges Secteur":0,"Sièges CC":2,"Voix":276,"% Voix/Ins":41.44,"% Voix/Exp":100}]},"population":{"F0-2":11.7874688400272,"F3-5":23.5928741706174,"F6-10":29.3968786160835,"F11-17":48.2711603892097,"F18-24":52.9772213281389,"F25-39":89.4526496368554,"F40-54":132.715085012075,"F55-64":67.438948292542,"F65-79":96.9486261939706,"F80+":68.8057654451855,"H0-2":24.5897809086639,"H3-5":12.6118395084711,"H6-10":30.3133487447118,"H11-17":77.0567010367181,"H18-24":65.9786699227671,"H25-39":85.5617470527939,"H40-54":123.958773181889,"H55-64":73.5166044215079,"H65-79":84.611443922018,"H80+":42.4144133757544},"Analyse":{"Votes décisifs":277,"tour décisif":1,"majeurs":984.3799477854978,"Non votants de 18-24":76.41898889474061}}