{"id":2662,"slug":"31-228-gragnague","nom_standard":"Gragnague","code_postal":"31","code_departement":"31","libelle_departement":"Haute-Garonne","code_commune":"228","Tour 1":{"Inscrits":1676,"Abstentions":953,"% Abs/Ins":56.86,"Votants":723,"% Vot/Ins":43.14,"Blancs":34,"% Blancs/Ins":2.03,"% Blancs/Vot":4.7,"Nuls":67,"% Nuls/Ins":4,"% Nuls/Vot":9.27,"Exprimés":622,"% Exp/Ins":37.11,"% Exp/Vot":86.03,"resultats":[{"N.Pan.":null,"Code Nuance":"LNC","Sexe":"M","Nom":"CALAS","Prénom":"Daniel","Liste":"L'AVENIR ENSEMBLE","Sièges / Elu":"19","Sièges Secteur":0,"Sièges CC":4,"Voix":622,"% Voix/Ins":37.11,"% Voix/Exp":100}]},"population":{"F0-2":43.1386734526777,"F3-5":60.8323416867361,"F6-10":68.4450741981824,"F11-17":93.0239907461682,"F18-24":54.7992311497254,"F25-39":204.733691286345,"F40-54":261.456120611458,"F55-64":138.10400705554,"F65-79":108.97429247318,"F80+":45.5335591317154,"H0-2":32.9063934941352,"H3-5":44.9098403427621,"H6-10":67.392844696932,"H11-17":100.949187253977,"H18-24":60.0176615239914,"H25-39":200.962994179088,"H40-54":252.391647115164,"H55-64":160.335442841472,"H65-79":112.246159471511,"H80+":29.8468472892384},"Analyse":{"Votes décisifs":623,"tour décisif":1,"majeurs":1629.4016541284286,"Non votants de 18-24":63.87020731055451}}