{"id":2685,"slug":"31-297-levignac","nom_standard":"Lévignac","code_postal":"31","code_departement":"31","libelle_departement":"Haute-Garonne","code_commune":"297","Tour 1":{"Inscrits":1551,"Abstentions":700,"% Abs/Ins":45.13,"Votants":851,"% Vot/Ins":54.87,"Blancs":10,"% Blancs/Ins":0.64,"% Blancs/Vot":1.18,"Nuls":15,"% Nuls/Ins":0.97,"% Nuls/Vot":1.76,"Exprimés":826,"% Exp/Ins":53.26,"% Exp/Vot":97.06,"resultats":[{"N.Pan.":null,"Code Nuance":"LNC","Sexe":"M","Nom":"LAHACHE","Prénom":"Frédéric","Liste":"BIEN VIVRE A LÉVIGNAC","Sièges / Elu":"15","Sièges Secteur":0,"Sièges CC":2,"Voix":474,"% Voix/Ins":30.56,"% Voix/Exp":57.38},{"N.Pan.":2,"Code Nuance":"LNC","Sexe":"M","Nom":"GENSSLER","Prénom":"Bernard","Liste":"LEVIGNAC AVEC VOUS","Sièges / Elu":"4","Sièges Secteur":0,"Sièges CC":0,"Voix":352,"% Voix/Ins":22.7,"% Voix/Exp":42.62}]},"population":{"F0-2":45.4116132723437,"F3-5":48.5216854717721,"F6-10":64.8529556183944,"F11-17":110.642808018245,"F18-24":56.3086519148812,"F25-39":199.036462500597,"F40-54":257.348162473667,"F55-64":121.321457678312,"F65-79":136.514397767019,"F80+":52.0722187382745,"H0-2":43.52554320541,"H3-5":52.5721505872663,"H6-10":90.7514657351134,"H11-17":120.980309130666,"H18-24":43.818733257717,"H25-39":203.649281990175,"H40-54":261.93560349842,"H55-64":144.514924162247,"H65-79":114.142060813065,"H80+":38.0795141664134},"Analyse":{"Votes décisifs":123,"tour décisif":1,"majeurs":1628.741468960788,"Non votants de 18-24":47.811897168079014}}