{"id":2671,"slug":"31-254-labege","nom_standard":"Labège","code_postal":"31","code_departement":"31","libelle_departement":"Haute-Garonne","code_commune":"254","Tour 1":{"Inscrits":2548,"Abstentions":1328,"% Abs/Ins":52.12,"Votants":1220,"% Vot/Ins":47.88,"Blancs":23,"% Blancs/Ins":0.9,"% Blancs/Vot":1.89,"Nuls":27,"% Nuls/Ins":1.06,"% Nuls/Vot":2.21,"Exprimés":1170,"% Exp/Ins":45.92,"% Exp/Vot":95.9,"resultats":[{"N.Pan.":null,"Code Nuance":"LDVC","Sexe":"M","Nom":"BOUISSOU","Prénom":"Gabriel","Liste":"LABEGE POUR TOUS","Sièges / Elu":"2","Sièges Secteur":0,"Sièges CC":0,"Voix":169,"% Voix/Ins":6.63,"% Voix/Exp":14.44},{"N.Pan.":2,"Code Nuance":"LDVG","Sexe":"M","Nom":"CHÉRUBIN","Prénom":"Laurent","Liste":"LABEGE UNE EQUIPE","Sièges / Elu":"25","Sièges Secteur":0,"Sièges CC":3,"Voix":1001,"% Voix/Ins":39.29,"% Voix/Exp":85.56}]},"population":{"F0-2":41.1327647563978,"F3-5":46.1948373863062,"F6-10":95.5212131826683,"F11-17":132.324545397125,"F18-24":489.571287698976,"F25-39":295.298211510803,"F40-54":379.640331370028,"F55-64":237.832155981184,"F65-79":243.085629208961,"F80+":145.437830507058,"H0-2":55.5905519193269,"H3-5":45.2111432007733,"H6-10":107.76181793943,"H11-17":169.545534476607,"H18-24":515.92494964315,"H25-39":294.26422116986,"H40-54":333.790846054328,"H55-64":198.470205299692,"H65-79":222.062578504157,"H80+":73.3393447931686},"Analyse":{"Votes décisifs":833,"tour décisif":1,"majeurs":3428.7175917413656,"Non votants de 18-24":647.7224117835215}}