{"id":2672,"slug":"31-259-lacroix-falgarde","nom_standard":"Lacroix-Falgarde","code_postal":"31","code_departement":"31","libelle_departement":"Haute-Garonne","code_commune":"259","Tour 1":{"Inscrits":1590,"Abstentions":724,"% Abs/Ins":45.53,"Votants":866,"% Vot/Ins":54.47,"Blancs":11,"% Blancs/Ins":0.69,"% Blancs/Vot":1.27,"Nuls":10,"% Nuls/Ins":0.63,"% Nuls/Vot":1.15,"Exprimés":845,"% Exp/Ins":53.14,"% Exp/Vot":97.58,"resultats":[{"N.Pan.":null,"Code Nuance":"LNC","Sexe":"M","Nom":"DAVID","Prénom":"Thierry","Liste":"DEMAIN LACROIX-FALGARDE","Sièges / Elu":"4","Sièges Secteur":0,"Sièges CC":0,"Voix":368,"% Voix/Ins":23.14,"% Voix/Exp":43.55},{"N.Pan.":2,"Code Nuance":"LNC","Sexe":"M","Nom":"MARTY","Prénom":"Jean-Daniel","Liste":"Bien Vivre@Lacroix-Falgarde","Sièges / Elu":"15","Sièges Secteur":0,"Sièges CC":1,"Voix":477,"% Voix/Ins":30,"% Voix/Exp":56.45}]},"population":{"F0-2":30.6825946748881,"F3-5":45.418928926381,"F6-10":58.1340406529363,"F11-17":102.884561161498,"F18-24":41.0114982221349,"F25-39":165.241744878633,"F40-54":220.580177371629,"F55-64":152.810891254915,"F65-79":193.982058548785,"F80+":55.202983168605,"H0-2":40.50443095696,"H3-5":31.5803298337501,"H6-10":84.5806685490022,"H11-17":79.196921276832,"H18-24":62.1584292198671,"H25-39":168.343858387224,"H40-54":221.505292074642,"H55-64":121.230774611634,"H65-79":177.598747771478,"H80+":36.3510684582047},"Analyse":{"Votes décisifs":110,"tour décisif":1,"majeurs":1616.0175239677517,"Non votants de 18-24":47.882682198888745}}