{"id":2696,"slug":"31-356-montaigut-sur-save","nom_standard":"Montaigut-sur-Save","code_postal":"31","code_departement":"31","libelle_departement":"Haute-Garonne","code_commune":"356","Tour 1":{"Inscrits":1290,"Abstentions":503,"% Abs/Ins":38.99,"Votants":787,"% Vot/Ins":61.01,"Blancs":2,"% Blancs/Ins":0.16,"% Blancs/Vot":0.25,"Nuls":16,"% Nuls/Ins":1.24,"% Nuls/Vot":2.03,"Exprimés":769,"% Exp/Ins":59.61,"% Exp/Vot":97.71,"resultats":[{"N.Pan.":null,"Code Nuance":"LNC","Sexe":"M","Nom":"CODINE","Prénom":"François","Liste":"UNE NOUVELLE ENERGIE POUR MONTAIGUT SUR SAVE","Sièges / Elu":"16","Sièges Secteur":0,"Sièges CC":2,"Voix":521,"% Voix/Ins":40.39,"% Voix/Exp":67.75},{"N.Pan.":2,"Code Nuance":"LNC","Sexe":"M","Nom":"ROMANELLO","Prénom":"Jean","Liste":"Montaigut Mon Village Avance","Sièges / Elu":"3","Sièges Secteur":0,"Sièges CC":0,"Voix":248,"% Voix/Ins":19.22,"% Voix/Exp":32.25}]},"population":{"F0-2":46.2539321644177,"F3-5":55.4361569144465,"F6-10":71.6381185588022,"F11-17":101.479038197857,"F18-24":31.960989627253,"F25-39":193.630173850287,"F40-54":204.119947451493,"F55-64":118.503404448939,"F65-79":93.6446701557486,"F80+":34.4393442209121,"H0-2":37.0179185909587,"H3-5":45.145154890996,"H6-10":83.9112701494366,"H11-17":83.0610825578988,"H18-24":49.4221234496505,"H25-39":192.949050386983,"H40-54":210.210793376145,"H55-64":116.323445659053,"H65-79":109.11520979417,"H80+":18.7381755545505},"Analyse":{"Votes décisifs":274,"tour décisif":1,"majeurs":1373.0573279751845,"Non votants de 18-24":34.73647372210402}}