{"id":2700,"slug":"31-381-montgiscard","nom_standard":"Montgiscard","code_postal":"31","code_departement":"31","libelle_departement":"Haute-Garonne","code_commune":"381","Tour 1":{"Inscrits":1897,"Abstentions":1113,"% Abs/Ins":58.67,"Votants":784,"% Vot/Ins":41.33,"Blancs":38,"% Blancs/Ins":2,"% Blancs/Vot":4.85,"Nuls":57,"% Nuls/Ins":3,"% Nuls/Vot":7.27,"Exprimés":689,"% Exp/Ins":36.32,"% Exp/Vot":87.88,"resultats":[{"N.Pan.":null,"Code Nuance":"LNC","Sexe":"M","Nom":"FOREST","Prénom":"Laurent","Liste":"MONTGISCARD POUR TOUS","Sièges / Elu":"19","Sièges Secteur":0,"Sièges CC":2,"Voix":689,"% Voix/Ins":36.32,"% Voix/Exp":100}]},"population":{"F0-2":51.3111070206038,"F3-5":51.6520124454644,"F6-10":76.7283230739891,"F11-17":112.811089574954,"F18-24":46.0707958485934,"F25-39":229.157083182277,"F40-54":301.963858591454,"F55-64":145.344760609816,"F65-79":192.391570323381,"F80+":69.7545627477498,"H0-2":57.4105863241595,"H3-5":50.4493575777697,"H6-10":101.705184813842,"H11-17":115.132419102171,"H18-24":74.4296139021154,"H25-39":229.026599637539,"H40-54":284.043721719674,"H55-64":152.583153853738,"H65-79":161.204869392338,"H80+":57.8293302583703},"Analyse":{"Votes décisifs":690,"tour décisif":1,"majeurs":1943.7999200670456,"Non votants de 18-24":71.89853449119282}}