{"id":2702,"slug":"31-384-montlaur","nom_standard":"Montlaur","code_postal":"31","code_departement":"31","libelle_departement":"Haute-Garonne","code_commune":"384","Tour 1":{"Inscrits":1265,"Abstentions":493,"% Abs/Ins":38.97,"Votants":772,"% Vot/Ins":61.03,"Blancs":20,"% Blancs/Ins":1.58,"% Blancs/Vot":2.59,"Nuls":15,"% Nuls/Ins":1.19,"% Nuls/Vot":1.94,"Exprimés":737,"% Exp/Ins":58.26,"% Exp/Vot":95.47,"resultats":[{"N.Pan.":null,"Code Nuance":"LNC","Sexe":"M","Nom":"EVANNO","Prénom":"Aurelien","Liste":"MONTLAUR NOTRE VILLAGE","Sièges / Elu":"15","Sièges Secteur":0,"Sièges CC":1,"Voix":373,"% Voix/Ins":29.49,"% Voix/Exp":50.61},{"N.Pan.":2,"Code Nuance":"LNC","Sexe":"M","Nom":"HUMBERT-DROZ","Prénom":"Arnaud","Liste":"MONTLAUR UN AVENIR COMMUN","Sièges / Elu":"4","Sièges Secteur":0,"Sièges CC":0,"Voix":364,"% Voix/Ins":28.77,"% Voix/Exp":49.39}]},"population":{"F0-2":55.6809346235407,"F3-5":45.4510329420055,"F6-10":46.5875053936543,"F11-17":89.765959017454,"F18-24":53.4096376261841,"F25-39":182.9625774677,"F40-54":214.775389308536,"F55-64":94.339136006796,"F65-79":88.6600695014758,"F80+":37.5111072877204,"H0-2":46.5891533289437,"H3-5":39.7703175276436,"H6-10":59.0881550755225,"H11-17":101.127206640654,"H18-24":56.8175906347898,"H25-39":162.511930163189,"H40-54":236.372216716941,"H55-64":79.5582147631383,"H65-79":80.6990832334493,"H80+":19.3227827406624},"Analyse":{"Votes décisifs":10,"tour décisif":1,"majeurs":1306.939735450582,"Non votants de 18-24":45.1167890346891}}