{"id":2687,"slug":"31-303-longages","nom_standard":"Longages","code_postal":"31","code_departement":"31","libelle_departement":"Haute-Garonne","code_commune":"303","Tour 1":{"Inscrits":2300,"Abstentions":1103,"% Abs/Ins":47.96,"Votants":1197,"% Vot/Ins":52.04,"Blancs":12,"% Blancs/Ins":0.52,"% Blancs/Vot":1,"Nuls":24,"% Nuls/Ins":1.04,"% Nuls/Vot":2.01,"Exprimés":1161,"% Exp/Ins":50.48,"% Exp/Vot":96.99,"resultats":[{"N.Pan.":null,"Code Nuance":"LNC","Sexe":"M","Nom":"DALLARD","Prénom":"Jean-Michel","Liste":"LONGAGES NOTRE VILLAGE","Sièges / Elu":"20","Sièges Secteur":0,"Sièges CC":5,"Voix":818,"% Voix/Ins":35.57,"% Voix/Exp":70.46},{"N.Pan.":2,"Code Nuance":"LNC","Sexe":"M","Nom":"DELSOUC","Prénom":"Marc","Liste":"LONGAGES L'AVENIR ENSEMBLE","Sièges / Elu":"3","Sièges Secteur":0,"Sièges CC":0,"Voix":343,"% Voix/Ins":14.91,"% Voix/Exp":29.54}]},"population":{"F0-2":67.6391610348098,"F3-5":94.6714942471044,"F6-10":111.326486818716,"F11-17":166.490252014152,"F18-24":94.8177235522371,"F25-39":315.645890215599,"F40-54":355.495020885549,"F55-64":188.091687976744,"F65-79":186.157192043795,"F80+":64.8568463556521,"H0-2":58.2685798013317,"H3-5":75.947131043461,"H6-10":145.606806538636,"H11-17":151.87498976955,"H18-24":91.7031212627944,"H25-39":302.198181309177,"H40-54":353.477454750125,"H55-64":172.352587456208,"H65-79":169.323488942947,"H80+":47.0559039814105},"Analyse":{"Votes décisifs":476,"tour décisif":1,"majeurs":2341.175098732238,"Non votants de 18-24":91.15614895589117}}