{"id":2713,"slug":"31-421-pins-justaret","nom_standard":"Pins-Justaret","code_postal":"31","code_departement":"31","libelle_departement":"Haute-Garonne","code_commune":"421","Tour 1":{"Inscrits":3506,"Abstentions":1791,"% Abs/Ins":51.08,"Votants":1715,"% Vot/Ins":48.92,"Blancs":20,"% Blancs/Ins":0.57,"% Blancs/Vot":1.17,"Nuls":39,"% Nuls/Ins":1.11,"% Nuls/Vot":2.27,"Exprimés":1656,"% Exp/Ins":47.23,"% Exp/Vot":96.56,"resultats":[{"N.Pan.":null,"Code Nuance":"LDVG","Sexe":"F","Nom":"PRADERE","Prénom":"Nicole","Liste":"PINS JUSTARET AU PLUS PRES DE VOUS","Sièges / Elu":"5","Sièges Secteur":0,"Sièges CC":0,"Voix":709,"% Voix/Ins":20.22,"% Voix/Exp":42.81},{"N.Pan.":2,"Code Nuance":"LDVG","Sexe":"M","Nom":"GUERRIOT","Prénom":"Philippe","Liste":"PINS-JUSTARET DEMAIN","Sièges / Elu":"22","Sièges Secteur":0,"Sièges CC":2,"Voix":947,"% Voix/Ins":27.01,"% Voix/Exp":57.19}]},"population":{"F0-2":46.2634484264212,"F3-5":56.8999358166086,"F6-10":137.034521335463,"F11-17":180.624576720277,"F18-24":139.433392303538,"F25-39":317.875271208989,"F40-54":478.940340213749,"F55-64":323.395862418319,"F65-79":394.867750832709,"F80+":140.279202111085,"H0-2":63.1778301056052,"H3-5":71.6213807853265,"H6-10":134.171760164414,"H11-17":213.816895205276,"H18-24":176.74417296203,"H25-39":310.086975388567,"H40-54":420.519655296781,"H55-64":288.451718526668,"H65-79":352.987826804158,"H80+":87.807483374015},"Analyse":{"Votes décisifs":239,"tour décisif":1,"majeurs":3431.3896514406083,"Non votants de 18-24":158.1528057624328}}