{"id":2715,"slug":"31-429-pompertuzat","nom_standard":"Pompertuzat","code_postal":"31","code_departement":"31","libelle_departement":"Haute-Garonne","code_commune":"429","Tour 1":{"Inscrits":1668,"Abstentions":952,"% Abs/Ins":57.07,"Votants":716,"% Vot/Ins":42.93,"Blancs":39,"% Blancs/Ins":2.34,"% Blancs/Vot":5.45,"Nuls":62,"% Nuls/Ins":3.72,"% Nuls/Vot":8.66,"Exprimés":615,"% Exp/Ins":36.87,"% Exp/Vot":85.89,"resultats":[{"N.Pan.":null,"Code Nuance":"LNC","Sexe":"F","Nom":"GALVANI","Prénom":"Christine","Liste":"Tous unis pour Pompertuzat","Sièges / Elu":"19","Sièges Secteur":0,"Sièges CC":2,"Voix":615,"% Voix/Ins":36.87,"% Voix/Exp":100}]},"population":{"F0-2":34.887111409299,"F3-5":34.8234533314831,"F6-10":79.1348940636157,"F11-17":115.905501654728,"F18-24":83.93633133349,"F25-39":224.583527918436,"F40-54":277.674512945249,"F55-64":137.580283541804,"F65-79":111.236948033119,"F80+":38.5784747906476,"H0-2":48.3482525412629,"H3-5":48.2435812856819,"H6-10":87.0495014554411,"H11-17":123.49988206536,"H18-24":79.0259669037705,"H25-39":205.055470866408,"H40-54":282.153007396586,"H55-64":134.035719595129,"H65-79":125.13805268917,"H80+":27.1095261793202},"Analyse":{"Votes décisifs":616,"tour décisif":1,"majeurs":1726.1078221931293,"Non votants de 18-24":95.3645479474623}}