{"id":2727,"slug":"31-478-saint-felix-lauragais","nom_standard":"Saint-Félix-Lauragais","code_postal":"31","code_departement":"31","libelle_departement":"Haute-Garonne","code_commune":"478","Tour 1":{"Inscrits":1078,"Abstentions":622,"% Abs/Ins":57.7,"Votants":456,"% Vot/Ins":42.3,"Blancs":30,"% Blancs/Ins":2.78,"% Blancs/Vot":6.58,"Nuls":46,"% Nuls/Ins":4.27,"% Nuls/Vot":10.09,"Exprimés":380,"% Exp/Ins":35.25,"% Exp/Vot":83.33,"resultats":[{"N.Pan.":null,"Code Nuance":"LNC","Sexe":"M","Nom":"BOURREL","Prénom":"Alain","Liste":"Pour l'avenir de Saint-Félix","Sièges / Elu":"15","Sièges Secteur":0,"Sièges CC":3,"Voix":380,"% Voix/Ins":35.25,"% Voix/Exp":100}]},"population":{"F0-2":11.4852990690632,"F3-5":15.1882911957177,"F6-10":25.3967084405956,"F11-17":41.9474128676374,"F18-24":26.3393878563188,"F25-39":82.4363607613298,"F40-54":121.894205774751,"F55-64":109.274381530436,"F65-79":122.025860709151,"F80+":56.9941892146193,"H0-2":19.0779068468158,"H3-5":17.9411059252876,"H6-10":32.269492352359,"H11-17":52.0222095098475,"H18-24":30.9709077611733,"H25-39":108.774449060526,"H40-54":138.984050600682,"H55-64":99.6930864924335,"H65-79":117.726685159023,"H80+":30.5580088722335},"Analyse":{"Votes décisifs":381,"tour décisif":1,"majeurs":1045.671573792677,"Non votants de 18-24":32.31822788174066}}