{"id":2734,"slug":"31-490-saint-jory","nom_standard":"Saint-Jory","code_postal":"31","code_departement":"31","libelle_departement":"Haute-Garonne","code_commune":"490","Tour 1":{"Inscrits":4676,"Abstentions":2213,"% Abs/Ins":47.33,"Votants":2463,"% Vot/Ins":52.67,"Blancs":31,"% Blancs/Ins":0.66,"% Blancs/Vot":1.26,"Nuls":32,"% Nuls/Ins":0.68,"% Nuls/Vot":1.3,"Exprimés":2400,"% Exp/Ins":51.33,"% Exp/Vot":97.44,"resultats":[{"N.Pan.":null,"Code Nuance":"LDVD","Sexe":"M","Nom":"FOURCASSIER","Prénom":"Thierry","Liste":"AVEC VOUS POUR SAINT JORY","Sièges / Elu":"22","Sièges Secteur":0,"Sièges CC":1,"Voix":1247,"% Voix/Ins":26.67,"% Voix/Exp":51.96},{"N.Pan.":2,"Code Nuance":"LDVG","Sexe":"M","Nom":"DENOUVION","Prénom":"Victor","Liste":"SAINT-JORY DEMAIN","Sièges / Elu":"7","Sièges Secteur":0,"Sièges CC":0,"Voix":1153,"% Voix/Ins":24.66,"% Voix/Exp":48.04}]},"population":{"F0-2":119.197398389832,"F3-5":126.728496051957,"F6-10":212.429858387477,"F11-17":336.511400938327,"F18-24":267.173794553936,"F25-39":640.456223116802,"F40-54":868.750505009433,"F55-64":368.667206999615,"F65-79":353.426157741718,"F80+":149.619487921688,"H0-2":101.421481928527,"H3-5":128.356462197207,"H6-10":254.671298488196,"H11-17":354.070280637138,"H18-24":264.849531133522,"H25-39":605.662544091414,"H40-54":802.856651925756,"H55-64":429.981778300723,"H65-79":289.915528058645,"H80+":102.253914128087},"Analyse":{"Votes décisifs":95,"tour décisif":1,"majeurs":5143.613322981338,"Non votants de 18-24":277.26594621774876}}