{"id":2719,"slug":"31-451-revel","nom_standard":"Revel","code_postal":"31","code_departement":"31","libelle_departement":"Haute-Garonne","code_commune":"451","Tour 1":{"Inscrits":7182,"Abstentions":4167,"% Abs/Ins":58.02,"Votants":3015,"% Vot/Ins":41.98,"Blancs":85,"% Blancs/Ins":1.18,"% Blancs/Vot":2.82,"Nuls":112,"% Nuls/Ins":1.56,"% Nuls/Vot":3.71,"Exprimés":2818,"% Exp/Ins":39.24,"% Exp/Vot":93.47,"resultats":[{"N.Pan.":null,"Code Nuance":"LGJ","Sexe":"M","Nom":"CLERON","Prénom":"Robert","Liste":"EXPRESSION CITOYENNE","Sièges / Elu":"2","Sièges Secteur":0,"Sièges CC":2,"Voix":550,"% Voix/Ins":7.66,"% Voix/Exp":19.52},{"N.Pan.":2,"Code Nuance":"LDVC","Sexe":"M","Nom":"HOURQUET","Prénom":"Laurent","Liste":"Revel au coeur de notre action","Sièges / Elu":"27","Sièges Secteur":0,"Sièges CC":20,"Voix":2268,"% Voix/Ins":31.58,"% Voix/Exp":80.48}]},"population":{"F0-2":89.2354801490361,"F3-5":101.066291135582,"F6-10":238.470255579991,"F11-17":367.193716644519,"F18-24":319.691001753511,"F25-39":627.682315851594,"F40-54":902.125993054359,"F55-64":701.433318541204,"F65-79":1023.84618005738,"F80+":757.25659586093,"H0-2":88.2075129969013,"H3-5":114.991701752362,"H6-10":244.813022107056,"H11-17":435.722455233486,"H18-24":358.41956135608,"H25-39":610.245673378038,"H40-54":797.933070969464,"H55-64":616.778445815435,"H65-79":816.236424998846,"H80+":440.65098276423},"Analyse":{"Votes décisifs":1719,"tour décisif":1,"majeurs":7972.299564401071,"Non votants de 18-24":421.65966945466687}}