{"id":2758,"slug":"31-583-villematier","nom_standard":"Villematier","code_postal":"31","code_departement":"31","libelle_departement":"Haute-Garonne","code_commune":"583","Tour 1":{"Inscrits":836,"Abstentions":485,"% Abs/Ins":58.01,"Votants":351,"% Vot/Ins":41.99,"Blancs":8,"% Blancs/Ins":0.96,"% Blancs/Vot":2.28,"Nuls":18,"% Nuls/Ins":2.15,"% Nuls/Vot":5.13,"Exprimés":325,"% Exp/Ins":38.88,"% Exp/Vot":92.59,"resultats":[{"N.Pan.":null,"Code Nuance":"LNC","Sexe":"M","Nom":"JILIBERT","Prénom":"Jean-Michel","Liste":"AGIR POUR VILLEMATIER","Sièges / Elu":"15","Sièges Secteur":0,"Sièges CC":2,"Voix":325,"% Voix/Ins":38.88,"% Voix/Exp":100}]},"population":{"F0-2":14.9991534257021,"F3-5":15.9746026178332,"F6-10":36.9853314387609,"F11-17":37.0042365313831,"F18-24":17.0664104921266,"F25-39":77.2040472285135,"F40-54":129.740312459103,"F55-64":84.9899677520496,"F65-79":76.0096033650807,"F80+":39.6192220919798,"H0-2":13.0176536944919,"H3-5":21.937712160895,"H6-10":39.93663695766,"H11-17":51.0150163752551,"H18-24":31.0719360111536,"H25-39":75.3149993433606,"H40-54":135.91354216454,"H55-64":96.0135651265952,"H65-79":71.8555805040149,"H80+":24.3304702595007},"Analyse":{"Votes décisifs":326,"tour décisif":1,"majeurs":859.1296567980181,"Non votants de 18-24":28.47128055001659}}