{"id":2752,"slug":"31-572-venerque","nom_standard":"Venerque","code_postal":"31","code_departement":"31","libelle_departement":"Haute-Garonne","code_commune":"572","Tour 1":{"Inscrits":2128,"Abstentions":1034,"% Abs/Ins":48.59,"Votants":1094,"% Vot/Ins":51.41,"Blancs":17,"% Blancs/Ins":0.8,"% Blancs/Vot":1.55,"Nuls":28,"% Nuls/Ins":1.32,"% Nuls/Vot":2.56,"Exprimés":1049,"% Exp/Ins":49.3,"% Exp/Vot":95.89,"resultats":[{"N.Pan.":null,"Code Nuance":"LNC","Sexe":"F","Nom":"BARRE","Prénom":"Fabienne","Liste":"ET SI DEMAIN VENERQUE","Sièges / Elu":"4","Sièges Secteur":0,"Sièges CC":1,"Voix":394,"% Voix/Ins":18.52,"% Voix/Exp":37.56},{"N.Pan.":2,"Code Nuance":"LNC","Sexe":"M","Nom":"COURTIADE","Prénom":"Michel","Liste":"UN NOUVEL HORIZON POUR VENERQUE","Sièges / Elu":"19","Sièges Secteur":0,"Sièges CC":3,"Voix":655,"% Voix/Ins":30.78,"% Voix/Exp":62.44}]},"population":{"F0-2":36.7115456715494,"F3-5":34.0462426559067,"F6-10":83.9306049234289,"F11-17":129.081102226177,"F18-24":80.7661168459822,"F25-39":178.594466690507,"F40-54":322.712939949958,"F55-64":192.806536295847,"F65-79":227.695758370467,"F80+":99.528634443652,"H0-2":36.2086008484687,"H3-5":44.5457568606547,"H6-10":84.8330035213733,"H11-17":155.355639264098,"H18-24":83.8207257828183,"H25-39":180.720064671746,"H40-54":322.642718021977,"H55-64":184.625406479851,"H65-79":205.675365683009,"H80+":62.6987707925279},"Analyse":{"Votes décisifs":262,"tour décisif":1,"majeurs":2142.2875040283425,"Non votants de 18-24":80.53743026125977}}