{"id":2762,"slug":"31-588-villeneuve-tolosane","nom_standard":"Villeneuve-Tolosane","code_postal":"31","code_departement":"31","libelle_departement":"Haute-Garonne","code_commune":"588","Tour 1":{"Inscrits":6942,"Abstentions":4149,"% Abs/Ins":59.77,"Votants":2793,"% Vot/Ins":40.23,"Blancs":38,"% Blancs/Ins":0.55,"% Blancs/Vot":1.36,"Nuls":29,"% Nuls/Ins":0.42,"% Nuls/Vot":1.04,"Exprimés":2726,"% Exp/Ins":39.27,"% Exp/Vot":97.6,"resultats":[{"N.Pan.":null,"Code Nuance":"LDVG","Sexe":"M","Nom":"VAILLANT","Prénom":"Romain","Liste":"VILLENEUVE-TOLOSANE ENGAGEE POUR DEMAIN","Sièges / Elu":"25","Sièges Secteur":0,"Sièges CC":2,"Voix":1880,"% Voix/Ins":27.08,"% Voix/Exp":68.97},{"N.Pan.":2,"Code Nuance":"LDVD","Sexe":"M","Nom":"RIVIERE","Prénom":"Daniel Gèrard","Liste":"VILLENEUVE-TOLOSANE DYNAMIQUE","Sièges / Elu":"4","Sièges Secteur":0,"Sièges CC":0,"Voix":846,"% Voix/Ins":12.19,"% Voix/Exp":31.03}]},"population":{"F0-2":172.922080938818,"F3-5":194.406457409719,"F6-10":346.561892413383,"F11-17":427.152768181266,"F18-24":348.00771588305,"F25-39":983.709783841444,"F40-54":1047.16619586113,"F55-64":609.185705321477,"F65-79":789.518347284178,"F80+":391.557822161312,"H0-2":197.865469776641,"H3-5":206.283275252877,"H6-10":334.58128459795,"H11-17":445.967092264004,"H18-24":324.104168304278,"H25-39":913.91895543881,"H40-54":972.093636994099,"H55-64":534.76820114805,"H65-79":622.836952469215,"H80+":249.392194458293},"Analyse":{"Votes décisifs":1035,"tour décisif":1,"majeurs":7786.259679165337,"Non votants de 18-24":431.01942517799296}}