{"id":2755,"slug":"31-575-vieille-toulouse","nom_standard":"Vieille-Toulouse","code_postal":"31","code_departement":"31","libelle_departement":"Haute-Garonne","code_commune":"575","Tour 1":{"Inscrits":1001,"Abstentions":386,"% Abs/Ins":38.56,"Votants":615,"% Vot/Ins":61.44,"Blancs":29,"% Blancs/Ins":2.9,"% Blancs/Vot":4.72,"Nuls":0,"% Nuls/Ins":0,"% Nuls/Vot":0,"Exprimés":586,"% Exp/Ins":58.54,"% Exp/Vot":95.28,"resultats":[{"N.Pan.":null,"Code Nuance":"LNC","Sexe":"F","Nom":"GARCIA","Prénom":"Mireille","Liste":"AGIR POUR L'AVENIR","Sièges / Elu":"3","Sièges Secteur":0,"Sièges CC":0,"Voix":228,"% Voix/Ins":22.78,"% Voix/Exp":38.91},{"N.Pan.":2,"Code Nuance":"LNC","Sexe":"M","Nom":"ROBERT","Prénom":"Gérard","Liste":"PAR AMOUR DE VIEILLE-TOULOUSE","Sièges / Elu":"12","Sièges Secteur":0,"Sièges CC":1,"Voix":358,"% Voix/Ins":35.76,"% Voix/Exp":61.09}]},"population":{"F0-2":13.8217727658833,"F3-5":17.0031754336461,"F6-10":31.3942758595856,"F11-17":54.0411503020121,"F18-24":32.4517363535787,"F25-39":70.3883839543943,"F40-54":124.587610804398,"F55-64":88.1919696474123,"F65-79":128.359725571726,"F80+":41.156809349832,"H0-2":13.7746538072021,"H3-5":21.7224955593332,"H6-10":35.4058700654271,"H11-17":53.9828919648779,"H18-24":30.4855685355212,"H25-39":54.1748842869429,"H40-54":127.120601476744,"H55-64":103.946018995147,"H65-79":123.829672658101,"H80+":45.1607326082341},"Analyse":{"Votes décisifs":131,"tour décisif":1,"majeurs":969.8537142420315,"Non votants de 18-24":23.027737148725123}}