{"id":2618,"slug":"31-66-bessieres","nom_standard":"Bessières","code_postal":"31","code_departement":"31","libelle_departement":"Haute-Garonne","code_commune":"66","Tour 1":{"Inscrits":2888,"Abstentions":1296,"% Abs/Ins":44.88,"Votants":1592,"% Vot/Ins":55.12,"Blancs":20,"% Blancs/Ins":0.69,"% Blancs/Vot":1.26,"Nuls":26,"% Nuls/Ins":0.9,"% Nuls/Vot":1.63,"Exprimés":1546,"% Exp/Ins":53.53,"% Exp/Vot":97.11,"resultats":[{"N.Pan.":null,"Code Nuance":"LDIV","Sexe":"M","Nom":"MAUREL","Prénom":"Cédric","Liste":"Bessières : l'avenir ensemble","Sièges / Elu":"21","Sièges Secteur":0,"Sièges CC":6,"Voix":819,"% Voix/Ins":28.36,"% Voix/Exp":52.98},{"N.Pan.":2,"Code Nuance":"LDVG","Sexe":"M","Nom":"SALIERES","Prénom":"Jean-Luc","Liste":"BESSIERES POUR TOUS ET POUR DEMAIN","Sièges / Elu":"5","Sièges Secteur":0,"Sièges CC":1,"Voix":520,"% Voix/Ins":18.01,"% Voix/Exp":33.64},{"N.Pan.":3,"Code Nuance":"LDVG","Sexe":"M","Nom":"BRIERE","Prénom":"Jérôme","Liste":"Bessières la force du renouveau","Sièges / Elu":1,"Sièges CC":0,"Voix":207,"% Voix/Ins":7.17,"% Voix/Exp":13.39}]},"population":{"F0-2":72.8891447217408,"F3-5":99.01584458197,"F6-10":156.540726020034,"F11-17":174.94303006854,"F18-24":95.549835298416,"F25-39":426.573463087218,"F40-54":421.960589165388,"F55-64":204.860550735079,"F65-79":273.548720597925,"F80+":248.913070449436,"H0-2":78.9557576995555,"H3-5":77.8588485754494,"H6-10":151.363228231797,"H11-17":226.143129367231,"H18-24":122.621525928177,"H25-39":392.513929795891,"H40-54":449.650972952891,"H55-64":168.81208021928,"H65-79":243.468614886305,"H80+":107.816937617675},"Analyse":{"Votes décisifs":93,"tour décisif":1,"majeurs":3156.290290733681,"Non votants de 18-24":108.12799541438206}}