{"id":3119,"slug":"34-180-nebian","nom_standard":"Nébian","code_postal":"34","code_departement":"34","libelle_departement":"Hérault","code_commune":"180","Tour 1":{"Inscrits":1191,"Abstentions":628,"% Abs/Ins":52.73,"Votants":563,"% Vot/Ins":47.27,"Blancs":25,"% Blancs/Ins":2.1,"% Blancs/Vot":4.44,"Nuls":100,"% Nuls/Ins":8.4,"% Nuls/Vot":17.76,"Exprimés":438,"% Exp/Ins":36.78,"% Exp/Vot":77.8,"resultats":[{"N.Pan.":null,"Code Nuance":"LNC","Sexe":"M","Nom":"BARDEAU","Prénom":"Francis","Liste":"PRESERVONS ENSEMBLE L'AVENIR QUI S'OFFRE A NOUS","Sièges / Elu":"15","Sièges Secteur":0,"Sièges CC":2,"Voix":438,"% Voix/Ins":36.78,"% Voix/Exp":100}]},"population":{"F0-2":19.0117874568421,"F3-5":27.542080754134,"F6-10":57.0553864280766,"F11-17":76.9305657029874,"F18-24":34.6336157893409,"F25-39":122.730227039412,"F40-54":171.613918056167,"F55-64":86.9468020832156,"F65-79":93.0063766571686,"F80+":52.4550328765891,"H0-2":23.1480093459324,"H3-5":32.8087509563442,"H6-10":54.9453764702563,"H11-17":66.4616357886239,"H18-24":42.0858705237802,"H25-39":104.638316569782,"H40-54":174.771216974815,"H55-64":96.51977816204,"H65-79":80.6762403636961,"H80+":33.0190120007966},"Analyse":{"Votes décisifs":439,"tour décisif":1,"majeurs":1093.0964070968032,"Non votants de 18-24":37.20506607181291}}