{"id":3133,"slug":"34-209-portiragnes","nom_standard":"Portiragnes","code_postal":"34","code_departement":"34","libelle_departement":"Hérault","code_commune":"209","Tour 1":{"Inscrits":2874,"Abstentions":1433,"% Abs/Ins":49.86,"Votants":1441,"% Vot/Ins":50.14,"Blancs":44,"% Blancs/Ins":1.53,"% Blancs/Vot":3.05,"Nuls":31,"% Nuls/Ins":1.08,"% Nuls/Vot":2.15,"Exprimés":1366,"% Exp/Ins":47.53,"% Exp/Vot":94.8,"resultats":[{"N.Pan.":null,"Code Nuance":"LNC","Sexe":"F","Nom":"CHAUDOIR","Prénom":"Gwendoline","Liste":"PORTIRAGNES PASSIONNEMENT","Sièges / Elu":"19","Sièges Secteur":0,"Sièges CC":2,"Voix":879,"% Voix/Ins":30.58,"% Voix/Exp":64.35},{"N.Pan.":2,"Code Nuance":"LNC","Sexe":"M","Nom":"NOISETTE","Prénom":"Philippe","Liste":"PORTIRAGNES A VENIR","Sièges / Elu":"4","Sièges Secteur":0,"Sièges CC":0,"Voix":487,"% Voix/Ins":16.95,"% Voix/Exp":35.65}]},"population":{"F0-2":27.9143353206833,"F3-5":27.6991393849842,"F6-10":80.7650373065061,"F11-17":111.146461531886,"F18-24":66.1333379362012,"F25-39":198.440548800589,"F40-54":318.191119534505,"F55-64":252.903483249679,"F65-79":376.681194252542,"F80+":137.216912501706,"H0-2":23.4833801601319,"H3-5":38.4625759380589,"H6-10":89.8999159732592,"H11-17":121.819576921934,"H18-24":80.1227903314883,"H25-39":166.629044044543,"H40-54":297.260869778508,"H55-64":202.58250689581,"H65-79":373.314207752305,"H80+":99.3335623846795},"Analyse":{"Votes décisifs":393,"tour décisif":1,"majeurs":2568.809577462556,"Non votants de 18-24":64.21225756477726}}