{"id":3136,"slug":"34-213-poussan","nom_standard":"Poussan","code_postal":"34","code_departement":"34","libelle_departement":"Hérault","code_commune":"213","Tour 1":{"Inscrits":4898,"Abstentions":2531,"% Abs/Ins":51.67,"Votants":2367,"% Vot/Ins":48.33,"Blancs":23,"% Blancs/Ins":0.47,"% Blancs/Vot":0.97,"Nuls":35,"% Nuls/Ins":0.71,"% Nuls/Vot":1.48,"Exprimés":2309,"% Exp/Ins":47.14,"% Exp/Vot":97.55,"resultats":[{"N.Pan.":null,"Code Nuance":"LDIV","Sexe":"M","Nom":"CLASTRE","Prénom":"Fabrice","Liste":"POUSSAN AUTREMENT","Sièges / Elu":"0","Sièges Secteur":0,"Sièges CC":0,"Voix":591,"% Voix/Ins":12.07,"% Voix/Exp":25.6},{"N.Pan.":2,"Code Nuance":"LDIV","Sexe":"M","Nom":"LOPEZ","Prénom":"André","Liste":"POUSSAN TOUT SIMPLEMENT","Sièges / Elu":"0","Sièges Secteur":0,"Sièges CC":0,"Voix":720,"% Voix/Ins":14.7,"% Voix/Exp":31.18},{"N.Pan.":3,"Code Nuance":"LDVG","Sexe":"F","Nom":"SANCHEZ","Prénom":"Florence","Liste":"POUSSAN UN NOUVEL ART DE VIVRE","Sièges / Elu":0,"Sièges CC":0,"Voix":998,"% Voix/Ins":20.38,"% Voix/Exp":43.22}]},"Tour 2":{"Inscrits":4911,"Abstentions":2305,"% Abs/Ins":46.94,"Votants":2606,"% Vot/Ins":53.06,"Blancs":30,"% Blancs/Ins":0.61,"% Blancs/Vot":1.15,"Nuls":23,"% Nuls/Ins":0.47,"% Nuls/Vot":0.88,"Exprimés":2553,"% Exp/Ins":51.99,"% Exp/Vot":97.97,"resultats":[{"N.Pan.":2,"Code Nuance":"LDIV","Sexe":"M","Nom":"LOPEZ","Prénom":"André","Liste":"POUSSAN TOUT SIMPLEMENT","Sièges / Elu":7,"Sièges Secteur":0,"Sièges CC":0,"Voix":1239,"% Voix/Ins":25.23,"% Voix/Exp":48.53},{"N.Pan.":3,"Code Nuance":"LDVG","Sexe":"F","Nom":"SANCHEZ","Prénom":"Florence","Liste":"POUSSAN UN NOUVEL ART DE VIVRE","Sièges / Elu":22,"Sièges Secteur":0,"Sièges CC":2,"Voix":1314,"% Voix/Ins":26.76,"% Voix/Exp":51.47}]},"population":{"F0-2":95.2047223627696,"F3-5":124.550320250298,"F6-10":199.291294238173,"F11-17":273.699873009771,"F18-24":193.853798739263,"F25-39":554.614808128551,"F40-54":675.215421705749,"F55-64":363.208548102296,"F65-79":428.640978332159,"F80+":213.107232858806,"H0-2":102.874782323943,"H3-5":91.2572607989496,"H6-10":181.940048837685,"H11-17":262.0781895403,"H18-24":208.685782740824,"H25-39":537.647907362322,"H40-54":632.591967249451,"H55-64":363.26957271964,"H65-79":395.420550135448,"H80+":110.846940563601},"Analyse":{"Votes décisifs":75,"tour décisif":2,"majeurs":4677.10350863811,"Non votants de 18-24":178.2515905473051}}