{"id":3143,"slug":"34-227-restinclieres","nom_standard":"Restinclières","code_postal":"34","code_departement":"34","libelle_departement":"Hérault","code_commune":"227","Tour 1":{"Inscrits":1588,"Abstentions":1043,"% Abs/Ins":65.68,"Votants":545,"% Vot/Ins":34.32,"Blancs":14,"% Blancs/Ins":0.88,"% Blancs/Vot":2.57,"Nuls":20,"% Nuls/Ins":1.26,"% Nuls/Vot":3.67,"Exprimés":511,"% Exp/Ins":32.18,"% Exp/Vot":93.76,"resultats":[{"N.Pan.":null,"Code Nuance":"LNC","Sexe":"M","Nom":"BALAZUN","Prénom":"Geniès","Liste":"REST'ONS ENSEMBLE","Sièges / Elu":"19","Sièges Secteur":0,"Sièges CC":1,"Voix":511,"% Voix/Ins":32.18,"% Voix/Exp":100}]},"population":{"F0-2":53.7537115053566,"F3-5":49.5990174474964,"F6-10":81.6238606489395,"F11-17":81.6000543711327,"F18-24":65.1889042279601,"F25-39":262.850291295176,"F40-54":235.933562438415,"F55-64":126.537181149042,"F65-79":117.279025648885,"F80+":29.0593466327607,"H0-2":59.9770833073621,"H3-5":52.705310712161,"H6-10":91.9651083038439,"H11-17":105.417116064079,"H18-24":62.0436835883982,"H25-39":228.785048489685,"H40-54":239.074510809253,"H55-64":116.154675341977,"H65-79":106.859606289028,"H80+":16.5929017290496},"Analyse":{"Votes décisifs":512,"tour décisif":1,"majeurs":1606.3587376396297,"Non votants de 18-24":84.06554253866057}}