{"id":3154,"slug":"34-254-saint-felix-de-lodez","nom_standard":"Saint-Félix-de-Lodez","code_postal":"34","code_departement":"34","libelle_departement":"Hérault","code_commune":"254","Tour 1":{"Inscrits":805,"Abstentions":459,"% Abs/Ins":57.02,"Votants":346,"% Vot/Ins":42.98,"Blancs":25,"% Blancs/Ins":3.11,"% Blancs/Vot":7.23,"Nuls":21,"% Nuls/Ins":2.61,"% Nuls/Vot":6.07,"Exprimés":300,"% Exp/Ins":37.27,"% Exp/Vot":86.71,"resultats":[{"N.Pan.":null,"Code Nuance":"LNC","Sexe":"M","Nom":"RODRIGUEZ","Prénom":"Joseph","Liste":"SAINT FELIX ... VERS L'AVENIR !","Sièges / Elu":"15","Sièges Secteur":0,"Sièges CC":1,"Voix":300,"% Voix/Ins":37.27,"% Voix/Exp":100}]},"population":{"F0-2":17.1131080835112,"F3-5":15.9440645352997,"F6-10":39.4537226080714,"F11-17":66.924112612077,"F18-24":30.5781221696863,"F25-39":94.0852166155106,"F40-54":160.282263835241,"F55-64":73.7489893957311,"F65-79":85.470899456349,"F80+":26.2794963064854,"H0-2":19.6395858721927,"H3-5":21.7435463203393,"H6-10":39.7295939374988,"H11-17":59.1549537078455,"H18-24":34.0234655099662,"H25-39":79.698921599854,"H40-54":141.490815315432,"H55-64":65.9609703523955,"H65-79":71.5483148641093,"H80+":13.1298369024048},"Analyse":{"Votes décisifs":301,"tour décisif":1,"majeurs":876.2973123231652,"Non votants de 18-24":39.09409265162184}}