{"id":3171,"slug":"34-298-sauvian","nom_standard":"Sauvian","code_postal":"34","code_departement":"34","libelle_departement":"Hérault","code_commune":"298","Tour 1":{"Inscrits":4058,"Abstentions":1554,"% Abs/Ins":38.29,"Votants":2504,"% Vot/Ins":61.71,"Blancs":36,"% Blancs/Ins":0.89,"% Blancs/Vot":1.44,"Nuls":30,"% Nuls/Ins":0.74,"% Nuls/Vot":1.2,"Exprimés":2438,"% Exp/Ins":60.08,"% Exp/Vot":97.36,"resultats":[{"N.Pan.":null,"Code Nuance":"LDVD","Sexe":"M","Nom":"AURIOL","Prénom":"Bernard","Liste":"2020 CONTINUONS ENSEMBLE","Sièges / Elu":"27","Sièges Secteur":0,"Sièges CC":3,"Voix":1991,"% Voix/Ins":49.06,"% Voix/Exp":81.67},{"N.Pan.":2,"Code Nuance":"LDVD","Sexe":"M","Nom":"NAIN","Prénom":"Jacques","Liste":"CHOISIR SAUVIAN","Sièges / Elu":"2","Sièges Secteur":0,"Sièges CC":0,"Voix":447,"% Voix/Ins":11.02,"% Voix/Exp":18.33}]},"population":{"F0-2":79.3283792458938,"F3-5":92.8330511066248,"F6-10":157.542408283715,"F11-17":273.733979976162,"F18-24":106.276853636183,"F25-39":444.946531685619,"F40-54":567.839265211828,"F55-64":405.071353336133,"F65-79":600.810614534999,"F80+":206.381861512256,"H0-2":73.400845034211,"H3-5":89.9481795326633,"H6-10":175.580815805551,"H11-17":227.364017416765,"H18-24":137.28380374097,"H25-39":347.900325415243,"H40-54":481.703611133232,"H55-64":334.884412294545,"H65-79":551.17787229546,"H80+":128.991818801947},"Analyse":{"Votes décisifs":1545,"tour décisif":1,"majeurs":4313.268323598415,"Non votants de 18-24":102.16535332530766}}