{"id":3197,"slug":"35-4-val-couesnon","nom_standard":"Val-Couesnon","code_postal":"35","code_departement":"35","libelle_departement":"Ille-et-Vilaine","code_commune":"4","Tour 1":{"Inscrits":2963,"Abstentions":1386,"% Abs/Ins":46.78,"Votants":1577,"% Vot/Ins":53.22,"Blancs":13,"% Blancs/Ins":0.44,"% Blancs/Vot":0.82,"Nuls":72,"% Nuls/Ins":2.43,"% Nuls/Vot":4.57,"Exprimés":1492,"% Exp/Ins":50.35,"% Exp/Vot":94.61,"resultats":[{"N.Pan.":null,"Code Nuance":"LDVC","Sexe":"M","Nom":"HOUDUS","Prénom":"Emmanuel","Liste":"BIEN VIVRE ENSEMBLE À VAL-COUESNON","Sièges / Elu":"23","Sièges Secteur":0,"Sièges CC":5,"Voix":887,"% Voix/Ins":29.94,"% Voix/Exp":59.45},{"N.Pan.":2,"Code Nuance":"LDVD","Sexe":"M","Nom":"GERMAIN","Prénom":"Philippe","Liste":"Val-Couesnon votre futur","Sièges / Elu":"6","Sièges Secteur":0,"Sièges CC":1,"Voix":605,"% Voix/Ins":20.42,"% Voix/Exp":40.55}]},"population":{"F0-2":47.3542651079076,"F3-5":46.7375219657092,"F6-10":120.135524781304,"F11-17":158.604356180906,"F18-24":107.717251166479,"F25-39":267.472790536094,"F40-54":365.427060830584,"F55-64":284.903826090057,"F65-79":373.849335347227,"F80+":330.41187828369,"H0-2":36.8462639157761,"H3-5":57.7410219474258,"H6-10":109.502384774739,"H11-17":190.86367979935,"H18-24":121.675159683792,"H25-39":276.485689189855,"H40-54":415.614119543735,"H55-64":290.229882935872,"H65-79":361.057804392615,"H80+":156.37018352688},"Analyse":{"Votes décisifs":283,"tour décisif":1,"majeurs":3351.21498152688,"Non votants de 18-24":121.44593952420404}}