{"id":2779,"slug":"32-213-lombez","nom_standard":"Lombez","code_postal":"32","code_departement":"32","libelle_departement":"Gers","code_commune":"213","Tour 1":{"Inscrits":1580,"Abstentions":672,"% Abs/Ins":42.53,"Votants":908,"% Vot/Ins":57.47,"Blancs":5,"% Blancs/Ins":0.32,"% Blancs/Vot":0.55,"Nuls":14,"% Nuls/Ins":0.89,"% Nuls/Vot":1.54,"Exprimés":889,"% Exp/Ins":56.27,"% Exp/Vot":97.91,"resultats":[{"N.Pan.":null,"Code Nuance":"LNC","Sexe":"M","Nom":"DESPAX","Prénom":"Jean-Pierre","Liste":"une autre vision pour Lombez","Sièges / Elu":"3","Sièges Secteur":0,"Sièges CC":1,"Voix":278,"% Voix/Ins":17.59,"% Voix/Exp":31.27},{"N.Pan.":2,"Code Nuance":"LNC","Sexe":"M","Nom":"COT","Prénom":"Jean-Pierre","Liste":"AVEC VOUS UN AVENIR DYNAMIQUE ET DURABLE","Sièges / Elu":"16","Sièges Secteur":0,"Sièges CC":7,"Voix":611,"% Voix/Ins":38.67,"% Voix/Exp":68.73}]},"population":{"F0-2":30.9981556240704,"F3-5":33.2450422780914,"F6-10":52.2176263862701,"F11-17":83.4297272538636,"F18-24":49.9473800810639,"F25-39":182.215913832,"F40-54":186.756193259437,"F55-64":142.16122721699,"F65-79":208.896410342717,"F80+":191.683684825474,"H0-2":30.9997195451386,"H3-5":28.2770010498152,"H6-10":64.65127081427,"H11-17":79.4968664080358,"H18-24":58.0606621984749,"H25-39":159.763586262046,"H40-54":188.388525409922,"H55-64":118.229701277662,"H65-79":170.370653988133,"H80+":92.2106519465255},"Analyse":{"Votes décisifs":334,"tour décisif":1,"majeurs":1748.6845906404453,"Non votants de 18-24":51.92514264473204}}