{"id":2788,"slug":"32-319-plaisance","nom_standard":"Plaisance","code_postal":"32","code_departement":"32","libelle_departement":"Gers","code_commune":"319","Tour 1":{"Inscrits":1177,"Abstentions":353,"% Abs/Ins":29.99,"Votants":824,"% Vot/Ins":70.01,"Blancs":8,"% Blancs/Ins":0.68,"% Blancs/Vot":0.97,"Nuls":11,"% Nuls/Ins":0.93,"% Nuls/Vot":1.33,"Exprimés":805,"% Exp/Ins":68.39,"% Exp/Vot":97.69,"resultats":[{"N.Pan.":null,"Code Nuance":"LNC","Sexe":"M","Nom":"FITAN","Prénom":"Patrick","Liste":"DEMAIN PLAISANCE","Sièges / Elu":"13","Sièges Secteur":0,"Sièges CC":8,"Voix":562,"% Voix/Ins":47.75,"% Voix/Exp":69.81},{"N.Pan.":2,"Code Nuance":"LNC","Sexe":"M","Nom":"SOUBABERE","Prénom":"Régis","Liste":"PLAISANCE TERRITOIRE D'AVENIR","Sièges / Elu":"2","Sièges Secteur":0,"Sièges CC":1,"Voix":243,"% Voix/Ins":20.65,"% Voix/Exp":30.19}]},"population":{"F0-2":5.28280729118714,"F3-5":10.2110338797183,"F6-10":22.6163572049528,"F11-17":44.6992831126722,"F18-24":28.7785259740331,"F25-39":70.0746795474787,"F40-54":130.975359464668,"F55-64":103.470788620164,"F65-79":177.415958570258,"F80+":168.053747743024,"H0-2":9.30752411598771,"H3-5":11.7670427379342,"H6-10":23.7607602516453,"H11-17":38.2779464106248,"H18-24":42.2936574479109,"H25-39":71.9242291846391,"H40-54":121.018182975271,"H55-64":107.693868190321,"H65-79":141.765047805397,"H80+":86.6131994721136},"Analyse":{"Votes décisifs":320,"tour décisif":1,"majeurs":1250.0772449952783,"Non votants de 18-24":24.22429512212693}}