{"id":32,"slug":"1-93-chatillon-sur-chalaronne","nom_standard":"Châtillon-sur-Chalaronne","code_postal":"1","code_departement":"1","libelle_departement":"Ain","code_commune":"93","Tour 1":{"Inscrits":3605,"Abstentions":2025,"% Abs/Ins":56.17,"Votants":1580,"% Vot/Ins":43.83,"Blancs":12,"% Blancs/Ins":0.33,"% Blancs/Vot":0.76,"Nuls":14,"% Nuls/Ins":0.39,"% Nuls/Vot":0.89,"Exprimés":1554,"% Exp/Ins":43.11,"% Exp/Vot":98.35,"resultats":[{"N.Pan.":null,"Code Nuance":"LDVG","Sexe":"M","Nom":"JANNET","Prénom":"Jean François","Liste":"CHATILLON, TERRE D'INNOVATIONS","Sièges / Elu":"5","Sièges Secteur":0,"Sièges CC":1,"Voix":661,"% Voix/Ins":18.34,"% Voix/Exp":42.54},{"N.Pan.":2,"Code Nuance":"LDVD","Sexe":"M","Nom":"MATHIAS","Prénom":"Patrick","Liste":"Bien Vivre à Châtillon","Sièges / Elu":"22","Sièges Secteur":0,"Sièges CC":6,"Voix":893,"% Voix/Ins":24.77,"% Voix/Exp":57.46}]},"population":{"F0-2":59.4459592567966,"F3-5":64.1433757364322,"F6-10":141.466380797519,"F11-17":195.196710544861,"F18-24":173.791968663241,"F25-39":354.163447383563,"F40-54":470.679125219879,"F55-64":335.374099386814,"F65-79":469.626938264753,"F80+":385.883063302743,"H0-2":61.5256300314482,"H3-5":67.2050577450935,"H6-10":155.271667273073,"H11-17":229.225744022146,"H18-24":180.73183245911,"H25-39":379.132872825058,"H40-54":422.572272508657,"H55-64":297.004267772574,"H65-79":351.245833466081,"H80+":174.313753340157},"Analyse":{"Votes décisifs":233,"tour décisif":1,"majeurs":3994.5194745926296,"Non votants de 18-24":214.29476748359525}}