{"id":3203,"slug":"35-14-bais","nom_standard":"Bais","code_postal":"35","code_departement":"35","libelle_departement":"Ille-et-Vilaine","code_commune":"14","Tour 1":{"Inscrits":1653,"Abstentions":836,"% Abs/Ins":50.57,"Votants":817,"% Vot/Ins":49.43,"Blancs":12,"% Blancs/Ins":0.73,"% Blancs/Vot":1.47,"Nuls":17,"% Nuls/Ins":1.03,"% Nuls/Vot":2.08,"Exprimés":788,"% Exp/Ins":47.67,"% Exp/Vot":96.45,"resultats":[{"N.Pan.":null,"Code Nuance":"LNC","Sexe":"F","Nom":"CLOUET","Prénom":"Nathalie","Liste":"Bais, unissons nos forces","Sièges / Elu":"17","Sièges Secteur":0,"Sièges CC":2,"Voix":573,"% Voix/Ins":34.66,"% Voix/Exp":72.72},{"N.Pan.":2,"Code Nuance":"LNC","Sexe":"M","Nom":"ROBERT","Prénom":"Elie","Liste":"VIVRE À BAIS","Sièges / Elu":"2","Sièges Secteur":0,"Sièges CC":0,"Voix":215,"% Voix/Ins":13.01,"% Voix/Exp":27.28}]},"population":{"F0-2":57.1787714826622,"F3-5":50.3651852443396,"F6-10":108.751236185251,"F11-17":111.588905880937,"F18-24":53.9481618557376,"F25-39":259.793419713632,"F40-54":213.284751290446,"F55-64":103.668647440933,"F65-79":140.941357029245,"F80+":116.214563049572,"H0-2":45.8410452432116,"H3-5":71.6392419906781,"H6-10":107.146864441414,"H11-17":134.918979315761,"H18-24":74.7166330066273,"H25-39":250.817068368272,"H40-54":255.14391296311,"H55-64":118.617303529073,"H65-79":115.774140771732,"H80+":75.6498111973659},"Analyse":{"Votes décisifs":359,"tour décisif":1,"majeurs":1778.5697702157458,"Non votants de 18-24":69.56161029075216}}