{"id":3205,"slug":"35-16-baulon","nom_standard":"Baulon","code_postal":"35","code_departement":"35","libelle_departement":"Ille-et-Vilaine","code_commune":"16","Tour 1":{"Inscrits":1522,"Abstentions":683,"% Abs/Ins":44.88,"Votants":839,"% Vot/Ins":55.12,"Blancs":15,"% Blancs/Ins":0.99,"% Blancs/Vot":1.79,"Nuls":25,"% Nuls/Ins":1.64,"% Nuls/Vot":2.98,"Exprimés":799,"% Exp/Ins":52.5,"% Exp/Vot":95.23,"resultats":[{"N.Pan.":null,"Code Nuance":"LNC","Sexe":"M","Nom":"RIU","Prénom":"Jean Paul","Liste":"Baulon un avenir commun","Sièges / Elu":"0","Sièges Secteur":0,"Sièges CC":0,"Voix":190,"% Voix/Ins":12.48,"% Voix/Exp":23.78},{"N.Pan.":2,"Code Nuance":"LNC","Sexe":"F","Nom":"PAQUET","Prénom":"Isabelle","Liste":"VIVONS BAULON !","Sièges / Elu":"0","Sièges Secteur":0,"Sièges CC":0,"Voix":289,"% Voix/Ins":18.99,"% Voix/Exp":36.17},{"N.Pan.":3,"Code Nuance":"LNC","Sexe":"F","Nom":"GRIMAULT","Prénom":"Séverine","Liste":"Baulon avec passion et raison !","Sièges / Elu":0,"Sièges CC":0,"Voix":320,"% Voix/Ins":21.02,"% Voix/Exp":40.05}]},"Tour 2":{"Inscrits":1529,"Abstentions":742,"% Abs/Ins":48.53,"Votants":787,"% Vot/Ins":51.47,"Blancs":7,"% Blancs/Ins":0.46,"% Blancs/Vot":0.89,"Nuls":13,"% Nuls/Ins":0.85,"% Nuls/Vot":1.65,"Exprimés":767,"% Exp/Ins":50.16,"% Exp/Vot":97.46,"resultats":[{"N.Pan.":2,"Code Nuance":"LNC","Sexe":"F","Nom":"PAQUET","Prénom":"Isabelle","Liste":"VIVONS BAULON !","Sièges / Elu":15,"Sièges Secteur":0,"Sièges CC":2,"Voix":424,"% Voix/Ins":27.73,"% Voix/Exp":55.28},{"N.Pan.":3,"Code Nuance":"LNC","Sexe":"F","Nom":"GRIMAULT","Prénom":"Séverine","Liste":"Baulon avec passion et raison !","Sièges / Elu":4,"Sièges Secteur":0,"Sièges CC":1,"Voix":343,"% Voix/Ins":22.43,"% Voix/Exp":44.72}]},"population":{"F0-2":46.9650633199426,"F3-5":44.7978514474662,"F6-10":93.3326828419276,"F11-17":121.371848658929,"F18-24":67.0578962407481,"F25-39":203.506118854761,"F40-54":231.739235117616,"F55-64":117.425989522542,"F65-79":97.2690503978653,"F80+":45.2778946647741,"H0-2":40.8762737315404,"H3-5":59.6646591912564,"H6-10":84.3683584278395,"H11-17":131.221838238069,"H18-24":90.3136199645985,"H25-39":186.954063336625,"H40-54":286.651638039753,"H55-64":111.224225493299,"H65-79":105.349230133253,"H80+":25.6324623771954},"Analyse":{"Votes décisifs":81,"tour décisif":2,"majeurs":1568.4014241430302,"Non votants de 18-24":78.40488091216598}}