{"id":3206,"slug":"35-18-la-bazouge-du-desert","nom_standard":"La Bazouge-du-Désert","code_postal":"35","code_departement":"35","libelle_departement":"Ille-et-Vilaine","code_commune":"18","Tour 1":{"Inscrits":841,"Abstentions":447,"% Abs/Ins":53.15,"Votants":394,"% Vot/Ins":46.85,"Blancs":7,"% Blancs/Ins":0.83,"% Blancs/Vot":1.78,"Nuls":84,"% Nuls/Ins":9.99,"% Nuls/Vot":21.32,"Exprimés":303,"% Exp/Ins":36.03,"% Exp/Vot":76.9,"resultats":[{"N.Pan.":null,"Code Nuance":"LNC","Sexe":"M","Nom":"BOIVENT","Prénom":"Joseph","Liste":"Contruire ensemble la commune de demain","Sièges / Elu":"15","Sièges Secteur":0,"Sièges CC":1,"Voix":303,"% Voix/Ins":36.03,"% Voix/Exp":100}]},"population":{"F0-2":13.7647191860072,"F3-5":24.4764144119026,"F6-10":34.1099277481951,"F11-17":49.6410554359985,"F18-24":17.8149323693031,"F25-39":89.7962182006156,"F40-54":99.9895502924666,"F55-64":68.6434776277501,"F65-79":81.9334731090906,"F80+":34.6067685124435,"H0-2":21.620562832335,"H3-5":29.2645975387313,"H6-10":38.8838502894896,"H11-17":49.7097055520993,"H18-24":18.7529198029083,"H25-39":93.2674793813015,"H40-54":125.05704001382,"H55-64":74.6254372027009,"H65-79":72.693090362259,"H80+":28.3487801305817},"Analyse":{"Votes décisifs":304,"tour décisif":1,"majeurs":805.5291670052409,"Non votants de 18-24":18.681803663979604}}