{"id":3207,"slug":"35-19-bazouges-la-perouse","nom_standard":"Bazouges-la-Pérouse","code_postal":"35","code_departement":"35","libelle_departement":"Ille-et-Vilaine","code_commune":"19","Tour 1":{"Inscrits":1382,"Abstentions":433,"% Abs/Ins":31.33,"Votants":949,"% Vot/Ins":68.67,"Blancs":15,"% Blancs/Ins":1.09,"% Blancs/Vot":1.58,"Nuls":20,"% Nuls/Ins":1.45,"% Nuls/Vot":2.11,"Exprimés":914,"% Exp/Ins":66.14,"% Exp/Vot":96.31,"resultats":[{"N.Pan.":null,"Code Nuance":"LNC","Sexe":"F","Nom":"SACHET","Prénom":"Élodie","Liste":"AVANCER ENSEMBLE","Sièges / Elu":"3","Sièges Secteur":0,"Sièges CC":1,"Voix":268,"% Voix/Ins":19.39,"% Voix/Exp":29.32},{"N.Pan.":2,"Code Nuance":"LNC","Sexe":"M","Nom":"HERVÉ","Prénom":"Pascal","Liste":"Ensemble pour des énergies positives et durables","Sièges / Elu":"15","Sièges Secteur":0,"Sièges CC":2,"Voix":513,"% Voix/Ins":37.12,"% Voix/Exp":56.13},{"N.Pan.":3,"Code Nuance":"LNC","Sexe":"M","Nom":"DURET","Prénom":"François","Liste":"Tous ensemble faisons prospérer Bazouges!","Sièges / Elu":1,"Sièges CC":0,"Voix":133,"% Voix/Ins":9.62,"% Voix/Exp":14.55}]},"population":{"F0-2":31.1412960882215,"F3-5":29.1508382396568,"F6-10":71.3749027203083,"F11-17":61.3080509806683,"F18-24":37.109456006897,"F25-39":143.516542622714,"F40-54":141.350918090013,"F55-64":138.09577118737,"F65-79":175.050735061715,"F80+":115.993632496764,"H0-2":16.0532420961787,"H3-5":38.1867670082659,"H6-10":57.2726121878337,"H11-17":54.2400160928795,"H18-24":40.1064562543804,"H25-39":143.394477437464,"H40-54":205.431012602795,"H55-64":156.112358685475,"H65-79":144.081800359467,"H80+":61.0291137809325},"Analyse":{"Votes décisifs":113,"tour décisif":1,"majeurs":1501.272274585987,"Non votants de 18-24":28.40537870489073}}