{"id":3209,"slug":"35-23-bedee","nom_standard":"Bédée","code_postal":"35","code_departement":"35","libelle_departement":"Ille-et-Vilaine","code_commune":"23","Tour 1":{"Inscrits":3239,"Abstentions":2090,"% Abs/Ins":64.53,"Votants":1149,"% Vot/Ins":35.47,"Blancs":46,"% Blancs/Ins":1.42,"% Blancs/Vot":4,"Nuls":82,"% Nuls/Ins":2.53,"% Nuls/Vot":7.14,"Exprimés":1021,"% Exp/Ins":31.52,"% Exp/Vot":88.86,"resultats":[{"N.Pan.":null,"Code Nuance":"LDVD","Sexe":"M","Nom":"THÉBAULT","Prénom":"Joseph","Liste":"AGIR ET VIVRE ENSEMBLE À BÉDÉE","Sièges / Elu":"27","Sièges Secteur":0,"Sièges CC":5,"Voix":1021,"% Voix/Ins":31.52,"% Voix/Exp":100}]},"population":{"F0-2":86.4146798732838,"F3-5":119.250757860722,"F6-10":171.172235238997,"F11-17":230.378966784466,"F18-24":128.245255389389,"F25-39":463.792041569351,"F40-54":457.051928171687,"F55-64":249.531308585639,"F65-79":247.131041989805,"F80+":85.9576601581694,"H0-2":93.3778920801619,"H3-5":102.227281330951,"H6-10":175.031847869703,"H11-17":219.465282312119,"H18-24":141.289049074289,"H25-39":444.445582250582,"H40-54":488.927200105829,"H55-64":275.768678905665,"H65-79":210.078045572922,"H80+":70.4632648762699},"Analyse":{"Votes décisifs":1022,"tour décisif":1,"majeurs":3262.681056649597,"Non votants de 18-24":174.61392749407392}}