{"id":322,"slug":"3-264-saint-yorre","nom_standard":"Saint-Yorre","code_postal":"3","code_departement":"3","libelle_departement":"Allier","code_commune":"264","Tour 1":{"Inscrits":1907,"Abstentions":876,"% Abs/Ins":45.94,"Votants":1031,"% Vot/Ins":54.06,"Blancs":13,"% Blancs/Ins":0.68,"% Blancs/Vot":1.26,"Nuls":22,"% Nuls/Ins":1.15,"% Nuls/Vot":2.13,"Exprimés":996,"% Exp/Ins":52.23,"% Exp/Vot":96.61,"resultats":[{"N.Pan.":null,"Code Nuance":"LNC","Sexe":"M","Nom":"KUCHNA","Prénom":"Joseph","Liste":"SAINT-YORRE ENCORE PLUS FORT","Sièges / Elu":"20","Sièges Secteur":0,"Sièges CC":2,"Voix":675,"% Voix/Ins":35.4,"% Voix/Exp":67.77},{"N.Pan.":2,"Code Nuance":"LNC","Sexe":"M","Nom":"MONNOT","Prénom":"Franck","Liste":"Saint-Yorre Autrement","Sièges / Elu":"3","Sièges Secteur":0,"Sièges CC":0,"Voix":321,"% Voix/Ins":16.83,"% Voix/Exp":32.23}]},"population":{"F0-2":33.7524716625183,"F3-5":31.033664972086,"F6-10":85.6707030291482,"F11-17":108.217519842444,"F18-24":58.1699987639121,"F25-39":194.055480476464,"F40-54":259.719884674366,"F55-64":202.321076677187,"F65-79":240.10727470052,"F80+":169.055109567991,"H0-2":38.4276251257726,"H3-5":40.9620426936375,"H6-10":68.4336833069333,"H11-17":95.2725411800188,"H18-24":44.0927357469262,"H25-39":158.778388326927,"H40-54":219.116129214308,"H55-64":194.820152953391,"H65-79":203.134331063526,"H80+":108.859186021923},"Analyse":{"Votes décisifs":355,"tour décisif":1,"majeurs":2052.229748187441,"Non votants de 18-24":50.88794113120129}}