{"id":3223,"slug":"35-51-cesson-sevigne","nom_standard":"Cesson-Sévigné","code_postal":"35","code_departement":"35","libelle_departement":"Ille-et-Vilaine","code_commune":"51","Tour 1":{"Inscrits":12920,"Abstentions":7075,"% Abs/Ins":54.76,"Votants":5845,"% Vot/Ins":45.24,"Blancs":64,"% Blancs/Ins":0.5,"% Blancs/Vot":1.09,"Nuls":74,"% Nuls/Ins":0.57,"% Nuls/Vot":1.27,"Exprimés":5707,"% Exp/Ins":44.17,"% Exp/Vot":97.64,"resultats":[{"N.Pan.":null,"Code Nuance":"LDVG","Sexe":"F","Nom":"DAVID","Prénom":"Claudine","Liste":"AGISSONS POUR UNE VILLE ECOLOGIQUE ET SOLIDAIRE","Sièges / Elu":"6","Sièges Secteur":0,"Sièges CC":1,"Voix":2254,"% Voix/Ins":17.45,"% Voix/Exp":39.5},{"N.Pan.":2,"Code Nuance":"LDVC","Sexe":"M","Nom":"SAVIGNAC","Prénom":"Jean-Pierre","Liste":"ENSEMBLE, AGISSONS POUR CESSON-SÉVIGNÉ","Sièges / Elu":"27","Sièges Secteur":0,"Sièges CC":3,"Voix":3453,"% Voix/Ins":26.73,"% Voix/Exp":60.5}]},"population":{"F0-2":189.320664937605,"F3-5":164.779697636307,"F6-10":431.679090128299,"F11-17":665.876940526427,"F18-24":1009.05568585086,"F25-39":1405.25824235305,"F40-54":1491.74091930514,"F55-64":1062.06719809213,"F65-79":1496.1929837794,"F80+":691.991287537051,"H0-2":202.197830872534,"H3-5":226.40337383762,"H6-10":399.156913933116,"H11-17":752.05474492103,"H18-24":1359.53295746403,"H25-39":1668.98675357462,"H40-54":1431.4538504539,"H55-64":973.251460540169,"H65-79":1180.22771134796,"H80+":514.771692908755},"Analyse":{"Votes décisifs":1200,"tour décisif":1,"majeurs":14284.530743207062,"Non votants de 18-24":1399.4003046108573}}