{"id":3226,"slug":"35-57-la-chapelle-bouexic","nom_standard":"La Chapelle-Bouëxic","code_postal":"35","code_departement":"35","libelle_departement":"Ille-et-Vilaine","code_commune":"57","Tour 1":{"Inscrits":870,"Abstentions":320,"% Abs/Ins":36.78,"Votants":550,"% Vot/Ins":63.22,"Blancs":9,"% Blancs/Ins":1.03,"% Blancs/Vot":1.64,"Nuls":7,"% Nuls/Ins":0.8,"% Nuls/Vot":1.27,"Exprimés":534,"% Exp/Ins":61.38,"% Exp/Vot":97.09,"resultats":[{"N.Pan.":null,"Code Nuance":"LNC","Sexe":"M","Nom":"MORAZIN","Prénom":"Roger","Liste":"Ensemble, poursuivons notre dynamique !","Sièges / Elu":"12","Sièges Secteur":0,"Sièges CC":2,"Voix":322,"% Voix/Ins":37.01,"% Voix/Exp":60.3},{"N.Pan.":2,"Code Nuance":"LNC","Sexe":"M","Nom":"COUDRAIS","Prénom":"Rémy","Liste":"La Chapelle Autrement !","Sièges / Elu":"3","Sièges Secteur":0,"Sièges CC":0,"Voix":212,"% Voix/Ins":24.37,"% Voix/Exp":39.7}]},"population":{"F0-2":43.904254362301,"F3-5":53.0997639772012,"F6-10":68.4305590236791,"F11-17":71.4945413807938,"F18-24":37.7394620582598,"F25-39":197.966571228282,"F40-54":123.459777228552,"F55-64":64.2072499792415,"F65-79":56.0438059615251,"F80+":27.5035723790903,"H0-2":44.9169376228005,"H3-5":35.7417220787028,"H6-10":81.7073874418304,"H11-17":83.7336840926476,"H18-24":33.6701798475916,"H25-39":188.728652975217,"H40-54":146.912533811429,"H55-64":72.3679319977729,"H65-79":47.8932693249753,"H80+":25.4781432281066},"Analyse":{"Votes décisifs":111,"tour décisif":1,"majeurs":1021.971150020043,"Non votants de 18-24":32.97871061444655}}