{"id":3230,"slug":"35-62-la-chapelle-janson","nom_standard":"La Chapelle-Janson","code_postal":"35","code_departement":"35","libelle_departement":"Ille-et-Vilaine","code_commune":"62","Tour 1":{"Inscrits":1040,"Abstentions":535,"% Abs/Ins":51.44,"Votants":505,"% Vot/Ins":48.56,"Blancs":5,"% Blancs/Ins":0.48,"% Blancs/Vot":0.99,"Nuls":104,"% Nuls/Ins":10,"% Nuls/Vot":20.59,"Exprimés":396,"% Exp/Ins":38.08,"% Exp/Vot":78.42,"resultats":[{"N.Pan.":null,"Code Nuance":"LNC","Sexe":"M","Nom":"FORÊT","Prénom":"Alain","Liste":"ENSEMBLE, CONSTRUISONS L'AVENIR","Sièges / Elu":"15","Sièges Secteur":0,"Sièges CC":1,"Voix":396,"% Voix/Ins":38.08,"% Voix/Exp":100}]},"population":{"F0-2":42.7030711852625,"F3-5":51.417673109956894,"F6-10":81.6068166735388,"F11-17":100.4670552954942,"F18-24":57.3814082032477,"F25-39":220.71884530850843,"F40-54":218.5483289800508,"F55-64":164.716643119219,"F65-79":190.4472005762153,"F80+":69.8167164899848,"H0-2":45.4597210809467,"H3-5":51.8345101009717,"H6-10":93.9250627695807,"H11-17":102.2012098157992,"H18-24":64.1045232747268,"H25-39":207.4119956122438,"H40-54":250.30419767043998,"H55-64":152.9880764980546,"H65-79":203.6015208526702,"H80+":40.3454233830889},"Analyse":{"Votes décisifs":397,"tour décisif":1,"majeurs":1840.3848799684502,"Non votants de 18-24":88.15029822857025}}