{"id":3234,"slug":"35-68-chateaubourg","nom_standard":"Châteaubourg","code_postal":"35","code_departement":"35","libelle_departement":"Ille-et-Vilaine","code_commune":"68","Tour 1":{"Inscrits":5045,"Abstentions":3642,"% Abs/Ins":72.19,"Votants":1403,"% Vot/Ins":27.81,"Blancs":123,"% Blancs/Ins":2.44,"% Blancs/Vot":8.77,"Nuls":126,"% Nuls/Ins":2.5,"% Nuls/Vot":8.98,"Exprimés":1154,"% Exp/Ins":22.87,"% Exp/Vot":82.25,"resultats":[{"N.Pan.":null,"Code Nuance":"LDVC","Sexe":"M","Nom":"REGNIER","Prénom":"Teddy","Liste":"SCULPTONS L'AVENIR #2","Sièges / Elu":"29","Sièges Secteur":0,"Sièges CC":6,"Voix":1154,"% Voix/Ins":22.87,"% Voix/Exp":100}]},"population":{"F0-2":144.824046661134,"F3-5":179.889516383266,"F6-10":310.792285109743,"F11-17":421.475769237337,"F18-24":250.153361187174,"F25-39":779.315303999092,"F40-54":831.677381413059,"F55-64":356.83920533192,"F65-79":324.440048643211,"F80+":220.054986617996,"H0-2":159.666136631812,"H3-5":187.348446185364,"H6-10":298.948134602511,"H11-17":417.270464239942,"H18-24":310.912236307079,"H25-39":753.850591686954,"H40-54":840.127443203357,"H55-64":326.998870976096,"H65-79":282.088565838904,"H80+":119.327205744051},"Analyse":{"Votes décisifs":1155,"tour décisif":1,"majeurs":5395.785200948892,"Non votants de 18-24":415.17857568582264}}