{"id":3235,"slug":"35-69-chateaugiron","nom_standard":"Châteaugiron","code_postal":"35","code_departement":"35","libelle_departement":"Ille-et-Vilaine","code_commune":"69","Tour 1":{"Inscrits":7621,"Abstentions":4195,"% Abs/Ins":55.05,"Votants":3426,"% Vot/Ins":44.95,"Blancs":28,"% Blancs/Ins":0.37,"% Blancs/Vot":0.82,"Nuls":53,"% Nuls/Ins":0.7,"% Nuls/Vot":1.55,"Exprimés":3345,"% Exp/Ins":43.89,"% Exp/Vot":97.64,"resultats":[{"N.Pan.":null,"Code Nuance":"LDIV","Sexe":"M","Nom":"RENAULT","Prénom":"Yves","Liste":"CHÂTEAUGIRON AGIR ENSEMBLE","Sièges / Elu":"27","Sièges Secteur":0,"Sièges CC":10,"Voix":2020,"% Voix/Ins":26.51,"% Voix/Exp":60.39},{"N.Pan.":2,"Code Nuance":"LDIV","Sexe":"M","Nom":"BODIN","Prénom":"Olivier","Liste":"UN NOUVEAU SOUFFLE POUR CHÂTEAUGIRON","Sièges / Elu":"6","Sièges Secteur":0,"Sièges CC":2,"Voix":1325,"% Voix/Ins":17.39,"% Voix/Exp":39.61}]},"population":{"F0-2":175.655963007151,"F3-5":216.281473312972,"F6-10":411.720190907667,"F11-17":596.735806347197,"F18-24":325.101031958385,"F25-39":964.169532685599,"F40-54":1257.45639809331,"F55-64":602.998561769876,"F65-79":547.014162890974,"F80+":254.050147140886,"H0-2":175.518116042612,"H3-5":240.697272275647,"H6-10":470.969431032267,"H11-17":624.507876473678,"H18-24":311.591421572691,"H25-39":887.657702512498,"H40-54":1243.84455494056,"H55-64":594.825573651279,"H65-79":483.885988592805,"H80+":156.318794791944},"Analyse":{"Votes décisifs":696,"tour décisif":1,"majeurs":7628.913870600807,"Non votants de 18-24":350.7659923340931}}