{"id":3239,"slug":"35-78-cherrueix","nom_standard":"Cherrueix","code_postal":"35","code_departement":"35","libelle_departement":"Ille-et-Vilaine","code_commune":"78","Tour 1":{"Inscrits":899,"Abstentions":482,"% Abs/Ins":53.62,"Votants":417,"% Vot/Ins":46.38,"Blancs":3,"% Blancs/Ins":0.33,"% Blancs/Vot":0.72,"Nuls":88,"% Nuls/Ins":9.79,"% Nuls/Vot":21.1,"Exprimés":326,"% Exp/Ins":36.26,"% Exp/Vot":78.18,"resultats":[{"N.Pan.":null,"Code Nuance":"LNC","Sexe":"M","Nom":"BOURGEAUX","Prénom":"Jean-Luc","Liste":"CONTINUONS DE BIEN VIVRE A CHERRUEIX","Sièges / Elu":"15","Sièges Secteur":0,"Sièges CC":2,"Voix":326,"% Voix/Ins":36.26,"% Voix/Exp":100}]},"population":{"F0-2":6.52701651306488,"F3-5":10.6674912930103,"F6-10":29.2880243399968,"F11-17":32.414797128702,"F18-24":38.2174250292394,"F25-39":61.7605671668862,"F40-54":102.426291905935,"F55-64":86.3034087448694,"F65-79":140.536396406365,"F80+":79.8202163394495,"H0-2":3.70948715269343,"H3-5":12.8204102349211,"H6-10":21.5109687560806,"H11-17":27.9521234276219,"H18-24":31.7192000326671,"H25-39":58.361663079982,"H40-54":103.10127582564,"H55-64":77.5031550636988,"H65-79":121.242926509871,"H80+":43.1171550493066},"Analyse":{"Votes décisifs":327,"tour décisif":1,"majeurs":944.1096811539101,"Non votants de 18-24":39.04659900564289}}