{"id":3254,"slug":"35-104-epiniac","nom_standard":"Epiniac","code_postal":"35","code_departement":"35","libelle_departement":"Ille-et-Vilaine","code_commune":"104","Tour 1":{"Inscrits":1080,"Abstentions":564,"% Abs/Ins":52.22,"Votants":516,"% Vot/Ins":47.78,"Blancs":10,"% Blancs/Ins":0.93,"% Blancs/Vot":1.94,"Nuls":73,"% Nuls/Ins":6.76,"% Nuls/Vot":14.15,"Exprimés":433,"% Exp/Ins":40.09,"% Exp/Vot":83.91,"resultats":[{"N.Pan.":null,"Code Nuance":"LNC","Sexe":"F","Nom":"RAMÉ-PRUNAUX","Prénom":"Sylvie","Liste":"EPINIAC, NOTRE AMBITION COMMUNE","Sièges / Elu":"15","Sièges Secteur":0,"Sièges CC":2,"Voix":433,"% Voix/Ins":40.09,"% Voix/Exp":100}]},"population":{"F0-2":19.9357479180355,"F3-5":29.825505841203,"F6-10":46.7331508142774,"F11-17":62.6268884813522,"F18-24":24.1162724846616,"F25-39":123.229308990285,"F40-54":144.596294340445,"F55-64":91.3800539988352,"F65-79":107.94087750441,"F80+":58.3281033661171,"H0-2":23.9380451110987,"H3-5":31.8367722845413,"H6-10":63.6422106725262,"H11-17":59.7240182341597,"H18-24":36.1210690864292,"H25-39":113.508768877275,"H40-54":160.816605532772,"H55-64":90.3750831389865,"H65-79":101.715765565771,"H80+":35.6094577568179},"Analyse":{"Votes décisifs":434,"tour décisif":1,"majeurs":1087.7376606428056,"Non votants de 18-24":31.662006381984206}}