{"id":3263,"slug":"35-118-gahard","nom_standard":"Gahard","code_postal":"35","code_departement":"35","libelle_departement":"Ille-et-Vilaine","code_commune":"118","Tour 1":{"Inscrits":973,"Abstentions":522,"% Abs/Ins":53.65,"Votants":451,"% Vot/Ins":46.35,"Blancs":27,"% Blancs/Ins":2.77,"% Blancs/Vot":5.99,"Nuls":69,"% Nuls/Ins":7.09,"% Nuls/Vot":15.3,"Exprimés":355,"% Exp/Ins":36.49,"% Exp/Vot":78.71,"resultats":[{"N.Pan.":null,"Code Nuance":"LNC","Sexe":"F","Nom":"LAVASTRE","Prénom":"Isabelle","Liste":"gahard tout simplement","Sièges / Elu":"15","Sièges Secteur":0,"Sièges CC":1,"Voix":355,"% Voix/Ins":36.49,"% Voix/Exp":100}]},"population":{"F0-2":26.6447695908536,"F3-5":34.4810017741326,"F6-10":69.4985550362563,"F11-17":95.566722811866,"F18-24":34.1000093010406,"F25-39":154.994585178912,"F40-54":190.688366830367,"F55-64":54.5192888259242,"F65-79":73.0826107987401,"F80+":29.0264504882045,"H0-2":31.3410147963333,"H3-5":41.8492471045815,"H6-10":68.9050553412076,"H11-17":102.5031463123,"H18-24":29.61282217965,"H25-39":138.771784038694,"H40-54":179.535040457169,"H55-64":72.0422673268024,"H65-79":83.9716509407957,"H80+":12.8656108661704},"Analyse":{"Votes décisifs":356,"tour décisif":1,"majeurs":1053.2104872324699,"Non votants de 18-24":36.430073336782144}}