{"id":3267,"slug":"35-123-goven","nom_standard":"Goven","code_postal":"35","code_departement":"35","libelle_departement":"Ille-et-Vilaine","code_commune":"123","Tour 1":{"Inscrits":3100,"Abstentions":1611,"% Abs/Ins":51.97,"Votants":1489,"% Vot/Ins":48.03,"Blancs":16,"% Blancs/Ins":0.52,"% Blancs/Vot":1.07,"Nuls":28,"% Nuls/Ins":0.9,"% Nuls/Vot":1.88,"Exprimés":1445,"% Exp/Ins":46.61,"% Exp/Vot":97.04,"resultats":[{"N.Pan.":null,"Code Nuance":"LDVG","Sexe":"M","Nom":"SAULNIER","Prénom":"Norbert","Liste":"Bien Vivre Goven 2020","Sièges / Elu":"22","Sièges Secteur":0,"Sièges CC":4,"Voix":903,"% Voix/Ins":29.13,"% Voix/Exp":62.49},{"N.Pan.":2,"Code Nuance":"LDVG","Sexe":"F","Nom":"POISSON-VANNIER","Prénom":"Magali","Liste":"GOVEN, UN AVENIR","Sièges / Elu":"5","Sièges Secteur":0,"Sièges CC":1,"Voix":542,"% Voix/Ins":17.48,"% Voix/Exp":37.51}]},"population":{"F0-2":76.127842813634,"F3-5":80.0577267200015,"F6-10":183.424041358878,"F11-17":207.16382239377,"F18-24":98.7201136854085,"F25-39":414.239273872908,"F40-54":485.084222312414,"F55-64":252.470175625906,"F65-79":236.081198650673,"F80+":111.72721597549,"H0-2":77.2880799448043,"H3-5":101.547679680596,"H6-10":192.351103850341,"H11-17":214.823359549467,"H18-24":116.591514828363,"H25-39":391.771860567255,"H40-54":530.8722040041,"H55-64":272.465998328072,"H65-79":214.275386587346,"H80+":65.9171792505698},"Analyse":{"Votes décisifs":362,"tour décisif":1,"majeurs":3190.2163436885053,"Non votants de 18-24":114.81718540452096}}