{"id":3282,"slug":"35-142-landean","nom_standard":"Landéan","code_postal":"35","code_departement":"35","libelle_departement":"Ille-et-Vilaine","code_commune":"142","Tour 1":{"Inscrits":937,"Abstentions":252,"% Abs/Ins":26.89,"Votants":685,"% Vot/Ins":73.11,"Blancs":5,"% Blancs/Ins":0.53,"% Blancs/Vot":0.73,"Nuls":8,"% Nuls/Ins":0.85,"% Nuls/Vot":1.17,"Exprimés":672,"% Exp/Ins":71.72,"% Exp/Vot":98.1,"resultats":[{"N.Pan.":null,"Code Nuance":"LNC","Sexe":"M","Nom":"ESNAULT","Prénom":"Franck","Liste":"Un nouvel élan pour Landéan","Sièges / Elu":"13","Sièges Secteur":0,"Sièges CC":1,"Voix":434,"% Voix/Ins":46.32,"% Voix/Exp":64.58},{"N.Pan.":2,"Code Nuance":"LNC","Sexe":"M","Nom":"GUÉRIN","Prénom":"Louis-Gérard","Liste":"Vivre à Landéan","Sièges / Elu":"2","Sièges Secteur":0,"Sièges CC":0,"Voix":238,"% Voix/Ins":25.4,"% Voix/Exp":35.42}]},"population":{"F0-2":10.3418681991886,"F3-5":18.5885068494564,"F6-10":41.165137311864,"F11-17":50.7107925033485,"F18-24":27.5110908449698,"F25-39":83.3775756058323,"F40-54":113.149755586932,"F55-64":84.2443326923493,"F65-79":108.232280749153,"F80+":38.0531651380597,"H0-2":11.9415124925939,"H3-5":14.7743909961811,"H6-10":49.3175055282278,"H11-17":58.9066376091607,"H18-24":33.3285979458884,"H25-39":77.410985257259,"H40-54":134.476877498895,"H55-64":75.4057831941231,"H65-79":111.970837744249,"H80+":33.0923662522686},"Analyse":{"Votes décisifs":197,"tour décisif":1,"majeurs":920.2536485099793,"Non votants de 18-24":15.553058426266997}}