{"id":3294,"slug":"35-169-maxent","nom_standard":"Maxent","code_postal":"35","code_departement":"35","libelle_departement":"Ille-et-Vilaine","code_commune":"169","Tour 1":{"Inscrits":981,"Abstentions":374,"% Abs/Ins":38.12,"Votants":607,"% Vot/Ins":61.88,"Blancs":7,"% Blancs/Ins":0.71,"% Blancs/Vot":1.15,"Nuls":15,"% Nuls/Ins":1.53,"% Nuls/Vot":2.47,"Exprimés":585,"% Exp/Ins":59.63,"% Exp/Vot":96.38,"resultats":[{"N.Pan.":null,"Code Nuance":"LNC","Sexe":"M","Nom":"DORANLO","Prénom":"Henri","Liste":"MAXENT, UNE IDÉE COMMUNE","Sièges / Elu":"2","Sièges Secteur":0,"Sièges CC":0,"Voix":198,"% Voix/Ins":20.18,"% Voix/Exp":33.85},{"N.Pan.":2,"Code Nuance":"LNC","Sexe":"M","Nom":"PRIOUL","Prénom":"Ange","Liste":"Vous, Nous : ensemble pour Maxent","Sièges / Elu":"13","Sièges Secteur":0,"Sièges CC":2,"Voix":387,"% Voix/Ins":39.45,"% Voix/Exp":66.15}]},"population":{"F0-2":26.8543783672595,"F3-5":36.7490538692922,"F6-10":54.4783258160548,"F11-17":66.423318147259,"F18-24":38.0565308122001,"F25-39":149.05240895519,"F40-54":138.138844190811,"F55-64":58.7275069674831,"F65-79":82.130334324089,"F80+":68.6241577193345,"H0-2":33.8338762118003,"H3-5":43.7719189148881,"H6-10":57.5831007682389,"H11-17":69.5716165614782,"H18-24":35.0468178093739,"H25-39":147.177455298046,"H40-54":174.672862268339,"H55-64":68.7575873236675,"H65-79":79.9840845170483,"H80+":37.3658211581475},"Analyse":{"Votes décisifs":190,"tour décisif":1,"majeurs":1077.73441134373,"Non votants de 18-24":31.930187454742732}}