{"id":2859,"slug":"33-120-cerons","nom_standard":"Cérons","code_postal":"33","code_departement":"33","libelle_departement":"Gironde","code_commune":"120","Tour 1":{"Inscrits":1483,"Abstentions":877,"% Abs/Ins":59.14,"Votants":606,"% Vot/Ins":40.86,"Blancs":20,"% Blancs/Ins":1.35,"% Blancs/Vot":3.3,"Nuls":49,"% Nuls/Ins":3.3,"% Nuls/Vot":8.09,"Exprimés":537,"% Exp/Ins":36.21,"% Exp/Vot":88.61,"resultats":[{"N.Pan.":null,"Code Nuance":"LNC","Sexe":"M","Nom":"SOULÉ","Prénom":"Jean-Patrick","Liste":"AGIR ENSEMBLE POUR CERONS","Sièges / Elu":"19","Sièges Secteur":0,"Sièges CC":3,"Voix":537,"% Voix/Ins":36.21,"% Voix/Exp":100}]},"population":{"F0-2":29.4857046677759,"F3-5":36.6573737196992,"F6-10":74.7203888145958,"F11-17":121.08382082993,"F18-24":67.4624412944679,"F25-39":174.562664860427,"F40-54":277.253727021941,"F55-64":117.150421357231,"F65-79":131.124374858083,"F80+":60.145897187482,"H0-2":28.7308291081985,"H3-5":41.2716867178781,"H6-10":57.1290268045219,"H11-17":132.71700459957,"H18-24":80.4830008259961,"H25-39":148.591382286736,"H40-54":269.758310145301,"H55-64":124.962670478375,"H65-79":123.000169707218,"H80+":36.7091047145706},"Analyse":{"Votes décisifs":538,"tour décisif":1,"majeurs":1611.2041647378287,"Non votants de 18-24":92.30076350855785}}