{"id":2805,"slug":"33-12-arsac","nom_standard":"Arsac","code_postal":"33","code_departement":"33","libelle_departement":"Gironde","code_commune":"12","Tour 1":{"Inscrits":2911,"Abstentions":2032,"% Abs/Ins":69.8,"Votants":879,"% Vot/Ins":30.2,"Blancs":54,"% Blancs/Ins":1.86,"% Blancs/Vot":6.14,"Nuls":75,"% Nuls/Ins":2.58,"% Nuls/Vot":8.53,"Exprimés":750,"% Exp/Ins":25.76,"% Exp/Vot":85.32,"resultats":[{"N.Pan.":null,"Code Nuance":"LDVD","Sexe":"F","Nom":"DUCOURTIOUX","Prénom":"Nadine","Liste":"ensemble demain","Sièges / Elu":"27","Sièges Secteur":0,"Sièges CC":4,"Voix":750,"% Voix/Ins":25.76,"% Voix/Exp":100}]},"population":{"F0-2":65.4596704898915,"F3-5":78.3764250389487,"F6-10":128.784800919084,"F11-17":168.486373615701,"F18-24":85.0219064130102,"F25-39":304.814307774089,"F40-54":448.758932973412,"F55-64":293.450894447588,"F65-79":245.88363046251,"F80+":124.259486671945,"H0-2":67.7113344186197,"H3-5":72.9671781900684,"H6-10":149.085602044097,"H11-17":224.263184141588,"H18-24":91.5687008209034,"H25-39":259.851189351135,"H40-54":452.527133076832,"H55-64":295.357683768133,"H65-79":260.632815246399,"H80+":55.738750136045},"Analyse":{"Votes décisifs":751,"tour décisif":1,"majeurs":2917.8654311420014,"Non votants de 18-24":123.39310809569652}}