{"id":2880,"slug":"33-187-gironde-sur-dropt","nom_standard":"Gironde-sur-Dropt","code_postal":"33","code_departement":"33","libelle_departement":"Gironde","code_commune":"187","Tour 1":{"Inscrits":876,"Abstentions":368,"% Abs/Ins":42.01,"Votants":508,"% Vot/Ins":57.99,"Blancs":2,"% Blancs/Ins":0.23,"% Blancs/Vot":0.39,"Nuls":25,"% Nuls/Ins":2.85,"% Nuls/Vot":4.92,"Exprimés":481,"% Exp/Ins":54.91,"% Exp/Vot":94.69,"resultats":[{"N.Pan.":null,"Code Nuance":"LNC","Sexe":"F","Nom":"ROSOLEN","Prénom":"Catherine","Liste":"VIVRE ENSEMBLE","Sièges / Elu":"1","Sièges Secteur":0,"Sièges CC":0,"Voix":92,"% Voix/Ins":10.5,"% Voix/Exp":19.13},{"N.Pan.":2,"Code Nuance":"LNC","Sexe":"M","Nom":"MOUTIER","Prénom":"Philippe","Liste":"AGISSONS POUR L'AVENIR","Sièges / Elu":"12","Sièges Secteur":0,"Sièges CC":2,"Voix":243,"% Voix/Ins":27.74,"% Voix/Exp":50.52},{"N.Pan.":3,"Code Nuance":"LNC","Sexe":"M","Nom":"MAZIERE","Prénom":"Laurent","Liste":"GIRONDE POUR TOUS","Sièges / Elu":2,"Sièges CC":1,"Voix":146,"% Voix/Ins":16.67,"% Voix/Exp":30.35}]},"population":{"F0-2":16.9977351829916,"F3-5":18.9486191872452,"F6-10":35.8960127324635,"F11-17":47.8199708741082,"F18-24":50.2012982365739,"F25-39":104.261404642566,"F40-54":134.479016756744,"F55-64":102.797258738922,"F65-79":118.02285296412,"F80+":64.6135705427733,"H0-2":18.9737132828024,"H3-5":19.9781971072221,"H6-10":45.7486619488295,"H11-17":51.8355995006608,"H18-24":47.0927990611265,"H25-39":109.363853928942,"H40-54":119.372837290346,"H55-64":82.5882522111057,"H65-79":84.6159900923863,"H80+":47.3923557180718},"Analyse":{"Votes décisifs":6,"tour décisif":1,"majeurs":1064.8014901836773,"Non votants de 18-24":50.87661771781554}}