{"id":2807,"slug":"33-14-les-artigues-de-lussac","nom_standard":"Les Artigues-de-Lussac","code_postal":"33","code_departement":"33","libelle_departement":"Gironde","code_commune":"14","Tour 1":{"Inscrits":781,"Abstentions":438,"% Abs/Ins":56.08,"Votants":343,"% Vot/Ins":43.92,"Blancs":11,"% Blancs/Ins":1.41,"% Blancs/Vot":3.21,"Nuls":21,"% Nuls/Ins":2.69,"% Nuls/Vot":6.12,"Exprimés":311,"% Exp/Ins":39.82,"% Exp/Vot":90.67,"resultats":[{"N.Pan.":null,"Code Nuance":"LNC","Sexe":"M","Nom":"QUET","Prénom":"Jean-Pierre","Liste":"Une Vie Commune","Sièges / Elu":"15","Sièges Secteur":0,"Sièges CC":2,"Voix":311,"% Voix/Ins":39.82,"% Voix/Exp":100}]},"population":{"F0-2":10.7308176167021,"F3-5":12.4926205188903,"F6-10":40.0204744965854,"F11-17":74.8754338725627,"F18-24":25.6628319851938,"F25-39":88.5032083252307,"F40-54":148.480494631572,"F55-64":60.1941229816581,"F65-79":74.6510541208589,"F80+":26.7115457528875,"H0-2":14.7679536273523,"H3-5":22.4605748470196,"H6-10":29.0991125108133,"H11-17":52.6792366705317,"H18-24":34.1750590408452,"H25-39":84.8670455277662,"H40-54":135.983845305823,"H55-64":72.3332136654489,"H65-79":80.6604703950529,"H80+":21.6508841072047},"Analyse":{"Votes décisifs":312,"tour décisif":1,"majeurs":853.8737758395418,"Non votants de 18-24":35.80108698933993}}