{"id":2886,"slug":"33-200-le-haillan","nom_standard":"Le Haillan","code_postal":"33","code_departement":"33","libelle_departement":"Gironde","code_commune":"200","Tour 1":{"Inscrits":7854,"Abstentions":4679,"% Abs/Ins":59.57,"Votants":3175,"% Vot/Ins":40.43,"Blancs":65,"% Blancs/Ins":0.83,"% Blancs/Vot":2.05,"Nuls":62,"% Nuls/Ins":0.79,"% Nuls/Vot":1.95,"Exprimés":3048,"% Exp/Ins":38.81,"% Exp/Vot":96,"resultats":[{"N.Pan.":null,"Code Nuance":"LDVD","Sexe":"M","Nom":"BONNAUD","Prénom":"Hervé","Liste":"Le Haillan Réuni","Sièges / Elu":"4","Sièges Secteur":0,"Sièges CC":0,"Voix":849,"% Voix/Ins":10.81,"% Voix/Exp":27.85},{"N.Pan.":2,"Code Nuance":"LDIV","Sexe":"F","Nom":"TIQUET","Prénom":"Caroline","Liste":"Caroline Tiquet, Une Ambition Pour Le Haillan","Sièges / Elu":"2","Sièges Secteur":0,"Sièges CC":0,"Voix":411,"% Voix/Ins":5.23,"% Voix/Exp":13.48},{"N.Pan.":3,"Code Nuance":"LUG","Sexe":"F","Nom":"KISS","Prénom":"Andrea","Liste":"LE HAILLAN, TOUJOURS AVEC VOUS","Sièges / Elu":27,"Sièges CC":1,"Voix":1788,"% Voix/Ins":22.77,"% Voix/Exp":58.66}]},"population":{"F0-2":167.911027751073,"F3-5":197.806575613572,"F6-10":331.996520034484,"F11-17":490.328681036584,"F18-24":446.713100166186,"F25-39":1317.33249302923,"F40-54":1164.13606101882,"F55-64":739.60524785504,"F65-79":850.981311031181,"F80+":286.525656013887,"H0-2":186.289165753137,"H3-5":216.786809826165,"H6-10":367.603470375745,"H11-17":464.079810006568,"H18-24":448.489821521534,"H25-39":1266.51513894609,"H40-54":1085.34216792759,"H55-64":676.403503961872,"H65-79":696.70022757658,"H80+":165.453210554662},"Analyse":{"Votes décisifs":529,"tour décisif":1,"majeurs":9144.197939602673,"Non votants de 18-24":584.3753023457427}}