{"id":2903,"slug":"33-236-lege-cap-ferret","nom_standard":"Lège-Cap-Ferret","code_postal":"33","code_departement":"33","libelle_departement":"Gironde","code_commune":"236","Tour 1":{"Inscrits":8831,"Abstentions":4389,"% Abs/Ins":49.7,"Votants":4442,"% Vot/Ins":50.3,"Blancs":110,"% Blancs/Ins":1.25,"% Blancs/Vot":2.48,"Nuls":101,"% Nuls/Ins":1.14,"% Nuls/Vot":2.27,"Exprimés":4231,"% Exp/Ins":47.91,"% Exp/Vot":95.25,"resultats":[{"N.Pan.":null,"Code Nuance":"LREM","Sexe":"F","Nom":"DEBOVE","Prénom":"Véronique","Liste":"AMBITION LÈGE-CAP-FERRET","Sièges / Elu":"2","Sièges Secteur":0,"Sièges CC":0,"Voix":671,"% Voix/Ins":7.6,"% Voix/Exp":15.86},{"N.Pan.":2,"Code Nuance":"LDIV","Sexe":"M","Nom":"DE GONNEVILLE","Prénom":"Philippe","Liste":"PHILIPPE DE GONNEVILLE 100% PRESQU'ILE","Sièges / Elu":"25","Sièges Secteur":0,"Sièges CC":5,"Voix":2826,"% Voix/Ins":32,"% Voix/Exp":66.79},{"N.Pan.":3,"Code Nuance":"LDVD","Sexe":"F","Nom":"BEY","Prénom":"Anny","Liste":"ESPRIT VILLAGES","Sièges / Elu":2,"Sièges CC":0,"Voix":734,"% Voix/Ins":8.31,"% Voix/Exp":17.35}]},"population":{"F0-2":80.568679019195,"F3-5":93.099469853766,"F6-10":176.686933105113,"F11-17":284.640736505384,"F18-24":153.66123705201,"F25-39":526.358531524169,"F40-54":841.27912174531,"F55-64":670.475722022852,"F65-79":964.648736773933,"F80+":464.672369362575,"H0-2":86.5043359141957,"H3-5":94.8932994736176,"H6-10":195.252238878355,"H11-17":307.20366960746,"H18-24":195.938160510112,"H25-39":522.783751593924,"H40-54":824.508639954293,"H55-64":640.441925646603,"H65-79":920.167726524092,"H80+":290.214714933041},"Analyse":{"Votes décisifs":1422,"tour décisif":1,"majeurs":7015.150637642914,"Non votants de 18-24":128.23272930583977}}