{"id":2900,"slug":"33-229-lanton","nom_standard":"Lanton","code_postal":"33","code_departement":"33","libelle_departement":"Gironde","code_commune":"229","Tour 1":{"Inscrits":6302,"Abstentions":3177,"% Abs/Ins":50.41,"Votants":3125,"% Vot/Ins":49.59,"Blancs":46,"% Blancs/Ins":0.73,"% Blancs/Vot":1.47,"Nuls":45,"% Nuls/Ins":0.71,"% Nuls/Vot":1.44,"Exprimés":3034,"% Exp/Ins":48.14,"% Exp/Vot":97.09,"resultats":[{"N.Pan.":null,"Code Nuance":"LDIV","Sexe":"M","Nom":"PERUCHO","Prénom":"Jean-Charles Rene","Liste":"ENSEMBLE POUR LANTON","Sièges / Elu":"0","Sièges Secteur":0,"Sièges CC":0,"Voix":936,"% Voix/Ins":14.85,"% Voix/Exp":30.85},{"N.Pan.":2,"Code Nuance":"LDIV","Sexe":"F","Nom":"LARRUE","Prénom":"Marie","Liste":"AGIR ET RÉUSSIR ENSEMBLE 2020","Sièges / Elu":"0","Sièges Secteur":0,"Sièges CC":0,"Voix":1391,"% Voix/Ins":22.07,"% Voix/Exp":45.85},{"N.Pan.":3,"Code Nuance":"LDVG","Sexe":"M","Nom":"BILLARD","Prénom":"Tony","Liste":"UNIS POUR LANTON","Sièges / Elu":0,"Sièges CC":0,"Voix":707,"% Voix/Ins":11.22,"% Voix/Exp":23.3}]},"Tour 2":{"Inscrits":6297,"Abstentions":3153,"% Abs/Ins":50.07,"Votants":3144,"% Vot/Ins":49.93,"Blancs":91,"% Blancs/Ins":1.45,"% Blancs/Vot":2.89,"Nuls":56,"% Nuls/Ins":0.89,"% Nuls/Vot":1.78,"Exprimés":2997,"% Exp/Ins":47.59,"% Exp/Vot":95.32,"resultats":[{"N.Pan.":1,"Code Nuance":"LDIV","Sexe":"M","Nom":"PERUCHO","Prénom":"Jean-Charles Rene","Liste":"ENSEMBLE POUR LANTON","Sièges / Elu":7,"Sièges Secteur":0,"Sièges CC":1,"Voix":1492,"% Voix/Ins":23.69,"% Voix/Exp":49.78},{"N.Pan.":2,"Code Nuance":"LDIV","Sexe":"F","Nom":"LARRUE","Prénom":"Marie","Liste":"AGIR ET RÉUSSIR ENSEMBLE 2020","Sièges / Elu":22,"Sièges Secteur":0,"Sièges CC":3,"Voix":1505,"% Voix/Ins":23.9,"% Voix/Exp":50.22}]},"population":{"F0-2":51.0787748131977,"F3-5":80.5120526835761,"F6-10":160.661583663549,"F11-17":237.678016992782,"F18-24":133.11799817298,"F25-39":441.146931512609,"F40-54":743.847052447622,"F55-64":665.028717650601,"F65-79":936.820132404435,"F80+":382.745518700458,"H0-2":65.9724196592146,"H3-5":68.5516184426793,"H6-10":157.602157708042,"H11-17":251.272024519886,"H18-24":159.608528753545,"H25-39":422.014084406758,"H40-54":686.639217874377,"H55-64":521.057517276456,"H65-79":848.716976762474,"H80+":258.928675554759},"Analyse":{"Votes décisifs":13,"tour décisif":2,"majeurs":6199.671351517074,"Non votants de 18-24":144.27798046739906}}