{"id":2941,"slug":"33-334-portets","nom_standard":"Portets","code_postal":"33","code_departement":"33","libelle_departement":"Gironde","code_commune":"334","Tour 1":{"Inscrits":1958,"Abstentions":1239,"% Abs/Ins":63.28,"Votants":719,"% Vot/Ins":36.72,"Blancs":30,"% Blancs/Ins":1.53,"% Blancs/Vot":4.17,"Nuls":58,"% Nuls/Ins":2.96,"% Nuls/Vot":8.07,"Exprimés":631,"% Exp/Ins":32.23,"% Exp/Vot":87.76,"resultats":[{"N.Pan.":null,"Code Nuance":"LNC","Sexe":"M","Nom":"CAZIMAJOU","Prénom":"Didier","Liste":"PORTETS HORIZON 2026","Sièges / Elu":"23","Sièges Secteur":0,"Sièges CC":3,"Voix":631,"% Voix/Ins":32.23,"% Voix/Exp":100}]},"population":{"F0-2":36.5638077949477,"F3-5":43.8562193578655,"F6-10":87.1886937856038,"F11-17":133.312726562193,"F18-24":69.7533839848503,"F25-39":244.622137064372,"F40-54":292.481672030731,"F55-64":186.724074826398,"F65-79":203.162806761591,"F80+":87.238756679579,"H0-2":60.6311826097573,"H3-5":58.9440487742869,"H6-10":98.6301067829705,"H11-17":125.248223146884,"H18-24":64.7284148107392,"H25-39":229.733531966773,"H40-54":327.468801961228,"H55-64":156.769763915817,"H65-79":149.211206558546,"H80+":56.7304406248663},"Analyse":{"Votes décisifs":632,"tour décisif":1,"majeurs":2068.6249911854907,"Non votants de 18-24":87.73943913831}}