{"id":3001,"slug":"33-496-salleboeuf","nom_standard":"Salleboeuf","code_postal":"33","code_departement":"33","libelle_departement":"Gironde","code_commune":"496","Tour 1":{"Inscrits":1921,"Abstentions":933,"% Abs/Ins":48.57,"Votants":988,"% Vot/Ins":51.43,"Blancs":8,"% Blancs/Ins":0.42,"% Blancs/Vot":0.81,"Nuls":14,"% Nuls/Ins":0.73,"% Nuls/Vot":1.42,"Exprimés":966,"% Exp/Ins":50.29,"% Exp/Vot":97.77,"resultats":[{"N.Pan.":null,"Code Nuance":"LNC","Sexe":"F","Nom":"FABER","Prénom":"Nathalie","Liste":"LISTE D'ENTENTE MUNICIPALE","Sièges / Elu":"16","Sièges Secteur":0,"Sièges CC":2,"Voix":590,"% Voix/Ins":30.71,"% Voix/Exp":61.08},{"N.Pan.":2,"Code Nuance":"LNC","Sexe":"M","Nom":"KERSAUDY","Prénom":"Emmanuel","Liste":"Agir avec vous","Sièges / Elu":"3","Sièges Secteur":0,"Sièges CC":1,"Voix":376,"% Voix/Ins":19.57,"% Voix/Exp":38.92}]},"population":{"F0-2":45.3257520039347,"F3-5":65.9185367012352,"F6-10":77.2313240300795,"F11-17":105.068034417447,"F18-24":83.4702242823212,"F25-39":223.654630617156,"F40-54":322.638347956131,"F55-64":147.550566485019,"F65-79":226.991038475218,"F80+":111.337253096134,"H0-2":51.5149136643181,"H3-5":48.394941883338,"H6-10":72.096907154455,"H11-17":120.500479982482,"H18-24":79.3462533892012,"H25-39":211.306536548202,"H40-54":300.983237689522,"H55-64":164.049644645469,"H65-79":205.339430917037,"H80+":47.2819460613014},"Analyse":{"Votes décisifs":215,"tour décisif":1,"majeurs":2123.949110162712,"Non votants de 18-24":87.07893802437862}}