{"id":3005,"slug":"33-506-sauveterre-de-guyenne","nom_standard":"Sauveterre-de-Guyenne","code_postal":"33","code_departement":"33","libelle_departement":"Gironde","code_commune":"506","Tour 1":{"Inscrits":1423,"Abstentions":560,"% Abs/Ins":39.35,"Votants":863,"% Vot/Ins":60.65,"Blancs":19,"% Blancs/Ins":1.34,"% Blancs/Vot":2.2,"Nuls":12,"% Nuls/Ins":0.84,"% Nuls/Vot":1.39,"Exprimés":832,"% Exp/Ins":58.47,"% Exp/Vot":96.41,"resultats":[{"N.Pan.":null,"Code Nuance":"LNC","Sexe":"M","Nom":"MIQUEU","Prénom":"Christophe","Liste":"SAUVETERRE POUR TOUS","Sièges / Elu":"15","Sièges Secteur":0,"Sièges CC":6,"Voix":432,"% Voix/Ins":30.36,"% Voix/Exp":51.92},{"N.Pan.":2,"Code Nuance":"LNC","Sexe":"F","Nom":"PANCHOUT","Prénom":"Sylvie","Liste":"UNIS POUR SAUVETERRE !","Sièges / Elu":"4","Sièges Secteur":0,"Sièges CC":1,"Voix":400,"% Voix/Ins":28.11,"% Voix/Exp":48.08}]},"population":{"F0-2":21.9818039611396,"F3-5":26.9888492331037,"F6-10":52.9481627271998,"F11-17":66.9921259429386,"F18-24":38.0593715538011,"F25-39":143.208116067793,"F40-54":175.435766606168,"F55-64":141.703319103271,"F65-79":181.9274333142,"F80+":113.539761738847,"H0-2":33.9571637092241,"H3-5":38.9716020357729,"H6-10":41.9698183075322,"H11-17":83.9794513149846,"H18-24":44.0806784854764,"H25-39":154.323875324586,"H40-54":167.436299334502,"H55-64":122.563081933771,"H65-79":135.618681110796,"H80+":72.3146381948919},"Analyse":{"Votes décisifs":33,"tour décisif":1,"majeurs":1490.211022768103,"Non votants de 18-24":34.57171099141405}}