{"id":3026,"slug":"33-553-virsac","nom_standard":"Virsac","code_postal":"33","code_departement":"33","libelle_departement":"Gironde","code_commune":"553","Tour 1":{"Inscrits":725,"Abstentions":274,"% Abs/Ins":37.79,"Votants":451,"% Vot/Ins":62.21,"Blancs":6,"% Blancs/Ins":0.83,"% Blancs/Vot":1.33,"Nuls":3,"% Nuls/Ins":0.41,"% Nuls/Vot":0.67,"Exprimés":442,"% Exp/Ins":60.97,"% Exp/Vot":98,"resultats":[{"N.Pan.":null,"Code Nuance":"LNC","Sexe":"F","Nom":"BOURSEAU","Prénom":"Christiane","Liste":"INNOVER A VIRSAC","Sièges / Elu":"12","Sièges Secteur":0,"Sièges CC":1,"Voix":276,"% Voix/Ins":38.07,"% Voix/Exp":62.44},{"N.Pan.":2,"Code Nuance":"LNC","Sexe":"M","Nom":"RODRIGUES","Prénom":"Francis","Liste":"ENSEMBLE, VIVONS VIRSAC","Sièges / Elu":"3","Sièges Secteur":0,"Sièges CC":0,"Voix":166,"% Voix/Ins":22.9,"% Voix/Exp":37.56}]},"population":{"F0-2":18.2041471976906,"F3-5":22.0960028220133,"F6-10":50.7939948450856,"F11-17":69.6257137583619,"F18-24":30.673321537,"F25-39":115.509133997757,"F40-54":128.554505380047,"F55-64":99.350945267358,"F65-79":70.8814963670822,"F80+":27.6828952740507,"H0-2":15.898070997384,"H3-5":14.6088980113008,"H6-10":54.4827321143731,"H11-17":66.1572660133326,"H18-24":36.9915161098157,"H25-39":103.5576937356,"H40-54":153.586626959713,"H55-64":81.7181417935576,"H65-79":83.9800274052551,"H80+":17.6468704132226},"Analyse":{"Votes décisifs":111,"tour décisif":1,"majeurs":950.1331742404587,"Non votants de 18-24":35.54634878012688}}