{"id":3027,"slug":"33-554-yvrac","nom_standard":"Yvrac","code_postal":"33","code_departement":"33","libelle_departement":"Gironde","code_commune":"554","Tour 1":{"Inscrits":2014,"Abstentions":1399,"% Abs/Ins":69.46,"Votants":615,"% Vot/Ins":30.54,"Blancs":37,"% Blancs/Ins":1.84,"% Blancs/Vot":6.02,"Nuls":42,"% Nuls/Ins":2.09,"% Nuls/Vot":6.83,"Exprimés":536,"% Exp/Ins":26.61,"% Exp/Vot":87.15,"resultats":[{"N.Pan.":null,"Code Nuance":"LNC","Sexe":"F","Nom":"BRISSON","Prénom":"Sylvie","Liste":"Ensemble, bien vivre à Yvrac","Sièges / Elu":"23","Sièges Secteur":0,"Sièges CC":2,"Voix":536,"% Voix/Ins":26.61,"% Voix/Exp":100}]},"population":{"F0-2":43.6173315634822,"F3-5":46.6851646908752,"F6-10":81.4044719186601,"F11-17":115.116256950837,"F18-24":69.9377310903805,"F25-39":241.701613202523,"F40-54":293.761536791246,"F55-64":172.218587916498,"F65-79":245.533675201053,"F80+":140.375897105836,"H0-2":42.6173615004407,"H3-5":66.4456501341215,"H6-10":86.4648042032465,"H11-17":120.065392597447,"H18-24":91.8906273474722,"H25-39":220.749363537216,"H40-54":286.048890021704,"H55-64":176.476770992287,"H65-79":232.171287186552,"H80+":86.7175860481224},"Analyse":{"Votes décisifs":537,"tour décisif":1,"majeurs":2257.58356644089,"Non votants de 18-24":117.74385945464076}}