{"id":330,"slug":"3-304-vendat","nom_standard":"Vendat","code_postal":"3","code_departement":"3","libelle_departement":"Allier","code_commune":"304","Tour 1":{"Inscrits":1822,"Abstentions":1140,"% Abs/Ins":62.57,"Votants":682,"% Vot/Ins":37.43,"Blancs":63,"% Blancs/Ins":3.46,"% Blancs/Vot":9.24,"Nuls":61,"% Nuls/Ins":3.35,"% Nuls/Vot":8.94,"Exprimés":558,"% Exp/Ins":30.63,"% Exp/Vot":81.82,"resultats":[{"N.Pan.":null,"Code Nuance":"LNC","Sexe":"M","Nom":"GERMANANGUE","Prénom":"Jean-Marc","Liste":"ENSEMBLE POUR VENDAT","Sièges / Elu":"19","Sièges Secteur":0,"Sièges CC":1,"Voix":558,"% Voix/Ins":30.63,"% Voix/Exp":100}]},"population":{"F0-2":25.8984880695692,"F3-5":31.7399936482418,"F6-10":72.1974871034316,"F11-17":84.3055827628739,"F18-24":38.9623391734954,"F25-39":169.004153340797,"F40-54":223.732076190805,"F55-64":174.400774486505,"F65-79":229.730375367009,"F80+":105.495774998164,"H0-2":34.8551490177061,"H3-5":34.7967385485986,"H6-10":42.5440665483949,"H11-17":91.3748247570285,"H18-24":42.9754974980382,"H25-39":154.534398314243,"H40-54":246.037403077717,"H55-64":189.401429223811,"H65-79":211.252715508834,"H80+":58.7607323647364},"Analyse":{"Votes décisifs":559,"tour décisif":1,"majeurs":1844.287669544155,"Non votants de 18-24":51.638005721735006}}