{"id":3320,"slug":"35-210-pace","nom_standard":"Pacé","code_postal":"35","code_departement":"35","libelle_departement":"Ille-et-Vilaine","code_commune":"210","Tour 1":{"Inscrits":8449,"Abstentions":4285,"% Abs/Ins":50.72,"Votants":4164,"% Vot/Ins":49.28,"Blancs":56,"% Blancs/Ins":0.66,"% Blancs/Vot":1.34,"Nuls":47,"% Nuls/Ins":0.56,"% Nuls/Vot":1.13,"Exprimés":4061,"% Exp/Ins":48.06,"% Exp/Vot":97.53,"resultats":[{"N.Pan.":null,"Code Nuance":"LDVD","Sexe":"M","Nom":"DEPOUEZ","Prénom":"Hervé","Liste":"PACÉ ENSEMBLE","Sièges / Elu":"27","Sièges Secteur":0,"Sièges CC":2,"Voix":2406,"% Voix/Ins":28.48,"% Voix/Exp":59.25},{"N.Pan.":2,"Code Nuance":"LDIV","Sexe":"F","Nom":"SIMONESSA","Prénom":"Ingrid","Liste":"EN ACTION POUR PACÉ","Sièges / Elu":"6","Sièges Secteur":0,"Sièges CC":0,"Voix":1655,"% Voix/Ins":19.59,"% Voix/Exp":40.75}]},"population":{"F0-2":153.934776356161,"F3-5":206.239069922833,"F6-10":432.087454027595,"F11-17":712.04974161571,"F18-24":536.696895685266,"F25-39":1017.31291110886,"F40-54":1458.49386931054,"F55-64":614.810270649872,"F65-79":693.257646034888,"F80+":356.250462245867,"H0-2":178.791991578823,"H3-5":215.908234217563,"H6-10":381.634008875956,"H11-17":751.522875121167,"H18-24":518.632276149031,"H25-39":919.424357401792,"H40-54":1373.24999570226,"H55-64":677.653281899067,"H65-79":562.05477876433,"H80+":243.99510333241},"Analyse":{"Votes décisifs":752,"tour décisif":1,"majeurs":8971.831848284184,"Non votants de 18-24":565.5305726375882}}