{"id":3328,"slug":"35-221-plechatel","nom_standard":"Pléchâtel","code_postal":"35","code_departement":"35","libelle_departement":"Ille-et-Vilaine","code_commune":"221","Tour 1":{"Inscrits":2085,"Abstentions":1330,"% Abs/Ins":63.79,"Votants":755,"% Vot/Ins":36.21,"Blancs":21,"% Blancs/Ins":1.01,"% Blancs/Vot":2.78,"Nuls":48,"% Nuls/Ins":2.3,"% Nuls/Vot":6.36,"Exprimés":686,"% Exp/Ins":32.9,"% Exp/Vot":90.86,"resultats":[{"N.Pan.":null,"Code Nuance":"LNC","Sexe":"M","Nom":"BOURASSEAU","Prénom":"Eric","Liste":"Pléchâtel, naturellement","Sièges / Elu":"23","Sièges Secteur":0,"Sièges CC":3,"Voix":686,"% Voix/Ins":32.9,"% Voix/Exp":100}]},"population":{"F0-2":49.0887138000829,"F3-5":54.8892969451739,"F6-10":100.23003438508,"F11-17":141.348338175162,"F18-24":69.4482152780134,"F25-39":249.370343128557,"F40-54":309.321619205912,"F55-64":158.656896133799,"F65-79":157.121689169783,"F80+":92.0180683602223,"H0-2":39.3900289374061,"H3-5":50.961013358054,"H6-10":95.6960196904553,"H11-17":173.399262378048,"H18-24":78.4147067026656,"H25-39":232.103415505366,"H40-54":349.058636628482,"H55-64":173.442669675406,"H65-79":148.713200841189,"H80+":57.327831701143},"Analyse":{"Votes décisifs":687,"tour décisif":1,"majeurs":2074.9972923305386,"Non votants de 18-24":94.06212594685488}}