{"id":3329,"slug":"35-222-pleine-fougeres","nom_standard":"Pleine-Fougères","code_postal":"35","code_departement":"35","libelle_departement":"Ille-et-Vilaine","code_commune":"222","Tour 1":{"Inscrits":1433,"Abstentions":444,"% Abs/Ins":30.98,"Votants":989,"% Vot/Ins":69.02,"Blancs":12,"% Blancs/Ins":0.84,"% Blancs/Vot":1.21,"Nuls":21,"% Nuls/Ins":1.47,"% Nuls/Vot":2.12,"Exprimés":956,"% Exp/Ins":66.71,"% Exp/Vot":96.66,"resultats":[{"N.Pan.":null,"Code Nuance":"LNC","Sexe":"M","Nom":"THEBAULT","Prénom":"Louis","Liste":"ENSEMBLE CONTINUONS D'AGIR POUR PLEINE-FOUGÈRES","Sièges / Elu":"17","Sièges Secteur":0,"Sièges CC":4,"Voix":671,"% Voix/Ins":46.82,"% Voix/Exp":70.19},{"N.Pan.":2,"Code Nuance":"LNC","Sexe":"M","Nom":"LELOUP","Prénom":"Jean-Pierre","Liste":"PLEINE-FOUGERES, AVEC VOUS \"AUTREMENT\"","Sièges / Elu":"2","Sièges Secteur":0,"Sièges CC":0,"Voix":285,"% Voix/Ins":19.89,"% Voix/Exp":29.81}]},"population":{"F0-2":23.8576378717941,"F3-5":27.8506570008821,"F6-10":54.5982722209348,"F11-17":95.3435279953429,"F18-24":38.923783829819,"F25-39":140.362018275806,"F40-54":167.749574930084,"F55-64":140.381741461319,"F65-79":194.658054002213,"F80+":141.559630202128,"H0-2":21.874245318919,"H3-5":45.6403235704845,"H6-10":71.4856598142005,"H11-17":79.432971449844,"H18-24":40.8898026986035,"H25-39":135.555052987354,"H40-54":165.718541442175,"H55-64":152.418401676188,"H65-79":166.510751351255,"H80+":66.1893519006533},"Analyse":{"Votes décisifs":387,"tour décisif":1,"majeurs":1550.916704757598,"Non votants de 18-24":28.917470164167348}}