{"id":3338,"slug":"35-234-quedillac","nom_standard":"Quédillac","code_postal":"35","code_departement":"35","libelle_departement":"Ille-et-Vilaine","code_commune":"234","Tour 1":{"Inscrits":892,"Abstentions":445,"% Abs/Ins":49.89,"Votants":447,"% Vot/Ins":50.11,"Blancs":13,"% Blancs/Ins":1.46,"% Blancs/Vot":2.91,"Nuls":82,"% Nuls/Ins":9.19,"% Nuls/Vot":18.34,"Exprimés":352,"% Exp/Ins":39.46,"% Exp/Vot":78.75,"resultats":[{"N.Pan.":null,"Code Nuance":"LNC","Sexe":"M","Nom":"LORAND","Prénom":"Hubert","Liste":"Avec vous, Demain","Sièges / Elu":"15","Sièges Secteur":0,"Sièges CC":2,"Voix":352,"% Voix/Ins":39.46,"% Voix/Exp":100}]},"population":{"F0-2":25.8901508772783,"F3-5":22.0530230032633,"F6-10":36.4563855755558,"F11-17":61.3861171357998,"F18-24":27.7864629842818,"F25-39":107.255094466834,"F40-54":139.855984863352,"F55-64":76.4754764283692,"F65-79":81.2041283432585,"F80+":31.5209350571781,"H0-2":22.0407585211087,"H3-5":28.7821839074393,"H6-10":32.6254563130579,"H11-17":77.7057591045933,"H18-24":38.3404356258849,"H25-39":116.811866539113,"H40-54":120.691934836387,"H55-64":82.2563965759899,"H65-79":61.1500707715579,"H80+":27.7113790696974},"Analyse":{"Votes décisifs":353,"tour décisif":1,"majeurs":911.0601655619038,"Non votants de 18-24":33.6825828601592}}