{"id":3347,"slug":"35-245-romille","nom_standard":"Romillé","code_postal":"35","code_departement":"35","libelle_departement":"Ille-et-Vilaine","code_commune":"245","Tour 1":{"Inscrits":2832,"Abstentions":1132,"% Abs/Ins":39.97,"Votants":1700,"% Vot/Ins":60.03,"Blancs":15,"% Blancs/Ins":0.53,"% Blancs/Vot":0.88,"Nuls":31,"% Nuls/Ins":1.09,"% Nuls/Vot":1.82,"Exprimés":1654,"% Exp/Ins":58.4,"% Exp/Vot":97.29,"resultats":[{"N.Pan.":null,"Code Nuance":"LDIV","Sexe":"M","Nom":"DAUCÉ","Prénom":"Henri","Liste":"romillé ensemble","Sièges / Elu":"21","Sièges Secteur":0,"Sièges CC":1,"Voix":850,"% Voix/Ins":30.01,"% Voix/Exp":51.39},{"N.Pan.":2,"Code Nuance":"LDIV","Sexe":"F","Nom":"DAUCÉ","Prénom":"Marie-Hélène","Liste":"ROMILLE POUR TOUS","Sièges / Elu":"6","Sièges Secteur":0,"Sièges CC":0,"Voix":804,"% Voix/Ins":28.39,"% Voix/Exp":48.61}]},"population":{"F0-2":71.2454340146089,"F3-5":80.2436849738592,"F6-10":184.294133922429,"F11-17":201.915619611805,"F18-24":142.10378666216,"F25-39":373.183166873571,"F40-54":427.058147366059,"F55-64":220.717641397216,"F65-79":211.956330401093,"F80+":116.547884139363,"H0-2":63.6637994906273,"H3-5":84.4649634123348,"H6-10":186.903279583226,"H11-17":244.048909757535,"H18-24":121.500755515611,"H25-39":391.405562140322,"H40-54":440.989602362791,"H55-64":235.808689101506,"H65-79":193.134255574295,"H80+":93.8143536995873},"Analyse":{"Votes décisifs":47,"tour décisif":1,"majeurs":2968.220175233574,"Non votants de 18-24":112.62931283281623}}