{"id":3348,"slug":"35-246-roz-landrieux","nom_standard":"Roz-Landrieux","code_postal":"35","code_departement":"35","libelle_departement":"Ille-et-Vilaine","code_commune":"246","Tour 1":{"Inscrits":977,"Abstentions":541,"% Abs/Ins":55.37,"Votants":436,"% Vot/Ins":44.63,"Blancs":17,"% Blancs/Ins":1.74,"% Blancs/Vot":3.9,"Nuls":68,"% Nuls/Ins":6.96,"% Nuls/Vot":15.6,"Exprimés":351,"% Exp/Ins":35.93,"% Exp/Vot":80.5,"resultats":[{"N.Pan.":null,"Code Nuance":"LNC","Sexe":"M","Nom":"MAINSARD","Prénom":"François","Liste":"ENSEMBLE POUR LE DEVELOPPEMENT DE ROZ LANDRIEUX","Sièges / Elu":"15","Sièges Secteur":0,"Sièges CC":2,"Voix":351,"% Voix/Ins":35.93,"% Voix/Exp":100}]},"population":{"F0-2":33.4978135973677,"F3-5":29.4029418172422,"F6-10":48.6737058598979,"F11-17":55.8553868562582,"F18-24":31.530719361214,"F25-39":149.859306057757,"F40-54":130.663251115102,"F55-64":81.1308140836746,"F65-79":87.4083447288335,"F80+":21.6372569616282,"H0-2":36.6174750059974,"H3-5":40.6401495620255,"H6-10":44.6887890059864,"H11-17":64.9274826718536,"H18-24":39.7231300214611,"H25-39":139.700604570066,"H40-54":143.972303284391,"H55-64":87.3079427196584,"H65-79":80.1754930431469,"H80+":20.5870896764374},"Analyse":{"Votes décisifs":352,"tour décisif":1,"majeurs":1013.6962556233701,"Non votants de 18-24":40.606919241119066}}