{"id":3349,"slug":"35-247-roz-sur-couesnon","nom_standard":"Roz-sur-Couesnon","code_postal":"35","code_departement":"35","libelle_departement":"Ille-et-Vilaine","code_commune":"247","Tour 1":{"Inscrits":753,"Abstentions":353,"% Abs/Ins":46.88,"Votants":400,"% Vot/Ins":53.12,"Blancs":5,"% Blancs/Ins":0.66,"% Blancs/Vot":1.25,"Nuls":56,"% Nuls/Ins":7.44,"% Nuls/Vot":14,"Exprimés":339,"% Exp/Ins":45.02,"% Exp/Vot":84.75,"resultats":[{"N.Pan.":null,"Code Nuance":"LNC","Sexe":"M","Nom":"FAMBON","Prénom":"Christophe","Liste":"NOUVEAUX HORIZONS POUR ROZ SUR COUESNON","Sièges / Elu":"15","Sièges Secteur":0,"Sièges CC":2,"Voix":339,"% Voix/Ins":45.02,"% Voix/Exp":100}]},"population":{"F0-2":15.3442796510871,"F3-5":17.4237282221612,"F6-10":28.3437920517837,"F11-17":38.9217934786047,"F18-24":26.739583669413,"F25-39":60.475170363612,"F40-54":96.0858998573247,"F55-64":69.5769968435727,"F65-79":106.381637748576,"F80+":62.5784747521456,"H0-2":13.4825107435797,"H3-5":16.4232889523428,"H6-10":36.2553508738297,"H11-17":41.9184405808918,"H18-24":21.3704695993356,"H25-39":63.0379165040288,"H40-54":91.2992623181483,"H55-64":70.3979025360571,"H65-79":94.1868827271267,"H80+":29.7566185263785},"Analyse":{"Votes décisifs":340,"tour décisif":1,"majeurs":791.886815445719,"Non votants de 18-24":23.808573647992688}}