{"id":3350,"slug":"35-249-sainte-anne-sur-vilaine","nom_standard":"Sainte-Anne-sur-Vilaine","code_postal":"35","code_departement":"35","libelle_departement":"Ille-et-Vilaine","code_commune":"249","Tour 1":{"Inscrits":744,"Abstentions":369,"% Abs/Ins":49.6,"Votants":375,"% Vot/Ins":50.4,"Blancs":10,"% Blancs/Ins":1.34,"% Blancs/Vot":2.67,"Nuls":63,"% Nuls/Ins":8.47,"% Nuls/Vot":16.8,"Exprimés":302,"% Exp/Ins":40.59,"% Exp/Vot":80.53,"resultats":[{"N.Pan.":null,"Code Nuance":"LNC","Sexe":"M","Nom":"GAUDICHON","Prénom":"Jean-Michel","Liste":"RÉUSSIR ENSEMBLE","Sièges / Elu":"15","Sièges Secteur":0,"Sièges CC":2,"Voix":302,"% Voix/Ins":40.59,"% Voix/Exp":100}]},"population":{"F0-2":16.1345859520707,"F3-5":13.1179740319362,"F6-10":54.5068437717531,"F11-17":59.602409416643,"F18-24":18.0997780773933,"F25-39":81.6510575949405,"F40-54":106.646954145618,"F55-64":50.1138266050762,"F65-79":89.1371901479709,"F80+":31.0151065824873,"H0-2":11.0718495830073,"H3-5":20.1763940097692,"H6-10":36.3614619785616,"H11-17":59.6189739945489,"H18-24":29.2033579235191,"H25-39":75.4870061742312,"H40-54":124.760040629872,"H55-64":56.1177424148463,"H65-79":70.1428193750338,"H80+":31.0346275907221},"Analyse":{"Votes décisifs":303,"tour décisif":1,"majeurs":763.4095072617107,"Non votants de 18-24":24.067014585593153}}