{"id":337,"slug":"4-1-aiglun","nom_standard":"Aiglun","code_postal":"4","code_departement":"4","libelle_departement":"Alpes-de-Haute-Provence","code_commune":"1","Tour 1":{"Inscrits":884,"Abstentions":511,"% Abs/Ins":57.81,"Votants":373,"% Vot/Ins":42.19,"Blancs":11,"% Blancs/Ins":1.24,"% Blancs/Vot":2.95,"Nuls":32,"% Nuls/Ins":3.62,"% Nuls/Vot":8.58,"Exprimés":330,"% Exp/Ins":37.33,"% Exp/Vot":88.47,"resultats":[{"N.Pan.":null,"Code Nuance":"LNC","Sexe":"M","Nom":"AUDRAN","Prénom":"Michel","Liste":"AIGLUN EN DEVENIR VIVONS LE ENSEMBLE","Sièges / Elu":"15","Sièges Secteur":0,"Sièges CC":1,"Voix":330,"% Voix/Ins":37.33,"% Voix/Exp":100}]},"population":{"F0-2":17.7375351461739,"F3-5":25.1906954122749,"F6-10":45.5726265905643,"F11-17":57.5334638813651,"F18-24":22.3444112408824,"F25-39":107.979077531702,"F40-54":140.157437226395,"F55-64":109.982964430185,"F65-79":136.566970706613,"F80+":103.45042413177,"H0-2":13.8920013118993,"H3-5":21.1666159987688,"H6-10":40.6975731583293,"H11-17":47.1337246276593,"H18-24":32.4804337189844,"H25-39":97.6616814853942,"H40-54":129.6244378681,"H55-64":104.070255921719,"H65-79":131.329758625381,"H80+":35.4279109858395},"Analyse":{"Votes décisifs":331,"tour décisif":1,"majeurs":1151.0757638729656,"Non votants de 18-24":37.05914454999598}}