{"id":338,"slug":"4-8-annot","nom_standard":"Annot","code_postal":"4","code_departement":"4","libelle_departement":"Alpes-de-Haute-Provence","code_commune":"8","Tour 1":{"Inscrits":884,"Abstentions":239,"% Abs/Ins":27.04,"Votants":645,"% Vot/Ins":72.96,"Blancs":23,"% Blancs/Ins":2.6,"% Blancs/Vot":3.57,"Nuls":15,"% Nuls/Ins":1.7,"% Nuls/Vot":2.33,"Exprimés":607,"% Exp/Ins":68.67,"% Exp/Vot":94.11,"resultats":[{"N.Pan.":null,"Code Nuance":"LNC","Sexe":"M","Nom":"RIGAULT","Prénom":"Philippe","Liste":"Pour Annot 2020","Sièges / Elu":"3","Sièges Secteur":0,"Sièges CC":1,"Voix":299,"% Voix/Ins":33.82,"% Voix/Exp":49.26},{"N.Pan.":2,"Code Nuance":"LNC","Sexe":"F","Nom":"COZZI","Prénom":"Marion","Liste":"Ensemble pour l'avenir d'Annot","Sièges / Elu":"12","Sièges Secteur":0,"Sièges CC":4,"Voix":308,"% Voix/Ins":34.84,"% Voix/Exp":50.74}]},"population":{"F0-2":11.1956844579813,"F3-5":16.2183163480374,"F6-10":24.0597728596629,"F11-17":41.5564452805177,"F18-24":22.791084198294,"F25-39":82.649165227102,"F40-54":92.1305193869385,"F55-64":94.4207210481273,"F65-79":116.592106481332,"F80+":37.3439103472441,"H0-2":13.753757279474,"H3-5":14.5640133725729,"H6-10":30.7415288986727,"H11-17":37.8207969201372,"H18-24":23.8892243181919,"H25-39":73.4049634850465,"H40-54":89.6376341480926,"H55-64":69.8020697908317,"H65-79":102.775392231509,"H80+":25.6528939202344},"Analyse":{"Votes décisifs":10,"tour décisif":1,"majeurs":831.0896845829442,"Non votants de 18-24":10.45220997108939}}