{"id":3393,"slug":"35-328-sixt-sur-aff","nom_standard":"Sixt-sur-Aff","code_postal":"35","code_departement":"35","libelle_departement":"Ille-et-Vilaine","code_commune":"328","Tour 1":{"Inscrits":1652,"Abstentions":1075,"% Abs/Ins":65.07,"Votants":577,"% Vot/Ins":34.93,"Blancs":22,"% Blancs/Ins":1.33,"% Blancs/Vot":3.81,"Nuls":63,"% Nuls/Ins":3.81,"% Nuls/Vot":10.92,"Exprimés":492,"% Exp/Ins":29.78,"% Exp/Vot":85.27,"resultats":[{"N.Pan.":null,"Code Nuance":"LNC","Sexe":"M","Nom":"RIAUD","Prénom":"René","Liste":"LISTE POUR UN AVENIR RESPONSABLE, ACTIF ET SOLIDAIRE","Sièges / Elu":"19","Sièges Secteur":0,"Sièges CC":2,"Voix":492,"% Voix/Ins":29.78,"% Voix/Exp":100}]},"population":{"F0-2":31.3646246803415,"F3-5":46.1383497986532,"F6-10":70.6825430806881,"F11-17":91.3567930117265,"F18-24":45.6670640480088,"F25-39":164.603427386099,"F40-54":202.472667644625,"F55-64":164.375598234477,"F65-79":165.944678651194,"F80+":94.5634903160901,"H0-2":34.4621217226477,"H3-5":40.2634828123694,"H6-10":69.7144961746931,"H11-17":104.978121353425,"H18-24":64.4955837524085,"H25-39":181.961136940424,"H40-54":218.74246834473,"H55-64":157.052044534064,"H65-79":157.630219985267,"H80+":37.5310875280681},"Analyse":{"Votes décisifs":493,"tour décisif":1,"majeurs":1655.0394673654557,"Non votants de 18-24":71.75640490759751}}