{"id":3082,"slug":"34-119-herepian","nom_standard":"Hérépian","code_postal":"34","code_departement":"34","libelle_departement":"Hérault","code_commune":"119","Tour 1":{"Inscrits":1155,"Abstentions":605,"% Abs/Ins":52.38,"Votants":550,"% Vot/Ins":47.62,"Blancs":24,"% Blancs/Ins":2.08,"% Blancs/Vot":4.36,"Nuls":88,"% Nuls/Ins":7.62,"% Nuls/Vot":16,"Exprimés":438,"% Exp/Ins":37.92,"% Exp/Vot":79.64,"resultats":[{"N.Pan.":null,"Code Nuance":"LNC","Sexe":"M","Nom":"LAFAURIE","Prénom":"Jean-Louis","Liste":"HEREPIAN ENSEMBLE","Sièges / Elu":"19","Sièges Secteur":0,"Sièges CC":3,"Voix":438,"% Voix/Ins":37.92,"% Voix/Exp":100}]},"population":{"F0-2":13.4958186585993,"F3-5":12.6817419293223,"F6-10":23.2975615477534,"F11-17":62.9786318801474,"F18-24":44.6062757304328,"F25-39":121.721210982754,"F40-54":149.077437631581,"F55-64":109.911304205357,"F65-79":159.855693337981,"F80+":96.1509488829048,"H0-2":21.3815809541362,"H3-5":23.2145540852814,"H6-10":39.6793557629771,"H11-17":58.0970469216731,"H18-24":46.7075507749214,"H25-39":115.603563753067,"H40-54":123.374710267809,"H55-64":102.535083808999,"H65-79":145.096723500203,"H80+":56.5332053841003},"Analyse":{"Votes décisifs":439,"tour décisif":1,"majeurs":1271.1737082601103,"Non votants de 18-24":51.804981843450484}}