{"id":3140,"slug":"34-224-puissalicon","nom_standard":"Puissalicon","code_postal":"34","code_departement":"34","libelle_departement":"Hérault","code_commune":"224","Tour 1":{"Inscrits":1045,"Abstentions":253,"% Abs/Ins":24.21,"Votants":792,"% Vot/Ins":75.79,"Blancs":12,"% Blancs/Ins":1.15,"% Blancs/Vot":1.52,"Nuls":6,"% Nuls/Ins":0.57,"% Nuls/Vot":0.76,"Exprimés":774,"% Exp/Ins":74.07,"% Exp/Vot":97.73,"resultats":[{"N.Pan.":null,"Code Nuance":"LNC","Sexe":"M","Nom":"VIGOUROUS","Prénom":"Jean-Marie","Liste":"ENSEMBLE, CONSTRUISONS PUISSALICON","Sièges / Elu":"3","Sièges Secteur":0,"Sièges CC":0,"Voix":316,"% Voix/Ins":30.24,"% Voix/Exp":40.83},{"N.Pan.":2,"Code Nuance":"LNC","Sexe":"M","Nom":"FARENC","Prénom":"Michel","Liste":"PUISSALICON Allons plus loin","Sièges / Elu":"12","Sièges Secteur":0,"Sièges CC":2,"Voix":458,"% Voix/Ins":43.83,"% Voix/Exp":59.17}]},"population":{"F0-2":16.5098440391302,"F3-5":31.7264228496038,"F6-10":48.1444381948179,"F11-17":56.1467908599676,"F18-24":29.9743989216248,"F25-39":107.695807593283,"F40-54":133.953559063753,"F55-64":104.579976935428,"F65-79":116.826769755552,"F80+":31.4207937639096,"H0-2":13.5900533342769,"H3-5":19.1102982224709,"H6-10":48.8129482312732,"H11-17":71.3705275684232,"H18-24":31.6459217718756,"H25-39":90.6127969537205,"H40-54":139.354103339988,"H55-64":105.412319136891,"H65-79":111.501682517661,"H80+":40.6105469463485},"Analyse":{"Votes décisifs":143,"tour décisif":1,"majeurs":1043.588676700035,"Non votants de 18-24":14.855445720369442}}