{"id":3040,"slug":"34-25-bassan","nom_standard":"Bassan","code_postal":"34","code_departement":"34","libelle_departement":"Hérault","code_commune":"25","Tour 1":{"Inscrits":1725,"Abstentions":730,"% Abs/Ins":42.32,"Votants":995,"% Vot/Ins":57.68,"Blancs":11,"% Blancs/Ins":0.64,"% Blancs/Vot":1.11,"Nuls":8,"% Nuls/Ins":0.46,"% Nuls/Vot":0.8,"Exprimés":976,"% Exp/Ins":56.58,"% Exp/Vot":98.09,"resultats":[{"N.Pan.":null,"Code Nuance":"LNC","Sexe":"M","Nom":"BIOLA","Prénom":"Alain","Liste":"BASSAN DEMAIN","Sièges / Elu":"17","Sièges Secteur":0,"Sièges CC":1,"Voix":714,"% Voix/Ins":41.39,"% Voix/Exp":73.16},{"N.Pan.":2,"Code Nuance":"LNC","Sexe":"M","Nom":"ARGENTIERI","Prénom":"Vincent","Liste":"ENSEMBLE POUR L'AVENIR DE BASSAN","Sièges / Elu":"2","Sièges Secteur":0,"Sièges CC":0,"Voix":262,"% Voix/Ins":15.19,"% Voix/Exp":26.84}]},"population":{"F0-2":34.8140996227922,"F3-5":32.9248485974108,"F6-10":79.9646465131486,"F11-17":88.4382659960037,"F18-24":47.113771983823,"F25-39":202.709479009731,"F40-54":212.194387182414,"F55-64":137.221759905245,"F65-79":246.219885499519,"F80+":80.5728680121781,"H0-2":33.9064657295296,"H3-5":35.7335909647472,"H6-10":64.8474177975628,"H11-17":109.155295599043,"H18-24":54.6621857053843,"H25-39":186.741046669034,"H40-54":186.746910364628,"H55-64":130.542676115495,"H65-79":211.9925597728,"H80+":44.4978389595119},"Analyse":{"Votes décisifs":453,"tour décisif":1,"majeurs":1741.2153691797635,"Non votants de 18-24":43.61711088987927}}