{"id":3144,"slug":"34-237-roujan","nom_standard":"Roujan","code_postal":"34","code_departement":"34","libelle_departement":"Hérault","code_commune":"237","Tour 1":{"Inscrits":1769,"Abstentions":790,"% Abs/Ins":44.66,"Votants":979,"% Vot/Ins":55.34,"Blancs":14,"% Blancs/Ins":0.79,"% Blancs/Vot":1.43,"Nuls":10,"% Nuls/Ins":0.57,"% Nuls/Vot":1.02,"Exprimés":955,"% Exp/Ins":53.99,"% Exp/Vot":97.55,"resultats":[{"N.Pan.":null,"Code Nuance":"LNC","Sexe":"M","Nom":"RASSIER","Prénom":"Jean-Marie","Liste":"ROUJAN dans son Elan","Sièges / Elu":"2","Sièges Secteur":0,"Sièges CC":0,"Voix":276,"% Voix/Ins":15.6,"% Voix/Exp":28.9},{"N.Pan.":2,"Code Nuance":"LNC","Sexe":"M","Nom":"BLANQUEFORT","Prénom":"Jean","Liste":"UNIS POUR ROUJAN","Sièges / Elu":"17","Sièges Secteur":0,"Sièges CC":3,"Voix":679,"% Voix/Ins":38.38,"% Voix/Exp":71.1}]},"population":{"F0-2":21.8541020335644,"F3-5":32.4634458507314,"F6-10":67.1428050386311,"F11-17":85.7902948859194,"F18-24":36.0676074967861,"F25-39":143.138982525093,"F40-54":215.111012830238,"F55-64":174.119081372078,"F65-79":257.709585995125,"F80+":98.5867793455058,"H0-2":26.3933938232058,"H3-5":30.20143786321,"H6-10":56.4804912727215,"H11-17":109.996678825961,"H18-24":55.8836063898309,"H25-39":154.59982919154,"H40-54":182.579927530284,"H55-64":163.470669223425,"H65-79":245.692842195191,"H80+":65.7174263109591},"Analyse":{"Votes décisifs":404,"tour décisif":1,"majeurs":1792.6773504060557,"Non votants de 18-24":41.73568660581115}}