{"id":3182,"slug":"34-324-valras-plage","nom_standard":"Valras-Plage","code_postal":"34","code_departement":"34","libelle_departement":"Hérault","code_commune":"324","Tour 1":{"Inscrits":3944,"Abstentions":1771,"% Abs/Ins":44.9,"Votants":2173,"% Vot/Ins":55.1,"Blancs":64,"% Blancs/Ins":1.62,"% Blancs/Vot":2.95,"Nuls":0,"% Nuls/Ins":0,"% Nuls/Vot":0,"Exprimés":2109,"% Exp/Ins":53.47,"% Exp/Vot":97.05,"resultats":[{"N.Pan.":null,"Code Nuance":"LDVD","Sexe":"M","Nom":"BALLESTER","Prénom":"Daniel","Liste":"DANIEL BALLESTER 2020 - TOUS UNIS POUR VALRAS-PLAGE","Sièges / Elu":"23","Sièges Secteur":0,"Sièges CC":2,"Voix":1419,"% Voix/Ins":35.98,"% Voix/Exp":67.28},{"N.Pan.":2,"Code Nuance":"LDVD","Sexe":"M","Nom":"PRAX","Prénom":"Jacques","Liste":"CHOISIR VALRAS-PLAGE","Sièges / Elu":"4","Sièges Secteur":0,"Sièges CC":0,"Voix":690,"% Voix/Ins":17.49,"% Voix/Exp":32.72}]},"population":{"F0-2":20.9873316453659,"F3-5":28.6544403052583,"F6-10":59.035521791985,"F11-17":116.193536687943,"F18-24":64.232411915454,"F25-39":171.668456879639,"F40-54":344.984228768108,"F55-64":360.058913589577,"F65-79":799.717911014596,"F80+":291.493843630877,"H0-2":22.8857444166584,"H3-5":29.7405560031405,"H6-10":66.1904727456298,"H11-17":111.013686488895,"H18-24":75.6792291700269,"H25-39":160.900112428171,"H40-54":283.001853237094,"H55-64":299.392903562453,"H65-79":687.845014551636,"H80+":194.323831167493},"Analyse":{"Votes décisifs":730,"tour décisif":1,"majeurs":3733.298709915125,"Non votants de 18-24":58.474815451546576}}