{"id":3183,"slug":"34-325-valros","nom_standard":"Valros","code_postal":"34","code_departement":"34","libelle_departement":"Hérault","code_commune":"325","Tour 1":{"Inscrits":1293,"Abstentions":811,"% Abs/Ins":62.72,"Votants":482,"% Vot/Ins":37.28,"Blancs":16,"% Blancs/Ins":1.24,"% Blancs/Vot":3.32,"Nuls":31,"% Nuls/Ins":2.4,"% Nuls/Vot":6.43,"Exprimés":435,"% Exp/Ins":33.64,"% Exp/Vot":90.25,"resultats":[{"N.Pan.":null,"Code Nuance":"LNC","Sexe":"M","Nom":"LOUP","Prénom":"Michel","Liste":"VALROS AVENIR","Sièges / Elu":"19","Sièges Secteur":0,"Sièges CC":1,"Voix":435,"% Voix/Ins":33.64,"% Voix/Exp":100}]},"population":{"F0-2":23.5325995854112,"F3-5":26.6144754723128,"F6-10":49.6905388725985,"F11-17":51.9179497631075,"F18-24":43.0212355651149,"F25-39":127.694378800973,"F40-54":158.727578080977,"F55-64":113.952140940437,"F65-79":148.986026525913,"F80+":89.7885154625285,"H0-2":21.6780267646231,"H3-5":43.9139653767759,"H6-10":55.7334066652672,"H11-17":61.1645709541792,"H18-24":43.823464228436,"H25-39":129.194098146816,"H40-54":153.893860364424,"H55-64":102.228447830989,"H65-79":143.444737312339,"H80+":53.9999832867778},"Analyse":{"Votes décisifs":436,"tour décisif":1,"majeurs":1308.754466545725,"Non votants de 18-24":54.86074377239369}}