{"id":3192,"slug":"34-341-villeveyrac","nom_standard":"Villeveyrac","code_postal":"34","code_departement":"34","libelle_departement":"Hérault","code_commune":"341","Tour 1":{"Inscrits":2904,"Abstentions":1132,"% Abs/Ins":38.98,"Votants":1772,"% Vot/Ins":61.02,"Blancs":26,"% Blancs/Ins":0.9,"% Blancs/Vot":1.47,"Nuls":18,"% Nuls/Ins":0.62,"% Nuls/Vot":1.02,"Exprimés":1728,"% Exp/Ins":59.5,"% Exp/Vot":97.52,"resultats":[{"N.Pan.":null,"Code Nuance":"LDVG","Sexe":"M","Nom":"GARCIA","Prénom":"Michel","Liste":"Villeveyrac, ensemble continuons","Sièges / Elu":"25","Sièges Secteur":0,"Sièges CC":1,"Voix":1394,"% Voix/Ins":48,"% Voix/Exp":80.67},{"N.Pan.":2,"Code Nuance":"LDIV","Sexe":"M","Nom":"BETTI","Prénom":"Bernard Francis","Liste":"VILLEVEYRAC D'ABORD","Sièges / Elu":"2","Sièges Secteur":0,"Sièges CC":0,"Voix":334,"% Voix/Ins":11.5,"% Voix/Exp":19.33}]},"population":{"F0-2":68.6186512974916,"F3-5":95.198827857436,"F6-10":153.129316473775,"F11-17":187.271084364681,"F18-24":100.600146881989,"F25-39":361.719857824457,"F40-54":439.880788733069,"F55-64":180.857391944941,"F65-79":229.9842274726,"F80+":143.065942757261,"H0-2":69.7017022113196,"H3-5":95.1071752675496,"H6-10":141.331028000419,"H11-17":210.735452022531,"H18-24":126.400715135317,"H25-39":348.17127359344,"H40-54":450.383522180978,"H55-64":192.991916367814,"H65-79":232.924193503411,"H80+":80.9267861095204},"Analyse":{"Votes décisifs":1061,"tour décisif":1,"majeurs":2887.9067625047974,"Non votants de 18-24":87.71467289332523}}