{"id":3056,"slug":"34-58-castries","nom_standard":"Castries","code_postal":"34","code_departement":"34","libelle_departement":"Hérault","code_commune":"58","Tour 1":{"Inscrits":5096,"Abstentions":2702,"% Abs/Ins":53.02,"Votants":2394,"% Vot/Ins":46.98,"Blancs":38,"% Blancs/Ins":0.75,"% Blancs/Vot":1.59,"Nuls":42,"% Nuls/Ins":0.82,"% Nuls/Vot":1.75,"Exprimés":2314,"% Exp/Ins":45.41,"% Exp/Vot":96.66,"resultats":[{"N.Pan.":null,"Code Nuance":"LDIV","Sexe":"M","Nom":"PORTE","Prénom":"Sébastien","Liste":"CASTRIES 2020","Sièges / Elu":"2","Sièges Secteur":0,"Sièges CC":0,"Voix":421,"% Voix/Ins":8.26,"% Voix/Exp":18.19},{"N.Pan.":2,"Code Nuance":"LSOC","Sexe":"F","Nom":"VASSAS MEJRI","Prénom":"Claudine","Liste":"Castries se vit !","Sièges / Elu":"27","Sièges Secteur":0,"Sièges CC":1,"Voix":1893,"% Voix/Ins":37.15,"% Voix/Exp":81.81}]},"population":{"F0-2":107.123009620027,"F3-5":100.670551377579,"F6-10":204.653331524403,"F11-17":278.741973669938,"F18-24":177.22714392277,"F25-39":545.363250638851,"F40-54":761.392265557027,"F55-64":393.71183014813,"F65-79":540.508421995517,"F80+":249.710544700763,"H0-2":88.5956500819713,"H3-5":110.110639124791,"H6-10":191.273995857101,"H11-17":329.640053495032,"H18-24":242.039077399964,"H25-39":472.42291729259,"H40-54":684.17143337575,"H55-64":358.94556685895,"H65-79":418.908557848151,"H80+":167.789785510695},"Analyse":{"Votes décisifs":1473,"tour décisif":1,"majeurs":5012.190795249157,"Non votants de 18-24":219.00981153122885}}