{"id":3430,"slug":"36-88-issoudun","nom_standard":"Issoudun","code_postal":"36","code_departement":"36","libelle_departement":"Indre","code_commune":"88","Tour 1":{"Inscrits":8786,"Abstentions":5299,"% Abs/Ins":60.31,"Votants":3487,"% Vot/Ins":39.69,"Blancs":61,"% Blancs/Ins":0.69,"% Blancs/Vot":1.75,"Nuls":107,"% Nuls/Ins":1.22,"% Nuls/Vot":3.07,"Exprimés":3319,"% Exp/Ins":37.78,"% Exp/Vot":95.18,"resultats":[{"N.Pan.":null,"Code Nuance":"LEXG","Sexe":"M","Nom":"MERCIER","Prénom":"Damien","Liste":"Lutte Ouvrière - Faire entendre le camp des travailleurs","Sièges / Elu":"0","Sièges Secteur":0,"Sièges CC":0,"Voix":156,"% Voix/Ins":1.78,"% Voix/Exp":4.7},{"N.Pan.":2,"Code Nuance":"LDIV","Sexe":"M","Nom":"ALBARAO","Prénom":"Christopher","Liste":"Issoudun Avenir","Sièges / Elu":"3","Sièges Secteur":0,"Sièges CC":2,"Voix":687,"% Voix/Ins":7.82,"% Voix/Exp":20.7},{"N.Pan.":3,"Code Nuance":"LSOC","Sexe":"M","Nom":"LAIGNEL","Prénom":"André","Liste":"Issoudun pour tous, tous pour Issoudun","Sièges / Elu":30,"Sièges CC":17,"Voix":2476,"% Voix/Ins":28.18,"% Voix/Exp":74.6}]},"population":{"F0-2":133.645301485346,"F3-5":158.122658078852,"F6-10":266.132965955817,"F11-17":349.272710632604,"F18-24":384.094931770296,"F25-39":748.847198677789,"F40-54":1027.08613461338,"F55-64":818.912161376783,"F65-79":1199.79908076272,"F80+":899.781841626906,"H0-2":129.142813646746,"H3-5":134.325803005914,"H6-10":266.463274660403,"H11-17":354.782057477125,"H18-24":419.451722250646,"H25-39":812.166457727261,"H40-54":1054.45404510518,"H55-64":817.996594145674,"H65-79":889.995558563981,"H80+":449.526688436576},"Analyse":{"Votes décisifs":1634,"tour décisif":1,"majeurs":9522.11241505719,"Non votants de 18-24":509.2876639526972}}