{"id":3441,"slug":"36-154-le-pechereau","nom_standard":"Le Pêchereau","code_postal":"36","code_departement":"36","libelle_departement":"Indre","code_commune":"154","Tour 1":{"Inscrits":1483,"Abstentions":905,"% Abs/Ins":61.02,"Votants":578,"% Vot/Ins":38.98,"Blancs":31,"% Blancs/Ins":2.09,"% Blancs/Vot":5.36,"Nuls":73,"% Nuls/Ins":4.92,"% Nuls/Vot":12.63,"Exprimés":474,"% Exp/Ins":31.96,"% Exp/Vot":82.01,"resultats":[{"N.Pan.":null,"Code Nuance":"LNC","Sexe":"M","Nom":"NANDILLON","Prénom":"Jean-Pierre","Liste":"Ensemble continuons pour Le Pêchereau de demain","Sièges / Elu":"19","Sièges Secteur":0,"Sièges CC":4,"Voix":474,"% Voix/Ins":31.96,"% Voix/Exp":100}]},"population":{"F0-2":21.3460152074963,"F3-5":28.0423955689601,"F6-10":41.5499594408631,"F11-17":82.6472090394688,"F18-24":47.2024156356799,"F25-39":105.080649534614,"F40-54":203.36251759819,"F55-64":160.149912561363,"F65-79":196.566038191615,"F80+":90.6213787966256,"H0-2":17.5408218757437,"H3-5":15.6369387441344,"H6-10":40.9608568940729,"H11-17":89.3252505898019,"H18-24":43.3990817228314,"H25-39":96.7945416399615,"H40-54":195.674464489931,"H55-64":151.885227965339,"H65-79":163.479630840531,"H80+":62.734693662777},"Analyse":{"Votes décisifs":475,"tour décisif":1,"majeurs":1516.9505526394585,"Non votants de 18-24":56.07982795926752}}