{"id":3454,"slug":"36-247-vineuil","nom_standard":"Vineuil","code_postal":"36","code_departement":"36","libelle_departement":"Indre","code_commune":"247","Tour 1":{"Inscrits":929,"Abstentions":493,"% Abs/Ins":53.07,"Votants":436,"% Vot/Ins":46.93,"Blancs":12,"% Blancs/Ins":1.29,"% Blancs/Vot":2.75,"Nuls":16,"% Nuls/Ins":1.72,"% Nuls/Vot":3.67,"Exprimés":408,"% Exp/Ins":43.92,"% Exp/Vot":93.58,"resultats":[{"N.Pan.":null,"Code Nuance":"LNC","Sexe":"M","Nom":"BACHELLERIE","Prénom":"Bernard","Liste":"LISTE D'UNION POUR LE PROGRÈS ET LA DÉFENSE DES INTÉRÊTS COMMUNAUX","Sièges / Elu":"15","Sièges Secteur":0,"Sièges CC":4,"Voix":408,"% Voix/Ins":43.92,"% Voix/Exp":100}]},"population":{"F0-2":13.369816981284,"F3-5":23.3515076515567,"F6-10":37.1180007425787,"F11-17":60.1820842588575,"F18-24":30.3575134482608,"F25-39":114.364549360733,"F40-54":134.803407880255,"F55-64":71.4043680945868,"F65-79":82.3097186070542,"F80+":23.5686431660846,"H0-2":26.1883141900461,"H3-5":32.5306019594584,"H6-10":42.5908430611922,"H11-17":84.7847962716543,"H18-24":33.7501034677987,"H25-39":105.521641675042,"H40-54":147.261598622397,"H55-64":75.6847014927911,"H65-79":74.4255504185608,"H80+":20.4322386498082},"Analyse":{"Votes décisifs":409,"tour décisif":1,"majeurs":913.8840348833721,"Non votants de 18-24":33.52286008860384}}