{"id":347,"slug":"4-88-forcalquier","nom_standard":"Forcalquier","code_postal":"4","code_departement":"4","libelle_departement":"Alpes-de-Haute-Provence","code_commune":"88","Tour 1":{"Inscrits":3955,"Abstentions":1644,"% Abs/Ins":41.57,"Votants":2311,"% Vot/Ins":58.43,"Blancs":24,"% Blancs/Ins":0.61,"% Blancs/Vot":1.04,"Nuls":42,"% Nuls/Ins":1.06,"% Nuls/Vot":1.82,"Exprimés":2245,"% Exp/Ins":56.76,"% Exp/Vot":97.14,"resultats":[{"N.Pan.":null,"Code Nuance":"LDVD","Sexe":"M","Nom":"LIEUTAUD","Prénom":"Eric","Liste":"FORCALQUIER AUTREMENT","Sièges / Elu":"0","Sièges Secteur":0,"Sièges CC":0,"Voix":361,"% Voix/Ins":9.13,"% Voix/Exp":16.08},{"N.Pan.":2,"Code Nuance":"LDVD","Sexe":"M","Nom":"GEHANT","Prénom":"David","Liste":"NOS VIES NOTRE VILLE","Sièges / Elu":"0","Sièges Secteur":0,"Sièges CC":0,"Voix":945,"% Voix/Ins":23.89,"% Voix/Exp":42.09},{"N.Pan.":3,"Code Nuance":"LDVG","Sexe":"F","Nom":"ROUANET","Prénom":"Dominique","Liste":"FORCALQUIER EN COMMUN","Sièges / Elu":0,"Sièges CC":0,"Voix":939,"% Voix/Ins":23.74,"% Voix/Exp":41.83}]},"Tour 2":{"Inscrits":3958,"Abstentions":1191,"% Abs/Ins":30.09,"Votants":2767,"% Vot/Ins":69.91,"Blancs":42,"% Blancs/Ins":1.06,"% Blancs/Vot":1.52,"Nuls":25,"% Nuls/Ins":0.63,"% Nuls/Vot":0.9,"Exprimés":2700,"% Exp/Ins":68.22,"% Exp/Vot":97.58,"resultats":[{"N.Pan.":2,"Code Nuance":"LDVD","Sexe":"M","Nom":"GEHANT","Prénom":"David","Liste":"NOS VIES NOTRE VILLE","Sièges / Elu":22,"Sièges Secteur":0,"Sièges CC":10,"Voix":1436,"% Voix/Ins":36.28,"% Voix/Exp":53.19},{"N.Pan.":3,"Code Nuance":"LDVG","Sexe":"F","Nom":"ROUANET","Prénom":"Dominique","Liste":"FORCALQUIER EN COMMUN","Sièges / Elu":7,"Sièges Secteur":0,"Sièges CC":3,"Voix":1264,"% Voix/Ins":31.94,"% Voix/Exp":46.81}]},"population":{"F0-2":64.7844854362269,"F3-5":74.7160602258724,"F6-10":142.481114675149,"F11-17":189.355984630982,"F18-24":97.8708186161801,"F25-39":389.113083495783,"F40-54":497.336595726153,"F55-64":391.095610237964,"F65-79":545.270243736765,"F80+":333.253242756143,"H0-2":60.7396093307743,"H3-5":81.7024501386668,"H6-10":168.317159907786,"H11-17":222.276150864004,"H18-24":109.806376755337,"H25-39":357.379829096992,"H40-54":451.362393921149,"H55-64":325.984421499563,"H65-79":455.107015410818,"H80+":157.047353537692},"Analyse":{"Votes décisifs":172,"tour décisif":2,"majeurs":4110.626984790539,"Non votants de 18-24":67.88275483502815}}