{"id":3494,"slug":"37-115-descartes","nom_standard":"Descartes","code_postal":"37","code_departement":"37","libelle_departement":"Indre-et-Loire","code_commune":"115","Tour 1":{"Inscrits":2787,"Abstentions":1236,"% Abs/Ins":44.35,"Votants":1551,"% Vot/Ins":55.65,"Blancs":21,"% Blancs/Ins":0.75,"% Blancs/Vot":1.35,"Nuls":48,"% Nuls/Ins":1.72,"% Nuls/Vot":3.09,"Exprimés":1482,"% Exp/Ins":53.18,"% Exp/Vot":95.55,"resultats":[{"N.Pan.":null,"Code Nuance":"LNC","Sexe":"F","Nom":"COLLIN LOUAULT","Prénom":"Maryline","Liste":"Ecouter, agir pour l'avenir","Sièges / Elu":"4","Sièges Secteur":0,"Sièges CC":1,"Voix":534,"% Voix/Ins":19.16,"% Voix/Exp":36.03},{"N.Pan.":2,"Code Nuance":"LNC","Sexe":"M","Nom":"MEREAU","Prénom":"Bruno","Liste":"Réunis pour Descartes","Sièges / Elu":"18","Sièges Secteur":0,"Sièges CC":5,"Voix":743,"% Voix/Ins":26.66,"% Voix/Exp":50.13},{"N.Pan.":3,"Code Nuance":"LNC","Sexe":"M","Nom":"HENON","Prénom":"Sylvain","Liste":"Descartes Demain","Sièges / Elu":1,"Sièges CC":0,"Voix":205,"% Voix/Ins":7.36,"% Voix/Exp":13.83}]},"population":{"F0-2":29.9676748446979,"F3-5":35.770173717607,"F6-10":78.0558490211679,"F11-17":93.6267039991816,"F18-24":72.8079840700732,"F25-39":176.60259525875,"F40-54":289.508889682509,"F55-64":281.841651440512,"F65-79":428.693011284865,"F80+":264.667147616108,"H0-2":26.1239525345742,"H3-5":43.5228807855595,"H6-10":79.8884603955313,"H11-17":118.949459016919,"H18-24":75.468069408752,"H25-39":192.820271507461,"H40-54":278.380218459968,"H55-64":241.503912679059,"H65-79":357.879768008354,"H80+":164.921326268352},"Analyse":{"Votes décisifs":5,"tour décisif":1,"majeurs":2825.094845684763,"Non votants de 18-24":66.87129664493033}}