{"id":3280,"slug":"35-138-laignelet","nom_standard":"Laignelet","code_postal":"35","code_departement":"35","libelle_departement":"Ille-et-Vilaine","code_commune":"138","Tour 1":{"Inscrits":867,"Abstentions":542,"% Abs/Ins":62.51,"Votants":325,"% Vot/Ins":37.49,"Blancs":18,"% Blancs/Ins":2.08,"% Blancs/Vot":5.54,"Nuls":50,"% Nuls/Ins":5.77,"% Nuls/Vot":15.38,"Exprimés":257,"% Exp/Ins":29.64,"% Exp/Vot":79.08,"resultats":[{"N.Pan.":null,"Code Nuance":"LNC","Sexe":"M","Nom":"PHILIPOT","Prénom":"André","Liste":"ENSEMBLE, PORTONS NOTRE AMBITION","Sièges / Elu":"15","Sièges Secteur":0,"Sièges CC":1,"Voix":257,"% Voix/Ins":29.64,"% Voix/Exp":100}]},"population":{"F0-2":13.1712396399229,"F3-5":16.0716408906057,"F6-10":34.2213090485402,"F11-17":64.2233495132962,"F18-24":21.3976072624805,"F25-39":94.6180448601442,"F40-54":132.612036206283,"F55-64":69.7703576862001,"F65-79":90.3223317687421,"F80+":67.9746017221463,"H0-2":18.0886733661497,"H3-5":29.2261099143423,"H6-10":51.1751040567161,"H11-17":64.3501933792698,"H18-24":33.5289919240381,"H25-39":93.8652433792725,"H40-54":118.980231328899,"H55-64":71.7530681827613,"H65-79":67.6170435601739,"H80+":37.032822310016},"Analyse":{"Votes décisifs":258,"tour décisif":1,"majeurs":899.4723801911568,"Non votants de 18-24":35.080359180989134}}