{"id":3284,"slug":"35-149-lassy","nom_standard":"Lassy","code_postal":"35","code_departement":"35","libelle_departement":"Ille-et-Vilaine","code_commune":"149","Tour 1":{"Inscrits":1237,"Abstentions":520,"% Abs/Ins":42.04,"Votants":717,"% Vot/Ins":57.96,"Blancs":4,"% Blancs/Ins":0.32,"% Blancs/Vot":0.56,"Nuls":8,"% Nuls/Ins":0.65,"% Nuls/Vot":1.12,"Exprimés":705,"% Exp/Ins":56.99,"% Exp/Vot":98.33,"resultats":[{"N.Pan.":null,"Code Nuance":"LNC","Sexe":"F","Nom":"THIBAULT","Prénom":"Caroline","Liste":"LASSY PARTICIPATIF","Sièges / Elu":"4","Sièges Secteur":0,"Sièges CC":0,"Voix":286,"% Voix/Ins":23.12,"% Voix/Exp":40.57},{"N.Pan.":2,"Code Nuance":"LNC","Sexe":"M","Nom":"LE CHÉNÉCHAL","Prénom":"Didier","Liste":"LASSY CAP 2026","Sièges / Elu":"15","Sièges Secteur":0,"Sièges CC":2,"Voix":419,"% Voix/Ins":33.87,"% Voix/Exp":59.43}]},"population":{"F0-2":35.1959865407412,"F3-5":49.2130317854713,"F6-10":78.2912056217246,"F11-17":93.340737152527,"F18-24":48.2740092044444,"F25-39":184.507816393342,"F40-54":204.595549229732,"F55-64":84.2649011208495,"F65-79":85.4132232480582,"F80+":14.2751319326754,"H0-2":37.2717570663791,"H3-5":45.219864871985,"H6-10":81.3609712183651,"H11-17":103.408581873227,"H18-24":54.2828571236709,"H25-39":165.438495255314,"H40-54":225.868287751136,"H55-64":83.1608431231987,"H65-79":84.3582170893297,"H80+":14.2585323978286},"Analyse":{"Votes décisifs":134,"tour décisif":1,"majeurs":1248.6978638695791,"Non votants de 18-24":43.66890368726714}}