{"id":3296,"slug":"35-172-meillac","nom_standard":"Meillac","code_postal":"35","code_departement":"35","libelle_departement":"Ille-et-Vilaine","code_commune":"172","Tour 1":{"Inscrits":1185,"Abstentions":284,"% Abs/Ins":23.97,"Votants":901,"% Vot/Ins":76.03,"Blancs":9,"% Blancs/Ins":0.76,"% Blancs/Vot":1,"Nuls":14,"% Nuls/Ins":1.18,"% Nuls/Vot":1.55,"Exprimés":878,"% Exp/Ins":74.09,"% Exp/Vot":97.45,"resultats":[{"N.Pan.":null,"Code Nuance":"LNC","Sexe":"M","Nom":"PONCELET","Prénom":"Michel","Liste":"MEILLAC-AVENIR","Sièges / Elu":"3","Sièges Secteur":0,"Sièges CC":0,"Voix":278,"% Voix/Ins":23.46,"% Voix/Exp":31.66},{"N.Pan.":2,"Code Nuance":"LNC","Sexe":"M","Nom":"DUMAS","Prénom":"Georges","Liste":"AGIR POUR MEILLAC, UNE VOLONTE COMMUNE","Sièges / Elu":"16","Sièges Secteur":0,"Sièges CC":2,"Voix":600,"% Voix/Ins":50.63,"% Voix/Exp":68.34}]},"population":{"F0-2":28.056715996039,"F3-5":42.2367131251251,"F6-10":78.9978876033396,"F11-17":106.821798433612,"F18-24":55.3129531584902,"F25-39":172.946660233396,"F40-54":198.250199849487,"F55-64":116.148776935822,"F65-79":125.80558872609,"F80+":36.4621137730463,"H0-2":29.0607138232816,"H3-5":54.3681261654665,"H6-10":75.6492952664363,"H11-17":108.052401865963,"H18-24":52.5513511844153,"H25-39":173.926187140273,"H40-54":213.581667425167,"H55-64":108.862160497582,"H65-79":131.683761916107,"H80+":27.2249268808619},"Analyse":{"Votes décisifs":323,"tour décisif":1,"majeurs":1412.7563477207377,"Non votants de 18-24":39.07272653845826}}