{"id":3314,"slug":"35-197-mouaze","nom_standard":"Mouazé","code_postal":"35","code_departement":"35","libelle_departement":"Ille-et-Vilaine","code_commune":"197","Tour 1":{"Inscrits":1094,"Abstentions":611,"% Abs/Ins":55.85,"Votants":483,"% Vot/Ins":44.15,"Blancs":14,"% Blancs/Ins":1.28,"% Blancs/Vot":2.9,"Nuls":19,"% Nuls/Ins":1.74,"% Nuls/Vot":3.93,"Exprimés":450,"% Exp/Ins":41.13,"% Exp/Vot":93.17,"resultats":[{"N.Pan.":null,"Code Nuance":"LNC","Sexe":"M","Nom":"BOUGEOT","Prénom":"Frédéric","Liste":"Avec Vous, Vivons Mouazé !","Sièges / Elu":"19","Sièges Secteur":0,"Sièges CC":1,"Voix":450,"% Voix/Ins":41.13,"% Voix/Exp":100}]},"population":{"F0-2":50.5485220810559,"F3-5":60.4920748332109,"F6-10":88.9356004510519,"F11-17":79.9991396926456,"F18-24":43.8694809760109,"F25-39":220.382978893441,"F40-54":174.706882942442,"F55-64":59.9847792142158,"F65-79":65.6407987422029,"F80+":15.7768504106516,"H0-2":56.4002771515276,"H3-5":75.9482634017961,"H6-10":90.6428096104998,"H11-17":82.873570123298,"H18-24":46.5793187773948,"H25-39":214.256132474513,"H40-54":201.220589175396,"H55-64":70.4227583560967,"H65-79":52.2797075370452,"H80+":10.0394651555044},"Analyse":{"Votes décisifs":451,"tour décisif":1,"majeurs":1175.1597426549142,"Non votants de 18-24":53.273623736740895}}