{"id":3272,"slug":"35-128-guipel","nom_standard":"Guipel","code_postal":"35","code_departement":"35","libelle_departement":"Ille-et-Vilaine","code_commune":"128","Tour 1":{"Inscrits":1240,"Abstentions":746,"% Abs/Ins":60.16,"Votants":494,"% Vot/Ins":39.84,"Blancs":22,"% Blancs/Ins":1.77,"% Blancs/Vot":4.45,"Nuls":89,"% Nuls/Ins":7.18,"% Nuls/Vot":18.02,"Exprimés":383,"% Exp/Ins":30.89,"% Exp/Vot":77.53,"resultats":[{"N.Pan.":null,"Code Nuance":"LNC","Sexe":"F","Nom":"JOUCAN","Prénom":"Isabelle","Liste":"GUIPEL GRANDEUR NATURE","Sièges / Elu":"19","Sièges Secteur":0,"Sièges CC":2,"Voix":383,"% Voix/Ins":30.89,"% Voix/Exp":100}]},"population":{"F0-2":30.042010383355,"F3-5":32.9707078484625,"F6-10":57.9860727220387,"F11-17":92.8474427655049,"F18-24":53.5164764955516,"F25-39":150.105895698839,"F40-54":190.784843033232,"F55-64":90.2551096918023,"F65-79":82.0673148803144,"F80+":67.4487021252368,"H0-2":25.0377675162896,"H3-5":39.9510481490205,"H6-10":72.7547222500522,"H11-17":97.0175893638318,"H18-24":48.3928787738368,"H25-39":165.965591299988,"H40-54":193.753911873715,"H55-64":103.371257237258,"H65-79":79.9191058779387,"H80+":39.8115520137324},"Analyse":{"Votes décisifs":384,"tour décisif":1,"majeurs":1265.392639001445,"Non votants de 18-24":62.124690848703096}}