{"id":3202,"slug":"35-13-bains-sur-oust","nom_standard":"Bains-sur-Oust","code_postal":"35","code_departement":"35","libelle_departement":"Ille-et-Vilaine","code_commune":"13","Tour 1":{"Inscrits":2912,"Abstentions":1316,"% Abs/Ins":45.19,"Votants":1596,"% Vot/Ins":54.81,"Blancs":13,"% Blancs/Ins":0.45,"% Blancs/Vot":0.81,"Nuls":13,"% Nuls/Ins":0.45,"% Nuls/Vot":0.81,"Exprimés":1570,"% Exp/Ins":53.91,"% Exp/Vot":98.37,"resultats":[{"N.Pan.":null,"Code Nuance":"LNC","Sexe":"M","Nom":"CARREAU","Prénom":"Jean-Marc","Liste":"BAINS, Naturellement","Sièges / Elu":"3","Sièges Secteur":0,"Sièges CC":0,"Voix":393,"% Voix/Ins":13.5,"% Voix/Exp":25.03},{"N.Pan.":2,"Code Nuance":"LNC","Sexe":"F","Nom":"HURTEL","Prénom":"Isabelle","Liste":"Agissons Ensemble pour Tous","Sièges / Elu":"2","Sièges Secteur":0,"Sièges CC":0,"Voix":335,"% Voix/Ins":11.5,"% Voix/Exp":21.34},{"N.Pan.":3,"Code Nuance":"LNC","Sexe":"M","Nom":"BARRE","Prénom":"Daniel","Liste":"COMPÉTENCES ET DYNAMISME AU SERVICE DE BAINS SUR OUST","Sièges / Elu":18,"Sièges CC":3,"Voix":842,"% Voix/Ins":28.91,"% Voix/Exp":53.63}]},"population":{"F0-2":50.5626417844239,"F3-5":58.0621538213021,"F6-10":106.17106722801,"F11-17":175.261962912954,"F18-24":66.7276150206958,"F25-39":243.208385646268,"F40-54":377.424662089571,"F55-64":273.063478225421,"F65-79":302.206650722128,"F80+":116.053514801006,"H0-2":48.2618107134262,"H3-5":70.8944251329131,"H6-10":119.873223759414,"H11-17":173.078651117067,"H18-24":92.3428705733188,"H25-39":238.420720799205,"H40-54":363.125024257552,"H55-64":274.763412424399,"H65-79":283.498158499875,"H80+":66.9995704710506},"Analyse":{"Votes décisifs":115,"tour décisif":1,"majeurs":2697.8340635304903,"Non votants de 18-24":64.966664147037}}