{"id":3310,"slug":"35-193-montreuil-le-gast","nom_standard":"Montreuil-le-Gast","code_postal":"35","code_departement":"35","libelle_departement":"Ille-et-Vilaine","code_commune":"193","Tour 1":{"Inscrits":1439,"Abstentions":850,"% Abs/Ins":59.07,"Votants":589,"% Vot/Ins":40.93,"Blancs":20,"% Blancs/Ins":1.39,"% Blancs/Vot":3.4,"Nuls":44,"% Nuls/Ins":3.06,"% Nuls/Vot":7.47,"Exprimés":525,"% Exp/Ins":36.48,"% Exp/Vot":89.13,"resultats":[{"N.Pan.":null,"Code Nuance":"LNC","Sexe":"M","Nom":"HENRY","Prénom":"Lionel","Liste":"MLG 2020, Avec vous, Pour vous","Sièges / Elu":"19","Sièges Secteur":0,"Sièges CC":2,"Voix":525,"% Voix/Ins":36.48,"% Voix/Exp":100}]},"population":{"F0-2":34.6798250258566,"F3-5":36.4682583089579,"F6-10":67.8614080150661,"F11-17":113.727482932808,"F18-24":61.3702893753805,"F25-39":184.8797495554,"F40-54":235.496151388251,"F55-64":124.355382152682,"F65-79":101.683523616631,"F80+":28.1332842651131,"H0-2":47.8388984360875,"H3-5":50.787406705753,"H6-10":72.9667366614884,"H11-17":108.418364170527,"H18-24":62.3971253314795,"H25-39":168.887486882497,"H40-54":237.397735488491,"H55-64":120.069793315389,"H65-79":107.877558026544,"H80+":17.7035403455979},"Analyse":{"Votes décisifs":526,"tour décisif":1,"majeurs":1450.2516197434559,"Non votants de 18-24":73.50096006553638}}