{"id":3208,"slug":"35-21-beauce","nom_standard":"Beaucé","code_postal":"35","code_departement":"35","libelle_departement":"Ille-et-Vilaine","code_commune":"21","Tour 1":{"Inscrits":1011,"Abstentions":575,"% Abs/Ins":56.87,"Votants":436,"% Vot/Ins":43.13,"Blancs":12,"% Blancs/Ins":1.19,"% Blancs/Vot":2.75,"Nuls":31,"% Nuls/Ins":3.07,"% Nuls/Vot":7.11,"Exprimés":393,"% Exp/Ins":38.87,"% Exp/Vot":90.14,"resultats":[{"N.Pan.":null,"Code Nuance":"LNC","Sexe":"M","Nom":"IDLAS","Prénom":"Stéphane","Liste":"BEAUCÉ POUR UN FUTUR AGRÉABLE ET HUMAIN","Sièges / Elu":"15","Sièges Secteur":0,"Sièges CC":1,"Voix":393,"% Voix/Ins":38.87,"% Voix/Exp":100}]},"population":{"F0-2":21.355584735356,"F3-5":23.3644197354688,"F6-10":39.4683176937718,"F11-17":64.8206968090241,"F18-24":20.6283885705441,"F25-39":79.0023773157666,"F40-54":136.530160210229,"F55-64":106.051209127064,"F65-79":124.662758805613,"F80+":33.0324724287354,"H0-2":23.2706210874308,"H3-5":16.2682947972569,"H6-10":38.1428267395108,"H11-17":49.0517545714461,"H18-24":46.8812995239561,"H25-39":160.351012383593,"H40-54":112.234978356717,"H55-64":112.783317382277,"H65-79":120.486462076202,"H80+":26.6130476500377},"Analyse":{"Votes décisifs":394,"tour décisif":1,"majeurs":1079.257483830735,"Non votants de 18-24":40.23702661178549}}