{"id":3377,"slug":"35-296-saint-medard-sur-ille","nom_standard":"Saint-Médard-sur-Ille","code_postal":"35","code_departement":"35","libelle_departement":"Ille-et-Vilaine","code_commune":"296","Tour 1":{"Inscrits":1072,"Abstentions":395,"% Abs/Ins":36.85,"Votants":677,"% Vot/Ins":63.15,"Blancs":6,"% Blancs/Ins":0.56,"% Blancs/Vot":0.89,"Nuls":8,"% Nuls/Ins":0.75,"% Nuls/Vot":1.18,"Exprimés":663,"% Exp/Ins":61.85,"% Exp/Vot":97.93,"resultats":[{"N.Pan.":null,"Code Nuance":"LNC","Sexe":"M","Nom":"MUSSET","Prénom":"Emmanuel","Liste":"ENGAGEONS LA TRANSITION CITOYENNE A SAINT-MEDARD-SUR-ILLE","Sièges / Elu":"3","Sièges Secteur":0,"Sièges CC":0,"Voix":314,"% Voix/Ins":29.29,"% Voix/Exp":47.36},{"N.Pan.":2,"Code Nuance":"LNC","Sexe":"M","Nom":"BOURNONVILLE","Prénom":"Noël","Liste":"Continuons d'agir en commun","Sièges / Elu":"12","Sièges Secteur":0,"Sièges CC":1,"Voix":349,"% Voix/Ins":32.56,"% Voix/Exp":52.64}]},"population":{"F0-2":30.7395874139812,"F3-5":24.2255900173601,"F6-10":58.843844921271,"F11-17":59.0784876959199,"F18-24":33.4846030170327,"F25-39":128.211879419992,"F40-54":152.799965413608,"F55-64":93.5956127213906,"F65-79":60.3393304077529,"F80+":17.8711633580034,"H0-2":20.3858416900717,"H3-5":30.2688637904152,"H6-10":44.2697790597442,"H11-17":65.4504955177714,"H18-24":43.9598161931901,"H25-39":118.656959991618,"H40-54":163.258667662923,"H55-64":85.0568650940063,"H65-79":63.7590999917579,"H80+":17.7435466221898},"Analyse":{"Votes décisifs":36,"tour décisif":1,"majeurs":978.7375098934647,"Non votants de 18-24":23.87553963287033}}