{"id":3333,"slug":"35-227-pleumeleuc","nom_standard":"Pleumeleuc","code_postal":"35","code_departement":"35","libelle_departement":"Ille-et-Vilaine","code_commune":"227","Tour 1":{"Inscrits":2452,"Abstentions":1249,"% Abs/Ins":50.94,"Votants":1203,"% Vot/Ins":49.06,"Blancs":11,"% Blancs/Ins":0.45,"% Blancs/Vot":0.91,"Nuls":19,"% Nuls/Ins":0.77,"% Nuls/Vot":1.58,"Exprimés":1173,"% Exp/Ins":47.84,"% Exp/Vot":97.51,"resultats":[{"N.Pan.":null,"Code Nuance":"LNC","Sexe":"M","Nom":"MOUTON-PÉROTIN","Prénom":"Antoine","Liste":"Pleumeleuc, le lien entre nous","Sièges / Elu":"3","Sièges Secteur":0,"Sièges CC":0,"Voix":340,"% Voix/Ins":13.87,"% Voix/Exp":28.99},{"N.Pan.":2,"Code Nuance":"LNC","Sexe":"F","Nom":"PATRU","Prénom":"Anne-Sophie","Liste":"DESSINONS PLEUMELEUC AVEC VOUS !","Sièges / Elu":"20","Sièges Secteur":0,"Sièges CC":4,"Voix":833,"% Voix/Ins":33.97,"% Voix/Exp":71.01}]},"population":{"F0-2":63.2861093484404,"F3-5":63.9120051885441,"F6-10":132.042950814945,"F11-17":178.967458785277,"F18-24":119.852559977302,"F25-39":340.482390494589,"F40-54":398.354687097108,"F55-64":180.641794300752,"F65-79":178.595638436762,"F80+":52.8642003636674,"H0-2":75.4992461822784,"H3-5":83.2688793717166,"H6-10":156.551697229303,"H11-17":196.432540440595,"H18-24":131.310955483117,"H25-39":324.822876835272,"H40-54":419.215521238989,"H55-64":196.282219850551,"H65-79":164.595876939905,"H80+":42.0203916208868},"Analyse":{"Votes décisifs":494,"tour décisif":1,"majeurs":2549.039112638901,"Non votants de 18-24":132.62876736623122}}