{"id":3332,"slug":"35-226-pleugueneuc","nom_standard":"Pleugueneuc","code_postal":"35","code_departement":"35","libelle_departement":"Ille-et-Vilaine","code_commune":"226","Tour 1":{"Inscrits":1305,"Abstentions":746,"% Abs/Ins":57.16,"Votants":559,"% Vot/Ins":42.84,"Blancs":34,"% Blancs/Ins":2.61,"% Blancs/Vot":6.08,"Nuls":78,"% Nuls/Ins":5.98,"% Nuls/Vot":13.95,"Exprimés":447,"% Exp/Ins":34.25,"% Exp/Vot":79.96,"resultats":[{"N.Pan.":null,"Code Nuance":"LNC","Sexe":"M","Nom":"RÉGEARD","Prénom":"Loïc","Liste":"ENSEMBLE POUR REUSSIR","Sièges / Elu":"19","Sièges Secteur":0,"Sièges CC":2,"Voix":447,"% Voix/Ins":34.25,"% Voix/Exp":100}]},"population":{"F0-2":31.8615022719307,"F3-5":51.1085119271431,"F6-10":73.3543277391529,"F11-17":113.943479137629,"F18-24":45.8746625524471,"F25-39":195.472507392143,"F40-54":210.028295479198,"F55-64":96.215405962538,"F65-79":110.587053987164,"F80+":59.2402441566358,"H0-2":40.5581100584404,"H3-5":51.1084922331964,"H6-10":83.9016455868718,"H11-17":111.731913962774,"H18-24":60.8763752478574,"H25-39":183.997446939416,"H40-54":215.849897048699,"H55-64":100.3737273359,"H65-79":97.8973626052307,"H80+":38.0190383756329},"Analyse":{"Votes décisifs":448,"tour décisif":1,"majeurs":1414.4320170828619,"Non votants de 18-24":64.56178486367904}}