{"id":3363,"slug":"35-275-saint-gilles","nom_standard":"Saint-Gilles","code_postal":"35","code_departement":"35","libelle_departement":"Ille-et-Vilaine","code_commune":"275","Tour 1":{"Inscrits":3311,"Abstentions":1520,"% Abs/Ins":45.91,"Votants":1791,"% Vot/Ins":54.09,"Blancs":15,"% Blancs/Ins":0.45,"% Blancs/Vot":0.84,"Nuls":30,"% Nuls/Ins":0.91,"% Nuls/Vot":1.68,"Exprimés":1746,"% Exp/Ins":52.73,"% Exp/Vot":97.49,"resultats":[{"N.Pan.":null,"Code Nuance":"LDVG","Sexe":"M","Nom":"THEBAULT","Prénom":"Philippe","Liste":"ENSEMBLE AGISSONS POUR SAINT-GILLES","Sièges / Elu":"25","Sièges Secteur":0,"Sièges CC":1,"Voix":1420,"% Voix/Ins":42.89,"% Voix/Exp":81.33},{"N.Pan.":2,"Code Nuance":"LDIV","Sexe":"M","Nom":"CHAUOU","Prénom":"William","Liste":"SAINT-GILLES VERS DEMAIN","Sièges / Elu":"2","Sièges Secteur":0,"Sièges CC":0,"Voix":326,"% Voix/Ins":9.85,"% Voix/Exp":18.67}]},"population":{"F0-2":120.971679894782,"F3-5":141.452085132886,"F6-10":196.428210082201,"F11-17":225.015780566491,"F18-24":152.359114516905,"F25-39":621.238089872833,"F40-54":510.16300929435,"F55-64":300.862860201548,"F65-79":304.445640378556,"F80+":114.035593992719,"H0-2":142.486535887365,"H3-5":158.547049133585,"H6-10":211.604034928747,"H11-17":222.30901839067,"H18-24":174.016734553859,"H25-39":560.613759621408,"H40-54":507.348306289507,"H55-64":261.899742396217,"H65-79":326.09107600503,"H80+":60.1116788603404},"Analyse":{"Votes décisifs":1095,"tour décisif":1,"majeurs":3893.1856059832726,"Non votants de 18-24":176.23167284978322}}