{"id":3370,"slug":"35-284-saint-jouan-des-guerets","nom_standard":"Saint-Jouan-des-Guérets","code_postal":"35","code_departement":"35","libelle_departement":"Ille-et-Vilaine","code_commune":"284","Tour 1":{"Inscrits":2398,"Abstentions":1053,"% Abs/Ins":43.91,"Votants":1345,"% Vot/Ins":56.09,"Blancs":14,"% Blancs/Ins":0.58,"% Blancs/Vot":1.04,"Nuls":21,"% Nuls/Ins":0.88,"% Nuls/Vot":1.56,"Exprimés":1310,"% Exp/Ins":54.63,"% Exp/Vot":97.4,"resultats":[{"N.Pan.":null,"Code Nuance":"LNC","Sexe":"M","Nom":"OGIER","Prénom":"Olivier","Liste":"Expérience et Renouveau pour Saint-Jouan autour d'Olivier Ogier","Sièges / Elu":"5","Sièges Secteur":0,"Sièges CC":0,"Voix":552,"% Voix/Ins":23.02,"% Voix/Exp":42.14},{"N.Pan.":2,"Code Nuance":"LNC","Sexe":"F","Nom":"FERRET","Prénom":"Marie-France","Liste":"SAINT-JOUAN, L'AVENIR ENSEMBLE","Sièges / Elu":"18","Sièges Secteur":0,"Sièges CC":2,"Voix":758,"% Voix/Ins":31.61,"% Voix/Exp":57.86}]},"population":{"F0-2":43.2117134280594,"F3-5":40.06423532072,"F6-10":73.9566887532282,"F11-17":109.669338125213,"F18-24":71.5481677561737,"F25-39":179.066370203876,"F40-54":292.709842444238,"F55-64":260.343421730401,"F65-79":270.472448709914,"F80+":89.603371096952,"H0-2":21.1749167381223,"H3-5":35.1283315081543,"H6-10":62.8287937632767,"H11-17":106.589434362745,"H18-24":107.226074138634,"H25-39":183.206691849216,"H40-54":241.527199094425,"H55-64":240.833059498793,"H65-79":275.934068591535,"H80+":53.9058328863245},"Analyse":{"Votes décisifs":207,"tour décisif":1,"majeurs":2266.376548000482,"Non votants de 18-24":72.67918211285958}}