{"id":3374,"slug":"35-289-saint-malo-de-phily","nom_standard":"Saint-Malo-de-Phily","code_postal":"35","code_departement":"35","libelle_departement":"Ille-et-Vilaine","code_commune":"289","Tour 1":{"Inscrits":700,"Abstentions":262,"% Abs/Ins":37.43,"Votants":438,"% Vot/Ins":62.57,"Blancs":11,"% Blancs/Ins":1.57,"% Blancs/Vot":2.51,"Nuls":3,"% Nuls/Ins":0.43,"% Nuls/Vot":0.68,"Exprimés":424,"% Exp/Ins":60.57,"% Exp/Vot":96.8,"resultats":[{"N.Pan.":null,"Code Nuance":"LNC","Sexe":"F","Nom":"BRAULT","Prénom":"Marie-Claire","Liste":"SAINT MALO DE PHILY, construire l'avenir ensemble","Sièges / Elu":"13","Sièges Secteur":0,"Sièges CC":2,"Voix":270,"% Voix/Ins":38.57,"% Voix/Exp":63.68},{"N.Pan.":2,"Code Nuance":"LNC","Sexe":"M","Nom":"BAUDU-COLIN","Prénom":"Jérôme","Liste":"Unis à ST MALO DE PHILY","Sièges / Elu":"2","Sièges Secteur":0,"Sièges CC":0,"Voix":154,"% Voix/Ins":22,"% Voix/Exp":36.32}]},"population":{"F0-2":24.6968616407673,"F3-5":29.5322425478032,"F6-10":44.1117697597327,"F11-17":54.939567916507,"F18-24":20.8863725539219,"F25-39":117.067216300028,"F40-54":108.015877617416,"F55-64":50.3489000698449,"F65-79":55.66648937788,"F80+":22.2761647350738,"H0-2":17.7193725645368,"H3-5":24.6101072330438,"H6-10":58.9234896595957,"H11-17":53.7690247739072,"H18-24":25.6903012619619,"H25-39":117.544143368114,"H40-54":130.188218098417,"H55-64":58.4279275693886,"H65-79":42.451436792447,"H80+":15.1345161596121},"Analyse":{"Votes décisifs":117,"tour décisif":1,"majeurs":763.6975639041051,"Non votants de 18-24":19.863765335376016}}