{"id":3368,"slug":"35-282-rives-du-couesnon","nom_standard":"Rives-du-Couesnon","code_postal":"35","code_departement":"35","libelle_departement":"Ille-et-Vilaine","code_commune":"282","Tour 1":{"Inscrits":1968,"Abstentions":1265,"% Abs/Ins":64.28,"Votants":703,"% Vot/Ins":35.72,"Blancs":14,"% Blancs/Ins":0.71,"% Blancs/Vot":1.99,"Nuls":102,"% Nuls/Ins":5.18,"% Nuls/Vot":14.51,"Exprimés":587,"% Exp/Ins":29.83,"% Exp/Vot":83.5,"resultats":[{"N.Pan.":null,"Code Nuance":"LNC","Sexe":"M","Nom":"LEBOUVIER","Prénom":"David","Liste":"Rives-du-Couesnon, ensemble vers l'avenir","Sièges / Elu":"27","Sièges Secteur":0,"Sièges CC":3,"Voix":587,"% Voix/Ins":29.83,"% Voix/Exp":100}]},"population":{"F0-2":67.4557971884241,"F3-5":63.3497137168244,"F6-10":135.5127564586,"F11-17":118.58082907787,"F18-24":64.5212036470902,"F25-39":312.3299035271,"F40-54":271.240557762916,"F55-64":137.537441567187,"F65-79":151.846839921709,"F80+":80.9784567395832,"H0-2":69.363141554667,"H3-5":92.4872449902918,"H6-10":120.759846759694,"H11-17":142.917208636396,"H18-24":70.4712282668638,"H25-39":333.788936510085,"H40-54":298.593317550159,"H55-64":162.829689463011,"H65-79":147.667977702947,"H80+":66.7679089585805},"Analyse":{"Votes décisifs":588,"tour décisif":1,"majeurs":2098.5734616172313,"Non votants de 18-24":89.77138944333362}}