{"id":3362,"slug":"35-273-saint-germain-en-cogles","nom_standard":"Saint-Germain-en-Coglès","code_postal":"35","code_departement":"35","libelle_departement":"Ille-et-Vilaine","code_commune":"273","Tour 1":{"Inscrits":1534,"Abstentions":975,"% Abs/Ins":63.56,"Votants":559,"% Vot/Ins":36.44,"Blancs":10,"% Blancs/Ins":0.65,"% Blancs/Vot":1.79,"Nuls":104,"% Nuls/Ins":6.78,"% Nuls/Vot":18.6,"Exprimés":445,"% Exp/Ins":29.01,"% Exp/Vot":79.61,"resultats":[{"N.Pan.":null,"Code Nuance":"LNC","Sexe":"M","Nom":"ROGER","Prénom":"Amand","Liste":"BIEN VIVRE ENSEMBLE À SAINT-GERMAIN","Sièges / Elu":"19","Sièges Secteur":0,"Sièges CC":3,"Voix":445,"% Voix/Ins":29.01,"% Voix/Exp":100}]},"population":{"F0-2":34.4556348745839,"F3-5":43.6965822129759,"F6-10":91.3705405112612,"F11-17":109.778472712375,"F18-24":48.4372505702735,"F25-39":184.967607233492,"F40-54":179.920408515954,"F55-64":133.209132280917,"F65-79":143.040288182931,"F80+":73.824529617499,"H0-2":37.4457870500211,"H3-5":40.599324043089,"H6-10":94.581041176744,"H11-17":111.879732851002,"H18-24":43.5053641478065,"H25-39":177.66994219699,"H40-54":203.154028732399,"H55-64":158.322344991175,"H65-79":122.129585416993,"H80+":39.0124026815167},"Analyse":{"Votes décisifs":446,"tour décisif":1,"majeurs":1507.1928845679467,"Non votants de 18-24":57.84218725876385}}