{"id":3385,"slug":"35-308-mesnil-roc-h","nom_standard":"Mesnil-Roc'h","code_postal":"35","code_departement":"35","libelle_departement":"Ille-et-Vilaine","code_commune":"308","Tour 1":{"Inscrits":2970,"Abstentions":1932,"% Abs/Ins":65.05,"Votants":1038,"% Vot/Ins":34.95,"Blancs":57,"% Blancs/Ins":1.92,"% Blancs/Vot":5.49,"Nuls":174,"% Nuls/Ins":5.86,"% Nuls/Vot":16.76,"Exprimés":807,"% Exp/Ins":27.17,"% Exp/Vot":77.75,"resultats":[{"N.Pan.":null,"Code Nuance":"LDVC","Sexe":"F","Nom":"BROSSELLIER","Prénom":"Christelle","Liste":"AGIR ET RAPPROCHER","Sièges / Elu":"29","Sièges Secteur":0,"Sièges CC":5,"Voix":807,"% Voix/Ins":27.17,"% Voix/Exp":100}]},"population":{"F0-2":64.8694690023207,"F3-5":99.5177364519958,"F6-10":155.378391082378,"F11-17":212.840131143706,"F18-24":93.6463210722839,"F25-39":424.131723032102,"F40-54":455.163768203555,"F55-64":207.968450377743,"F65-79":310.647463841966,"F80+":147.48468139872,"H0-2":90.9783128641473,"H3-5":103.771644224143,"H6-10":165.814874808149,"H11-17":236.509017958613,"H18-24":137.30482691752,"H25-39":407.458751358819,"H40-54":458.717372778243,"H55-64":247.689320550937,"H65-79":279.449344526194,"H80+":87.6583984064626},"Analyse":{"Votes décisifs":808,"tour décisif":1,"majeurs":3257.320422464545,"Non votants de 18-24":157.35467588343536}}