{"id":3391,"slug":"35-326-sens-de-bretagne","nom_standard":"Sens-de-Bretagne","code_postal":"35","code_departement":"35","libelle_departement":"Ille-et-Vilaine","code_commune":"326","Tour 1":{"Inscrits":1738,"Abstentions":1140,"% Abs/Ins":65.59,"Votants":598,"% Vot/Ins":34.41,"Blancs":24,"% Blancs/Ins":1.38,"% Blancs/Vot":4.01,"Nuls":161,"% Nuls/Ins":9.26,"% Nuls/Vot":26.92,"Exprimés":413,"% Exp/Ins":23.76,"% Exp/Vot":69.06,"resultats":[{"N.Pan.":null,"Code Nuance":"LNC","Sexe":"M","Nom":"LOUAPRE","Prénom":"Bernard","Liste":"VIVRE EN COMMUN DANS LE BON SENS","Sièges / Elu":"23","Sièges Secteur":0,"Sièges CC":3,"Voix":413,"% Voix/Ins":23.76,"% Voix/Exp":100}]},"population":{"F0-2":54.526870765648,"F3-5":66.6403966789862,"F6-10":111.960491771778,"F11-17":153.317264393297,"F18-24":61.6621760976261,"F25-39":244.838283767555,"F40-54":251.095362806835,"F55-64":98.7947646963264,"F65-79":145.687593756757,"F80+":142.753429957918,"H0-2":37.3377200516452,"H3-5":49.4561318811749,"H6-10":128.122277890561,"H11-17":159.204332927621,"H18-24":68.8277783610692,"H25-39":217.792818611471,"H40-54":290.594714560969,"H55-64":99.791834763484,"H65-79":138.542638860555,"H80+":77.053117398722},"Analyse":{"Votes décisifs":414,"tour décisif":1,"majeurs":1837.4345136392878,"Non votants de 18-24":88.02150609383636}}