{"id":3394,"slug":"35-330-taillis","nom_standard":"Taillis","code_postal":"35","code_departement":"35","libelle_departement":"Ille-et-Vilaine","code_commune":"330","Tour 1":{"Inscrits":698,"Abstentions":368,"% Abs/Ins":52.72,"Votants":330,"% Vot/Ins":47.28,"Blancs":4,"% Blancs/Ins":0.57,"% Blancs/Vot":1.21,"Nuls":53,"% Nuls/Ins":7.59,"% Nuls/Vot":16.06,"Exprimés":273,"% Exp/Ins":39.11,"% Exp/Vot":82.73,"resultats":[{"N.Pan.":null,"Code Nuance":"LNC","Sexe":"M","Nom":"SAUVAGE","Prénom":"Michel","Liste":"Taillis, ensemble pour l'avenir","Sièges / Elu":"15","Sièges Secteur":0,"Sièges CC":1,"Voix":273,"% Voix/Ins":39.11,"% Voix/Exp":100}]},"population":{"F0-2":17.9497354427758,"F3-5":21.3317963134942,"F6-10":27.9504599014352,"F11-17":69.5432405325768,"F18-24":36.3667931447801,"F25-39":81.985095180971,"F40-54":112.4354296416,"F55-64":63.7981745727653,"F65-79":52.4944879588005,"F80+":19.3274801593811,"H0-2":22.0122871188819,"H3-5":15.2529144599401,"H6-10":38.6161841060748,"H11-17":54.6263946127554,"H18-24":39.3492894595123,"H25-39":85.9754693555905,"H40-54":127.433567311519,"H55-64":63.0860928543352,"H65-79":46.4229369500698,"H80+":12.0421709227413},"Analyse":{"Votes décisifs":274,"tour décisif":1,"majeurs":740.7169875120661,"Non votants de 18-24":41.98348610567427}}