{"id":3381,"slug":"35-302-saint-onen-la-chapelle","nom_standard":"Saint-Onen-la-Chapelle","code_postal":"35","code_departement":"35","libelle_departement":"Ille-et-Vilaine","code_commune":"302","Tour 1":{"Inscrits":869,"Abstentions":227,"% Abs/Ins":26.12,"Votants":642,"% Vot/Ins":73.88,"Blancs":4,"% Blancs/Ins":0.46,"% Blancs/Vot":0.62,"Nuls":15,"% Nuls/Ins":1.73,"% Nuls/Vot":2.34,"Exprimés":623,"% Exp/Ins":71.69,"% Exp/Vot":97.04,"resultats":[{"N.Pan.":null,"Code Nuance":"LNC","Sexe":"M","Nom":"RABAJOIE","Prénom":"Denis","Liste":"DIALOGUE ET TRANSPARENCE POUR SAINT-ONEN","Sièges / Elu":"3","Sièges Secteur":0,"Sièges CC":0,"Voix":237,"% Voix/Ins":27.27,"% Voix/Exp":38.04},{"N.Pan.":2,"Code Nuance":"LNC","Sexe":"M","Nom":"BOHANNE","Prénom":"Jean-François","Liste":"ENSEMBLE, ASSURONS L'AVENIR DE SAINT-ONEN","Sièges / Elu":"12","Sièges Secteur":0,"Sièges CC":2,"Voix":386,"% Voix/Ins":44.42,"% Voix/Exp":61.96}]},"population":{"F0-2":16.1856176954349,"F3-5":23.2248341094638,"F6-10":40.7991015821801,"F11-17":60.4216391857225,"F18-24":29.8127794553763,"F25-39":94.0759274878541,"F40-54":120.838954787352,"F55-64":71.6615213335286,"F65-79":53.2392153419723,"F80+":28.1368690587655,"H0-2":19.5551856607021,"H3-5":18.2520344401431,"H6-10":33.0735806750172,"H11-17":65.7173448491283,"H18-24":44.5978284435486,"H25-39":93.7236473769041,"H40-54":144.513559826279,"H55-64":79.5542065945072,"H65-79":54.3735677945083,"H80+":21.242584301612},"Analyse":{"Votes décisifs":150,"tour décisif":1,"majeurs":835.770661802208,"Non votants de 18-24":17.251853165780975}}