{"id":3412,"slug":"35-362-le-tronchet","nom_standard":"Le Tronchet","code_postal":"35","code_departement":"35","libelle_departement":"Ille-et-Vilaine","code_commune":"362","Tour 1":{"Inscrits":714,"Abstentions":376,"% Abs/Ins":52.66,"Votants":338,"% Vot/Ins":47.34,"Blancs":25,"% Blancs/Ins":3.5,"% Blancs/Vot":7.4,"Nuls":45,"% Nuls/Ins":6.3,"% Nuls/Vot":13.31,"Exprimés":268,"% Exp/Ins":37.54,"% Exp/Vot":79.29,"resultats":[{"N.Pan.":null,"Code Nuance":"LNC","Sexe":"M","Nom":"BRIAND","Prénom":"Pascal","Liste":"UNE CONFIANCE RENOUVELEE, POUR UN PROJET COMMUN","Sièges / Elu":"15","Sièges Secteur":0,"Sièges CC":1,"Voix":268,"% Voix/Ins":37.54,"% Voix/Exp":100}]},"population":{"F0-2":15.4490202865282,"F3-5":25.6942478278917,"F6-10":43.2303884742305,"F11-17":47.299900282678,"F18-24":22.5306043789321,"F25-39":118.0220090243,"F40-54":108.443914924218,"F55-64":68.154590500301,"F65-79":86.3140754763885,"F80+":54.4940244727097,"H0-2":24.6649400302689,"H3-5":28.8201416179743,"H6-10":47.361795999238,"H11-17":62.7775792665826,"H18-24":24.6317466275743,"H25-39":119.913033316559,"H40-54":124.638873628346,"H55-64":69.0636742378441,"H65-79":82.3123563756032,"H80+":19.1830832518314},"Analyse":{"Votes décisifs":269,"tour décisif":1,"majeurs":897.7019862146072,"Non votants de 18-24":29.404927178786036}}