{"id":3511,"slug":"37-154-montbazon","nom_standard":"Montbazon","code_postal":"37","code_departement":"37","libelle_departement":"Indre-et-Loire","code_commune":"154","Tour 1":{"Inscrits":3373,"Abstentions":1666,"% Abs/Ins":49.39,"Votants":1707,"% Vot/Ins":50.61,"Blancs":25,"% Blancs/Ins":0.74,"% Blancs/Vot":1.46,"Nuls":18,"% Nuls/Ins":0.53,"% Nuls/Vot":1.05,"Exprimés":1664,"% Exp/Ins":49.33,"% Exp/Vot":97.48,"resultats":[{"N.Pan.":null,"Code Nuance":"LDVD","Sexe":"F","Nom":"GINER","Prénom":"Sylvie","Liste":"MONTBAZON AVEC COEUR ET PASSION","Sièges / Elu":"23","Sièges Secteur":0,"Sièges CC":4,"Voix":1146,"% Voix/Ins":33.98,"% Voix/Exp":68.87},{"N.Pan.":2,"Code Nuance":"LDVD","Sexe":"M","Nom":"BONTOUX","Prénom":"Frédéric","Liste":"MONTBAZON, MA VILLE","Sièges / Elu":"4","Sièges Secteur":0,"Sièges CC":0,"Voix":518,"% Voix/Ins":15.36,"% Voix/Exp":31.13}]},"population":{"F0-2":90.7458409121984,"F3-5":89.3613286811878,"F6-10":151.66277904448,"F11-17":207.40581100236,"F18-24":132.760196683324,"F25-39":428.847248622119,"F40-54":480.866466647181,"F55-64":272.203541038589,"F65-79":319.674830638638,"F80+":126.912836738807,"H0-2":83.6329608775053,"H3-5":91.6788794716133,"H6-10":170.881112565556,"H11-17":238.455216306267,"H18-24":169.1508133083,"H25-39":398.348251953842,"H40-54":503.828150175364,"H55-64":234.268960439238,"H65-79":306.145602885067,"H80+":105.169172008363},"Analyse":{"Votes décisifs":629,"tour décisif":1,"majeurs":3478.1760711388324,"Non votants de 18-24":153.7407956278178}}