{"id":3530,"slug":"37-195-la-riche","nom_standard":"La Riche","code_postal":"37","code_departement":"37","libelle_departement":"Indre-et-Loire","code_commune":"195","Tour 1":{"Inscrits":6473,"Abstentions":3831,"% Abs/Ins":59.18,"Votants":2642,"% Vot/Ins":40.82,"Blancs":57,"% Blancs/Ins":0.88,"% Blancs/Vot":2.16,"Nuls":69,"% Nuls/Ins":1.07,"% Nuls/Vot":2.61,"Exprimés":2516,"% Exp/Ins":38.87,"% Exp/Vot":95.23,"resultats":[{"N.Pan.":null,"Code Nuance":"LDVD","Sexe":"M","Nom":"AUTANT","Prénom":"Patrice","Liste":"La Riche est notre avenir portons-le ensemble","Sièges / Elu":"3","Sièges Secteur":0,"Sièges CC":0,"Voix":580,"% Voix/Ins":8.96,"% Voix/Exp":23.05},{"N.Pan.":2,"Code Nuance":"LDVG","Sexe":"M","Nom":"SCHWARTZ","Prénom":"Wilfried","Liste":"LA RICHE EN COMMUN","Sièges / Elu":"30","Sièges Secteur":0,"Sièges CC":3,"Voix":1936,"% Voix/Ins":29.91,"% Voix/Exp":76.95}]},"population":{"F0-2":132.846867777394,"F3-5":117.37623809255,"F6-10":246.187522458678,"F11-17":341.377848174696,"F18-24":1030.11752144161,"F25-39":1077.92672117164,"F40-54":915.701875515643,"F55-64":671.856385082224,"F65-79":708.540899153087,"F80+":393.343680278369,"H0-2":167.860652217128,"H3-5":135.802583772371,"H6-10":263.547043643767,"H11-17":448.491143056654,"H18-24":666.6424568375,"H25-39":978.380627718443,"H40-54":795.239162592546,"H55-64":512.90249452478,"H65-79":561.802836375645,"H80+":206.055440115279},"Analyse":{"Votes décisifs":1357,"tour décisif":1,"majeurs":8518.510100806765,"Non votants de 18-24":1170.5130396050745}}