{"id":3533,"slug":"37-203-rochecorbon","nom_standard":"Rochecorbon","code_postal":"37","code_departement":"37","libelle_departement":"Indre-et-Loire","code_commune":"203","Tour 1":{"Inscrits":2562,"Abstentions":1212,"% Abs/Ins":47.31,"Votants":1350,"% Vot/Ins":52.69,"Blancs":21,"% Blancs/Ins":0.82,"% Blancs/Vot":1.56,"Nuls":12,"% Nuls/Ins":0.47,"% Nuls/Vot":0.89,"Exprimés":1317,"% Exp/Ins":51.41,"% Exp/Vot":97.56,"resultats":[{"N.Pan.":null,"Code Nuance":"LNC","Sexe":"M","Nom":"DUMÉNIL","Prénom":"Emmanuel","Liste":"Ecoute et engagement durable","Sièges / Elu":"19","Sièges Secteur":0,"Sièges CC":1,"Voix":861,"% Voix/Ins":33.61,"% Voix/Exp":65.38},{"N.Pan.":2,"Code Nuance":"LNC","Sexe":"M","Nom":"MALBRANT","Prénom":"Christophe","Liste":"Pour nous Rochecorbon C'est Vous","Sièges / Elu":"4","Sièges Secteur":0,"Sièges CC":0,"Voix":456,"% Voix/Ins":17.8,"% Voix/Exp":34.62}]},"population":{"F0-2":33.1940578115949,"F3-5":44.2433203670257,"F6-10":95.4380014028112,"F11-17":141.7432372497,"F18-24":72.6053501919959,"F25-39":227.110007997011,"F40-54":357.334394709989,"F55-64":221.240715407902,"F65-79":255.123580887718,"F80+":159.952401628635,"H0-2":51.3372959254818,"H3-5":48.2345112221601,"H6-10":103.506723595811,"H11-17":147.755421408018,"H18-24":116.976838221175,"H25-39":190.899946165165,"H40-54":339.115401821388,"H55-64":224.118272173697,"H65-79":224.405601982699,"H80+":107.664919830021},"Analyse":{"Votes décisifs":406,"tour décisif":1,"majeurs":2496.547431017396,"Non votants de 18-24":87.06622930179869}}