{"id":3538,"slug":"37-211-saint-branchs","nom_standard":"Saint-Branchs","code_postal":"37","code_departement":"37","libelle_departement":"Indre-et-Loire","code_commune":"211","Tour 1":{"Inscrits":2022,"Abstentions":1361,"% Abs/Ins":67.31,"Votants":661,"% Vot/Ins":32.69,"Blancs":53,"% Blancs/Ins":2.62,"% Blancs/Vot":8.02,"Nuls":62,"% Nuls/Ins":3.07,"% Nuls/Vot":9.38,"Exprimés":546,"% Exp/Ins":27,"% Exp/Vot":82.6,"resultats":[{"N.Pan.":null,"Code Nuance":"LNC","Sexe":"M","Nom":"NATHIÉ","Prénom":"Patrick","Liste":"ASSUREMENT SAINT-BRANCHS","Sièges / Elu":"23","Sièges Secteur":0,"Sièges CC":3,"Voix":546,"% Voix/Ins":27,"% Voix/Exp":100}]},"population":{"F0-2":41.5038126370143,"F3-5":50.439878205456,"F6-10":93.7298073333513,"F11-17":115.585057738073,"F18-24":74.2935444076297,"F25-39":241.512056572951,"F40-54":283.245940327655,"F55-64":181.540476602634,"F65-79":145.641476535937,"F80+":77.3166757190787,"H0-2":43.7168077840691,"H3-5":47.5988132727605,"H6-10":104.308915673168,"H11-17":124.561904169561,"H18-24":73.2853240797492,"H25-39":225.644171740017,"H40-54":295.892902302314,"H55-64":197.83747110626,"H65-79":155.86716103873,"H80+":54.4778027535897},"Analyse":{"Votes décisifs":547,"tour décisif":1,"majeurs":2006.5550031865453,"Non votants de 18-24":98.96338976128264}}