{"id":3543,"slug":"37-219-saint-genouph","nom_standard":"Saint-Genouph","code_postal":"37","code_departement":"37","libelle_departement":"Indre-et-Loire","code_commune":"219","Tour 1":{"Inscrits":764,"Abstentions":340,"% Abs/Ins":44.5,"Votants":424,"% Vot/Ins":55.5,"Blancs":5,"% Blancs/Ins":0.65,"% Blancs/Vot":1.18,"Nuls":13,"% Nuls/Ins":1.7,"% Nuls/Vot":3.07,"Exprimés":406,"% Exp/Ins":53.14,"% Exp/Vot":95.75,"resultats":[{"N.Pan.":null,"Code Nuance":"LNC","Sexe":"M","Nom":"DECARPENTRIE","Prénom":"Jean-Baptiste","Liste":"SAINT-GENOUPH AVEC VOUS","Sièges / Elu":"2","Sièges Secteur":0,"Sièges CC":0,"Voix":138,"% Voix/Ins":18.06,"% Voix/Exp":33.99},{"N.Pan.":2,"Code Nuance":"LNC","Sexe":"F","Nom":"SUARD","Prénom":"Patricia","Liste":"ENSEMBLE, AGISSONS POUR DEMAIN","Sièges / Elu":"13","Sièges Secteur":0,"Sièges CC":1,"Voix":268,"% Voix/Ins":35.08,"% Voix/Exp":66.01}]},"population":{"F0-2":14.4894748082274,"F3-5":14.535442570608,"F6-10":39.0431310148649,"F11-17":43.8989685077994,"F18-24":25.958490020762,"F25-39":79.2307431587954,"F40-54":118.391268423023,"F55-64":82.6407727286394,"F65-79":68.5784701234134,"F80+":23.7061479374193,"H0-2":18.7333646177228,"H3-5":15.8406199673313,"H6-10":23.3653480310565,"H11-17":41.5896916172463,"H18-24":39.1517654626348,"H25-39":93.880617397096,"H40-54":111.537220903217,"H55-64":75.8320554639871,"H65-79":81.1386254482825,"H80+":17.4577817978729},"Analyse":{"Votes décisifs":131,"tour décisif":1,"majeurs":817.5039588651427,"Non votants de 18-24":31.340696295837787}}