{"id":3563,"slug":"37-266-veigne","nom_standard":"Veigné","code_postal":"37","code_departement":"37","libelle_departement":"Indre-et-Loire","code_commune":"266","Tour 1":{"Inscrits":4937,"Abstentions":2814,"% Abs/Ins":57,"Votants":2123,"% Vot/Ins":43,"Blancs":21,"% Blancs/Ins":0.43,"% Blancs/Vot":0.99,"Nuls":39,"% Nuls/Ins":0.79,"% Nuls/Vot":1.84,"Exprimés":2063,"% Exp/Ins":41.79,"% Exp/Vot":97.17,"resultats":[{"N.Pan.":null,"Code Nuance":"LDVG","Sexe":"M","Nom":"LAUMOND","Prénom":"Didier","Liste":"Veigné: un souffle nouveau","Sièges / Elu":"5","Sièges Secteur":0,"Sièges CC":1,"Voix":706,"% Voix/Ins":14.3,"% Voix/Exp":34.22},{"N.Pan.":2,"Code Nuance":"LDVD","Sexe":"M","Nom":"MICHAUD","Prénom":"Patrick","Liste":"AGIR POUR VEIGNÉ","Sièges / Elu":"24","Sièges Secteur":0,"Sièges CC":5,"Voix":1357,"% Voix/Ins":27.49,"% Voix/Exp":65.78}]},"population":{"F0-2":106.876785402682,"F3-5":107.493699412496,"F6-10":192.392992469157,"F11-17":307.236290535358,"F18-24":157.908119842962,"F25-39":555.947448181538,"F40-54":684.579817840255,"F55-64":456.016057861184,"F65-79":545.231744936276,"F80+":252.007483848793,"H0-2":101.815255578277,"H3-5":123.689127097826,"H6-10":178.317260026111,"H11-17":305.207633681931,"H18-24":183.777810190478,"H25-39":504.085028203014,"H40-54":640.283088335791,"H55-64":460.436572099296,"H65-79":484.626950901851,"H80+":163.070833554723},"Analyse":{"Votes décisifs":652,"tour décisif":1,"majeurs":5087.970955796161,"Non votants de 18-24":199.1145129079892}}