{"id":3572,"slug":"37-282-yzeures-sur-creuse","nom_standard":"Yzeures-sur-Creuse","code_postal":"37","code_departement":"37","libelle_departement":"Indre-et-Loire","code_commune":"282","Tour 1":{"Inscrits":1197,"Abstentions":637,"% Abs/Ins":53.22,"Votants":560,"% Vot/Ins":46.78,"Blancs":20,"% Blancs/Ins":1.67,"% Blancs/Vot":3.57,"Nuls":85,"% Nuls/Ins":7.1,"% Nuls/Vot":15.18,"Exprimés":455,"% Exp/Ins":38.01,"% Exp/Vot":81.25,"resultats":[{"N.Pan.":null,"Code Nuance":"LNC","Sexe":"M","Nom":"PÉRIVIER","Prénom":"Jacky","Liste":"Tous pour l'Avenir d'Yzeures","Sièges / Elu":"15","Sièges Secteur":0,"Sièges CC":2,"Voix":455,"% Voix/Ins":38.01,"% Voix/Exp":100}]},"population":{"F0-2":7.04259672755288,"F3-5":16.7133975340548,"F6-10":28.9920712969008,"F11-17":42.3244776463827,"F18-24":31.6297533288848,"F25-39":72.2866443120225,"F40-54":128.16087696858,"F55-64":120.150216981589,"F65-79":173.297657128598,"F80+":89.0044811543339,"H0-2":12.3279431848753,"H3-5":14.980582285957,"H6-10":27.4570496307304,"H11-17":41.4107163314088,"H18-24":31.0257188250548,"H25-39":78.5748423443259,"H40-54":122.585463195048,"H55-64":107.270499643207,"H65-79":143.305816155168,"H80+":48.4591953253268},"Analyse":{"Votes décisifs":456,"tour décisif":1,"majeurs":1145.7511653621386,"Non votants de 18-24":32.03183809888177}}