{"id":359,"slug":"4-152-pierrevert","nom_standard":"Pierrevert","code_postal":"4","code_departement":"4","libelle_departement":"Alpes-de-Haute-Provence","code_commune":"152","Tour 1":{"Inscrits":3214,"Abstentions":1490,"% Abs/Ins":46.36,"Votants":1724,"% Vot/Ins":53.64,"Blancs":27,"% Blancs/Ins":0.84,"% Blancs/Vot":1.57,"Nuls":37,"% Nuls/Ins":1.15,"% Nuls/Vot":2.15,"Exprimés":1660,"% Exp/Ins":51.65,"% Exp/Vot":96.29,"resultats":[{"N.Pan.":null,"Code Nuance":"LDVG","Sexe":"M","Nom":"JULIEN","Prénom":"Jean-Paul","Liste":"CHANGEMENT D'ÈRE POUR PIERREVERT","Sièges / Elu":"5","Sièges Secteur":0,"Sièges CC":1,"Voix":614,"% Voix/Ins":19.1,"% Voix/Exp":36.99},{"N.Pan.":2,"Code Nuance":"LDVD","Sexe":"M","Nom":"MILLE","Prénom":"André","Liste":"ENSEMBLE, CONTINUONS POUR PIERREVERT","Sièges / Elu":"22","Sièges Secteur":0,"Sièges CC":2,"Voix":1046,"% Voix/Ins":32.55,"% Voix/Exp":63.01}]},"population":{"F0-2":51.0995458142067,"F3-5":53.8931043023818,"F6-10":133.766496950807,"F11-17":168.041366535396,"F18-24":77.7617576727778,"F25-39":252.678196753441,"F40-54":432.899679622425,"F55-64":295.78862541488,"F65-79":399.86572474638,"F80+":134.358834624858,"H0-2":47.0166099327495,"H3-5":69.9132456513214,"H6-10":122.719531078072,"H11-17":194.181543416527,"H18-24":75.7878485661751,"H25-39":232.063141010011,"H40-54":410.369386175937,"H55-64":301.497110077255,"H65-79":366.581383875454,"H80+":115.716867778943},"Analyse":{"Votes décisifs":433,"tour décisif":1,"majeurs":3095.3685563185372,"Non votants de 18-24":68.02844249398102}}