{"id":3590,"slug":"38-34-beaurepaire","nom_standard":"Beaurepaire","code_postal":"38","code_departement":"38","libelle_departement":"Isère","code_commune":"34","Tour 1":{"Inscrits":3098,"Abstentions":2324,"% Abs/Ins":75.02,"Votants":774,"% Vot/Ins":24.98,"Blancs":56,"% Blancs/Ins":1.81,"% Blancs/Vot":7.24,"Nuls":74,"% Nuls/Ins":2.39,"% Nuls/Vot":9.56,"Exprimés":644,"% Exp/Ins":20.79,"% Exp/Vot":83.2,"resultats":[{"N.Pan.":null,"Code Nuance":"LDIV","Sexe":"M","Nom":"PAQUE","Prénom":"Yannick","Liste":"BEAUREPAIRE 2020, ENSEMBLE AGISSONS !","Sièges / Elu":"27","Sièges Secteur":0,"Sièges CC":5,"Voix":644,"% Voix/Ins":20.79,"% Voix/Exp":100}]},"population":{"F0-2":87.9078329447657,"F3-5":90.1004264450497,"F6-10":160.487233197831,"F11-17":210.453832637361,"F18-24":142.304439455492,"F25-39":408.500625869085,"F40-54":455.858859933796,"F55-64":294.119662922549,"F65-79":454.026387743027,"F80+":301.357710010829,"H0-2":82.3858012222445,"H3-5":96.0084370178475,"H6-10":158.571205109887,"H11-17":225.941369464765,"H18-24":186.151526252151,"H25-39":393.690606072796,"H40-54":481.188966786693,"H55-64":281.226081325043,"H65-79":338.184545594213,"H80+":156.534449994572},"Analyse":{"Votes décisifs":645,"tour décisif":1,"majeurs":3893.1438619602463,"Non votants de 18-24":263.1552918893089}}