{"id":3435,"slug":"36-123-mezieres-en-brenne","nom_standard":"Mézières-en-Brenne","code_postal":"36","code_departement":"36","libelle_departement":"Indre","code_commune":"123","Tour 1":{"Inscrits":737,"Abstentions":378,"% Abs/Ins":51.29,"Votants":359,"% Vot/Ins":48.71,"Blancs":9,"% Blancs/Ins":1.22,"% Blancs/Vot":2.51,"Nuls":57,"% Nuls/Ins":7.73,"% Nuls/Vot":15.88,"Exprimés":293,"% Exp/Ins":39.76,"% Exp/Vot":81.62,"resultats":[{"N.Pan.":null,"Code Nuance":"LNC","Sexe":"M","Nom":"CAMUS","Prénom":"Jean-Louis","Liste":"Agir pour bien vivre à Mézières","Sièges / Elu":"15","Sièges Secteur":0,"Sièges CC":5,"Voix":293,"% Voix/Ins":39.76,"% Voix/Exp":100}]},"population":{"F0-2":11.2876045953562,"F3-5":5.50675182847378,"F6-10":15.9015567670143,"F11-17":27.1261139086883,"F18-24":16.7335179699042,"F25-39":49.6390202752381,"F40-54":72.4125673606602,"F55-64":79.0271828669061,"F65-79":108.302644770896,"F80+":118.227434901035,"H0-2":10.1825440412615,"H3-5":14.7225975196665,"H6-10":18.6501667058974,"H11-17":32.6669133149117,"H18-24":27.0044996688065,"H25-39":44.5384425803938,"H40-54":76.9207546962666,"H55-64":81.9321233749884,"H65-79":104.809121462076,"H80+":69.4084413915601},"Analyse":{"Votes décisifs":294,"tour décisif":1,"majeurs":848.9557513187309,"Non votants de 18-24":25.242414884495982}}