{"id":3424,"slug":"36-46-la-chatre","nom_standard":"La Châtre","code_postal":"36","code_departement":"36","libelle_departement":"Indre","code_commune":"46","Tour 1":{"Inscrits":2788,"Abstentions":1322,"% Abs/Ins":47.42,"Votants":1466,"% Vot/Ins":52.58,"Blancs":12,"% Blancs/Ins":0.43,"% Blancs/Vot":0.82,"Nuls":27,"% Nuls/Ins":0.97,"% Nuls/Vot":1.84,"Exprimés":1427,"% Exp/Ins":51.18,"% Exp/Vot":97.34,"resultats":[{"N.Pan.":null,"Code Nuance":"LDVG","Sexe":"M","Nom":"ROUVE","Prénom":"Pierre","Liste":"Alternative La Châtre 2020","Sièges / Elu":"1","Sièges Secteur":0,"Sièges CC":0,"Voix":186,"% Voix/Ins":6.67,"% Voix/Exp":13.03},{"N.Pan.":2,"Code Nuance":"LDVD","Sexe":"M","Nom":"JUDALET","Prénom":"Patrick","Liste":"Demain à La Châtre","Sièges / Elu":"22","Sièges Secteur":0,"Sièges CC":9,"Voix":800,"% Voix/Ins":28.69,"% Voix/Exp":56.06},{"N.Pan.":3,"Code Nuance":"LDIV","Sexe":"F","Nom":"DARRÉ","Prénom":"Patricia","Liste":"RÉUSSIR ENSEMBLE POUR LA CHATRE","Sièges / Elu":4,"Sièges CC":2,"Voix":441,"% Voix/Ins":15.82,"% Voix/Exp":30.9}]},"population":{"F0-2":33.6015310432268,"F3-5":41.4964094901901,"F6-10":79.9285205685838,"F11-17":159.176206005357,"F18-24":105.01472415052,"F25-39":226.283883183041,"F40-54":355.197257195052,"F55-64":298.281720310216,"F65-79":510.201627075658,"F80+":504.637719151802,"H0-2":35.6031566588502,"H3-5":48.4986473315144,"H6-10":62.3145903934834,"H11-17":135.643612778164,"H18-24":132.277466366444,"H25-39":219.199110259261,"H40-54":295.850035015677,"H55-64":238.409106423926,"H65-79":374.40866610099,"H80+":191.976010498042},"Analyse":{"Votes décisifs":174,"tour décisif":1,"majeurs":3451.737325730629,"Non votants de 18-24":136.51095530978162}}