{"id":3415,"slug":"36-5-ardentes","nom_standard":"Ardentes","code_postal":"36","code_departement":"36","libelle_departement":"Indre","code_commune":"5","Tour 1":{"Inscrits":2916,"Abstentions":1877,"% Abs/Ins":64.37,"Votants":1039,"% Vot/Ins":35.63,"Blancs":33,"% Blancs/Ins":1.13,"% Blancs/Vot":3.18,"Nuls":89,"% Nuls/Ins":3.05,"% Nuls/Vot":8.57,"Exprimés":917,"% Exp/Ins":31.45,"% Exp/Vot":88.26,"resultats":[{"N.Pan.":null,"Code Nuance":"LDVD","Sexe":"M","Nom":"CARANTON","Prénom":"Gilles","Liste":"CONSTRUISONS ENSEMBLE ARDENTES POUR DEMAIN","Sièges / Elu":"27","Sièges Secteur":0,"Sièges CC":3,"Voix":917,"% Voix/Ins":31.45,"% Voix/Exp":100}]},"population":{"F0-2":49.3271323823508,"F3-5":53.007727683616,"F6-10":104.604475214025,"F11-17":183.869555130955,"F18-24":91.8543110748778,"F25-39":296.442239399201,"F40-54":410.960870515234,"F55-64":276.849228307204,"F65-79":337.710329575465,"F80+":136.216135486846,"H0-2":45.899457248302,"H3-5":54.2172005043284,"H6-10":118.354265390902,"H11-17":187.702468830345,"H18-24":115.926510857464,"H25-39":273.876326174088,"H40-54":436.58025818985,"H55-64":248.12082358404,"H65-79":312.852623217987,"H80+":90.6280612329198},"Analyse":{"Votes décisifs":918,"tour décisif":1,"majeurs":3028.0177176151765,"Non votants de 18-24":136.48524372887917}}