{"id":3417,"slug":"36-9-arthon","nom_standard":"Arthon","code_postal":"36","code_departement":"36","libelle_departement":"Indre","code_commune":"9","Tour 1":{"Inscrits":960,"Abstentions":563,"% Abs/Ins":58.65,"Votants":397,"% Vot/Ins":41.35,"Blancs":20,"% Blancs/Ins":2.08,"% Blancs/Vot":5.04,"Nuls":77,"% Nuls/Ins":8.02,"% Nuls/Vot":19.4,"Exprimés":300,"% Exp/Ins":31.25,"% Exp/Vot":75.57,"resultats":[{"N.Pan.":null,"Code Nuance":"LNC","Sexe":"F","Nom":"BAVOUZET","Prénom":"Pascale","Liste":"AGIR POUR ARTHON","Sièges / Elu":"15","Sièges Secteur":0,"Sièges CC":1,"Voix":300,"% Voix/Ins":31.25,"% Voix/Exp":100}]},"population":{"F0-2":14.8963424115383,"F3-5":19.6409184438695,"F6-10":37.2919169519865,"F11-17":64.7175892078085,"F18-24":30.0713547166933,"F25-39":104.5527527864,"F40-54":135.342773984823,"F55-64":87.2733770590252,"F65-79":80.2297263807416,"F80+":21.7597009617841,"H0-2":18.6821096571434,"H3-5":24.2857247946841,"H6-10":49.1648871102762,"H11-17":65.4110833570424,"H18-24":55.5974818061854,"H25-39":93.987057012032,"H40-54":131.68862890116,"H55-64":84.8354330009712,"H65-79":82.0370629494337,"H80+":19.5340785064008},"Analyse":{"Votes décisifs":301,"tour décisif":1,"majeurs":926.9094280656502,"Non votants de 18-24":48.976440189658994}}