{"id":3603,"slug":"38-59-brie-et-angonnes","nom_standard":"Brié-et-Angonnes","code_postal":"38","code_departement":"38","libelle_departement":"Isère","code_commune":"59","Tour 1":{"Inscrits":2092,"Abstentions":810,"% Abs/Ins":38.72,"Votants":1282,"% Vot/Ins":61.28,"Blancs":29,"% Blancs/Ins":1.39,"% Blancs/Vot":2.26,"Nuls":5,"% Nuls/Ins":0.24,"% Nuls/Vot":0.39,"Exprimés":1248,"% Exp/Ins":59.66,"% Exp/Vot":97.35,"resultats":[{"N.Pan.":null,"Code Nuance":"LNC","Sexe":"M","Nom":"SOULLIER","Prénom":"Claude","Liste":"BRIE ET ANGONNES 2020 UN VILLAGE D'AVENIR","Sièges / Elu":"18","Sièges Secteur":0,"Sièges CC":1,"Voix":630,"% Voix/Ins":30.11,"% Voix/Exp":50.48},{"N.Pan.":2,"Code Nuance":"LNC","Sexe":"M","Nom":"CHARVET","Prénom":"Bernard","Liste":"Unis pour Brié-et-Angonnes","Sièges / Elu":"5","Sièges Secteur":0,"Sièges CC":0,"Voix":618,"% Voix/Ins":29.54,"% Voix/Exp":49.52}]},"population":{"F0-2":27.6244911633963,"F3-5":36.1229735208715,"F6-10":74.558541668692,"F11-17":89.5316490637079,"F18-24":70.4741468710507,"F25-39":197.764550086527,"F40-54":262.815515677331,"F55-64":186.472745753097,"F65-79":212.580743375698,"F80+":100.24645408559,"H0-2":37.1135613082464,"H3-5":44.4243388939104,"H6-10":66.367129506804,"H11-17":133.313585164325,"H18-24":72.5106493571996,"H25-39":161.221553675928,"H40-54":262.698870494561,"H55-64":200.514906701347,"H65-79":194.166138222933,"H80+":102.477455408786},"Analyse":{"Votes décisifs":13,"tour décisif":1,"majeurs":2023.9437297100478,"Non votants de 18-24":52.41582137296736}}