{"id":3607,"slug":"38-67-chamagnieu","nom_standard":"Chamagnieu","code_postal":"38","code_departement":"38","libelle_departement":"Isère","code_commune":"67","Tour 1":{"Inscrits":1213,"Abstentions":763,"% Abs/Ins":62.9,"Votants":450,"% Vot/Ins":37.1,"Blancs":4,"% Blancs/Ins":0.33,"% Blancs/Vot":0.89,"Nuls":19,"% Nuls/Ins":1.57,"% Nuls/Vot":4.22,"Exprimés":427,"% Exp/Ins":35.2,"% Exp/Vot":94.89,"resultats":[{"N.Pan.":null,"Code Nuance":"LNC","Sexe":"M","Nom":"CADO","Prénom":"Jean-Yves","Liste":"CHAMAGNIEU \"TOUS\" SIMPLEMENT","Sièges / Elu":"19","Sièges Secteur":0,"Sièges CC":1,"Voix":427,"% Voix/Ins":35.2,"% Voix/Exp":100}]},"population":{"F0-2":25.220505711839,"F3-5":33.7377707761987,"F6-10":80.9380615514497,"F11-17":88.6796499977496,"F18-24":40.7556137941832,"F25-39":162.678269864581,"F40-54":184.663323403238,"F55-64":117.382539784779,"F65-79":113.996035117404,"F80+":22.8684302821318,"H0-2":23.303283541431,"H3-5":47.3835020101076,"H6-10":59.770681438325,"H11-17":82.7562608549832,"H18-24":40.5895783701456,"H25-39":147.305206366672,"H40-54":203.274706288602,"H55-64":125.061936805099,"H65-79":107.79359943728,"H80+":22.8410446037997},"Analyse":{"Votes décisifs":428,"tour décisif":1,"majeurs":1289.2102841179153,"Non votants de 18-24":52.95158025718091}}