{"id":3614,"slug":"38-76-la-chapelle-de-la-tour","nom_standard":"La Chapelle-de-la-Tour","code_postal":"38","code_departement":"38","libelle_departement":"Isère","code_commune":"76","Tour 1":{"Inscrits":1401,"Abstentions":716,"% Abs/Ins":51.11,"Votants":685,"% Vot/Ins":48.89,"Blancs":9,"% Blancs/Ins":0.64,"% Blancs/Vot":1.31,"Nuls":4,"% Nuls/Ins":0.29,"% Nuls/Vot":0.58,"Exprimés":672,"% Exp/Ins":47.97,"% Exp/Vot":98.1,"resultats":[{"N.Pan.":null,"Code Nuance":"LNC","Sexe":"M","Nom":"BERNARD","Prénom":"Jacques","Liste":"AGIR DURABLEMENT POUR LA CHAPELLE DE LA TOUR","Sièges / Elu":"15","Sièges Secteur":0,"Sièges CC":1,"Voix":393,"% Voix/Ins":28.05,"% Voix/Exp":58.48},{"N.Pan.":2,"Code Nuance":"LNC","Sexe":"M","Nom":"LOMBARD","Prénom":"Ludovic","Liste":"BIEN VIVRE ENSEMBLE A LA CHAPELLE","Sièges / Elu":"4","Sièges Secteur":0,"Sièges CC":0,"Voix":279,"% Voix/Ins":19.91,"% Voix/Exp":41.52}]},"population":{"F0-2":31.9477129902331,"F3-5":31.907704782563,"F6-10":61.7801449233947,"F11-17":97.5618514419485,"F18-24":41.1334342367951,"F25-39":156.757680145145,"F40-54":216.83097853543,"F55-64":119.873238751455,"F65-79":159.20003896888,"F80+":37.1022002136972,"H0-2":23.9117049445294,"H3-5":43.8693679478278,"H6-10":61.6599404050202,"H11-17":104.573899528518,"H18-24":59.3350265914086,"H25-39":149.205052929607,"H40-54":212.440021671867,"H55-64":123.67383861324,"H65-79":149.647700392919,"H80+":22.5884619855217},"Analyse":{"Votes décisifs":115,"tour décisif":1,"majeurs":1447.7876730359656,"Non votants de 18-24":52.93324765498731}}