{"id":3670,"slug":"38-191-huez","nom_standard":"Huez","code_postal":"38","code_departement":"38","libelle_departement":"Isère","code_commune":"191","Tour 1":{"Inscrits":1175,"Abstentions":319,"% Abs/Ins":27.15,"Votants":856,"% Vot/Ins":72.85,"Blancs":7,"% Blancs/Ins":0.6,"% Blancs/Vot":0.82,"Nuls":16,"% Nuls/Ins":1.36,"% Nuls/Vot":1.87,"Exprimés":833,"% Exp/Ins":70.89,"% Exp/Vot":97.31,"resultats":[{"N.Pan.":null,"Code Nuance":"LNC","Sexe":"M","Nom":"NOYREY","Prénom":"Jean-Yves","Liste":"Huez  nous rassemble","Sièges / Elu":"13","Sièges Secteur":0,"Sièges CC":3,"Voix":531,"% Voix/Ins":45.19,"% Voix/Exp":63.75},{"N.Pan.":2,"Code Nuance":"LNC","Sexe":"M","Nom":"CHAMOUTON","Prénom":"Gabriel","Liste":"HUEZ AUTREMENT","Sièges / Elu":"2","Sièges Secteur":0,"Sièges CC":1,"Voix":302,"% Voix/Ins":25.7,"% Voix/Exp":36.25}]},"population":{"F0-2":16.2222537560925,"F3-5":18.8018676470967,"F6-10":22.5326522350059,"F11-17":47.2902182215117,"F18-24":33.6250527061966,"F25-39":117.428967627408,"F40-54":159.080688283662,"F55-64":99.3128501654847,"F65-79":77.262012833627,"F80+":15.041579832203,"H0-2":18.6497820652008,"H3-5":13.6778493701389,"H6-10":34.9999956910786,"H11-17":72.9573203739556,"H18-24":48.3310492715557,"H25-39":133.447388237443,"H40-54":168.14013711401,"H55-64":103.892087788788,"H65-79":77.5439552261992,"H80+":19.7622915533428},"Analyse":{"Votes décisifs":230,"tour décisif":1,"majeurs":1052.86806063992,"Non votants de 18-24":15.3243691751474}}