{"id":3680,"slug":"38-215-luzinay","nom_standard":"Luzinay","code_postal":"38","code_departement":"38","libelle_departement":"Isère","code_commune":"215","Tour 1":{"Inscrits":1914,"Abstentions":1391,"% Abs/Ins":72.68,"Votants":523,"% Vot/Ins":27.32,"Blancs":37,"% Blancs/Ins":1.93,"% Blancs/Vot":7.07,"Nuls":69,"% Nuls/Ins":3.61,"% Nuls/Vot":13.19,"Exprimés":417,"% Exp/Ins":21.79,"% Exp/Vot":79.73,"resultats":[{"N.Pan.":null,"Code Nuance":"LNC","Sexe":"M","Nom":"CHARLES","Prénom":"Christophe","Liste":"BIEN VIVRE À LUZINAY","Sièges / Elu":"19","Sièges Secteur":0,"Sièges CC":1,"Voix":417,"% Voix/Ins":21.79,"% Voix/Exp":100}]},"population":{"F0-2":44.3904784374695,"F3-5":62.5485552540955,"F6-10":72.1932885272864,"F11-17":112.596316389495,"F18-24":55.1056950948951,"F25-39":225.47458586086,"F40-54":252.000309840213,"F55-64":166.865754756458,"F65-79":133.814287056248,"F80+":48.914750894144,"H0-2":58.4197603297896,"H3-5":43.064923227234,"H6-10":90.8319187383368,"H11-17":103.068663579163,"H18-24":72.394092151482,"H25-39":207.377269318229,"H40-54":258.659708367193,"H55-64":165.103550196369,"H65-79":152.671456771103,"H80+":29.5046352099347},"Analyse":{"Votes décisifs":418,"tour décisif":1,"majeurs":1767.886095517129,"Non votants de 18-24":89.78107397692871}}