{"id":3695,"slug":"38-256-montferrat","nom_standard":"Montferrat","code_postal":"38","code_departement":"38","libelle_departement":"Isère","code_commune":"256","Tour 1":{"Inscrits":1265,"Abstentions":621,"% Abs/Ins":49.09,"Votants":644,"% Vot/Ins":50.91,"Blancs":12,"% Blancs/Ins":0.95,"% Blancs/Vot":1.86,"Nuls":17,"% Nuls/Ins":1.34,"% Nuls/Vot":2.64,"Exprimés":615,"% Exp/Ins":48.62,"% Exp/Vot":95.5,"resultats":[{"N.Pan.":null,"Code Nuance":"LNC","Sexe":"M","Nom":"PERRIN -COCON","Prénom":"Roland","Liste":"MONTFERRAT CONSTRUISONS L AVENIR","Sièges / Elu":"16","Sièges Secteur":0,"Sièges CC":1,"Voix":400,"% Voix/Ins":31.62,"% Voix/Exp":65.04},{"N.Pan.":2,"Code Nuance":"LNC","Sexe":"M","Nom":"BENOIT-GUERINDON","Prénom":"Franck","Liste":"MONTFERRAT ENCORE ET TOUJOURS","Sièges / Elu":"3","Sièges Secteur":0,"Sièges CC":0,"Voix":215,"% Voix/Ins":17,"% Voix/Exp":34.96}]},"population":{"F0-2":39.0449164502146,"F3-5":36.9924058054422,"F6-10":60.0146295969497,"F11-17":66.0227679491214,"F18-24":46.2125419166953,"F25-39":193.713357286732,"F40-54":154.806266464335,"F55-64":119.098427933194,"F65-79":128.301972416802,"F80+":79.9255752591821,"H0-2":44.0564382677853,"H3-5":43.0515340557343,"H6-10":61.9946617736527,"H11-17":60.9941755775962,"H18-24":50.1934353267306,"H25-39":183.870841817601,"H40-54":170.898213291205,"H55-64":129.160360334771,"H65-79":136.254718101902,"H80+":38.3927603743545},"Analyse":{"Votes décisifs":186,"tour décisif":1,"majeurs":1430.8284705235044,"Non votants de 18-24":53.01471782708876}}