{"id":3517,"slug":"37-171-noizay","nom_standard":"Noizay","code_postal":"37","code_departement":"37","libelle_departement":"Indre-et-Loire","code_commune":"171","Tour 1":{"Inscrits":963,"Abstentions":383,"% Abs/Ins":39.77,"Votants":580,"% Vot/Ins":60.23,"Blancs":11,"% Blancs/Ins":1.14,"% Blancs/Vot":1.9,"Nuls":13,"% Nuls/Ins":1.35,"% Nuls/Vot":2.24,"Exprimés":556,"% Exp/Ins":57.74,"% Exp/Vot":95.86,"resultats":[{"N.Pan.":null,"Code Nuance":"LNC","Sexe":"M","Nom":"MORIN","Prénom":"Pierre","Liste":"Bien Vivre à Noizay","Sièges / Elu":"12","Sièges Secteur":0,"Sièges CC":1,"Voix":346,"% Voix/Ins":35.93,"% Voix/Exp":62.23},{"N.Pan.":2,"Code Nuance":"LNC","Sexe":"M","Nom":"GUIGNARD","Prénom":"Willy","Liste":"NOIZAY AU COEUR","Sièges / Elu":"3","Sièges Secteur":0,"Sièges CC":0,"Voix":210,"% Voix/Ins":21.81,"% Voix/Exp":37.77}]},"population":{"F0-2":11.896892264172,"F3-5":21.8143494524779,"F6-10":28.6823496980905,"F11-17":38.5732063000659,"F18-24":21.8212618649289,"F25-39":99.4855067771926,"F40-54":108.521794678329,"F55-64":84.2102899009229,"F65-79":95.4291853183403,"F80+":38.3203371932754,"H0-2":20.7775236572192,"H3-5":20.7847517627996,"H6-10":36.5535733767951,"H11-17":49.392850126622,"H18-24":28.8167649831143,"H25-39":88.6734197042347,"H40-54":123.51639135245,"H55-64":93.2264332831241,"H65-79":95.36783775993,"H80+":25.1352805459164},"Analyse":{"Votes décisifs":137,"tour décisif":1,"majeurs":902.5245033617585,"Non votants de 18-24":18.095912520436222}}