{"id":3505,"slug":"37-139-luynes","nom_standard":"Luynes","code_postal":"37","code_departement":"37","libelle_departement":"Indre-et-Loire","code_commune":"139","Tour 1":{"Inscrits":4029,"Abstentions":2008,"% Abs/Ins":49.84,"Votants":2021,"% Vot/Ins":50.16,"Blancs":20,"% Blancs/Ins":0.5,"% Blancs/Vot":0.99,"Nuls":37,"% Nuls/Ins":0.92,"% Nuls/Vot":1.83,"Exprimés":1964,"% Exp/Ins":48.75,"% Exp/Vot":97.18,"resultats":[{"N.Pan.":null,"Code Nuance":"LDIV","Sexe":"M","Nom":"LAFAUX","Prénom":"Yoann","Liste":"ENSEMBLE LUYNES GAGNANTE","Sièges / Elu":"5","Sièges Secteur":0,"Sièges CC":0,"Voix":766,"% Voix/Ins":19.01,"% Voix/Exp":39},{"N.Pan.":2,"Code Nuance":"LLR","Sexe":"M","Nom":"RITOURET","Prénom":"Bertrand","Liste":"Luynes Avenir","Sièges / Elu":"24","Sièges Secteur":0,"Sièges CC":2,"Voix":1198,"% Voix/Ins":29.73,"% Voix/Exp":61}]},"population":{"F0-2":62.2120341072418,"F3-5":68.0405597973581,"F6-10":155.73979130804,"F11-17":233.650313121257,"F18-24":157.958958108127,"F25-39":330.774415033774,"F40-54":587.440861499618,"F55-64":344.093244650601,"F65-79":412.501219383821,"F80+":300.178397464015,"H0-2":46.600175033047,"H3-5":82.7056920004022,"H6-10":160.301894478684,"H11-17":273.24471612343,"H18-24":161.918298546588,"H25-39":316.469902211395,"H40-54":562.625067914508,"H55-64":323.239520703332,"H65-79":375.448158655802,"H80+":137.856779858958},"Analyse":{"Votes décisifs":433,"tour décisif":1,"majeurs":4010.504824030539,"Non votants de 18-24":158.68260309749084}}