{"id":3529,"slug":"37-194-reugny","nom_standard":"Reugny","code_postal":"37","code_departement":"37","libelle_departement":"Indre-et-Loire","code_commune":"194","Tour 1":{"Inscrits":1248,"Abstentions":623,"% Abs/Ins":49.92,"Votants":625,"% Vot/Ins":50.08,"Blancs":3,"% Blancs/Ins":0.24,"% Blancs/Vot":0.48,"Nuls":8,"% Nuls/Ins":0.64,"% Nuls/Vot":1.28,"Exprimés":614,"% Exp/Ins":49.2,"% Exp/Vot":98.24,"resultats":[{"N.Pan.":null,"Code Nuance":"LNC","Sexe":"F","Nom":"LAVALETTE","Prénom":"Christiane","Liste":"AGIR AUJOURD'HUI POUR REUSSIR DEMAIN","Sièges / Elu":"2","Sièges Secteur":0,"Sièges CC":0,"Voix":172,"% Voix/Ins":13.78,"% Voix/Exp":28.01},{"N.Pan.":2,"Code Nuance":"LNC","Sexe":"M","Nom":"TOKER","Prénom":"Nicolas","Liste":"REUGNY POUR UNE TRANSITION SOLIDAIRE ET CITOYENNE","Sièges / Elu":"17","Sièges Secteur":0,"Sièges CC":2,"Voix":442,"% Voix/Ins":35.42,"% Voix/Exp":71.99}]},"population":{"F0-2":24.0785449731852,"F3-5":34.2729609212964,"F6-10":72.1374217235117,"F11-17":92.4752462768547,"F18-24":48.049258951037,"F25-39":175.773156194441,"F40-54":186.251107660903,"F55-64":108.103344553331,"F65-79":114.993916279234,"F80+":38.1320906715775,"H0-2":27.8100745827421,"H3-5":30.2638118015339,"H6-10":65.4672228904762,"H11-17":99.5379664099251,"H18-24":52.3802645741531,"H25-39":159.275536755851,"H40-54":205.216085337459,"H55-64":98.184841230907,"H65-79":93.0191720199023,"H80+":29.5779761916779},"Analyse":{"Votes décisifs":271,"tour décisif":1,"majeurs":1308.9567504204738,"Non votants de 18-24":52.47648597595035}}