{"id":3519,"slug":"37-175-nouzilly","nom_standard":"Nouzilly","code_postal":"37","code_departement":"37","libelle_departement":"Indre-et-Loire","code_commune":"175","Tour 1":{"Inscrits":989,"Abstentions":543,"% Abs/Ins":54.9,"Votants":446,"% Vot/Ins":45.1,"Blancs":8,"% Blancs/Ins":0.81,"% Blancs/Vot":1.79,"Nuls":17,"% Nuls/Ins":1.72,"% Nuls/Vot":3.81,"Exprimés":421,"% Exp/Ins":42.57,"% Exp/Vot":94.39,"resultats":[{"N.Pan.":null,"Code Nuance":"LNC","Sexe":"M","Nom":"BESNARD","Prénom":"Joël","Liste":"Pour l'avenir de Nouzilly","Sièges / Elu":"15","Sièges Secteur":0,"Sièges CC":2,"Voix":421,"% Voix/Ins":42.57,"% Voix/Exp":100}]},"population":{"F0-2":14.2891264900612,"F3-5":20.0028828211297,"F6-10":40.8230274114484,"F11-17":69.2785051548401,"F18-24":28.7918808800029,"F25-39":89.3994507932145,"F40-54":160.6734627705,"F55-64":98.1247410836657,"F65-79":76.9457985156541,"F80+":22.1667550121247,"H0-2":11.5098078131099,"H3-5":23.0701163234125,"H6-10":38.4304469311548,"H11-17":74.3258162106751,"H18-24":34.2363552925283,"H25-39":83.9569277335138,"H40-54":149.943560665889,"H55-64":111.684639917022,"H65-79":73.5697965749723,"H80+":17.7769016050811},"Analyse":{"Votes décisifs":422,"tour décisif":1,"majeurs":947.2702708441684,"Non votants de 18-24":33.35286875294786}}