{"id":3553,"slug":"37-242-savigny-en-veron","nom_standard":"Savigny-en-Véron","code_postal":"37","code_departement":"37","libelle_departement":"Indre-et-Loire","code_commune":"242","Tour 1":{"Inscrits":1146,"Abstentions":497,"% Abs/Ins":43.37,"Votants":649,"% Vot/Ins":56.63,"Blancs":14,"% Blancs/Ins":1.22,"% Blancs/Vot":2.16,"Nuls":6,"% Nuls/Ins":0.52,"% Nuls/Vot":0.92,"Exprimés":629,"% Exp/Ins":54.89,"% Exp/Vot":96.92,"resultats":[{"N.Pan.":null,"Code Nuance":"LNC","Sexe":"M","Nom":"MORTIER","Prénom":"Gilles","Liste":"SAVIGNY EN VÉRON 2020","Sièges / Elu":"3","Sièges Secteur":0,"Sièges CC":0,"Voix":199,"% Voix/Ins":17.36,"% Voix/Exp":31.64},{"N.Pan.":2,"Code Nuance":"LNC","Sexe":"F","Nom":"HAILLOT-ENSARGUET","Prénom":"Geneviève","Liste":"BIEN VIVRE A SAVIGNY EN VÉRON","Sièges / Elu":"16","Sièges Secteur":0,"Sièges CC":3,"Voix":430,"% Voix/Ins":37.52,"% Voix/Exp":68.36}]},"population":{"F0-2":31.1887413953852,"F3-5":26.5836846815499,"F6-10":50.9343834356762,"F11-17":66.1941717612673,"F18-24":41.2253543749431,"F25-39":126.973350339926,"F40-54":153.543954146821,"F55-64":96.0822146351924,"F65-79":106.88831236643,"F80+":55.123812850572,"H0-2":26.6787384446568,"H3-5":25.2256472142478,"H6-10":55.2596215722418,"H11-17":79.1164443228377,"H18-24":56.3716678726828,"H25-39":158.172970405058,"H40-54":155.304737876041,"H55-64":95.3222784318566,"H65-79":117.032064606552,"H80+":36.7778492660631},"Analyse":{"Votes décisifs":232,"tour décisif":1,"majeurs":1198.818567172138,"Non votants de 18-24":44.76128114952013}}