{"id":3540,"slug":"37-214-saint-cyr-sur-loire","nom_standard":"Saint-Cyr-sur-Loire","code_postal":"37","code_departement":"37","libelle_departement":"Indre-et-Loire","code_commune":"214","Tour 1":{"Inscrits":12237,"Abstentions":7479,"% Abs/Ins":61.12,"Votants":4758,"% Vot/Ins":38.88,"Blancs":56,"% Blancs/Ins":0.46,"% Blancs/Vot":1.18,"Nuls":70,"% Nuls/Ins":0.57,"% Nuls/Vot":1.47,"Exprimés":4632,"% Exp/Ins":37.85,"% Exp/Vot":97.35,"resultats":[{"N.Pan.":null,"Code Nuance":"LSOC","Sexe":"M","Nom":"VOLLET","Prénom":"François","Liste":"SAINTCYR PLURIELLE","Sièges / Elu":"3","Sièges Secteur":0,"Sièges CC":0,"Voix":927,"% Voix/Ins":7.58,"% Voix/Exp":20.01},{"N.Pan.":2,"Code Nuance":"LDVC","Sexe":"M","Nom":"DAVAUT","Prénom":"Thierry","Liste":"EN AVANT SAINT-CYR","Sièges / Elu":"1","Sièges Secteur":0,"Sièges CC":0,"Voix":376,"% Voix/Ins":3.07,"% Voix/Exp":8.12},{"N.Pan.":3,"Code Nuance":"LLR","Sexe":"M","Nom":"BRIAND","Prénom":"Philippe","Liste":"saint Cyr notre coeur notre force","Sièges / Elu":29,"Sièges CC":4,"Voix":3329,"% Voix/Ins":27.2,"% Voix/Exp":71.87}]},"population":{"F0-2":135.088374998055,"F3-5":213.743086356903,"F6-10":375.002490148839,"F11-17":538.403448121061,"F18-24":605.504095351338,"F25-39":1274.59462486593,"F40-54":1706.91070043686,"F55-64":1301.12512273043,"F65-79":1984.021355241,"F80+":989.587970168831,"H0-2":189.159817263772,"H3-5":214.533706726378,"H6-10":416.018140931137,"H11-17":611.248023694772,"H18-24":520.451845199796,"H25-39":1332.48831228276,"H40-54":1346.59286311279,"H55-64":1154.86392826275,"H65-79":1453.74706147513,"H80+":520.915032631463},"Analyse":{"Votes décisifs":2027,"tour décisif":1,"majeurs":14190.802911759078,"Non votants de 18-24":748.4368954023201}}