{"id":3564,"slug":"37-267-veretz","nom_standard":"Véretz","code_postal":"37","code_departement":"37","libelle_departement":"Indre-et-Loire","code_commune":"267","Tour 1":{"Inscrits":3343,"Abstentions":1672,"% Abs/Ins":50.01,"Votants":1671,"% Vot/Ins":49.99,"Blancs":19,"% Blancs/Ins":0.57,"% Blancs/Vot":1.14,"Nuls":14,"% Nuls/Ins":0.42,"% Nuls/Vot":0.84,"Exprimés":1638,"% Exp/Ins":49,"% Exp/Vot":98.03,"resultats":[{"N.Pan.":null,"Code Nuance":"LDVG","Sexe":"M","Nom":"HEMME","Prénom":"Jean-Marc","Liste":"UNE VISION CITOYENNE POUR VERETZ","Sièges / Elu":"6","Sièges Secteur":0,"Sièges CC":1,"Voix":732,"% Voix/Ins":21.9,"% Voix/Exp":44.69},{"N.Pan.":2,"Code Nuance":"LDVD","Sexe":"M","Nom":"AUGEREAU","Prénom":"Gilles","Liste":"VERETZ A' VENIR 2020","Sièges / Elu":"21","Sièges Secteur":0,"Sièges CC":3,"Voix":906,"% Voix/Ins":27.1,"% Voix/Exp":55.31}]},"population":{"F0-2":74.5914723952566,"F3-5":97.2010792590393,"F6-10":151.681458125361,"F11-17":269.081174343667,"F18-24":100.242177602665,"F25-39":367.396921506889,"F40-54":585.771243920411,"F55-64":260.359139410451,"F65-79":306.236507443852,"F80+":111.771346688645,"H0-2":79.8627902894535,"H3-5":89.5200119993842,"H6-10":158.496712119599,"H11-17":269.504436569318,"H18-24":154.453282826224,"H25-39":341.155403242177,"H40-54":558.940742413024,"H55-64":254.123840954179,"H65-79":279.41519700127,"H80+":80.1950618891339},"Analyse":{"Votes décisifs":175,"tour décisif":1,"majeurs":3400.060864898921,"Non votants de 18-24":129.52237344965755}}