{"id":3555,"slug":"37-245-semblancay","nom_standard":"Semblançay","code_postal":"37","code_departement":"37","libelle_departement":"Indre-et-Loire","code_commune":"245","Tour 1":{"Inscrits":1680,"Abstentions":662,"% Abs/Ins":39.4,"Votants":1018,"% Vot/Ins":60.6,"Blancs":6,"% Blancs/Ins":0.36,"% Blancs/Vot":0.59,"Nuls":11,"% Nuls/Ins":0.65,"% Nuls/Vot":1.08,"Exprimés":1001,"% Exp/Ins":59.58,"% Exp/Vot":98.33,"resultats":[{"N.Pan.":null,"Code Nuance":"LNC","Sexe":"F","Nom":"PLOU","Prénom":"Peggy","Liste":"SEMBLANCAY 2020","Sièges / Elu":"4","Sièges Secteur":0,"Sièges CC":1,"Voix":431,"% Voix/Ins":25.65,"% Voix/Exp":43.06},{"N.Pan.":2,"Code Nuance":"LNC","Sexe":"M","Nom":"TRYSTRAM","Prénom":"Antoine","Liste":"UNE NOUVELLE DYNAMIQUE POUR SEMBLANCAY","Sièges / Elu":"15","Sièges Secteur":0,"Sièges CC":2,"Voix":570,"% Voix/Ins":33.93,"% Voix/Exp":56.94}]},"population":{"F0-2":32.6084626874246,"F3-5":38.3591333034702,"F6-10":75.5012494657711,"F11-17":119.05185995974,"F18-24":53.5979245621519,"F25-39":171.298434802751,"F40-54":258.288879138033,"F55-64":117.893516110478,"F65-79":121.317226910856,"F80+":97.6525889973812,"H0-2":32.5706465150581,"H3-5":34.4507715688375,"H6-10":84.5511924055011,"H11-17":118.765471130353,"H18-24":52.4996449864106,"H25-39":168.068007588742,"H40-54":267.285946699753,"H55-64":162.903122301435,"H65-79":122.110402589555,"H80+":33.2255182762989},"Analyse":{"Votes décisifs":140,"tour décisif":1,"majeurs":1626.1412129638456,"Non votants de 18-24":39.67816824479764}}