{"id":3701,"slug":"38-279-notre-dame-de-mesage","nom_standard":"Notre-Dame-de-Mésage","code_postal":"38","code_departement":"38","libelle_departement":"Isère","code_commune":"279","Tour 1":{"Inscrits":924,"Abstentions":601,"% Abs/Ins":65.04,"Votants":323,"% Vot/Ins":34.96,"Blancs":10,"% Blancs/Ins":1.08,"% Blancs/Vot":3.1,"Nuls":32,"% Nuls/Ins":3.46,"% Nuls/Vot":9.91,"Exprimés":281,"% Exp/Ins":30.41,"% Exp/Vot":87,"resultats":[{"N.Pan.":null,"Code Nuance":"LNC","Sexe":"M","Nom":"BUISSON","Prénom":"Jérôme","Liste":"NOUVELLE IMPULSION POUR NOTRE COMMUNE","Sièges / Elu":"15","Sièges Secteur":0,"Sièges CC":1,"Voix":281,"% Voix/Ins":30.41,"% Voix/Exp":100}]},"population":{"F0-2":7.70422355354037,"F3-5":12.4380709476718,"F6-10":34.859846168602,"F11-17":42.8165349821956,"F18-24":33.2639190997603,"F25-39":60.3546036837923,"F40-54":133.312499566114,"F55-64":102.534623077637,"F65-79":121.235676521708,"F80+":24.7665847738694,"H0-2":5.82484141842301,"H3-5":24.8184595505388,"H6-10":25.7691194293995,"H11-17":59.6516255348231,"H18-24":33.0545390176213,"H25-39":55.3335402670266,"H40-54":118.98860945658,"H55-64":89.2784255158223,"H65-79":122.763200930615,"H80+":12.2310565042595},"Analyse":{"Votes décisifs":282,"tour décisif":1,"majeurs":907.1172784148057,"Non votants de 18-24":42.70424363637493}}