{"id":3713,"slug":"38-315-le-pont-de-beauvoisin","nom_standard":"Le Pont-de-Beauvoisin","code_postal":"38","code_departement":"38","libelle_departement":"Isère","code_commune":"315","Tour 1":{"Inscrits":2174,"Abstentions":1247,"% Abs/Ins":57.36,"Votants":927,"% Vot/Ins":42.64,"Blancs":15,"% Blancs/Ins":0.69,"% Blancs/Vot":1.62,"Nuls":21,"% Nuls/Ins":0.97,"% Nuls/Vot":2.27,"Exprimés":891,"% Exp/Ins":40.98,"% Exp/Vot":96.12,"resultats":[{"N.Pan.":null,"Code Nuance":"LDVC","Sexe":"F","Nom":"BISILLON","Prénom":"Danielle","Liste":"VIVRE A PONT ... AUTREMENT !","Sièges / Elu":"6","Sièges Secteur":0,"Sièges CC":1,"Voix":383,"% Voix/Ins":17.62,"% Voix/Exp":42.99},{"N.Pan.":2,"Code Nuance":"LDVD","Sexe":"M","Nom":"SERRANO","Prénom":"Michel","Liste":"POUR CONTINUER ENSEMBLE","Sièges / Elu":"21","Sièges Secteur":0,"Sièges CC":2,"Voix":508,"% Voix/Ins":23.37,"% Voix/Exp":57.01}]},"population":{"F0-2":55.8120291627024,"F3-5":79.9141731661969,"F6-10":94.8460990057588,"F11-17":176.572250958036,"F18-24":160.246840024732,"F25-39":304.537806445238,"F40-54":334.174422826181,"F55-64":210.657517166175,"F65-79":254.068187092626,"F80+":210.991655449761,"H0-2":58.8466667354056,"H3-5":60.9606137320826,"H6-10":116.311150650859,"H11-17":163.283725418216,"H18-24":130.886502223889,"H25-39":287.658569309072,"H40-54":347.739587195469,"H55-64":191.47778715847,"H65-79":225.192469802564,"H80+":81.8219464765662},"Analyse":{"Votes décisifs":126,"tour décisif":1,"majeurs":2739.4532911707433,"Non votants de 18-24":192.61711306731075}}