{"id":3726,"slug":"38-340-les-roches-de-condrieu","nom_standard":"Les Roches-de-Condrieu","code_postal":"38","code_departement":"38","libelle_departement":"Isère","code_commune":"340","Tour 1":{"Inscrits":1271,"Abstentions":682,"% Abs/Ins":53.66,"Votants":589,"% Vot/Ins":46.34,"Blancs":7,"% Blancs/Ins":0.55,"% Blancs/Vot":1.19,"Nuls":12,"% Nuls/Ins":0.94,"% Nuls/Vot":2.04,"Exprimés":570,"% Exp/Ins":44.85,"% Exp/Vot":96.77,"resultats":[{"N.Pan.":null,"Code Nuance":"LNC","Sexe":"F","Nom":"MORANT-DAOUS","Prénom":"Annie","Liste":"Les Roches demain","Sièges / Elu":"4","Sièges Secteur":0,"Sièges CC":0,"Voix":269,"% Voix/Ins":21.16,"% Voix/Exp":47.19},{"N.Pan.":2,"Code Nuance":"LNC","Sexe":"F","Nom":"DUGUA","Prénom":"Isabelle","Liste":"LES ROCHES DE CONDRIEU, NOTRE PASSION, VOTRE AVENIR","Sièges / Elu":"15","Sièges Secteur":0,"Sièges CC":2,"Voix":301,"% Voix/Ins":23.68,"% Voix/Exp":52.81}]},"population":{"F0-2":33.1631560979118,"F3-5":28.1595336159362,"F6-10":52.6824590065883,"F11-17":72.5147356576797,"F18-24":59.6380222656018,"F25-39":176.352444337524,"F40-54":211.634875876972,"F55-64":110.928131804705,"F65-79":149.748399426167,"F80+":103.87672869329,"H0-2":30.1010744489262,"H3-5":46.6982538952447,"H6-10":58.9203049496185,"H11-17":108.872893526792,"H18-24":60.9665762292053,"H25-39":176.904685999598,"H40-54":191.025194946917,"H55-64":110.831605746015,"H65-79":136.152578014194,"H80+":50.8283454611139},"Analyse":{"Votes décisifs":33,"tour décisif":1,"majeurs":1538.887588801303,"Non votants de 18-24":74.44391136575301}}