{"id":3745,"slug":"38-383-saint-etienne-de-crossey","nom_standard":"Saint-Etienne-de-Crossey","code_postal":"38","code_departement":"38","libelle_departement":"Isère","code_commune":"383","Tour 1":{"Inscrits":2245,"Abstentions":1537,"% Abs/Ins":68.46,"Votants":708,"% Vot/Ins":31.54,"Blancs":31,"% Blancs/Ins":1.38,"% Blancs/Vot":4.38,"Nuls":54,"% Nuls/Ins":2.41,"% Nuls/Vot":7.63,"Exprimés":623,"% Exp/Ins":27.75,"% Exp/Vot":87.99,"resultats":[{"N.Pan.":null,"Code Nuance":"LNC","Sexe":"F","Nom":"PEYLIN","Prénom":"Ghislaine","Liste":"Bien vivre Crossey","Sièges / Elu":"23","Sièges Secteur":0,"Sièges CC":1,"Voix":623,"% Voix/Ins":27.75,"% Voix/Exp":100}]},"population":{"F0-2":34.0408254713426,"F3-5":41.4733242124892,"F6-10":77.3977464038068,"F11-17":120.411060200905,"F18-24":55.50622235518,"F25-39":169.135913993454,"F40-54":313.632538405322,"F55-64":209.135393864626,"F65-79":202.874338212088,"F80+":59.4612675375344,"H0-2":36.2204997142974,"H3-5":40.7590804690429,"H6-10":75.8516221056145,"H11-17":128.874324749822,"H18-24":69.1854480666809,"H25-39":151.913863334858,"H40-54":288.60802003769,"H55-64":221.430355004475,"H65-79":231.852484080594,"H80+":44.2356717801771},"Analyse":{"Votes décisifs":624,"tour décisif":1,"majeurs":2016.9715166726794,"Non votants de 18-24":80.92223593608668}}