{"id":375,"slug":"5-36-chateauroux-les-alpes","nom_standard":"Châteauroux-les-Alpes","code_postal":"5","code_departement":"5","libelle_departement":"Hautes-Alpes","code_commune":"36","Tour 1":{"Inscrits":978,"Abstentions":229,"% Abs/Ins":23.42,"Votants":749,"% Vot/Ins":76.58,"Blancs":8,"% Blancs/Ins":0.82,"% Blancs/Vot":1.07,"Nuls":12,"% Nuls/Ins":1.23,"% Nuls/Vot":1.6,"Exprimés":729,"% Exp/Ins":74.54,"% Exp/Vot":97.33,"resultats":[{"N.Pan.":null,"Code Nuance":"LNC","Sexe":"M","Nom":"BETH","Prénom":"Thomas","Liste":"ENVIE DE CHATEAUROUX","Sièges / Elu":"1","Sièges Secteur":0,"Sièges CC":0,"Voix":152,"% Voix/Ins":15.54,"% Voix/Exp":20.85},{"N.Pan.":2,"Code Nuance":"LNC","Sexe":"M","Nom":"BARRAL","Prénom":"Jean-Marie","Liste":"CHÂTEAUROUX PAR PASSION ET DANS L'ACTION","Sièges / Elu":"12","Sièges Secteur":0,"Sièges CC":2,"Voix":365,"% Voix/Ins":37.32,"% Voix/Exp":50.07},{"N.Pan.":3,"Code Nuance":"LNC","Sexe":"F","Nom":"GENSUL","Prénom":"Véronique","Liste":"AVEC NOUS, CHATEAUROUX C'EST VOUS !","Sièges / Elu":2,"Sièges CC":0,"Voix":212,"% Voix/Ins":21.68,"% Voix/Exp":29.08}]},"population":{"F0-2":19.6654576770986,"F3-5":30.4019060617261,"F6-10":37.9485844965232,"F11-17":49.7577340809443,"F18-24":13.949911662667,"F25-39":116.27031015425,"F40-54":126.727642709323,"F55-64":85.874766156028,"F65-79":70.9899102094447,"F80+":44.8008540247008,"H0-2":23.4881307417447,"H3-5":18.7175267879782,"H6-10":38.9690220148408,"H11-17":57.931419333157,"H18-24":27.8724726916817,"H25-39":103.246964257863,"H40-54":144.700167842331,"H55-64":85.88406420522,"H65-79":85.2614377127886,"H80+":17.5417171796899},"Analyse":{"Votes décisifs":2,"tour décisif":1,"majeurs":923.1202188059877,"Non votants de 18-24":7.8885962699272225}}