{"id":3750,"slug":"38-393-saint-hilaire-de-la-cote","nom_standard":"Saint-Hilaire-de-la-Côte","code_postal":"38","code_departement":"38","libelle_departement":"Isère","code_commune":"393","Tour 1":{"Inscrits":1182,"Abstentions":584,"% Abs/Ins":49.41,"Votants":598,"% Vot/Ins":50.59,"Blancs":12,"% Blancs/Ins":1.02,"% Blancs/Vot":2.01,"Nuls":10,"% Nuls/Ins":0.85,"% Nuls/Vot":1.67,"Exprimés":576,"% Exp/Ins":48.73,"% Exp/Vot":96.32,"resultats":[{"N.Pan.":null,"Code Nuance":"LNC","Sexe":"M","Nom":"GRILLO","Prénom":"Mauro","Liste":"Croire à l'élan Saint-Hilairois","Sièges / Elu":"4","Sièges Secteur":0,"Sièges CC":0,"Voix":232,"% Voix/Ins":19.63,"% Voix/Exp":40.28},{"N.Pan.":2,"Code Nuance":"LNC","Sexe":"M","Nom":"FARNOUX","Prénom":"Hubert","Liste":"DEMAIN SAINT-HILAIRE AVEC VOUS","Sièges / Elu":"15","Sièges Secteur":0,"Sièges CC":2,"Voix":344,"% Voix/Ins":29.1,"% Voix/Exp":59.72}]},"population":{"F0-2":30.80593727085,"F3-5":19.5103784775691,"F6-10":46.2596362368166,"F11-17":93.5786186432406,"F18-24":38.9098409266877,"F25-39":124.98648373675,"F40-54":161.759508689413,"F55-64":115.021988150354,"F65-79":104.776531691247,"F80+":37.6118091771302,"H0-2":21.559319732622,"H3-5":33.9188806154963,"H6-10":47.3466596608475,"H11-17":95.530357323619,"H18-24":31.7956336078554,"H25-39":123.793445564108,"H40-54":194.398912011381,"H55-64":104.905213352562,"H65-79":122.085744972951,"H80+":26.445100158499},"Analyse":{"Votes décisifs":113,"tour décisif":1,"majeurs":1186.4902120389381,"Non votants de 18-24":35.06938302478089}}