{"id":3753,"slug":"38-397-saint-ismier","nom_standard":"Saint-Ismier","code_postal":"38","code_departement":"38","libelle_departement":"Isère","code_commune":"397","Tour 1":{"Inscrits":5917,"Abstentions":3488,"% Abs/Ins":58.95,"Votants":2429,"% Vot/Ins":41.05,"Blancs":35,"% Blancs/Ins":0.59,"% Blancs/Vot":1.44,"Nuls":24,"% Nuls/Ins":0.41,"% Nuls/Vot":0.99,"Exprimés":2370,"% Exp/Ins":40.05,"% Exp/Vot":97.57,"resultats":[{"N.Pan.":null,"Code Nuance":"LDVC","Sexe":"M","Nom":"PICARD","Prénom":"Christian","Liste":"Saint-Ismier Cap 2026","Sièges / Elu":"4","Sièges Secteur":0,"Sièges CC":0,"Voix":639,"% Voix/Ins":10.8,"% Voix/Exp":26.96},{"N.Pan.":2,"Code Nuance":"LDVD","Sexe":"M","Nom":"BAILE","Prénom":"Henri","Liste":"Saint-Ismier 2020 -- Au coeur du Grésivaudan","Sièges / Elu":"25","Sièges Secteur":0,"Sièges CC":5,"Voix":1731,"% Voix/Ins":29.25,"% Voix/Exp":73.04}]},"population":{"F0-2":104.44730935658,"F3-5":113.966456846527,"F6-10":205.117191382217,"F11-17":274.29173467851,"F18-24":173.140164324509,"F25-39":525.998056985638,"F40-54":731.20750973479,"F55-64":529.929606546139,"F65-79":707.753733397814,"F80+":262.960192722959,"H0-2":109.584986787086,"H3-5":124.783960463515,"H6-10":206.940521296206,"H11-17":322.21933794519,"H18-24":239.247432304512,"H25-39":464.162322542377,"H40-54":668.661121029772,"H55-64":476.646610945646,"H65-79":581.127586320525,"H80+":223.814164389488},"Analyse":{"Votes décisifs":1093,"tour décisif":1,"majeurs":5584.648501244168,"Non votants de 18-24":233.02277680397165}}