{"id":3766,"slug":"38-423-saint-martin-le-vinoux","nom_standard":"Saint-Martin-le-Vinoux","code_postal":"38","code_departement":"38","libelle_departement":"Isère","code_commune":"423","Tour 1":{"Inscrits":3455,"Abstentions":2081,"% Abs/Ins":60.23,"Votants":1374,"% Vot/Ins":39.77,"Blancs":34,"% Blancs/Ins":0.98,"% Blancs/Vot":2.47,"Nuls":14,"% Nuls/Ins":0.41,"% Nuls/Vot":1.02,"Exprimés":1326,"% Exp/Ins":38.38,"% Exp/Vot":96.51,"resultats":[{"N.Pan.":null,"Code Nuance":"LDVG","Sexe":"M","Nom":"GROS","Prénom":"Christian","Liste":"Saint-Martin-le-Vinoux citoyenne écologique et solidaire","Sièges / Elu":"4","Sièges Secteur":0,"Sièges CC":0,"Voix":366,"% Voix/Ins":10.59,"% Voix/Exp":27.6},{"N.Pan.":2,"Code Nuance":"LEXG","Sexe":"F","Nom":"TULIPE","Prénom":"Christine","Liste":"Lutte ouvrière - Faire entendre le camp des travailleurs","Sièges / Elu":"0","Sièges Secteur":0,"Sièges CC":0,"Voix":82,"% Voix/Ins":2.37,"% Voix/Exp":6.18},{"N.Pan.":3,"Code Nuance":"LDVG","Sexe":"M","Nom":"LAVAL","Prénom":"Sylvain","Liste":"Saint-Martin-le-Vinoux à coeur","Sièges / Elu":25,"Sièges CC":2,"Voix":878,"% Voix/Ins":25.41,"% Voix/Exp":66.21}]},"population":{"F0-2":116.274226976617,"F3-5":107.713970486932,"F6-10":189.263255800635,"F11-17":227.49815584368,"F18-24":241.183710261299,"F25-39":618.67395328663,"F40-54":549.169141735886,"F55-64":386.197392656228,"F65-79":346.688977974461,"F80+":250.67137599674,"H0-2":96.4044215160328,"H3-5":110.445473841792,"H6-10":158.520078522873,"H11-17":229.607870953045,"H18-24":261.379561550887,"H25-39":618.452956331589,"H40-54":566.958210931193,"H55-64":368.419870450326,"H65-79":295.832686692019,"H80+":111.644708191134},"Analyse":{"Votes décisifs":431,"tour décisif":1,"majeurs":4615.2725460583915,"Non votants de 18-24":352.94655284730624}}