{"id":3783,"slug":"38-465-saint-victor-de-morestel","nom_standard":"Saint-Victor-de-Morestel","code_postal":"38","code_departement":"38","libelle_departement":"Isère","code_commune":"465","Tour 1":{"Inscrits":931,"Abstentions":637,"% Abs/Ins":68.42,"Votants":294,"% Vot/Ins":31.58,"Blancs":13,"% Blancs/Ins":1.4,"% Blancs/Vot":4.42,"Nuls":5,"% Nuls/Ins":0.54,"% Nuls/Vot":1.7,"Exprimés":276,"% Exp/Ins":29.65,"% Exp/Vot":93.88,"resultats":[{"N.Pan.":null,"Code Nuance":"LNC","Sexe":"F","Nom":"LUZET","Prénom":"Frédérique","Liste":"AVANÇONS ENSEMBLE POUR SAINT-VICTOR-DE-MORESTEL","Sièges / Elu":"15","Sièges Secteur":0,"Sièges CC":1,"Voix":276,"% Voix/Ins":29.65,"% Voix/Exp":100}]},"population":{"F0-2":15.5291382617197,"F3-5":19.4057918916449,"F6-10":39.6345544781601,"F11-17":55.3461714952156,"F18-24":37.0912949333863,"F25-39":71.5597278200653,"F40-54":134.400986151305,"F55-64":61.4306698705988,"F65-79":87.7719787197002,"F80+":25.8477734749861,"H0-2":19.6060262111562,"H3-5":22.3317640656735,"H6-10":37.7858102283619,"H11-17":52.5222432205465,"H18-24":34.3559038343511,"H25-39":69.0764606320122,"H40-54":147.808829238301,"H55-64":69.3626046697495,"H65-79":71.880593709813,"H80+":15.2516770932527},"Analyse":{"Votes décisifs":277,"tour décisif":1,"majeurs":825.8385001475212,"Non votants de 18-24":46.011866757952745}}