{"id":3794,"slug":"38-481-serezin-de-la-tour","nom_standard":"Sérézin-de-la-Tour","code_postal":"38","code_departement":"38","libelle_departement":"Isère","code_commune":"481","Tour 1":{"Inscrits":786,"Abstentions":491,"% Abs/Ins":62.47,"Votants":295,"% Vot/Ins":37.53,"Blancs":8,"% Blancs/Ins":1.02,"% Blancs/Vot":2.71,"Nuls":32,"% Nuls/Ins":4.07,"% Nuls/Vot":10.85,"Exprimés":255,"% Exp/Ins":32.44,"% Exp/Vot":86.44,"resultats":[{"N.Pan.":null,"Code Nuance":"LNC","Sexe":"M","Nom":"WAJDA","Prénom":"Daniel","Liste":"POUR SÉRÉZIN DE LA TOUR : CONTINUONS ENSEMBLE","Sièges / Elu":"15","Sièges Secteur":0,"Sièges CC":1,"Voix":255,"% Voix/Ins":32.44,"% Voix/Exp":100}]},"population":{"F0-2":16.2531188560673,"F3-5":27.9182259498618,"F6-10":50.8130422571081,"F11-17":83.0386974564957,"F18-24":21.4159084678332,"F25-39":102.796465300292,"F40-54":137.012362954451,"F55-64":66.3493361229057,"F65-79":54.5332940905694,"F80+":10.481456314468,"H0-2":18.2666389275874,"H3-5":26.993260663426,"H6-10":62.6864211771982,"H11-17":63.8367166202706,"H18-24":32.2963461346093,"H25-39":75.9824236713946,"H40-54":149.925813273785,"H55-64":66.4183889234729,"H65-79":51.4378848477654,"H80+":11.5441979904379},"Analyse":{"Votes décisifs":256,"tour décisif":1,"majeurs":780.1938780919844,"Non votants de 18-24":33.40305255324056}}