{"id":3584,"slug":"38-19-auberives-sur-vareze","nom_standard":"Auberives-sur-Varèze","code_postal":"38","code_departement":"38","libelle_departement":"Isère","code_commune":"19","Tour 1":{"Inscrits":1104,"Abstentions":838,"% Abs/Ins":75.91,"Votants":266,"% Vot/Ins":24.09,"Blancs":15,"% Blancs/Ins":1.36,"% Blancs/Vot":5.64,"Nuls":33,"% Nuls/Ins":2.99,"% Nuls/Vot":12.41,"Exprimés":218,"% Exp/Ins":19.75,"% Exp/Vot":81.95,"resultats":[{"N.Pan.":null,"Code Nuance":"LNC","Sexe":"F","Nom":"ZABOROWSKI","Prénom":"Dorothée","Liste":"VIVONS NOTRE VILLAGE","Sièges / Elu":"15","Sièges Secteur":0,"Sièges CC":1,"Voix":218,"% Voix/Ins":19.75,"% Voix/Exp":100}]},"population":{"F0-2":29.6272347119225,"F3-5":33.5226990955533,"F6-10":53.012696038645,"F11-17":71.9094889250211,"F18-24":58.4677868310694,"F25-39":127.282119479551,"F40-54":179.32917785785,"F55-64":72.924888749557,"F65-79":86.2540967459421,"F80+":30.6467398720617,"H0-2":21.8555071500461,"H3-5":30.6138438556105,"H6-10":46.3228083749356,"H11-17":70.6765167616222,"H18-24":74.2827650838052,"H25-39":142.691419320594,"H40-54":161.384596721812,"H55-64":92.9105487772117,"H65-79":69.8982185605429,"H80+":22.3868470866472},"Analyse":{"Votes décisifs":219,"tour décisif":1,"majeurs":1118.4592050866443,"Non votants de 18-24":101.17886235412648}}