{"id":3660,"slug":"38-179-gieres","nom_standard":"Gières","code_postal":"38","code_departement":"38","libelle_departement":"Isère","code_commune":"179","Tour 1":{"Inscrits":4261,"Abstentions":2356,"% Abs/Ins":55.29,"Votants":1905,"% Vot/Ins":44.71,"Blancs":25,"% Blancs/Ins":0.59,"% Blancs/Vot":1.31,"Nuls":34,"% Nuls/Ins":0.8,"% Nuls/Vot":1.78,"Exprimés":1846,"% Exp/Ins":43.32,"% Exp/Vot":96.9,"resultats":[{"N.Pan.":null,"Code Nuance":"LSOC","Sexe":"M","Nom":"VERRI","Prénom":"Pierre","Liste":"Gières en transition","Sièges / Elu":"22","Sièges Secteur":0,"Sièges CC":2,"Voix":948,"% Voix/Ins":22.25,"% Voix/Exp":51.35},{"N.Pan.":2,"Code Nuance":"LECO","Sexe":"M","Nom":"STAMBOULIAN","Prénom":"Sylvain","Liste":"GIERES AVENIR, village citoyen","Sièges / Elu":"7","Sièges Secteur":0,"Sièges CC":0,"Voix":898,"% Voix/Ins":21.07,"% Voix/Exp":48.65}]},"population":{"F0-2":108.93014553065,"F3-5":115.913929052856,"F6-10":186.830984290886,"F11-17":270.809280479953,"F18-24":531.910865455821,"F25-39":717.475149973666,"F40-54":693.333224086095,"F55-64":409.690678726927,"F65-79":396.853625655975,"F80+":227.529804082792,"H0-2":128.9493690429,"H3-5":130.898718533552,"H6-10":205.795660406694,"H11-17":275.845045388913,"H18-24":612.078041513356,"H25-39":714.634844005835,"H40-54":606.267716100562,"H55-64":379.479375920791,"H65-79":311.558603028764,"H80+":115.21493872301},"Analyse":{"Votes décisifs":51,"tour décisif":1,"majeurs":5716.026867273595,"Non votants de 18-24":762.7277760508482}}