{"id":3699,"slug":"38-270-la-murette","nom_standard":"La Murette","code_postal":"38","code_departement":"38","libelle_departement":"Isère","code_commune":"270","Tour 1":{"Inscrits":1468,"Abstentions":646,"% Abs/Ins":44.01,"Votants":822,"% Vot/Ins":55.99,"Blancs":15,"% Blancs/Ins":1.02,"% Blancs/Vot":1.82,"Nuls":8,"% Nuls/Ins":0.54,"% Nuls/Vot":0.97,"Exprimés":799,"% Exp/Ins":54.43,"% Exp/Vot":97.2,"resultats":[{"N.Pan.":null,"Code Nuance":"LNC","Sexe":"F","Nom":"SERAYET","Prénom":"Carole","Liste":"Construisons l'avenir ensemble","Sièges / Elu":"15","Sièges Secteur":0,"Sièges CC":1,"Voix":477,"% Voix/Ins":32.49,"% Voix/Exp":59.7},{"N.Pan.":2,"Code Nuance":"LNC","Sexe":"M","Nom":"DURAND","Prénom":"René","Liste":"Confiance progres et renouveau","Sièges / Elu":"4","Sièges Secteur":0,"Sièges CC":0,"Voix":322,"% Voix/Ins":21.93,"% Voix/Exp":40.3}]},"population":{"F0-2":30.1826843867932,"F3-5":32.0819286580533,"F6-10":66.6277115539275,"F11-17":90.686670382466,"F18-24":39.5924953961834,"F25-39":138.195357900705,"F40-54":228.54073896331,"F55-64":139.678295227475,"F65-79":141.417443459218,"F80+":45.9804394908935,"H0-2":26.1060884338942,"H3-5":31.7799446547678,"H6-10":65.3232568103206,"H11-17":96.8575307813682,"H18-24":52.4345301692934,"H25-39":125.994466471887,"H40-54":209.105308158282,"H55-64":123.446858151125,"H65-79":133.749748158689,"H80+":38.2185027913477},"Analyse":{"Votes décisifs":156,"tour décisif":1,"majeurs":1416.3541843384091,"Non votants de 18-24":38.61791656485143}}