{"id":3732,"slug":"38-349-sablons","nom_standard":"Sablons","code_postal":"38","code_departement":"38","libelle_departement":"Isère","code_commune":"349","Tour 1":{"Inscrits":1426,"Abstentions":715,"% Abs/Ins":50.14,"Votants":711,"% Vot/Ins":49.86,"Blancs":6,"% Blancs/Ins":0.42,"% Blancs/Vot":0.84,"Nuls":10,"% Nuls/Ins":0.7,"% Nuls/Vot":1.41,"Exprimés":695,"% Exp/Ins":48.74,"% Exp/Vot":97.75,"resultats":[{"N.Pan.":null,"Code Nuance":"LNC","Sexe":"M","Nom":"TEIL","Prénom":"Laurent","Liste":"VIVRE ENSEMBLE ET AGIR À SABLONS","Sièges / Elu":"15","Sièges Secteur":0,"Sièges CC":2,"Voix":412,"% Voix/Ins":28.89,"% Voix/Exp":59.28},{"N.Pan.":2,"Code Nuance":"LNC","Sexe":"M","Nom":"MISSAGUA","Prénom":"Roland","Liste":"UNIR NOS IDEES POUR SABLONS","Sièges / Elu":"4","Sièges Secteur":0,"Sièges CC":0,"Voix":283,"% Voix/Ins":19.85,"% Voix/Exp":40.72}]},"population":{"F0-2":41.4232164637728,"F3-5":39.468541253076,"F6-10":80.9011898984232,"F11-17":100.622093133539,"F18-24":68.035536373495,"F25-39":221.933460632564,"F40-54":221.853356623115,"F55-64":140.945905479675,"F65-79":165.570292708666,"F80+":65.0398539989799,"H0-2":43.4254583155807,"H3-5":40.4401274479718,"H6-10":81.9422612847576,"H11-17":113.451582227104,"H18-24":79.8945280993325,"H25-39":215.991769687229,"H40-54":229.772636878766,"H55-64":139.969341818978,"H65-79":136.996139268958,"H80+":46.3227084060181},"Analyse":{"Votes décisifs":130,"tour décisif":1,"majeurs":1732.3255299757764,"Non votants de 18-24":87.21498868585857}}