{"id":3727,"slug":"38-341-rochetoirin","nom_standard":"Rochetoirin","code_postal":"38","code_departement":"38","libelle_departement":"Isère","code_commune":"341","Tour 1":{"Inscrits":894,"Abstentions":591,"% Abs/Ins":66.11,"Votants":303,"% Vot/Ins":33.89,"Blancs":10,"% Blancs/Ins":1.12,"% Blancs/Vot":3.3,"Nuls":23,"% Nuls/Ins":2.57,"% Nuls/Vot":7.59,"Exprimés":270,"% Exp/Ins":30.2,"% Exp/Vot":89.11,"resultats":[{"N.Pan.":null,"Code Nuance":"LNC","Sexe":"F","Nom":"FRACHON","Prénom":"Marie-Christine","Liste":"UNIS DANS UN ELAN DYNAMIQUE POUR ROCHETOIRIN PREPARONS DEMAIN","Sièges / Elu":"15","Sièges Secteur":0,"Sièges CC":1,"Voix":270,"% Voix/Ins":30.2,"% Voix/Exp":100}]},"population":{"F0-2":13.2611062636945,"F3-5":17.4405814414837,"F6-10":27.6931736331374,"F11-17":59.2698048486332,"F18-24":29.3710885864533,"F25-39":67.6320567908164,"F40-54":143.359285936945,"F55-64":86.6806463586205,"F65-79":84.1003411161281,"F80+":23.0273285028278,"H0-2":9.29834127606332,"H3-5":15.5650223422883,"H6-10":42.6525800249309,"H11-17":51.1686249172297,"H18-24":22.3840895587519,"H25-39":80.4169502133968,"H40-54":110.97867367283,"H55-64":106.195216998779,"H65-79":79.624832510121,"H80+":23.8802550068696},"Analyse":{"Votes décisifs":271,"tour décisif":1,"majeurs":857.6507652525394,"Non votants de 18-24":33.47055739589638}}