{"id":3594,"slug":"38-43-bilieu","nom_standard":"Bilieu","code_postal":"38","code_departement":"38","libelle_departement":"Isère","code_commune":"43","Tour 1":{"Inscrits":1262,"Abstentions":542,"% Abs/Ins":42.95,"Votants":720,"% Vot/Ins":57.05,"Blancs":17,"% Blancs/Ins":1.35,"% Blancs/Vot":2.36,"Nuls":9,"% Nuls/Ins":0.71,"% Nuls/Vot":1.25,"Exprimés":694,"% Exp/Ins":54.99,"% Exp/Vot":96.39,"resultats":[{"N.Pan.":null,"Code Nuance":"LNC","Sexe":"M","Nom":"PENET","Prénom":"Jean-Yves","Liste":"BILIEU, UNE PASSION COMMUNE","Sièges / Elu":"15","Sièges Secteur":0,"Sièges CC":1,"Voix":353,"% Voix/Ins":27.97,"% Voix/Exp":50.86},{"N.Pan.":2,"Code Nuance":"LNC","Sexe":"F","Nom":"MUGNIER","Prénom":"Isabelle","Liste":"NOUVEAU CAP POUR BILIEU","Sièges / Elu":"4","Sièges Secteur":0,"Sièges CC":0,"Voix":341,"% Voix/Ins":27.02,"% Voix/Exp":49.14}]},"population":{"F0-2":35.1084121397871,"F3-5":40.9876570314535,"F6-10":72.9411535678077,"F11-17":89.9895882181728,"F18-24":40.0507026559405,"F25-39":137.5928744495,"F40-54":183.036946850927,"F55-64":105.462373449987,"F65-79":103.622394572757,"F80+":21.385429199312,"H0-2":26.0186116370524,"H3-5":36.9918155585174,"H6-10":53.941633384654,"H11-17":74.0259375144306,"H18-24":36.0819620946301,"H25-39":119.47548008284,"H40-54":186.032817547653,"H55-64":112.593234311763,"H65-79":95.4346141061526,"H80+":14.2263616266619},"Analyse":{"Votes décisifs":13,"tour décisif":1,"majeurs":1154.995190948124,"Non votants de 18-24":28.67314366337601}}