{"id":3764,"slug":"38-421-saint-martin-d-heres","nom_standard":"Saint-Martin-d'Hères","code_postal":"38","code_departement":"38","libelle_departement":"Isère","code_commune":"421","Tour 1":{"Inscrits":17774,"Abstentions":12330,"% Abs/Ins":69.37,"Votants":5444,"% Vot/Ins":30.63,"Blancs":69,"% Blancs/Ins":0.39,"% Blancs/Vot":1.27,"Nuls":118,"% Nuls/Ins":0.66,"% Nuls/Vot":2.17,"Exprimés":5257,"% Exp/Ins":29.58,"% Exp/Vot":96.57,"resultats":[{"N.Pan.":null,"Code Nuance":"LUC","Sexe":"M","Nom":"CHARLOT","Prénom":"Philippe","Liste":"SMH Demain !","Sièges / Elu":"3","Sièges Secteur":0,"Sièges CC":0,"Voix":799,"% Voix/Ins":4.5,"% Voix/Exp":15.2},{"N.Pan.":2,"Code Nuance":"LLR","Sexe":"M","Nom":"GAFSI","Prénom":"Mohamed","Liste":"SMH ensemble, c'est mieux","Sièges / Elu":"1","Sièges Secteur":0,"Sièges CC":0,"Voix":439,"% Voix/Ins":2.47,"% Voix/Exp":8.35},{"N.Pan.":3,"Code Nuance":"LCOM","Sexe":"M","Nom":"QUEIROS","Prénom":"David","Liste":"SMH EN AVANT !","Sièges / Elu":31,"Sièges CC":7,"Voix":2820,"% Voix/Ins":15.87,"% Voix/Exp":53.64},{"N.Pan.":4,"Code Nuance":"LVEC","Sexe":"M","Nom":"OUDJAOUDI","Prénom":"Georges","Liste":"SOLID'HERES","Sièges / Elu":4,"Sièges CC":1,"Voix":1199,"% Voix/Ins":6.75,"% Voix/Exp":22.81}]},"population":{"F0-2":642.848026377767,"F3-5":632.765246292255,"F6-10":935.807586836325,"F11-17":1235.48229451792,"F18-24":4281.73051372193,"F25-39":3615.76597014543,"F40-54":2962.15829952706,"F55-64":1838.69793414652,"F65-79":1961.55101225214,"F80+":1116.3461534482,"H0-2":591.789257039176,"H3-5":661.356099583035,"H6-10":1083.73625575869,"H11-17":1336.22284719001,"H18-24":4643.11158654669,"H25-39":3938.96510210237,"H40-54":2891.11943214185,"H55-64":1766.02526690991,"H65-79":1413.68747929897,"H80+":638.83363616375},"Analyse":{"Votes décisifs":384,"tour décisif":1,"majeurs":31067.99238640482,"Non votants de 18-24":7360.954746700074}}