{"id":3799,"slug":"38-487-seyssuel","nom_standard":"Seyssuel","code_postal":"38","code_departement":"38","libelle_departement":"Isère","code_commune":"487","Tour 1":{"Inscrits":1655,"Abstentions":1037,"% Abs/Ins":62.66,"Votants":618,"% Vot/Ins":37.34,"Blancs":45,"% Blancs/Ins":2.72,"% Blancs/Vot":7.28,"Nuls":46,"% Nuls/Ins":2.78,"% Nuls/Vot":7.44,"Exprimés":527,"% Exp/Ins":31.84,"% Exp/Vot":85.28,"resultats":[{"N.Pan.":null,"Code Nuance":"LNC","Sexe":"M","Nom":"BELMONTE","Prénom":"Frédéric","Liste":"SEYSSUEL, MON VILLAGE, TERRE DE PARTAGE","Sièges / Elu":"19","Sièges Secteur":0,"Sièges CC":1,"Voix":527,"% Voix/Ins":31.84,"% Voix/Exp":100}]},"population":{"F0-2":27.8872959764005,"F3-5":31.710467693134,"F6-10":69.5155850160703,"F11-17":83.1944054680233,"F18-24":50.8662452840576,"F25-39":131.158650262148,"F40-54":228.431924513056,"F55-64":140.431377497184,"F65-79":175.237296616786,"F80+":73.5313908336362,"H0-2":22.1528564040952,"H3-5":38.9313123843324,"H6-10":72.3409520454332,"H11-17":112.249881302278,"H18-24":73.1587410282766,"H25-39":138.371030408949,"H40-54":222.992953722803,"H55-64":131.667386744141,"H65-79":183.248837689713,"H80+":55.9214091094829},"Analyse":{"Votes décisifs":528,"tour décisif":1,"majeurs":1605.0172437102335,"Non votants de 18-24":76.27008408845484}}