{"id":3772,"slug":"38-442-saint-pierre-de-chartreuse","nom_standard":"Saint-Pierre-de-Chartreuse","code_postal":"38","code_departement":"38","libelle_departement":"Isère","code_commune":"442","Tour 1":{"Inscrits":897,"Abstentions":203,"% Abs/Ins":22.63,"Votants":694,"% Vot/Ins":77.37,"Blancs":6,"% Blancs/Ins":0.67,"% Blancs/Vot":0.86,"Nuls":11,"% Nuls/Ins":1.23,"% Nuls/Vot":1.59,"Exprimés":677,"% Exp/Ins":75.47,"% Exp/Vot":97.55,"resultats":[{"N.Pan.":null,"Code Nuance":"LNC","Sexe":"M","Nom":"KOCH","Prénom":"Benoit","Liste":"VILLAGE 4 SAISONS, \" J'Y CROIS\"","Sièges / Elu":"2","Sièges Secteur":0,"Sièges CC":0,"Voix":207,"% Voix/Ins":23.08,"% Voix/Exp":30.58},{"N.Pan.":2,"Code Nuance":"LNC","Sexe":"M","Nom":"GUSMEROLI","Prénom":"Stéphane","Liste":"J'AIME SAINT PIERRE DE CHARTREUSE","Sièges / Elu":"13","Sièges Secteur":0,"Sièges CC":2,"Voix":470,"% Voix/Ins":52.4,"% Voix/Exp":69.42}]},"population":{"F0-2":8.74471971464956,"F3-5":21.2999349949657,"F6-10":27.9932972871446,"F11-17":47.4652793119968,"F18-24":14.7013488069719,"F25-39":68.6686217320614,"F40-54":99.1537986291871,"F55-64":71.0667499199237,"F65-79":72.4093052112293,"F80+":18.0751724335593,"H0-2":13.5228273474212,"H3-5":13.5560114496631,"H6-10":33.7190531726129,"H11-17":36.9839493547308,"H18-24":26.5191814290902,"H25-39":73.3404588418232,"H40-54":117.177063782534,"H55-64":82.1660051845057,"H65-79":78.2838392312025,"H80+":25.1533821647268},"Analyse":{"Votes décisifs":264,"tour décisif":1,"majeurs":746.7149273668151,"Non votants de 18-24":2.9099957397104363}}