{"id":3826,"slug":"38-548-villard-de-lans","nom_standard":"Villard-de-Lans","code_postal":"38","code_departement":"38","libelle_departement":"Isère","code_commune":"548","Tour 1":{"Inscrits":3948,"Abstentions":1742,"% Abs/Ins":44.12,"Votants":2206,"% Vot/Ins":55.88,"Blancs":17,"% Blancs/Ins":0.43,"% Blancs/Vot":0.77,"Nuls":59,"% Nuls/Ins":1.49,"% Nuls/Vot":2.67,"Exprimés":2130,"% Exp/Ins":53.95,"% Exp/Vot":96.55,"resultats":[{"N.Pan.":null,"Code Nuance":"LDVC","Sexe":"M","Nom":"ROBIN","Prénom":"Olivier","Liste":"VILLARD C'EST VOUS","Sièges / Elu":"1","Sièges Secteur":0,"Sièges CC":0,"Voix":286,"% Voix/Ins":7.24,"% Voix/Exp":13.43},{"N.Pan.":2,"Code Nuance":"LDVC","Sexe":"M","Nom":"MATHIEU","Prénom":"Arnaud","Liste":"VILLARD D'AVENIR","Sièges / Elu":"21","Sièges Secteur":0,"Sièges CC":8,"Voix":1074,"% Voix/Ins":27.2,"% Voix/Exp":50.42},{"N.Pan.":3,"Code Nuance":"LDVD","Sexe":"F","Nom":"CARLIOZ","Prénom":"Chantal","Liste":"VILLARD de LANS, AGISSONS DURABLEMENT","Sièges / Elu":5,"Sièges CC":2,"Voix":770,"% Voix/Ins":19.5,"% Voix/Exp":36.15}]},"population":{"F0-2":24.4618929659659,"F3-5":50.5239822622078,"F6-10":128.91705796823,"F11-17":228.221226587048,"F18-24":76.7994235190631,"F25-39":267.68176966623,"F40-54":490.732660209369,"F55-64":342.108538882147,"F65-79":421.393801558988,"F80+":158.004689242289,"H0-2":23.2631402788442,"H3-5":62.3992523960701,"H6-10":127.206202815747,"H11-17":258.473314469737,"H18-24":143.541427656075,"H25-39":217.647654229585,"H40-54":452.080751462343,"H55-64":313.578837240015,"H65-79":380.784477333218,"H80+":111.179899256828},"Analyse":{"Votes décisifs":19,"tour décisif":1,"majeurs":3375.53393025615,"Non votants de 18-24":76.3423230206694}}