{"id":3817,"slug":"38-536-vernioz","nom_standard":"Vernioz","code_postal":"38","code_departement":"38","libelle_departement":"Isère","code_commune":"536","Tour 1":{"Inscrits":992,"Abstentions":682,"% Abs/Ins":68.75,"Votants":310,"% Vot/Ins":31.25,"Blancs":7,"% Blancs/Ins":0.71,"% Blancs/Vot":2.26,"Nuls":55,"% Nuls/Ins":5.54,"% Nuls/Vot":17.74,"Exprimés":248,"% Exp/Ins":25,"% Exp/Vot":80,"resultats":[{"N.Pan.":null,"Code Nuance":"LNC","Sexe":"M","Nom":"REY","Prénom":"Jean-Marc","Liste":"CONTINUONS D AVANCER TOUS ENSEMBLE","Sièges / Elu":"15","Sièges Secteur":0,"Sièges CC":1,"Voix":248,"% Voix/Ins":25,"% Voix/Exp":100}]},"population":{"F0-2":23.6844058616269,"F3-5":31.919273109858,"F6-10":45.3032344416474,"F11-17":78.2539492752788,"F18-24":24.7135996760469,"F25-39":148.31578582901,"F40-54":163.772531793161,"F55-64":86.5653335459417,"F65-79":96.8734352858558,"F80+":22.6781787578578,"H0-2":26.774673863222,"H3-5":36.0405290459314,"H6-10":44.2704462918654,"H11-17":71.0406196172148,"H18-24":33.9835025903215,"H25-39":131.843358679225,"H40-54":156.562357428816,"H55-64":93.7687594631477,"H65-79":108.205767660977,"H80+":14.4302577829947},"Analyse":{"Votes décisifs":249,"tour décisif":1,"majeurs":1081.7128684933548,"Non votants de 18-24":41.87553876965385}}