{"id":3606,"slug":"38-65-chabons","nom_standard":"Châbons","code_postal":"38","code_departement":"38","libelle_departement":"Isère","code_commune":"65","Tour 1":{"Inscrits":1483,"Abstentions":941,"% Abs/Ins":63.45,"Votants":542,"% Vot/Ins":36.55,"Blancs":27,"% Blancs/Ins":1.82,"% Blancs/Vot":4.98,"Nuls":19,"% Nuls/Ins":1.28,"% Nuls/Vot":3.51,"Exprimés":496,"% Exp/Ins":33.45,"% Exp/Vot":91.51,"resultats":[{"N.Pan.":null,"Code Nuance":"LNC","Sexe":"F","Nom":"BARANI","Prénom":"Marie-Pierre","Liste":"ENSEMBLE, CONTINUONS POUR CHABONS","Sièges / Elu":"19","Sièges Secteur":0,"Sièges CC":4,"Voix":496,"% Voix/Ins":33.45,"% Voix/Exp":100}]},"population":{"F0-2":34.1154487001071,"F3-5":46.3834799294637,"F6-10":76.3242503859482,"F11-17":117.300424468205,"F18-24":48.9294744323386,"F25-39":190.210489325904,"F40-54":247.655022945586,"F55-64":120.905629125241,"F65-79":133.824996585415,"F80+":63.8237998097802,"H0-2":32.1468208487293,"H3-5":38.237320152388,"H6-10":92.529000870743,"H11-17":126.583697093653,"H18-24":63.2785592700457,"H25-39":167.155819723923,"H40-54":260.849035607193,"H55-64":120.365959481477,"H65-79":131.811768989914,"H80+":44.5690022539442},"Analyse":{"Votes décisifs":497,"tour décisif":1,"majeurs":1593.3795575507618,"Non votants de 18-24":74.03962996048126}}