{"id":3806,"slug":"38-507-tignieu-jameyzieu","nom_standard":"Tignieu-Jameyzieu","code_postal":"38","code_departement":"38","libelle_departement":"Isère","code_commune":"507","Tour 1":{"Inscrits":4996,"Abstentions":2719,"% Abs/Ins":54.42,"Votants":2277,"% Vot/Ins":45.58,"Blancs":18,"% Blancs/Ins":0.36,"% Blancs/Vot":0.79,"Nuls":28,"% Nuls/Ins":0.56,"% Nuls/Vot":1.23,"Exprimés":2231,"% Exp/Ins":44.66,"% Exp/Vot":97.98,"resultats":[{"N.Pan.":null,"Code Nuance":"LDVC","Sexe":"M","Nom":"MAZABRARD","Prénom":"Jean-Yves","Liste":"UN NOUVEAU SOUFFLE","Sièges / Elu":"6","Sièges Secteur":0,"Sièges CC":1,"Voix":951,"% Voix/Ins":19.04,"% Voix/Exp":42.63},{"N.Pan.":2,"Code Nuance":"LDVG","Sexe":"M","Nom":"SBAFFE","Prénom":"Jean-Louis","Liste":"ENSEMBLE POUR UNE VILLE ATTRACTIVE, DURABLE ET SOLIDAIRE","Sièges / Elu":"23","Sièges Secteur":0,"Sièges CC":5,"Voix":1280,"% Voix/Ins":25.62,"% Voix/Exp":57.37}]},"population":{"F0-2":132.979280991713,"F3-5":168.853938476647,"F6-10":310.650914680566,"F11-17":417.260408021958,"F18-24":240.867528523634,"F25-39":720.435000200252,"F40-54":793.729783835985,"F55-64":410.07701676368,"F65-79":482.668026213692,"F80+":180.488723387365,"H0-2":147.270615500513,"H3-5":183.744621806517,"H6-10":299.594334708069,"H11-17":448.553956189755,"H18-24":275.615701057288,"H25-39":695.189324144454,"H40-54":829.211905443356,"H55-64":394.780381150195,"H65-79":428.342028109454,"H80+":124.686510794905},"Analyse":{"Votes décisifs":330,"tour décisif":1,"majeurs":5576.091929624261,"Non votants de 18-24":305.5770378253988}}