{"id":381,"slug":"5-70-laragne-monteglin","nom_standard":"Laragne-Montéglin","code_postal":"5","code_departement":"5","libelle_departement":"Hautes-Alpes","code_commune":"70","Tour 1":{"Inscrits":2564,"Abstentions":967,"% Abs/Ins":37.71,"Votants":1597,"% Vot/Ins":62.29,"Blancs":38,"% Blancs/Ins":1.48,"% Blancs/Vot":2.38,"Nuls":41,"% Nuls/Ins":1.6,"% Nuls/Vot":2.57,"Exprimés":1518,"% Exp/Ins":59.2,"% Exp/Vot":95.05,"resultats":[{"N.Pan.":null,"Code Nuance":"LDIV","Sexe":"M","Nom":"BRUN","Prénom":"Maurice","Liste":"Laragne-Montéglin \"l'Avenir Autrement\"","Sièges / Elu":"6","Sièges Secteur":0,"Sièges CC":2,"Voix":728,"% Voix/Ins":28.39,"% Voix/Exp":47.96},{"N.Pan.":2,"Code Nuance":"LDIV","Sexe":"M","Nom":"DUPRAT","Prénom":"Jean-Marc","Liste":"LARAGNE-MONTEGLIN : d'aujourd'hui à demain","Sièges / Elu":"21","Sièges Secteur":0,"Sièges CC":6,"Voix":790,"% Voix/Ins":30.81,"% Voix/Exp":52.04}]},"population":{"F0-2":49.6024959689487,"F3-5":56.4116226877775,"F6-10":79.1625341184926,"F11-17":122.89902050184,"F18-24":80.8519996868047,"F25-39":242.935169117138,"F40-54":357.019012169324,"F55-64":262.370162733824,"F65-79":388.610879807766,"F80+":318.275129468125,"H0-2":33.6825188837572,"H3-5":44.4690726809563,"H6-10":74.2934436155566,"H11-17":124.865514034679,"H18-24":92.7534615602621,"H25-39":249.830156660988,"H40-54":320.831481700326,"H55-64":245.913145222533,"H65-79":285.392984504261,"H80+":148.83019487664},"Analyse":{"Votes décisifs":63,"tour décisif":1,"majeurs":2993.6137775079915,"Non votants de 18-24":80.99233803971758}}