{"id":382,"slug":"5-79-le-monetier-les-bains","nom_standard":"Le Monêtier-les-Bains","code_postal":"5","code_departement":"5","libelle_departement":"Hautes-Alpes","code_commune":"79","Tour 1":{"Inscrits":974,"Abstentions":403,"% Abs/Ins":41.38,"Votants":571,"% Vot/Ins":58.62,"Blancs":23,"% Blancs/Ins":2.36,"% Blancs/Vot":4.03,"Nuls":11,"% Nuls/Ins":1.13,"% Nuls/Vot":1.93,"Exprimés":537,"% Exp/Ins":55.13,"% Exp/Vot":94.05,"resultats":[{"N.Pan.":null,"Code Nuance":"LNC","Sexe":"M","Nom":"REY","Prénom":"Jean-Marie Gérard Christian","Liste":"VIVRE ENSEMBLE AU  MONETIER","Sièges / Elu":"14","Sièges Secteur":0,"Sièges CC":2,"Voix":418,"% Voix/Ins":42.92,"% Voix/Exp":77.84},{"N.Pan.":2,"Code Nuance":"LNC","Sexe":"M","Nom":"BON","Prénom":"Éric Serge","Liste":"MONÊTIER NATURE & DEVELOPPEMENT","Sièges / Elu":"1","Sièges Secteur":0,"Sièges CC":0,"Voix":119,"% Voix/Ins":12.22,"% Voix/Exp":22.16}]},"population":{"F0-2":16.0802303453212,"F3-5":13.0684486996081,"F6-10":34.1792630567867,"F11-17":38.1957346084372,"F18-24":26.1490183492682,"F25-39":103.560373817598,"F40-54":99.5520310913812,"F55-64":88.5274982058463,"F65-79":92.5574359006673,"F80+":28.1731889902427,"H0-2":14.0753706066082,"H3-5":13.0671025061681,"H6-10":31.1611895219763,"H11-17":36.189517421921,"H18-24":23.1273523604255,"H25-39":93.5127008914478,"H40-54":105.589520511398,"H55-64":86.5176951768073,"H65-79":100.605635063502,"H80+":18.1106928745883},"Analyse":{"Votes décisifs":300,"tour décisif":1,"majeurs":865.9831432331725,"Non votants de 18-24":16.785198225451648}}