{"id":3822,"slug":"38-544-vienne","nom_standard":"Vienne","code_postal":"38","code_departement":"38","libelle_departement":"Isère","code_commune":"544","Tour 1":{"Inscrits":18847,"Abstentions":10761,"% Abs/Ins":57.1,"Votants":8086,"% Vot/Ins":42.9,"Blancs":103,"% Blancs/Ins":0.55,"% Blancs/Vot":1.27,"Nuls":101,"% Nuls/Ins":0.54,"% Nuls/Vot":1.25,"Exprimés":7882,"% Exp/Ins":41.82,"% Exp/Vot":97.48,"resultats":[{"N.Pan.":null,"Code Nuance":"LREM","Sexe":"F","Nom":"DAVID","Prénom":"Florence","Liste":"NOUS SOMMES VIENNE","Sièges / Elu":"2","Sièges Secteur":0,"Sièges CC":1,"Voix":929,"% Voix/Ins":4.93,"% Voix/Exp":11.79},{"N.Pan.":2,"Code Nuance":"LUD","Sexe":"M","Nom":"KOVACS","Prénom":"Thierry","Liste":"AVEC VOUS, POUR VOUS, POUR VIENNE","Sièges / Elu":"27","Sièges Secteur":0,"Sièges CC":14,"Voix":4138,"% Voix/Ins":21.96,"% Voix/Exp":52.5},{"N.Pan.":3,"Code Nuance":"LUG","Sexe":"M","Nom":"BINET","Prénom":"Erwann","Liste":"VIENNE CITOYENNE","Sièges / Elu":5,"Sièges CC":2,"Voix":2384,"% Voix/Ins":12.65,"% Voix/Exp":30.25},{"N.Pan.":4,"Code Nuance":"LRN","Sexe":"M","Nom":"RUBAGOTTI","Prénom":"Adrien","Liste":"RASSEMBLONS VIENNE","Sièges / Elu":1,"Sièges CC":0,"Voix":431,"% Voix/Ins":2.29,"% Voix/Exp":5.47}]},"population":{"F0-2":503.787536514126,"F3-5":580.829109995928,"F6-10":890.232009976919,"F11-17":1357.49879314652,"F18-24":1169.06421501116,"F25-39":2858.76577308305,"F40-54":2901.50525414522,"F55-64":1778.42743259401,"F65-79":2219.26212251753,"F80+":1422.35809987749,"H0-2":553.457135353318,"H3-5":536.061366681353,"H6-10":913.81901046107,"H11-17":1341.46825636037,"H18-24":1378.20947516005,"H25-39":2888.87138293623,"H40-54":2758.41719684799,"H55-64":1480.02752826984,"H65-79":1843.91682156736,"H80+":683.021479500441},"Analyse":{"Votes décisifs":395,"tour décisif":1,"majeurs":23381.84678151037,"Non votants de 18-24":1666.3657254927286}}