{"id":3828,"slug":"38-554-villemoirieu","nom_standard":"Villemoirieu","code_postal":"38","code_departement":"38","libelle_departement":"Isère","code_commune":"554","Tour 1":{"Inscrits":1401,"Abstentions":905,"% Abs/Ins":64.6,"Votants":496,"% Vot/Ins":35.4,"Blancs":8,"% Blancs/Ins":0.57,"% Blancs/Vot":1.61,"Nuls":23,"% Nuls/Ins":1.64,"% Nuls/Vot":4.64,"Exprimés":465,"% Exp/Ins":33.19,"% Exp/Vot":93.75,"resultats":[{"N.Pan.":null,"Code Nuance":"LNC","Sexe":"M","Nom":"COSSIAUX","Prénom":"Patrick","Liste":"L'AVENIR ENSEMBLE A VILLEMOIRIEU","Sièges / Elu":"19","Sièges Secteur":0,"Sièges CC":1,"Voix":465,"% Voix/Ins":33.19,"% Voix/Exp":100}]},"population":{"F0-2":15.9218803811104,"F3-5":28.8825161428265,"F6-10":67.266064700201,"F11-17":89.0912714938975,"F18-24":52.5168011413355,"F25-39":143.383968447285,"F40-54":223.564974969755,"F55-64":127.423927048193,"F65-79":134.340356080203,"F80+":30.6934150664297,"H0-2":34.2796224331852,"H3-5":30.5420843383723,"H6-10":62.6488324630336,"H11-17":106.146983049187,"H18-24":57.1274855952894,"H25-39":133.15023883064,"H40-54":207.035790257381,"H55-64":117.118852582291,"H65-79":144.388427186002,"H80+":18.4765077933814},"Analyse":{"Votes décisifs":466,"tour décisif":1,"majeurs":1389.220744998186,"Non votants de 18-24":70.49747265601819}}