{"id":3831,"slug":"38-557-villette-d-anthon","nom_standard":"Villette-d'Anthon","code_postal":"38","code_departement":"38","libelle_departement":"Isère","code_commune":"557","Tour 1":{"Inscrits":3193,"Abstentions":2325,"% Abs/Ins":72.82,"Votants":868,"% Vot/Ins":27.18,"Blancs":24,"% Blancs/Ins":0.75,"% Blancs/Vot":2.76,"Nuls":28,"% Nuls/Ins":0.88,"% Nuls/Vot":3.23,"Exprimés":816,"% Exp/Ins":25.56,"% Exp/Vot":94.01,"resultats":[{"N.Pan.":null,"Code Nuance":"LDVD","Sexe":"M","Nom":"GINDRE","Prénom":"Bruno","Liste":"BIEN VIVRE A VILLETTE D'ANTHON","Sièges / Elu":"27","Sièges Secteur":0,"Sièges CC":5,"Voix":816,"% Voix/Ins":25.56,"% Voix/Exp":100}]},"population":{"F0-2":80.4601155336918,"F3-5":114.216202300351,"F6-10":213.875283623307,"F11-17":224.155906746258,"F18-24":149.906908121657,"F25-39":428.307881084734,"F40-54":549.756584865269,"F55-64":359.13891948345,"F65-79":365.056127831765,"F80+":127.352028488867,"H0-2":65.5567246355549,"H3-5":127.234310483132,"H6-10":187.648019977444,"H11-17":231.826807319715,"H18-24":171.94810794848,"H25-39":423.507627280216,"H40-54":583.449395902916,"H55-64":328.960527983459,"H65-79":370.296403390203,"H80+":80.3461169995314},"Analyse":{"Votes décisifs":817,"tour décisif":1,"majeurs":3938.026629380548,"Non votants de 18-24":250.91335410559518}}