{"id":385,"slug":"5-123-la-roche-des-arnauds","nom_standard":"La Roche-des-Arnauds","code_postal":"5","code_departement":"5","libelle_departement":"Hautes-Alpes","code_commune":"123","Tour 1":{"Inscrits":1283,"Abstentions":447,"% Abs/Ins":34.84,"Votants":836,"% Vot/Ins":65.16,"Blancs":9,"% Blancs/Ins":0.7,"% Blancs/Vot":1.08,"Nuls":7,"% Nuls/Ins":0.55,"% Nuls/Vot":0.84,"Exprimés":820,"% Exp/Ins":63.91,"% Exp/Vot":98.09,"resultats":[{"N.Pan.":null,"Code Nuance":"LNC","Sexe":"M","Nom":"CHAUTANT","Prénom":"Maurice","Liste":"ENSEMBLE POUR LA ROCHE","Sièges / Elu":"15","Sièges Secteur":0,"Sièges CC":4,"Voix":430,"% Voix/Ins":33.52,"% Voix/Exp":52.44},{"N.Pan.":2,"Code Nuance":"LNC","Sexe":"M","Nom":"ROUX","Prénom":"Fabrice","Liste":"UN AUTRE CHOIX POUR LA ROCHE","Sièges / Elu":"4","Sièges Secteur":0,"Sièges CC":1,"Voix":390,"% Voix/Ins":30.4,"% Voix/Exp":47.56}]},"population":{"F0-2":37.1318496163361,"F3-5":38.1913396596505,"F6-10":56.4412057218191,"F11-17":74.3617902005666,"F18-24":26.6225741432927,"F25-39":140.916552311628,"F40-54":174.866190886522,"F55-64":110.955952066477,"F65-79":102.882594687339,"F80+":35.1297018208476,"H0-2":23.0688750977418,"H3-5":31.0242851129587,"H6-10":57.1890306370817,"H11-17":78.6369801945987,"H18-24":33.9645262365179,"H25-39":129.877018766192,"H40-54":158.714052693018,"H55-64":104.02561426355,"H65-79":139.4125309865,"H80+":24.5873348973636},"Analyse":{"Votes décisifs":41,"tour décisif":1,"majeurs":1181.9546437592478,"Non votants de 18-24":17.73366587201512}}