{"id":3852,"slug":"39-173-cousance","nom_standard":"Cousance","code_postal":"39","code_departement":"39","libelle_departement":"Jura","code_commune":"173","Tour 1":{"Inscrits":919,"Abstentions":385,"% Abs/Ins":41.89,"Votants":534,"% Vot/Ins":58.11,"Blancs":4,"% Blancs/Ins":0.44,"% Blancs/Vot":0.75,"Nuls":30,"% Nuls/Ins":3.26,"% Nuls/Vot":5.62,"Exprimés":500,"% Exp/Ins":54.41,"% Exp/Vot":93.63,"resultats":[{"N.Pan.":null,"Code Nuance":"LNC","Sexe":"F","Nom":"JOUFFROY","Prénom":"Brigitte","Liste":"LISTE D'UNION A L'ECOUTE DES COUSANCOIS","Sièges / Elu":"1","Sièges Secteur":0,"Sièges CC":0,"Voix":110,"% Voix/Ins":11.97,"% Voix/Exp":22},{"N.Pan.":2,"Code Nuance":"LNC","Sexe":"M","Nom":"BRETIN","Prénom":"Christian","Liste":"COUSANCE HORIZON 2026","Sièges / Elu":"14","Sièges Secteur":0,"Sièges CC":4,"Voix":390,"% Voix/Ins":42.44,"% Voix/Exp":78}]},"population":{"F0-2":12.424771032674,"F3-5":19.1029682315895,"F6-10":36.0397010695947,"F11-17":47.1500268791982,"F18-24":42.5533713858214,"F25-39":76.9393182985756,"F40-54":121.399960014887,"F55-64":74.6134370386573,"F65-79":134.681207392412,"F80+":106.557331905286,"H0-2":18.8182993676597,"H3-5":12.5575228046055,"H6-10":30.3913071787186,"H11-17":68.3863495248177,"H18-24":36.4756268953988,"H25-39":108.435024655442,"H40-54":103.523574661283,"H55-64":88.568875056952,"H65-79":114.823284143912,"H80+":43.5580424625154},"Analyse":{"Votes décisifs":281,"tour décisif":1,"majeurs":1052.1290539111426,"Non votants de 18-24":38.91843872078085}}