{"id":3854,"slug":"39-190-dampierre","nom_standard":"Dampierre","code_postal":"39","code_departement":"39","libelle_departement":"Jura","code_commune":"190","Tour 1":{"Inscrits":893,"Abstentions":589,"% Abs/Ins":65.96,"Votants":304,"% Vot/Ins":34.04,"Blancs":10,"% Blancs/Ins":1.12,"% Blancs/Vot":3.29,"Nuls":42,"% Nuls/Ins":4.7,"% Nuls/Vot":13.82,"Exprimés":252,"% Exp/Ins":28.22,"% Exp/Vot":82.89,"resultats":[{"N.Pan.":null,"Code Nuance":"LNC","Sexe":"F","Nom":"VALENTIN","Prénom":"Laure","Liste":"ENSEMBLE, CONSTRUISONS L'AVENIR","Sièges / Elu":"19","Sièges Secteur":0,"Sièges CC":5,"Voix":252,"% Voix/Ins":28.22,"% Voix/Exp":100}]},"population":{"F0-2":24.3759055067688,"F3-5":21.3002071393056,"F6-10":37.5360688108409,"F11-17":65.9643592117393,"F18-24":40.6619934407045,"F25-39":122.259670519704,"F40-54":148.617750953666,"F55-64":74.625650077032,"F65-79":94.0099443758949,"F80+":50.0869399701579,"H0-2":21.3558773217106,"H3-5":24.4605162464617,"H6-10":45.6354882770244,"H11-17":75.1766522803122,"H18-24":45.6957119546127,"H25-39":97.8730779973447,"H40-54":146.533381709423,"H55-64":69.467238811058,"H65-79":84.829104655957,"H80+":24.534460740283},"Analyse":{"Votes décisifs":253,"tour décisif":1,"majeurs":999.1949252058376,"Non votants de 18-24":60.0838105046198}}