{"id":3859,"slug":"39-233-foucherans","nom_standard":"Foucherans","code_postal":"39","code_departement":"39","libelle_departement":"Jura","code_commune":"233","Tour 1":{"Inscrits":1518,"Abstentions":1042,"% Abs/Ins":68.64,"Votants":476,"% Vot/Ins":31.36,"Blancs":35,"% Blancs/Ins":2.31,"% Blancs/Vot":7.35,"Nuls":59,"% Nuls/Ins":3.89,"% Nuls/Vot":12.39,"Exprimés":382,"% Exp/Ins":25.16,"% Exp/Vot":80.25,"resultats":[{"N.Pan.":null,"Code Nuance":"LNC","Sexe":"F","Nom":"RIOTTE","Prénom":"Christine","Liste":"FOUCHERANS, ENSEMBLE VERS DEMAIN","Sièges / Elu":"19","Sièges Secteur":0,"Sièges CC":2,"Voix":382,"% Voix/Ins":25.16,"% Voix/Exp":100}]},"population":{"F0-2":30.5168759939668,"F3-5":32.903169769564,"F6-10":85.4540210095206,"F11-17":84.8317110833245,"F18-24":72.8433809533827,"F25-39":191.301327909529,"F40-54":196.20058267759,"F55-64":171.087652645961,"F65-79":179.270130827953,"F80+":158.365560582052,"H0-2":29.7073000562018,"H3-5":37.9523756826243,"H6-10":84.3528781252172,"H11-17":99.3288604638881,"H18-24":68.7336843805222,"H25-39":193.609534446538,"H40-54":179.295662230094,"H55-64":150.192037446635,"H65-79":161.768733590858,"H80+":64.284520124577},"Analyse":{"Votes décisifs":383,"tour décisif":1,"majeurs":1786.952807815692,"Non votants de 18-24":103.86443923421807}}