{"id":3866,"slug":"39-362-montmorot","nom_standard":"Montmorot","code_postal":"39","code_departement":"39","libelle_departement":"Jura","code_commune":"362","Tour 1":{"Inscrits":2027,"Abstentions":917,"% Abs/Ins":45.24,"Votants":1110,"% Vot/Ins":54.76,"Blancs":19,"% Blancs/Ins":0.94,"% Blancs/Vot":1.71,"Nuls":20,"% Nuls/Ins":0.99,"% Nuls/Vot":1.8,"Exprimés":1071,"% Exp/Ins":52.84,"% Exp/Vot":96.49,"resultats":[{"N.Pan.":null,"Code Nuance":"LNC","Sexe":"F","Nom":"TROSSAT","Prénom":"Céline","Liste":"MONTMOROT ENSEMBLE AUTREMENT","Sièges / Elu":"4","Sièges Secteur":0,"Sièges CC":1,"Voix":429,"% Voix/Ins":21.16,"% Voix/Exp":40.06},{"N.Pan.":2,"Code Nuance":"LNC","Sexe":"M","Nom":"BARBARIN","Prénom":"André","Liste":"MONTMOROT L'AVENIR","Sièges / Elu":"19","Sièges Secteur":0,"Sièges CC":3,"Voix":642,"% Voix/Ins":31.67,"% Voix/Exp":59.94}]},"population":{"F0-2":49.3481185888945,"F3-5":40.9847655749714,"F6-10":84.1122009841038,"F11-17":88.1452128294727,"F18-24":112.179554215368,"F25-39":270.254831048183,"F40-54":284.273323298027,"F55-64":243.478668453064,"F65-79":305.290688277354,"F80+":180.071343875153,"H0-2":34.6231997891657,"H3-5":46.0745106399854,"H6-10":76.7497907787902,"H11-17":112.649671934605,"H18-24":157.425158128907,"H25-39":234.282496800863,"H40-54":265.221618272019,"H55-64":169.103157590328,"H65-79":253.658306215968,"H80+":91.0733827047763},"Analyse":{"Votes décisifs":214,"tour décisif":1,"majeurs":2566.31252888001,"Non votants de 18-24":152.99333811202246}}