{"id":3896,"slug":"40-75-castets","nom_standard":"Castets","code_postal":"40","code_departement":"40","libelle_departement":"Landes","code_commune":"75","Tour 1":{"Inscrits":1726,"Abstentions":874,"% Abs/Ins":50.64,"Votants":852,"% Vot/Ins":49.36,"Blancs":59,"% Blancs/Ins":3.42,"% Blancs/Vot":6.92,"Nuls":38,"% Nuls/Ins":2.2,"% Nuls/Vot":4.46,"Exprimés":755,"% Exp/Ins":43.74,"% Exp/Vot":88.62,"resultats":[{"N.Pan.":null,"Code Nuance":"LNC","Sexe":"M","Nom":"MOUHEL","Prénom":"Philippe","Liste":"CASTETS NOTRE VILLAGE","Sièges / Elu":"19","Sièges Secteur":0,"Sièges CC":6,"Voix":755,"% Voix/Ins":43.74,"% Voix/Exp":100}]},"population":{"F0-2":35.0448404196767,"F3-5":51.2770182485624,"F6-10":73.8800202967225,"F11-17":111.393010644874,"F18-24":56.6668714528727,"F25-39":234.322542567063,"F40-54":257.500709479453,"F55-64":156.589353205891,"F65-79":170.867551197435,"F80+":112.371151230383,"H0-2":46.9677357081772,"H3-5":52.4317705254195,"H6-10":87.8913041637764,"H11-17":108.635795794541,"H18-24":65.2259416400575,"H25-39":230.687666823617,"H40-54":261.757000882879,"H55-64":168.216013227881,"H65-79":157.1556827627,"H80+":58.1180197280172},"Analyse":{"Votes décisifs":756,"tour décisif":1,"majeurs":1929.4785041982495,"Non votants de 18-24":68.0685924399356}}