{"id":3840,"slug":"39-13-arbois","nom_standard":"Arbois","code_postal":"39","code_departement":"39","libelle_departement":"Jura","code_commune":"13","Tour 1":{"Inscrits":2336,"Abstentions":946,"% Abs/Ins":40.5,"Votants":1390,"% Vot/Ins":59.5,"Blancs":25,"% Blancs/Ins":1.07,"% Blancs/Vot":1.8,"Nuls":40,"% Nuls/Ins":1.71,"% Nuls/Vot":2.88,"Exprimés":1325,"% Exp/Ins":56.72,"% Exp/Vot":95.32,"resultats":[{"N.Pan.":null,"Code Nuance":"LNC","Sexe":"F","Nom":"DEPIERRE","Prénom":"Valérie","Liste":"AGIR ENSEMBLE POUR ARBOIS","Sièges / Elu":"18","Sièges Secteur":0,"Sièges CC":9,"Voix":695,"% Voix/Ins":29.75,"% Voix/Exp":52.45},{"N.Pan.":2,"Code Nuance":"LNC","Sexe":"F","Nom":"PINGAT","Prénom":"Martine","Liste":"POUR ARBOIS, UNISSONS NOS FORCES","Sièges / Elu":"5","Sièges Secteur":0,"Sièges CC":2,"Voix":630,"% Voix/Ins":26.97,"% Voix/Exp":47.55}]},"population":{"F0-2":29.8010612420302,"F3-5":32.0234188319657,"F6-10":77.3787323385698,"F11-17":123.897517031432,"F18-24":83.0747905722844,"F25-39":199.699965507993,"F40-54":316.933357645519,"F55-64":240.478072237385,"F65-79":355.832957637295,"F80+":286.578021493854,"H0-2":29.7416469124219,"H3-5":32.2412971223907,"H6-10":68.5229459450846,"H11-17":108.900283451823,"H18-24":103.402593056517,"H25-39":198.168748781864,"H40-54":257.006236643505,"H55-64":248.260182018433,"H65-79":316.870088120448,"H80+":130.188083409185},"Analyse":{"Votes décisifs":66,"tour décisif":1,"majeurs":2736.4930971242825,"Non votants de 18-24":91.75631032646967}}