{"id":3851,"slug":"39-171-courlaoux","nom_standard":"Courlaoux","code_postal":"39","code_departement":"39","libelle_departement":"Jura","code_commune":"171","Tour 1":{"Inscrits":834,"Abstentions":435,"% Abs/Ins":52.16,"Votants":399,"% Vot/Ins":47.84,"Blancs":6,"% Blancs/Ins":0.72,"% Blancs/Vot":1.5,"Nuls":43,"% Nuls/Ins":5.16,"% Nuls/Vot":10.78,"Exprimés":350,"% Exp/Ins":41.97,"% Exp/Vot":87.72,"resultats":[{"N.Pan.":null,"Code Nuance":"LNC","Sexe":"M","Nom":"LANNEAU","Prénom":"Jean-Yves","Liste":"CONTINUONS ENSEMBLE POUR COURLAOUX","Sièges / Elu":"15","Sièges Secteur":0,"Sièges CC":2,"Voix":350,"% Voix/Ins":41.97,"% Voix/Exp":100}]},"population":{"F0-2":22.9137155926169,"F3-5":24.4943897523703,"F6-10":39.4555817928477,"F11-17":48.0183414493646,"F18-24":26.5217549220699,"F25-39":103.778521972626,"F40-54":122.835429338518,"F55-64":74.8583731634332,"F65-79":94.0544644571494,"F80+":26.5147890458522,"H0-2":11.9204077137759,"H3-5":21.483416379082,"H6-10":38.8300293922558,"H11-17":50.8294744133294,"H18-24":31.4601098645916,"H25-39":99.6086805101518,"H40-54":123.50334070928,"H55-64":72.2397292672323,"H65-79":98.0829775324785,"H80+":11.5964727309743},"Analyse":{"Votes décisifs":351,"tour décisif":1,"majeurs":885.054643514357,"Non votants de 18-24":31.842502410102597}}