{"id":3868,"slug":"39-367-morbier","nom_standard":"Morbier","code_postal":"39","code_departement":"39","libelle_departement":"Jura","code_commune":"367","Tour 1":{"Inscrits":1799,"Abstentions":1332,"% Abs/Ins":74.04,"Votants":467,"% Vot/Ins":25.96,"Blancs":20,"% Blancs/Ins":1.11,"% Blancs/Vot":4.28,"Nuls":57,"% Nuls/Ins":3.17,"% Nuls/Vot":12.21,"Exprimés":390,"% Exp/Ins":21.68,"% Exp/Vot":83.51,"resultats":[{"N.Pan.":null,"Code Nuance":"LNC","Sexe":"M","Nom":"FLAMENT","Prénom":"Daniel","Liste":"MORBIER AVEC NOUS","Sièges / Elu":"19","Sièges Secteur":0,"Sièges CC":8,"Voix":390,"% Voix/Ins":21.68,"% Voix/Exp":100}]},"population":{"F0-2":30.914249396088,"F3-5":38.7083780452646,"F6-10":57.6183187846085,"F11-17":92.4064456279189,"F18-24":37.0145829632936,"F25-39":242.989739928014,"F40-54":228.274853159923,"F55-64":151.23189227487,"F65-79":180.704947237214,"F80+":56.6868610870205,"H0-2":41.6692036838796,"H3-5":49.6081665493742,"H6-10":72.407184533251,"H11-17":96.3831392348265,"H18-24":63.0320593181157,"H25-39":224.208511182977,"H40-54":231.196336997281,"H55-64":160.097712532211,"H65-79":160.266469901301,"H80+":58.580947562568},"Analyse":{"Votes décisifs":391,"tour décisif":1,"majeurs":1794.284914144789,"Non votants de 18-24":74.0074209865643}}