{"id":3908,"slug":"40-133-labenne","nom_standard":"Labenne","code_postal":"40","code_departement":"40","libelle_departement":"Landes","code_commune":"133","Tour 1":{"Inscrits":4675,"Abstentions":3185,"% Abs/Ins":68.13,"Votants":1490,"% Vot/Ins":31.87,"Blancs":90,"% Blancs/Ins":1.93,"% Blancs/Vot":6.04,"Nuls":67,"% Nuls/Ins":1.43,"% Nuls/Vot":4.5,"Exprimés":1333,"% Exp/Ins":28.51,"% Exp/Vot":89.46,"resultats":[{"N.Pan.":null,"Code Nuance":"LDVG","Sexe":"M","Nom":"DELPUECH","Prénom":"Jean-Luc","Liste":"POUR LABENNE AVEC VOUS","Sièges / Elu":"29","Sièges Secteur":0,"Sièges CC":5,"Voix":1333,"% Voix/Ins":28.51,"% Voix/Exp":100}]},"population":{"F0-2":109.228362535371,"F3-5":127.256022885076,"F6-10":235.461607126896,"F11-17":302.102051041342,"F18-24":178.721463665343,"F25-39":698.274904928999,"F40-54":759.700907251963,"F55-64":387.606873106573,"F65-79":494.877327302372,"F80+":276.406115079015,"H0-2":126.89238205271,"H3-5":129.609031961343,"H6-10":239.66634761054,"H11-17":320.961167929149,"H18-24":193.256746312167,"H25-39":653.321102796305,"H40-54":733.699561158169,"H55-64":357.332882188348,"H65-79":456.400753123241,"H80+":153.224389945079},"Analyse":{"Votes décisifs":1334,"tour décisif":1,"majeurs":5342.823026857573,"Non votants de 18-24":268.24137832870366}}