{"id":3918,"slug":"40-183-mimbaste","nom_standard":"Mimbaste","code_postal":"40","code_departement":"40","libelle_departement":"Landes","code_commune":"183","Tour 1":{"Inscrits":808,"Abstentions":413,"% Abs/Ins":51.11,"Votants":395,"% Vot/Ins":48.89,"Blancs":6,"% Blancs/Ins":0.74,"% Blancs/Vot":1.52,"Nuls":35,"% Nuls/Ins":4.33,"% Nuls/Vot":8.86,"Exprimés":354,"% Exp/Ins":43.81,"% Exp/Vot":89.62,"resultats":[{"N.Pan.":null,"Code Nuance":"LNC","Sexe":"M","Nom":"BARGELES","Prénom":"Lionel","Liste":"BIEN VIVRE A MIMBASTE","Sièges / Elu":"15","Sièges Secteur":0,"Sièges CC":2,"Voix":354,"% Voix/Ins":43.81,"% Voix/Exp":100}]},"population":{"F0-2":6.25699043845748,"F3-5":10.2604172016514,"F6-10":26.9107952717872,"F11-17":42.5808446864838,"F18-24":14.4335807100583,"F25-39":55.9611904283695,"F40-54":108.94739122723,"F55-64":83.2621870018688,"F65-79":85.9084389718273,"F80+":56.2240317634423,"H0-2":8.71021267405632,"H3-5":10.8108844055023,"H6-10":22.4392954617216,"H11-17":37.5385824442803,"H18-24":23.0172781937809,"H25-39":54.7770634976704,"H40-54":112.09592028544,"H55-64":89.2197329938659,"H65-79":83.4356233566336,"H80+":32.2095389858731},"Analyse":{"Votes décisifs":355,"tour décisif":1,"majeurs":799.4919774160601,"Non votants de 18-24":18.947747321872594}}