{"id":3924,"slug":"40-201-mugron","nom_standard":"Mugron","code_postal":"40","code_departement":"40","libelle_departement":"Landes","code_commune":"201","Tour 1":{"Inscrits":955,"Abstentions":419,"% Abs/Ins":43.87,"Votants":536,"% Vot/Ins":56.13,"Blancs":21,"% Blancs/Ins":2.2,"% Blancs/Vot":3.92,"Nuls":71,"% Nuls/Ins":7.43,"% Nuls/Vot":13.25,"Exprimés":444,"% Exp/Ins":46.49,"% Exp/Vot":82.84,"resultats":[{"N.Pan.":null,"Code Nuance":"LNC","Sexe":"F","Nom":"BRETTES","Prénom":"Marie-Christine","Liste":"MUGRON L'AVENIR ENSEMBLE","Sièges / Elu":"15","Sièges Secteur":0,"Sièges CC":3,"Voix":444,"% Voix/Ins":46.49,"% Voix/Exp":100}]},"population":{"F0-2":9.25944812796265,"F3-5":16.6540843306596,"F6-10":38.4577851857479,"F11-17":53.7653668985145,"F18-24":41.7925441843867,"F25-39":71.331776148203,"F40-54":125.618921222994,"F55-64":88.4790784340175,"F65-79":137.051682468136,"F80+":126.297155933623,"H0-2":11.3362935876225,"H3-5":18.7802861375272,"H6-10":29.5624385559712,"H11-17":46.0662493976796,"H18-24":48.1535111012559,"H25-39":72.9714861991077,"H40-54":111.736363406843,"H55-64":95.3622497127738,"H65-79":118.95929303952,"H80+":67.3639859274538},"Analyse":{"Votes décisifs":445,"tour décisif":1,"majeurs":1105.1180477783143,"Non votants de 18-24":46.32077404982702}}