{"id":393,"slug":"5-170-tallard","nom_standard":"Tallard","code_postal":"5","code_departement":"5","libelle_departement":"Hautes-Alpes","code_commune":"170","Tour 1":{"Inscrits":1656,"Abstentions":903,"% Abs/Ins":54.53,"Votants":753,"% Vot/Ins":45.47,"Blancs":25,"% Blancs/Ins":1.51,"% Blancs/Vot":3.32,"Nuls":47,"% Nuls/Ins":2.84,"% Nuls/Vot":6.24,"Exprimés":681,"% Exp/Ins":41.12,"% Exp/Vot":90.44,"resultats":[{"N.Pan.":null,"Code Nuance":"LNC","Sexe":"M","Nom":"ARNAUD","Prénom":"Jean-Michel","Liste":"Bien vivre à Tallard","Sièges / Elu":"19","Sièges Secteur":0,"Sièges CC":7,"Voix":681,"% Voix/Ins":41.12,"% Voix/Exp":100}]},"population":{"F0-2":27.8187931058412,"F3-5":40.4821674628622,"F6-10":60.5308193915386,"F11-17":84.6130804600811,"F18-24":64.2828474826411,"F25-39":189.916389110942,"F40-54":225.557327111704,"F55-64":148.064889070889,"F65-79":186.725501033022,"F80+":155.565450514203,"H0-2":37.8054090344834,"H3-5":39.5322097587779,"H6-10":63.1071761828461,"H11-17":81.2677793837115,"H18-24":79.5605268096783,"H25-39":198.592340082573,"H40-54":233.781426433269,"H55-64":141.943585145868,"H65-79":175.199395210439,"H80+":60.6528872146317},"Analyse":{"Votes décisifs":682,"tour décisif":1,"majeurs":1859.8425652198598,"Non votants de 18-24":85.60507882169591}}