{"id":3945,"slug":"40-266-saint-julien-en-born","nom_standard":"Saint-Julien-en-Born","code_postal":"40","code_departement":"40","libelle_departement":"Landes","code_commune":"266","Tour 1":{"Inscrits":1402,"Abstentions":638,"% Abs/Ins":45.51,"Votants":764,"% Vot/Ins":54.49,"Blancs":38,"% Blancs/Ins":2.71,"% Blancs/Vot":4.97,"Nuls":98,"% Nuls/Ins":6.99,"% Nuls/Vot":12.83,"Exprimés":628,"% Exp/Ins":44.79,"% Exp/Vot":82.2,"resultats":[{"N.Pan.":null,"Code Nuance":"LNC","Sexe":"M","Nom":"DUCOUT","Prénom":"Gilles","Liste":"BIEN VIVRE A SAINT-JULIEN","Sièges / Elu":"19","Sièges Secteur":0,"Sièges CC":4,"Voix":628,"% Voix/Ins":44.79,"% Voix/Exp":100}]},"population":{"F0-2":19.1846841565923,"F3-5":23.2278631072423,"F6-10":42.5544227221709,"F11-17":65.6137161940137,"F18-24":9.92610733732192,"F25-39":116.885708492702,"F40-54":178.942022059131,"F55-64":132.661589269721,"F65-79":174.666526351278,"F80+":96.563347704216,"H0-2":25.2216638391241,"H3-5":24.9855688464106,"H6-10":39.6884277025464,"H11-17":54.677845584943,"H18-24":33.6421042433257,"H25-39":122.266413058478,"H40-54":166.446331114435,"H55-64":146.33438780824,"H65-79":167.088455495573,"H80+":46.4228149125343},"Analyse":{"Votes décisifs":629,"tour décisif":1,"majeurs":1391.845807846956,"Non votants de 18-24":19.65312453583694}}