{"id":3949,"slug":"40-273-saint-martin-de-seignanx","nom_standard":"Saint-Martin-de-Seignanx","code_postal":"40","code_departement":"40","libelle_departement":"Landes","code_commune":"273","Tour 1":{"Inscrits":4408,"Abstentions":2104,"% Abs/Ins":47.73,"Votants":2304,"% Vot/Ins":52.27,"Blancs":41,"% Blancs/Ins":0.93,"% Blancs/Vot":1.78,"Nuls":39,"% Nuls/Ins":0.88,"% Nuls/Vot":1.69,"Exprimés":2224,"% Exp/Ins":50.45,"% Exp/Vot":96.53,"resultats":[{"N.Pan.":null,"Code Nuance":"LDVC","Sexe":"F","Nom":"AZPEÏTIA","Prénom":"Isabelle","Liste":"SAINT MARTIN L'AMBITION CONTINUE","Sièges / Elu":"6","Sièges Secteur":0,"Sièges CC":1,"Voix":934,"% Voix/Ins":21.19,"% Voix/Exp":42},{"N.Pan.":2,"Code Nuance":"LDVG","Sexe":"M","Nom":"FICHOT","Prénom":"Julien","Liste":"VIVRE ENSEMBLE SAINT MARTIN","Sièges / Elu":"23","Sièges Secteur":0,"Sièges CC":5,"Voix":1290,"% Voix/Ins":29.26,"% Voix/Exp":58}]},"population":{"F0-2":102.077955949975,"F3-5":108.444224681626,"F6-10":179.569260825471,"F11-17":250.067152636675,"F18-24":160.821765629343,"F25-39":517.088676672995,"F40-54":631.585386542548,"F55-64":400.000665400848,"F65-79":482.266838491875,"F80+":281.948637117031,"H0-2":103.609289008216,"H3-5":109.703126338272,"H6-10":168.214708041442,"H11-17":264.065773002779,"H18-24":178.82368141837,"H25-39":484.821782614744,"H40-54":662.714162508727,"H55-64":372.497963509118,"H65-79":422.670201298169,"H80+":152.008748311773},"Analyse":{"Votes décisifs":357,"tour décisif":1,"majeurs":4747.248509515541,"Non votants de 18-24":174.80404293133364}}