{"id":3991,"slug":"41-51-chissay-en-touraine","nom_standard":"Chissay-en-Touraine","code_postal":"41","code_departement":"41","libelle_departement":"Loir-et-Cher","code_commune":"51","Tour 1":{"Inscrits":810,"Abstentions":241,"% Abs/Ins":29.75,"Votants":569,"% Vot/Ins":70.25,"Blancs":8,"% Blancs/Ins":0.99,"% Blancs/Vot":1.41,"Nuls":5,"% Nuls/Ins":0.62,"% Nuls/Vot":0.88,"Exprimés":556,"% Exp/Ins":68.64,"% Exp/Vot":97.72,"resultats":[{"N.Pan.":null,"Code Nuance":"LNC","Sexe":"M","Nom":"MARTIN","Prénom":"Pierre","Liste":"ENSEMBLE CONSTRUISONS DEMAIN","Sièges / Elu":"2","Sièges Secteur":0,"Sièges CC":0,"Voix":172,"% Voix/Ins":21.23,"% Voix/Exp":30.94},{"N.Pan.":2,"Code Nuance":"LNC","Sexe":"M","Nom":"PLASSAIS","Prénom":"Philippe","Liste":"UNISSONS NOS DIFFÉRENCES POUR L'AVENIR DE CHISSAY","Sièges / Elu":"13","Sièges Secteur":0,"Sièges CC":1,"Voix":384,"% Voix/Ins":47.41,"% Voix/Exp":69.06}]},"population":{"F0-2":14.7693702940986,"F3-5":10.8043867041064,"F6-10":30.3643206898922,"F11-17":42.274804537595,"F18-24":12.8903377205004,"F25-39":75.0454134478501,"F40-54":118.333858217385,"F55-64":86.3814979931702,"F65-79":119.500556760989,"F80+":58.4588595129439,"H0-2":16.7323883580775,"H3-5":12.7359369768162,"H6-10":26.4771178485974,"H11-17":40.2789992881232,"H18-24":23.6322308572697,"H25-39":65.4340620364554,"H40-54":105.24672700702,"H55-64":80.1279476733424,"H65-79":103.348193177257,"H80+":32.1629908985099},"Analyse":{"Votes décisifs":213,"tour décisif":1,"majeurs":880.562675302693,"Non votants de 18-24":12.922497732605546}}