{"id":3921,"slug":"40-192-mont-de-marsan","nom_standard":"Mont-de-Marsan","code_postal":"40","code_departement":"40","libelle_departement":"Landes","code_commune":"192","Tour 1":{"Inscrits":20177,"Abstentions":12151,"% Abs/Ins":60.22,"Votants":8026,"% Vot/Ins":39.78,"Blancs":121,"% Blancs/Ins":0.6,"% Blancs/Vot":1.51,"Nuls":169,"% Nuls/Ins":0.84,"% Nuls/Vot":2.11,"Exprimés":7736,"% Exp/Ins":38.34,"% Exp/Vot":96.39,"resultats":[{"N.Pan.":null,"Code Nuance":"LDVD","Sexe":"M","Nom":"DAYOT","Prénom":"Charles","Liste":"100 %  POUR LES MONTOIS","Sièges / Elu":"28","Sièges Secteur":0,"Sièges CC":22,"Voix":4173,"% Voix/Ins":20.68,"% Voix/Exp":53.94},{"N.Pan.":2,"Code Nuance":"LUG","Sexe":"M","Nom":"SAVARY","Prénom":"Jean Baptiste","Liste":"LE NOUVEL ELAN POPULAIRE","Sièges / Elu":"6","Sièges Secteur":0,"Sièges CC":5,"Voix":2845,"% Voix/Ins":14.1,"% Voix/Exp":36.78},{"N.Pan.":3,"Code Nuance":"LDVG","Sexe":"F","Nom":"LAFITTE","Prénom":"Marie","Liste":"MARSAN CITOYEN","Sièges / Elu":1,"Sièges CC":1,"Voix":718,"% Voix/Ins":3.56,"% Voix/Exp":9.28}]},"population":{"F0-2":328.271219838643,"F3-5":452.977895548693,"F6-10":741.282405470485,"F11-17":1130.63016067611,"F18-24":1289.5326382187,"F25-39":2562.40006940126,"F40-54":2933.65369985365,"F55-64":2191.44152514789,"F65-79":2546.46381187456,"F80+":1331.2193175013,"H0-2":355.851513201912,"H3-5":391.794133806644,"H6-10":701.38226689275,"H11-17":1142.08798165321,"H18-24":1578.32466575241,"H25-39":2830.05862141548,"H40-54":2829.43950719355,"H55-64":1833.17700257454,"H65-79":2058.66305802653,"H80+":724.348505951689},"Analyse":{"Votes décisifs":611,"tour décisif":1,"majeurs":24708.72242291156,"Non votants de 18-24":1936.3068042039163}}