{"id":3942,"slug":"40-257-sainte-eulalie-en-born","nom_standard":"Sainte-Eulalie-en-Born","code_postal":"40","code_departement":"40","libelle_departement":"Landes","code_commune":"257","Tour 1":{"Inscrits":1066,"Abstentions":631,"% Abs/Ins":59.19,"Votants":435,"% Vot/Ins":40.81,"Blancs":13,"% Blancs/Ins":1.22,"% Blancs/Vot":2.99,"Nuls":39,"% Nuls/Ins":3.66,"% Nuls/Vot":8.97,"Exprimés":383,"% Exp/Ins":35.93,"% Exp/Vot":88.05,"resultats":[{"N.Pan.":null,"Code Nuance":"LNC","Sexe":"M","Nom":"COMET","Prénom":"Bernard","Liste":"ENSEMBLE POUR NOTRE VILLAGE","Sièges / Elu":"15","Sièges Secteur":0,"Sièges CC":2,"Voix":383,"% Voix/Ins":35.93,"% Voix/Exp":100}]},"population":{"F0-2":13.7549403133747,"F3-5":13.7451356603025,"F6-10":28.0711317687217,"F11-17":67.4186994760762,"F18-24":23.0296922518873,"F25-39":82.7843925313618,"F40-54":139.957663231296,"F55-64":100.578012617474,"F65-79":162.27485037085,"F80+":33.9725085362945,"H0-2":13.4709486463414,"H3-5":16.4824029199102,"H6-10":31.3815022473068,"H11-17":56.6934340930215,"H18-24":29.3211220323996,"H25-39":78.5665021162872,"H40-54":144.333656525251,"H55-64":99.5919811952603,"H65-79":173.189465475305,"H80+":31.381957991277},"Analyse":{"Votes décisifs":384,"tour décisif":1,"majeurs":1098.9818048749437,"Non votants de 18-24":31.629266290818382}}