{"id":3941,"slug":"40-248-saint-andre-de-seignanx","nom_standard":"Saint-André-de-Seignanx","code_postal":"40","code_departement":"40","libelle_departement":"Landes","code_commune":"248","Tour 1":{"Inscrits":1333,"Abstentions":782,"% Abs/Ins":58.66,"Votants":551,"% Vot/Ins":41.34,"Blancs":27,"% Blancs/Ins":2.03,"% Blancs/Vot":4.9,"Nuls":47,"% Nuls/Ins":3.53,"% Nuls/Vot":8.53,"Exprimés":477,"% Exp/Ins":35.78,"% Exp/Vot":86.57,"resultats":[{"N.Pan.":null,"Code Nuance":"LNC","Sexe":"M","Nom":"BAYLET","Prénom":"Jean","Liste":"ENSEMBLE POUR UN VILLAGE AMBITIEUX ET SOLIDAIRE","Sièges / Elu":"19","Sièges Secteur":0,"Sièges CC":2,"Voix":477,"% Voix/Ins":35.78,"% Voix/Exp":100}]},"population":{"F0-2":40.8746592768989,"F3-5":37.5812476970084,"F6-10":73.2922506226013,"F11-17":85.8925055831197,"F18-24":41.720046103354,"F25-39":161.854596674616,"F40-54":205.195226096306,"F55-64":133.451415465976,"F65-79":134.463823056859,"F80+":43.1764676328564,"H0-2":24.7351953867647,"H3-5":43.6981995791577,"H6-10":60.0414926322433,"H11-17":93.7744631520819,"H18-24":45.3546300583523,"H25-39":157.612188515428,"H40-54":213.665350397848,"H55-64":132.990920815641,"H65-79":139.161920743123,"H80+":21.4634005097644},"Analyse":{"Votes décisifs":478,"tour décisif":1,"majeurs":1430.109986070124,"Non votants de 18-24":53.52610505009418}}