{"id":3961,"slug":"40-292-saubrigues","nom_standard":"Saubrigues","code_postal":"40","code_departement":"40","libelle_departement":"Landes","code_commune":"292","Tour 1":{"Inscrits":1199,"Abstentions":754,"% Abs/Ins":62.89,"Votants":445,"% Vot/Ins":37.11,"Blancs":17,"% Blancs/Ins":1.42,"% Blancs/Vot":3.82,"Nuls":20,"% Nuls/Ins":1.67,"% Nuls/Vot":4.49,"Exprimés":408,"% Exp/Ins":34.03,"% Exp/Vot":91.69,"resultats":[{"N.Pan.":null,"Code Nuance":"LNC","Sexe":"M","Nom":"DARETS","Prénom":"Benoît","Liste":"SAUBRIGUEZ-VOUS","Sièges / Elu":"15","Sièges Secteur":0,"Sièges CC":2,"Voix":408,"% Voix/Ins":34.03,"% Voix/Exp":100}]},"population":{"F0-2":18.3882643736409,"F3-5":19.3011388255037,"F6-10":43.6804127216189,"F11-17":66.2837267685588,"F18-24":39.9985444025134,"F25-39":109.929241622794,"F40-54":184.52896046312,"F55-64":119.699871156041,"F65-79":128.516008206686,"F80+":39.9070034321551,"H0-2":20.3595174680787,"H3-5":26.5835412605568,"H6-10":60.895350288146,"H11-17":71.412792913133,"H18-24":34.7932014373852,"H25-39":95.6654161124007,"H40-54":181.45255345174,"H55-64":109.245276819108,"H65-79":146.200951598054,"H80+":26.1582266787665},"Analyse":{"Votes décisifs":409,"tour décisif":1,"majeurs":1216.095255380764,"Non votants de 18-24":47.423555106900416}}