{"id":3887,"slug":"40-2-amou","nom_standard":"Amou","code_postal":"40","code_departement":"40","libelle_departement":"Landes","code_commune":"2","Tour 1":{"Inscrits":1201,"Abstentions":677,"% Abs/Ins":56.37,"Votants":524,"% Vot/Ins":43.63,"Blancs":29,"% Blancs/Ins":2.41,"% Blancs/Vot":5.53,"Nuls":136,"% Nuls/Ins":11.32,"% Nuls/Vot":25.95,"Exprimés":359,"% Exp/Ins":29.89,"% Exp/Vot":68.51,"resultats":[{"N.Pan.":null,"Code Nuance":"LNC","Sexe":"F","Nom":"BERGEZ","Prénom":"Florence","Liste":"ENSEMBLE PLUS LOIN","Sièges / Elu":"19","Sièges Secteur":0,"Sièges CC":5,"Voix":359,"% Voix/Ins":29.89,"% Voix/Exp":100}]},"population":{"F0-2":13.1275215106257,"F3-5":14.9782414469556,"F6-10":35.9326443094581,"F11-17":75.1670346103606,"F18-24":32.5038775455298,"F25-39":101.224975714812,"F40-54":150.053723037118,"F55-64":108.533712669965,"F65-79":166.614507548324,"F80+":136.804109352151,"H0-2":12.0589868205604,"H3-5":21.0489519995681,"H6-10":36.9794343875578,"H11-17":67.1280735124224,"H18-24":49.4154943364023,"H25-39":93.177829762811,"H40-54":127.730845157452,"H55-64":122.727417398421,"H65-79":129.270799222422,"H80+":70.5218196570831},"Analyse":{"Votes décisifs":360,"tour décisif":1,"majeurs":1288.5791114024914,"Non votants de 18-24":48.606903531104976}}