{"id":3926,"slug":"40-207-oeyreluy","nom_standard":"Oeyreluy","code_postal":"40","code_departement":"40","libelle_departement":"Landes","code_commune":"207","Tour 1":{"Inscrits":1104,"Abstentions":412,"% Abs/Ins":37.32,"Votants":692,"% Vot/Ins":62.68,"Blancs":10,"% Blancs/Ins":0.91,"% Blancs/Vot":1.45,"Nuls":18,"% Nuls/Ins":1.63,"% Nuls/Vot":2.6,"Exprimés":664,"% Exp/Ins":60.14,"% Exp/Vot":95.95,"resultats":[{"N.Pan.":null,"Code Nuance":"LNC","Sexe":"M","Nom":"LAFFITTE","Prénom":"Philippe","Liste":"OEYRELUY ENSEMBLE","Sièges / Elu":"15","Sièges Secteur":0,"Sièges CC":2,"Voix":381,"% Voix/Ins":34.51,"% Voix/Exp":57.38},{"N.Pan.":2,"Code Nuance":"LNC","Sexe":"F","Nom":"TOURNIER","Prénom":"Marielle","Liste":"OEYRELUY AUTREMENT","Sièges / Elu":"4","Sièges Secteur":0,"Sièges CC":0,"Voix":283,"% Voix/Ins":25.63,"% Voix/Exp":42.62}]},"population":{"F0-2":10.8943097927555,"F3-5":11.7586759135994,"F6-10":45.0111185803205,"F11-17":68.7445034336586,"F18-24":48.8134972544515,"F25-39":87.4455845914972,"F40-54":168.23381511051,"F55-64":124.708920485241,"F65-79":131.181343445338,"F80+":42.9130146482891,"H0-2":10.8279024865138,"H3-5":17.7695894576539,"H6-10":40.2925084376788,"H11-17":71.6012647953789,"H18-24":122.563724578096,"H25-39":82.7692932833573,"H40-54":161.150168417639,"H55-64":104.150229439642,"H65-79":115.573891806633,"H80+":40.5966440417457},"Analyse":{"Votes décisifs":99,"tour décisif":1,"majeurs":1230.1001271024397,"Non votants de 18-24":74.96796628074578}}