{"id":3957,"slug":"40-286-samadet","nom_standard":"Samadet","code_postal":"40","code_departement":"40","libelle_departement":"Landes","code_commune":"286","Tour 1":{"Inscrits":885,"Abstentions":386,"% Abs/Ins":43.62,"Votants":499,"% Vot/Ins":56.38,"Blancs":21,"% Blancs/Ins":2.37,"% Blancs/Vot":4.21,"Nuls":41,"% Nuls/Ins":4.63,"% Nuls/Vot":8.22,"Exprimés":437,"% Exp/Ins":49.38,"% Exp/Vot":87.58,"resultats":[{"N.Pan.":null,"Code Nuance":"LNC","Sexe":"M","Nom":"TASTET","Prénom":"Bernard","Liste":"AGIR ENSEMBLE POUR SAMADET","Sièges / Elu":"15","Sièges Secteur":0,"Sièges CC":2,"Voix":437,"% Voix/Ins":49.38,"% Voix/Exp":100}]},"population":{"F0-2":13.4114893954934,"F3-5":10.3510183061383,"F6-10":36.6213244138608,"F11-17":67.4080745123375,"F18-24":28.3839405440147,"F25-39":87.0668095296324,"F40-54":116.755870359173,"F55-64":72.1136751155024,"F65-79":106.917694171364,"F80+":63.5578688418837,"H0-2":14.0525168149777,"H3-5":15.1172558770714,"H6-10":26.5719223725327,"H11-17":48.8268199510966,"H18-24":33.1693645008026,"H25-39":85.5048065683741,"H40-54":101.304970670769,"H55-64":70.8768783663186,"H65-79":91.1186045803301,"H80+":41.8690951083272},"Analyse":{"Votes décisifs":438,"tour décisif":1,"majeurs":898.6395783564917,"Non votants de 18-24":27.373751910135415}}