{"id":3946,"slug":"40-269-saint-lon-les-mines","nom_standard":"Saint-Lon-les-Mines","code_postal":"40","code_departement":"40","libelle_departement":"Landes","code_commune":"269","Tour 1":{"Inscrits":1000,"Abstentions":482,"% Abs/Ins":48.2,"Votants":518,"% Vot/Ins":51.8,"Blancs":4,"% Blancs/Ins":0.4,"% Blancs/Vot":0.77,"Nuls":37,"% Nuls/Ins":3.7,"% Nuls/Vot":7.14,"Exprimés":477,"% Exp/Ins":47.7,"% Exp/Vot":92.08,"resultats":[{"N.Pan.":null,"Code Nuance":"LNC","Sexe":"M","Nom":"LARRODÉ","Prénom":"Roger","Liste":"ACTION ET SOLIDARITE POUR L'AVENIR DE SAINT LON","Sièges / Elu":"15","Sièges Secteur":0,"Sièges CC":2,"Voix":477,"% Voix/Ins":47.7,"% Voix/Exp":100}]},"population":{"F0-2":9.78979779261642,"F3-5":8.81361817631348,"F6-10":39.5173855404483,"F11-17":65.1102276044498,"F18-24":24.3504629044261,"F25-39":71.3111919361521,"F40-54":136.490008091907,"F55-64":100.479333271583,"F65-79":106.349268830094,"F80+":48.1503254667073,"H0-2":9.78669709139174,"H3-5":24.4128454910258,"H6-10":32.863400456122,"H11-17":72.7724429017095,"H18-24":26.7517562050775,"H25-39":81.5849058865711,"H40-54":139.404755201485,"H55-64":94.2606313017957,"H65-79":112.394390455571,"H80+":28.4065553945536},"Analyse":{"Votes décisifs":478,"tour décisif":1,"majeurs":969.9335849459235,"Non votants de 18-24":23.810711825323214}}