{"id":4008,"slug":"41-126-mareuil-sur-cher","nom_standard":"Mareuil-sur-Cher","code_postal":"41","code_departement":"41","libelle_departement":"Loir-et-Cher","code_commune":"126","Tour 1":{"Inscrits":849,"Abstentions":319,"% Abs/Ins":37.57,"Votants":530,"% Vot/Ins":62.43,"Blancs":10,"% Blancs/Ins":1.18,"% Blancs/Vot":1.89,"Nuls":9,"% Nuls/Ins":1.06,"% Nuls/Vot":1.7,"Exprimés":511,"% Exp/Ins":60.19,"% Exp/Vot":96.42,"resultats":[{"N.Pan.":null,"Code Nuance":"LNC","Sexe":"F","Nom":"GOINEAU","Prénom":"Annick","Liste":"NOS GENERATIONS UNIES POUR LE DEVELOPPEMENT DE MAREUIL","Sièges / Elu":"12","Sièges Secteur":0,"Sièges CC":1,"Voix":275,"% Voix/Ins":32.39,"% Voix/Exp":53.82},{"N.Pan.":2,"Code Nuance":"LNC","Sexe":"M","Nom":"ALMYR","Prénom":"Jean-Claude","Liste":"BIEN VIVRE A MAREUIL","Sièges / Elu":"3","Sièges Secteur":0,"Sièges CC":0,"Voix":236,"% Voix/Ins":27.8,"% Voix/Exp":46.18}]},"population":{"F0-2":15.1494909176213,"F3-5":20.2153366593697,"F6-10":43.4850186614093,"F11-17":48.4694513762911,"F18-24":31.1805158474379,"F25-39":82.5913957345741,"F40-54":119.679021139396,"F55-64":99.1667950225486,"F65-79":97.0612003091949,"F80+":49.9982392058451,"H0-2":12.1173629061674,"H3-5":9.0963433863104,"H6-10":36.3927475030697,"H11-17":63.663362992543,"H18-24":28.2092573191139,"H25-39":75.4903731679959,"H40-54":122.699009322682,"H55-64":82.1643394717711,"H65-79":87.1379080784823,"H80+":35.0328309781762},"Analyse":{"Votes décisifs":40,"tour décisif":1,"majeurs":910.410885597218,"Non votants de 18-24":24.815736018891577}}