{"id":4012,"slug":"41-143-mondoubleau","nom_standard":"Mondoubleau","code_postal":"41","code_departement":"41","libelle_departement":"Loir-et-Cher","code_commune":"143","Tour 1":{"Inscrits":949,"Abstentions":607,"% Abs/Ins":63.96,"Votants":342,"% Vot/Ins":36.04,"Blancs":19,"% Blancs/Ins":2,"% Blancs/Vot":5.56,"Nuls":72,"% Nuls/Ins":7.59,"% Nuls/Vot":21.05,"Exprimés":251,"% Exp/Ins":26.45,"% Exp/Vot":73.39,"resultats":[{"N.Pan.":null,"Code Nuance":"LNC","Sexe":"M","Nom":"GARDRAT","Prénom":"Jean-Jacques","Liste":"DEMAIN, POUR VOUS, AVEC VOUS","Sièges / Elu":"15","Sièges Secteur":0,"Sièges CC":6,"Voix":251,"% Voix/Ins":26.45,"% Voix/Exp":100}]},"population":{"F0-2":8.28656424855445,"F3-5":10.3578274892081,"F6-10":21.8780533213768,"F11-17":31.3236533607191,"F18-24":31.2225117840074,"F25-39":60.1667573210479,"F40-54":110.499204708893,"F55-64":80.452837134967,"F65-79":173.38135096559,"F80+":167.148895828127,"H0-2":12.4696804678298,"H3-5":18.5469929413792,"H6-10":19.7405284034798,"H11-17":51.8748379645848,"H18-24":28.2486871137633,"H25-39":63.693003084024,"H40-54":93.762368337852,"H55-64":89.5088423827812,"H65-79":144.108950158008,"H80+":93.328452983808},"Analyse":{"Votes décisifs":252,"tour décisif":1,"majeurs":1135.5218618028684,"Non votants de 18-24":41.55947856264205}}