{"id":4046,"slug":"41-238-savigny-sur-braye","nom_standard":"Savigny-sur-Braye","code_postal":"41","code_departement":"41","libelle_departement":"Loir-et-Cher","code_commune":"238","Tour 1":{"Inscrits":1538,"Abstentions":745,"% Abs/Ins":48.44,"Votants":793,"% Vot/Ins":51.56,"Blancs":20,"% Blancs/Ins":1.3,"% Blancs/Vot":2.52,"Nuls":24,"% Nuls/Ins":1.56,"% Nuls/Vot":3.03,"Exprimés":749,"% Exp/Ins":48.7,"% Exp/Vot":94.45,"resultats":[{"N.Pan.":null,"Code Nuance":"LNC","Sexe":"M","Nom":"PRENANT","Prénom":"Joel","Liste":"ECOUTER ET AGIR ENSEMBLE","Sièges / Elu":"15","Sièges Secteur":0,"Sièges CC":2,"Voix":415,"% Voix/Ins":26.98,"% Voix/Exp":55.41},{"N.Pan.":2,"Code Nuance":"LNC","Sexe":"M","Nom":"SEGUINEAU","Prénom":"Jean-Claude","Liste":"Ensemble pour le Savigny de demain","Sièges / Elu":"4","Sièges Secteur":0,"Sièges CC":1,"Voix":334,"% Voix/Ins":21.72,"% Voix/Exp":44.59}]},"population":{"F0-2":29.9484166969029,"F3-5":16.3342333997913,"F6-10":52.9166226667515,"F11-17":79.043171904545,"F18-24":34.5924528647737,"F25-39":124.936457312961,"F40-54":195.144080624022,"F55-64":142.882669783436,"F65-79":157.416160382432,"F80+":176.542228648458,"H0-2":21.2477580245621,"H3-5":26.9849607669328,"H6-10":57.6108159265495,"H11-17":78.9629878299517,"H18-24":48.3782480070868,"H25-39":126.914943719001,"H40-54":194.471608478647,"H55-64":164.68956250692,"H65-79":153.295910825893,"H80+":85.6867096303826},"Analyse":{"Votes décisifs":82,"tour décisif":1,"majeurs":1604.9510327840133,"Non votants de 18-24":41.975203534316584}}