{"id":4069,"slug":"42-15-belmont-de-la-loire","nom_standard":"Belmont-de-la-Loire","code_postal":"42","code_departement":"42","libelle_departement":"Loire","code_commune":"15","Tour 1":{"Inscrits":1165,"Abstentions":716,"% Abs/Ins":61.46,"Votants":449,"% Vot/Ins":38.54,"Blancs":13,"% Blancs/Ins":1.12,"% Blancs/Vot":2.9,"Nuls":37,"% Nuls/Ins":3.18,"% Nuls/Vot":8.24,"Exprimés":399,"% Exp/Ins":34.25,"% Exp/Vot":88.86,"resultats":[{"N.Pan.":null,"Code Nuance":"LNC","Sexe":"M","Nom":"MATRAY","Prénom":"Jean-Luc","Liste":"CONTINUONS, AGISSONS POUR BELMONT","Sièges / Elu":"15","Sièges Secteur":0,"Sièges CC":2,"Voix":399,"% Voix/Ins":34.25,"% Voix/Exp":100}]},"population":{"F0-2":18.0842525776853,"F3-5":21.7999612703665,"F6-10":43.3489688593202,"F11-17":51.4653911754978,"F18-24":31.4912483226153,"F25-39":86.4544714444117,"F40-54":119.427792471654,"F55-64":122.540311985738,"F65-79":130.310979711631,"F80+":121.252041653877,"H0-2":20.9648805823241,"H3-5":14.8587426613977,"H6-10":43.0443770829765,"H11-17":49.1563391083883,"H18-24":38.0420771974082,"H25-39":98.5486260027675,"H40-54":129.11349161062,"H55-64":121.434981280818,"H65-79":145.352860496024,"H80+":60.3082045044794},"Analyse":{"Votes décisifs":400,"tour décisif":1,"majeurs":1204.277086682044,"Non votants de 18-24":43.60867453749305}}