{"id":4077,"slug":"42-32-cellieu","nom_standard":"Cellieu","code_postal":"42","code_departement":"42","libelle_departement":"Loire","code_commune":"32","Tour 1":{"Inscrits":1267,"Abstentions":880,"% Abs/Ins":69.46,"Votants":387,"% Vot/Ins":30.54,"Blancs":3,"% Blancs/Ins":0.24,"% Blancs/Vot":0.78,"Nuls":53,"% Nuls/Ins":4.18,"% Nuls/Vot":13.7,"Exprimés":331,"% Exp/Ins":26.12,"% Exp/Vot":85.53,"resultats":[{"N.Pan.":null,"Code Nuance":"LNC","Sexe":"M","Nom":"TARDIEU","Prénom":"Marc","Liste":"VIVRE ET REUSSIR ENSEMBLE","Sièges / Elu":"19","Sièges Secteur":0,"Sièges CC":1,"Voix":331,"% Voix/Ins":26.12,"% Voix/Exp":100}]},"population":{"F0-2":24.6017074919938,"F3-5":35.8738420378973,"F6-10":61.8310225681511,"F11-17":65.5766575721133,"F18-24":58.9319603852493,"F25-39":129.20943106632,"F40-54":194.170256195836,"F55-64":114.179379158322,"F65-79":139.358272242592,"F80+":38.1018318305638,"H0-2":22.4622502438131,"H3-5":24.1665373888124,"H6-10":73.4823363190843,"H11-17":81.0649566792578,"H18-24":56.4956573891622,"H25-39":127.00414622039,"H40-54":186.639314528532,"H55-64":122.715726101996,"H65-79":114.776918060681,"H80+":30.3577965192339},"Analyse":{"Votes décisifs":332,"tour décisif":1,"majeurs":1311.9406896988783,"Non votants de 18-24":81.37845043823397}}