{"id":4084,"slug":"42-53-chateauneuf","nom_standard":"Châteauneuf","code_postal":"42","code_departement":"42","libelle_departement":"Loire","code_commune":"53","Tour 1":{"Inscrits":1333,"Abstentions":965,"% Abs/Ins":72.39,"Votants":368,"% Vot/Ins":27.61,"Blancs":2,"% Blancs/Ins":0.15,"% Blancs/Vot":0.54,"Nuls":33,"% Nuls/Ins":2.48,"% Nuls/Vot":8.97,"Exprimés":333,"% Exp/Ins":24.98,"% Exp/Vot":90.49,"resultats":[{"N.Pan.":null,"Code Nuance":"LNC","Sexe":"M","Nom":"LAGET","Prénom":"Bernard","Liste":"ENSEMBLE POUR CHATEAUNEUF","Sièges / Elu":"19","Sièges Secteur":0,"Sièges CC":1,"Voix":333,"% Voix/Ins":24.98,"% Voix/Exp":100}]},"population":{"F0-2":20.3398382094797,"F3-5":25.1306558137652,"F6-10":45.6542350685617,"F11-17":73.9068488100393,"F18-24":41.4490382982125,"F25-39":116.39176788819,"F40-54":155.418804776681,"F55-64":135.009619811272,"F65-79":144.860317774329,"F80+":38.807361600551,"H0-2":34.401411993475,"H3-5":32.1301167369497,"H6-10":46.6526950665868,"H11-17":71.0063250703502,"H18-24":64.8179931053082,"H25-39":149.658174023135,"H40-54":169.777789261294,"H55-64":119.435982780379,"H65-79":142.649144586163,"H80+":23.5018793252785},"Analyse":{"Votes décisifs":334,"tour décisif":1,"majeurs":1301.777873230793,"Non votants de 18-24":76.22637058061052}}