{"id":4085,"slug":"42-56-chavanay","nom_standard":"Chavanay","code_postal":"42","code_departement":"42","libelle_departement":"Loire","code_commune":"56","Tour 1":{"Inscrits":2063,"Abstentions":1602,"% Abs/Ins":77.65,"Votants":461,"% Vot/Ins":22.35,"Blancs":27,"% Blancs/Ins":1.31,"% Blancs/Vot":5.86,"Nuls":51,"% Nuls/Ins":2.47,"% Nuls/Vot":11.06,"Exprimés":383,"% Exp/Ins":18.57,"% Exp/Vot":83.08,"resultats":[{"N.Pan.":null,"Code Nuance":"LNC","Sexe":"M","Nom":"MÉTRAL","Prénom":"Patrick","Liste":"UNE EQUIPE, UN AVENIR, POUR CHAVANAY","Sièges / Elu":"23","Sièges Secteur":0,"Sièges CC":5,"Voix":383,"% Voix/Ins":18.57,"% Voix/Exp":100}]},"population":{"F0-2":58.4898001082055,"F3-5":44.2397979667426,"F6-10":83.6106522573907,"F11-17":129.374371107089,"F18-24":71.7005809963554,"F25-39":254.785568446687,"F40-54":317.687154109964,"F55-64":181.936770969797,"F65-79":201.080645299826,"F80+":101.580100388058,"H0-2":42.577999754735,"H3-5":58.977056888839,"H6-10":92.0015499453605,"H11-17":149.238854329228,"H18-24":94.3049488359435,"H25-39":256.038554590239,"H40-54":312.152834697844,"H55-64":195.143582398595,"H65-79":188.044795488042,"H80+":52.034381421058},"Analyse":{"Votes décisifs":384,"tour décisif":1,"majeurs":2226.489917642409,"Non votants de 18-24":131.63369250831744}}