{"id":4025,"slug":"41-167-veuzain-sur-loire","nom_standard":"Veuzain-sur-Loire","code_postal":"41","code_departement":"41","libelle_departement":"Loir-et-Cher","code_commune":"167","Tour 1":{"Inscrits":2751,"Abstentions":1438,"% Abs/Ins":52.27,"Votants":1313,"% Vot/Ins":47.73,"Blancs":25,"% Blancs/Ins":0.91,"% Blancs/Vot":1.9,"Nuls":45,"% Nuls/Ins":1.64,"% Nuls/Vot":3.43,"Exprimés":1243,"% Exp/Ins":45.18,"% Exp/Vot":94.67,"resultats":[{"N.Pan.":null,"Code Nuance":"LDIV","Sexe":"M","Nom":"GAUVIN","Prénom":"Christian","Liste":"REANIMONS VEUZAIN-SUR-LOIRE","Sièges / Elu":"3","Sièges Secteur":0,"Sièges CC":0,"Voix":317,"% Voix/Ins":11.52,"% Voix/Exp":25.5},{"N.Pan.":2,"Code Nuance":"LDIV","Sexe":"M","Nom":"OLAYA","Prénom":"Pierre","Liste":"VEUZAIN DEMAIN","Sièges / Elu":"26","Sièges Secteur":0,"Sièges CC":2,"Voix":926,"% Voix/Ins":33.66,"% Voix/Exp":74.5}]},"population":{"F0-2":35.529394035902,"F3-5":47.6588652233482,"F6-10":88.5914112148319,"F11-17":140.60144427539,"F18-24":86.308829411844,"F25-39":235.851114532303,"F40-54":330.537651946645,"F55-64":264.69510998878,"F65-79":348.479184752168,"F80+":195.398404922931,"H0-2":32.4131670778335,"H3-5":48.495829045237,"H6-10":81.3141744142698,"H11-17":168.085134067842,"H18-24":89.2973372723459,"H25-39":222.354396040036,"H40-54":308.257089121669,"H55-64":248.338693044689,"H65-79":317.513635410431,"H80+":111.279134201503},"Analyse":{"Votes décisifs":610,"tour décisif":1,"majeurs":2758.310580645345,"Non votants de 18-24":92.01481969294714}}