{"id":4015,"slug":"41-149-montoire-sur-le-loir","nom_standard":"Montoire-sur-le-Loir","code_postal":"41","code_departement":"41","libelle_departement":"Loir-et-Cher","code_commune":"149","Tour 1":{"Inscrits":3038,"Abstentions":1420,"% Abs/Ins":46.74,"Votants":1618,"% Vot/Ins":53.26,"Blancs":46,"% Blancs/Ins":1.51,"% Blancs/Vot":2.84,"Nuls":39,"% Nuls/Ins":1.28,"% Nuls/Vot":2.41,"Exprimés":1533,"% Exp/Ins":50.46,"% Exp/Vot":94.75,"resultats":[{"N.Pan.":null,"Code Nuance":"LDVG","Sexe":"M","Nom":"MOYER","Prénom":"Guy","Liste":"POUR MONTOIRE !","Sièges / Elu":"4","Sièges Secteur":0,"Sièges CC":1,"Voix":532,"% Voix/Ins":17.51,"% Voix/Exp":34.7},{"N.Pan.":2,"Code Nuance":"LDIV","Sexe":"M","Nom":"TAFILET","Prénom":"Arnaud","Liste":"Une nouvelle dynamique pour Montoire","Sièges / Elu":"23","Sièges Secteur":0,"Sièges CC":4,"Voix":1001,"% Voix/Ins":32.95,"% Voix/Exp":65.3}]},"population":{"F0-2":36.9231867011876,"F3-5":35.0034156247331,"F6-10":73.5863715399402,"F11-17":117.953932757955,"F18-24":69.2544713364906,"F25-39":194.371934318437,"F40-54":320.898870866437,"F55-64":280.193904949855,"F65-79":440.356761648667,"F80+":414.438897959115,"H0-2":29.2636278978704,"H3-5":35.9465886640879,"H6-10":64.3745057947573,"H11-17":109.728902125967,"H18-24":106.051044374234,"H25-39":199.874732325666,"H40-54":290.038468303841,"H55-64":272.969548974396,"H65-79":363.008428180972,"H80+":243.76240565539},"Analyse":{"Votes décisifs":470,"tour décisif":1,"majeurs":3195.2194688935,"Non votants de 18-24":86.53404721495393}}