{"id":4050,"slug":"41-247-soings-en-sologne","nom_standard":"Soings-en-Sologne","code_postal":"41","code_departement":"41","libelle_departement":"Loir-et-Cher","code_commune":"247","Tour 1":{"Inscrits":1126,"Abstentions":709,"% Abs/Ins":62.97,"Votants":417,"% Vot/Ins":37.03,"Blancs":38,"% Blancs/Ins":3.37,"% Blancs/Vot":9.11,"Nuls":48,"% Nuls/Ins":4.26,"% Nuls/Vot":11.51,"Exprimés":331,"% Exp/Ins":29.4,"% Exp/Vot":79.38,"resultats":[{"N.Pan.":null,"Code Nuance":"LNC","Sexe":"M","Nom":"BIETTE","Prénom":"Bernard","Liste":"ENSEMBLE CONSTRUISONS L'AVENIR","Sièges / Elu":"19","Sièges Secteur":0,"Sièges CC":2,"Voix":331,"% Voix/Ins":29.4,"% Voix/Exp":100}]},"population":{"F0-2":33.2666062508076,"F3-5":30.0990035983874,"F6-10":41.4782780762079,"F11-17":71.7151264273416,"F18-24":41.5609676740533,"F25-39":147.408228245535,"F40-54":176.526296011105,"F55-64":88.6792482718146,"F65-79":127.413073791386,"F80+":66.1850874866513,"H0-2":23.524863918099,"H3-5":29.2460488153143,"H6-10":56.1424937126062,"H11-17":66.5878551602782,"H18-24":49.2191293990627,"H25-39":138.462651231658,"H40-54":165.761756217846,"H55-64":99.6230757377545,"H65-79":118.386554237314,"H80+":46.713655736778},"Analyse":{"Votes décisifs":332,"tour décisif":1,"majeurs":1265.9397240409585,"Non votants de 18-24":60.877172186097766}}