{"id":4042,"slug":"41-231-saint-viatre","nom_standard":"Saint-Viâtre","code_postal":"41","code_departement":"41","libelle_departement":"Loir-et-Cher","code_commune":"231","Tour 1":{"Inscrits":1005,"Abstentions":417,"% Abs/Ins":41.49,"Votants":588,"% Vot/Ins":58.51,"Blancs":15,"% Blancs/Ins":1.49,"% Blancs/Vot":2.55,"Nuls":1,"% Nuls/Ins":0.1,"% Nuls/Vot":0.17,"Exprimés":572,"% Exp/Ins":56.92,"% Exp/Vot":97.28,"resultats":[{"N.Pan.":null,"Code Nuance":"LNC","Sexe":"M","Nom":"LÉONARD","Prénom":"Christian","Liste":"LISTE APOLITIQUE D'UNION ET DE PROGRES COMMUNAUX","Sièges / Elu":"12","Sièges Secteur":0,"Sièges CC":3,"Voix":340,"% Voix/Ins":33.83,"% Voix/Exp":59.44},{"N.Pan.":2,"Code Nuance":"LNC","Sexe":"M","Nom":"BORYSKO","Prénom":"Daniel","Liste":"ENSEMBLE POUR UNE NOUVELLE DYNAMIQUE A ST-VIATRE","Sièges / Elu":"3","Sièges Secteur":0,"Sièges CC":1,"Voix":232,"% Voix/Ins":23.08,"% Voix/Exp":40.56}]},"population":{"F0-2":16.2402743808914,"F3-5":17.5281038012792,"F6-10":26.9847458418009,"F11-17":36.8588990953213,"F18-24":22.2482391422288,"F25-39":88.4642918791855,"F40-54":108.326086923692,"F55-64":90.0814358345631,"F65-79":134.603570158385,"F80+":49.6965813319568,"H0-2":10.1160317651526,"H3-5":18.8811949550579,"H6-10":34.0254694117096,"H11-17":46.3391008759343,"H18-24":23.3517731281134,"H25-39":83.375622106676,"H40-54":115.133060178986,"H55-64":106.507144277217,"H65-79":122.126100115051,"H80+":30.1122747967975},"Analyse":{"Votes décisifs":109,"tour décisif":1,"majeurs":974.0261798728521,"Non votants de 18-24":18.072202680602718}}