{"id":4047,"slug":"41-239-seigy","nom_standard":"Seigy","code_postal":"41","code_departement":"41","libelle_departement":"Loir-et-Cher","code_commune":"239","Tour 1":{"Inscrits":885,"Abstentions":392,"% Abs/Ins":44.29,"Votants":493,"% Vot/Ins":55.71,"Blancs":5,"% Blancs/Ins":0.56,"% Blancs/Vot":1.01,"Nuls":11,"% Nuls/Ins":1.24,"% Nuls/Vot":2.23,"Exprimés":477,"% Exp/Ins":53.9,"% Exp/Vot":96.75,"resultats":[{"N.Pan.":null,"Code Nuance":"LNC","Sexe":"M","Nom":"BARAT","Prénom":"Claude","Liste":"VIVRE ENSEMBLE","Sièges / Elu":"3","Sièges Secteur":0,"Sièges CC":0,"Voix":222,"% Voix/Ins":25.08,"% Voix/Exp":46.54},{"N.Pan.":2,"Code Nuance":"LNC","Sexe":"F","Nom":"PLAT","Prénom":"Françoise","Liste":"POUR SEIGY AVEC VOUS","Sièges / Elu":"12","Sièges Secteur":0,"Sièges CC":1,"Voix":255,"% Voix/Ins":28.81,"% Voix/Exp":53.46}]},"population":{"F0-2":9.28448689352788,"F3-5":9.14334024709705,"F6-10":21.0843187057809,"F11-17":29.9601889664572,"F18-24":16.0537104613117,"F25-39":57.3422813710656,"F40-54":98.0798840883222,"F55-64":68.252862723192,"F65-79":135.273970462634,"F80+":76.7342754965823,"H0-2":9.18643110773348,"H3-5":12.0413566222459,"H6-10":21.0531594264879,"H11-17":29.1372474833708,"H18-24":34.2051144286568,"H25-39":58.4471987514914,"H40-54":83.5199626848552,"H55-64":73.1297780980254,"H65-79":116.615884676462,"H80+":43.4545473046996},"Analyse":{"Votes décisifs":34,"tour décisif":1,"majeurs":861.1094705472983,"Non votants de 18-24":21.484782194785403}}