{"id":4123,"slug":"42-169-perigneux","nom_standard":"Périgneux","code_postal":"42","code_departement":"42","libelle_departement":"Loire","code_commune":"169","Tour 1":{"Inscrits":1181,"Abstentions":803,"% Abs/Ins":67.99,"Votants":378,"% Vot/Ins":32.01,"Blancs":10,"% Blancs/Ins":0.85,"% Blancs/Vot":2.65,"Nuls":27,"% Nuls/Ins":2.29,"% Nuls/Vot":7.14,"Exprimés":341,"% Exp/Ins":28.87,"% Exp/Vot":90.21,"resultats":[{"N.Pan.":null,"Code Nuance":"LNC","Sexe":"M","Nom":"ROBIN","Prénom":"Michel","Liste":"CONTINUONS NOTRE ENGAGEMENT POUR PERIGNEUX","Sièges / Elu":"19","Sièges Secteur":0,"Sièges CC":1,"Voix":341,"% Voix/Ins":28.87,"% Voix/Exp":100}]},"population":{"F0-2":38.1510938313685,"F3-5":28.0503131456217,"F6-10":58.1127530496514,"F11-17":74.1445608607655,"F18-24":37.185212563722,"F25-39":147.668956301002,"F40-54":171.870468444848,"F55-64":93.8876220560695,"F65-79":87.8840165869772,"F80+":39.4714818205032,"H0-2":41.1365959570135,"H3-5":31.0612396234143,"H6-10":54.0739208755818,"H11-17":75.1435980609978,"H18-24":53.1953295099765,"H25-39":156.804291909696,"H40-54":183.069083570266,"H55-64":98.9217977730527,"H65-79":95.9363217671557,"H80+":23.2313422923168},"Analyse":{"Votes décisifs":342,"tour décisif":1,"majeurs":1189.1259245955857,"Non votants de 18-24":61.650325872687716}}