{"id":4127,"slug":"42-175-pouilly-les-feurs","nom_standard":"Pouilly-lès-Feurs","code_postal":"42","code_departement":"42","libelle_departement":"Loire","code_commune":"175","Tour 1":{"Inscrits":905,"Abstentions":316,"% Abs/Ins":34.92,"Votants":589,"% Vot/Ins":65.08,"Blancs":2,"% Blancs/Ins":0.22,"% Blancs/Vot":0.34,"Nuls":8,"% Nuls/Ins":0.88,"% Nuls/Vot":1.36,"Exprimés":579,"% Exp/Ins":63.98,"% Exp/Vot":98.3,"resultats":[{"N.Pan.":null,"Code Nuance":"LNC","Sexe":"M","Nom":"MIRABEL","Prénom":"Patrick","Liste":"UN NOUVEL ELAN POUR POUILLY","Sièges / Elu":"3","Sièges Secteur":0,"Sièges CC":0,"Voix":288,"% Voix/Ins":31.82,"% Voix/Exp":49.74},{"N.Pan.":2,"Code Nuance":"LNC","Sexe":"M","Nom":"DURON","Prénom":"Jean-Yves","Liste":"ENSEMBLE POUR POUILLY-LES-FEURS","Sièges / Elu":"12","Sièges Secteur":0,"Sièges CC":1,"Voix":291,"% Voix/Ins":32.15,"% Voix/Exp":50.26}]},"population":{"F0-2":13.8161652368732,"F3-5":26.3765153346752,"F6-10":42.8393197479798,"F11-17":65.9044118877578,"F18-24":25.886433587633,"F25-39":78.3689357521698,"F40-54":142.018636311456,"F55-64":77.5310836902712,"F65-79":90.6796896819108,"F80+":52.9223148301077,"H0-2":11.8343284317058,"H3-5":25.3744288225454,"H6-10":35.2653031966607,"H11-17":63.8170449932183,"H18-24":20.0914361699826,"H25-39":77.3425176088248,"H40-54":154.14369401017,"H55-64":92.872648056292,"H65-79":84.1782037007887,"H80+":25.7368889489778},"Analyse":{"Votes décisifs":4,"tour décisif":1,"majeurs":921.7724823485844,"Non votants de 18-24":16.598640277651096}}