{"id":4134,"slug":"42-184-riorges","nom_standard":"Riorges","code_postal":"42","code_departement":"42","libelle_departement":"Loire","code_commune":"184","Tour 1":{"Inscrits":8142,"Abstentions":4812,"% Abs/Ins":59.1,"Votants":3330,"% Vot/Ins":40.9,"Blancs":42,"% Blancs/Ins":0.52,"% Blancs/Vot":1.26,"Nuls":42,"% Nuls/Ins":0.52,"% Nuls/Vot":1.26,"Exprimés":3246,"% Exp/Ins":39.87,"% Exp/Vot":97.48,"resultats":[{"N.Pan.":null,"Code Nuance":"LSOC","Sexe":"M","Nom":"CHERVIN","Prénom":"Jean-Luc","Liste":"RIORGES. L'AVENIR, NATURELLEMENT AVEC JEAN-LUC CHERVIN","Sièges / Elu":"27","Sièges Secteur":0,"Sièges CC":6,"Voix":2009,"% Voix/Ins":24.67,"% Voix/Exp":61.89},{"N.Pan.":2,"Code Nuance":"LDVD","Sexe":"M","Nom":"DETOUR","Prénom":"Jean-Marc","Liste":"RIORGES 2020 CONSTRUISONS NOTRE @VENIR","Sièges / Elu":"6","Sièges Secteur":0,"Sièges CC":1,"Voix":1237,"% Voix/Ins":15.19,"% Voix/Exp":38.11}]},"population":{"F0-2":183.569735688117,"F3-5":148.402062973671,"F6-10":283.235536053559,"F11-17":458.422398376997,"F18-24":289.757894855979,"F25-39":918.074991145207,"F40-54":1030.8291069507,"F55-64":836.315691117367,"F65-79":1094.04905618867,"F80+":628.323783897781,"H0-2":184.975034184318,"H3-5":199.207634677358,"H6-10":308.757391226251,"H11-17":390.053155899941,"H18-24":265.721825489276,"H25-39":813.552739685774,"H40-54":872.720516574407,"H55-64":756.741268861415,"H65-79":885.375085822122,"H80+":368.915090331088},"Analyse":{"Votes décisifs":773,"tour décisif":1,"majeurs":8760.377050919786,"Non votants de 18-24":344.33042186209354}}