{"id":4165,"slug":"42-253-saint-leger-sur-roanne","nom_standard":"Saint-Léger-sur-Roanne","code_postal":"42","code_departement":"42","libelle_departement":"Loire","code_commune":"253","Tour 1":{"Inscrits":934,"Abstentions":411,"% Abs/Ins":44,"Votants":523,"% Vot/Ins":56,"Blancs":6,"% Blancs/Ins":0.64,"% Blancs/Vot":1.15,"Nuls":8,"% Nuls/Ins":0.86,"% Nuls/Vot":1.53,"Exprimés":509,"% Exp/Ins":54.5,"% Exp/Vot":97.32,"resultats":[{"N.Pan.":null,"Code Nuance":"LNC","Sexe":"F","Nom":"BRAVO","Prénom":"Marie-Christine","Liste":"ENSEMBLE POUR SAINT LEGER","Sièges / Elu":"12","Sièges Secteur":0,"Sièges CC":1,"Voix":263,"% Voix/Ins":28.16,"% Voix/Exp":51.67},{"N.Pan.":2,"Code Nuance":"LNC","Sexe":"M","Nom":"LAGARDE","Prénom":"Jean-Louis","Liste":"LISTE D'ENTENTE POUR LA DEFENSE DES INTERETS COMMUNAUX","Sièges / Elu":"3","Sièges Secteur":0,"Sièges CC":0,"Voix":246,"% Voix/Ins":26.34,"% Voix/Exp":48.33}]},"population":{"F0-2":10.9804871576224,"F3-5":9.91123690009053,"F6-10":41.5858225235242,"F11-17":56.4582677056232,"F18-24":32.8655086174345,"F25-39":79.8993454780781,"F40-54":133.052500892267,"F55-64":80.0862417092196,"F65-79":94.5019789013111,"F80+":43.9038851725199,"H0-2":15.9198198232442,"H3-5":12.8989973607854,"H6-10":30.725783274289,"H11-17":78.4411230294006,"H18-24":36.9439071476026,"H25-39":64.0242632508192,"H40-54":129.889005453879,"H55-64":81.8802514477126,"H65-79":99.5396195516736,"H80+":27.491954602903},"Analyse":{"Votes décisifs":18,"tour décisif":1,"majeurs":904.0784622254201,"Non votants de 18-24":29.425393834857513}}