{"id":4168,"slug":"42-262-saint-maurice-en-gourgois","nom_standard":"Saint-Maurice-en-Gourgois","code_postal":"42","code_departement":"42","libelle_departement":"Loire","code_commune":"262","Tour 1":{"Inscrits":1230,"Abstentions":760,"% Abs/Ins":61.79,"Votants":470,"% Vot/Ins":38.21,"Blancs":7,"% Blancs/Ins":0.57,"% Blancs/Vot":1.49,"Nuls":18,"% Nuls/Ins":1.46,"% Nuls/Vot":3.83,"Exprimés":445,"% Exp/Ins":36.18,"% Exp/Vot":94.68,"resultats":[{"N.Pan.":null,"Code Nuance":"LNC","Sexe":"M","Nom":"BONNET","Prénom":"Bernard","Liste":"Bien vivre à St Maurice","Sièges / Elu":"19","Sièges Secteur":0,"Sièges CC":1,"Voix":445,"% Voix/Ins":36.18,"% Voix/Exp":100}]},"population":{"F0-2":21.2071006157835,"F3-5":30.4165315043193,"F6-10":79.2178190546806,"F11-17":95.3304561089418,"F18-24":52.022152380813,"F25-39":146.7313763385,"F40-54":190.527161337419,"F55-64":115.313527429757,"F65-79":110.991209420088,"F80+":40.6238369233723,"H0-2":30.5366310304312,"H3-5":32.5264175382711,"H6-10":79.3344555391599,"H11-17":108.044808692429,"H18-24":60.1136199687217,"H25-39":134.11012816935,"H40-54":212.050023242716,"H55-64":122.184344035881,"H65-79":127.521154391119,"H80+":30.1972462782461},"Analyse":{"Votes décisifs":446,"tour décisif":1,"majeurs":1342.385779915983,"Non votants de 18-24":72.87447072312747}}