{"id":4169,"slug":"42-264-saint-medard-en-forez","nom_standard":"Saint-Médard-en-Forez","code_postal":"42","code_departement":"42","libelle_departement":"Loire","code_commune":"264","Tour 1":{"Inscrits":813,"Abstentions":462,"% Abs/Ins":56.83,"Votants":351,"% Vot/Ins":43.17,"Blancs":20,"% Blancs/Ins":2.46,"% Blancs/Vot":5.7,"Nuls":52,"% Nuls/Ins":6.4,"% Nuls/Vot":14.81,"Exprimés":279,"% Exp/Ins":34.32,"% Exp/Vot":79.49,"resultats":[{"N.Pan.":null,"Code Nuance":"LNC","Sexe":"M","Nom":"DESHAYES","Prénom":"Sébastien","Liste":"Horizon 2026","Sièges / Elu":"15","Sièges Secteur":0,"Sièges CC":1,"Voix":279,"% Voix/Ins":34.32,"% Voix/Exp":100}]},"population":{"F0-2":13.4885310333176,"F3-5":16.1970481449574,"F6-10":42.3178965094773,"F11-17":42.4384862881404,"F18-24":23.5983539256532,"F25-39":85.7237376461178,"F40-54":88.4278689036255,"F55-64":74.515850996302,"F65-79":72.7831047151369,"F80+":20.3339460178294,"H0-2":13.4084825927738,"H3-5":20.2965294460999,"H6-10":40.5374864201569,"H11-17":49.0564225406257,"H18-24":31.1765040100396,"H25-39":77.7546770489195,"H40-54":98.861406050357,"H55-64":60.2862673837041,"H65-79":78.6450082973183,"H80+":15.1523920294478},"Analyse":{"Votes décisifs":280,"tour décisif":1,"majeurs":727.2591170244511,"Non votants de 18-24":28.33864739481927}}