{"id":4067,"slug":"42-11-balbigny","nom_standard":"Balbigny","code_postal":"42","code_departement":"42","libelle_departement":"Loire","code_commune":"11","Tour 1":{"Inscrits":2032,"Abstentions":1031,"% Abs/Ins":50.74,"Votants":1001,"% Vot/Ins":49.26,"Blancs":12,"% Blancs/Ins":0.59,"% Blancs/Vot":1.2,"Nuls":27,"% Nuls/Ins":1.33,"% Nuls/Vot":2.7,"Exprimés":962,"% Exp/Ins":47.34,"% Exp/Vot":96.1,"resultats":[{"N.Pan.":null,"Code Nuance":"LNC","Sexe":"M","Nom":"DUPIN","Prénom":"Gilles","Liste":"ENSEMBLE VIVONS BALBIGNY","Sièges / Elu":"18","Sièges Secteur":0,"Sièges CC":2,"Voix":510,"% Voix/Ins":25.1,"% Voix/Exp":53.01},{"N.Pan.":2,"Code Nuance":"LNC","Sexe":"F","Nom":"PALMIER","Prénom":"Catherine","Liste":"BALBIGNOIS ENSEMBLE, UNE EQUIPE A VOTRE ECOUTE","Sièges / Elu":"5","Sièges Secteur":0,"Sièges CC":1,"Voix":452,"% Voix/Ins":22.24,"% Voix/Exp":46.99}]},"population":{"F0-2":32.7245755061407,"F3-5":31.7135117235631,"F6-10":88.2444664702054,"F11-17":162.559050092453,"F18-24":80.8092574927795,"F25-39":191.133054113181,"F40-54":291.388146476909,"F55-64":146.756082255001,"F65-79":259.55281428207,"F80+":167.826646655021,"H0-2":41.6610120485349,"H3-5":44.6514996683771,"H6-10":115.998777346344,"H11-17":138.954846634513,"H18-24":88.7484837225968,"H25-39":186.617640790611,"H40-54":287.312820750052,"H55-64":158.65179594639,"H65-79":231.27060355816,"H80+":90.4249144670978},"Analyse":{"Votes décisifs":59,"tour décisif":1,"majeurs":2180.492260509869,"Non votants de 18-24":91.71875869273072}}