{"id":4131,"slug":"42-181-regny","nom_standard":"Régny","code_postal":"42","code_departement":"42","libelle_departement":"Loire","code_commune":"181","Tour 1":{"Inscrits":1008,"Abstentions":671,"% Abs/Ins":66.57,"Votants":337,"% Vot/Ins":33.43,"Blancs":73,"% Blancs/Ins":7.24,"% Blancs/Vot":21.66,"Nuls":13,"% Nuls/Ins":1.29,"% Nuls/Vot":3.86,"Exprimés":251,"% Exp/Ins":24.9,"% Exp/Vot":74.48,"resultats":[{"N.Pan.":null,"Code Nuance":"LNC","Sexe":"M","Nom":"DAUVERGNE","Prénom":"Jean-François","Liste":"MIEUX VIVRE A REGNY","Sièges / Elu":"19","Sièges Secteur":0,"Sièges CC":3,"Voix":251,"% Voix/Ins":24.9,"% Voix/Exp":100}]},"population":{"F0-2":20.0811512930403,"F3-5":23.347102928107,"F6-10":51.8189995621399,"F11-17":72.8455441761593,"F18-24":41.2795317993292,"F25-39":108.969134175498,"F40-54":137.887851556027,"F55-64":77.5116400249689,"F65-79":147.686158389869,"F80+":96.8820023098417,"H0-2":29.5356044278963,"H3-5":35.6498346348943,"H6-10":61.7267052264804,"H11-17":72.0294924252883,"H18-24":39.1057047956555,"H25-39":103.072988775639,"H40-54":134.680178739987,"H55-64":86.7269030909496,"H65-79":116.710457369432,"H80+":32.4530142987965},"Analyse":{"Votes décisifs":252,"tour décisif":1,"majeurs":1122.9655653259933,"Non votants de 18-24":56.261767836042154}}