{"id":4118,"slug":"42-159-noiretable","nom_standard":"Noirétable","code_postal":"42","code_departement":"42","libelle_departement":"Loire","code_commune":"159","Tour 1":{"Inscrits":1279,"Abstentions":720,"% Abs/Ins":56.29,"Votants":559,"% Vot/Ins":43.71,"Blancs":34,"% Blancs/Ins":2.66,"% Blancs/Vot":6.08,"Nuls":154,"% Nuls/Ins":12.04,"% Nuls/Vot":27.55,"Exprimés":371,"% Exp/Ins":29.01,"% Exp/Vot":66.37,"resultats":[{"N.Pan.":null,"Code Nuance":"LNC","Sexe":"M","Nom":"TAMAIN","Prénom":"Denis","Liste":"UNE EQUIPE AU SERVICE DES NETRABLAIS","Sièges / Elu":"19","Sièges Secteur":0,"Sièges CC":1,"Voix":371,"% Voix/Ins":29.01,"% Voix/Exp":100}]},"population":{"F0-2":18.9135030153834,"F3-5":18.9096036536251,"F6-10":35.9789031839272,"F11-17":70.0689102801997,"F18-24":35.000479869789,"F25-39":100.126968936896,"F40-54":156.684185927269,"F55-64":116.836512723966,"F65-79":172.226418099647,"F80+":104.946512558684,"H0-2":15.9157373036797,"H3-5":24.8895864436473,"H6-10":31.8623505346889,"H11-17":70.6880698644056,"H18-24":56.6921563612793,"H25-39":103.226492877663,"H40-54":129.070761697597,"H55-64":109.008544300924,"H65-79":153.470263612618,"H80+":52.4840387541111},"Analyse":{"Votes décisifs":372,"tour décisif":1,"majeurs":1289.7733357204434,"Non votants de 18-24":51.95217778490541}}