{"id":4136,"slug":"42-187-roanne","nom_standard":"Roanne","code_postal":"42","code_departement":"42","libelle_departement":"Loire","code_commune":"187","Tour 1":{"Inscrits":20540,"Abstentions":13453,"% Abs/Ins":65.5,"Votants":7087,"% Vot/Ins":34.5,"Blancs":125,"% Blancs/Ins":0.61,"% Blancs/Vot":1.76,"Nuls":106,"% Nuls/Ins":0.52,"% Nuls/Vot":1.5,"Exprimés":6856,"% Exp/Ins":33.38,"% Exp/Vot":96.74,"resultats":[{"N.Pan.":null,"Code Nuance":"LDVG","Sexe":"M","Nom":"BEYSSON","Prénom":"Franck","Liste":"Collectif 88%","Sièges / Elu":"3","Sièges Secteur":0,"Sièges CC":2,"Voix":1207,"% Voix/Ins":5.88,"% Voix/Exp":17.61},{"N.Pan.":2,"Code Nuance":"LDVG","Sexe":"F","Nom":"DUMOULIN","Prénom":"Brigitte","Liste":"A Gauche pour Roanne","Sièges / Elu":"3","Sièges Secteur":0,"Sièges CC":2,"Voix":1194,"% Voix/Ins":5.81,"% Voix/Exp":17.42},{"N.Pan.":3,"Code Nuance":"LDVD","Sexe":"M","Nom":"NICOLIN","Prénom":"Yves","Liste":"ROANNE PASSIONNÉMENT","Sièges / Elu":32,"Sièges CC":22,"Voix":4048,"% Voix/Ins":19.71,"% Voix/Exp":59.04},{"N.Pan.":4,"Code Nuance":"LREM","Sexe":"M","Nom":"IACOVELLA","Prénom":"Andrea","Liste":"REUSSIR ROANNE ENSEMBLE","Sièges / Elu":1,"Sièges CC":0,"Voix":407,"% Voix/Ins":1.98,"% Voix/Exp":5.94}]},"population":{"F0-2":494.988943676855,"F3-5":447.818824178369,"F6-10":792.453810822996,"F11-17":1141.54559468529,"F18-24":1666.90588031381,"F25-39":2764.57085861489,"F40-54":2886.27717002917,"F55-64":2334.63431810338,"F65-79":3544.54438071298,"F80+":2433.86086300248,"H0-2":532.078460614384,"H3-5":554.050301242418,"H6-10":806.059804239409,"H11-17":1188.39531107847,"H18-24":1732.43199279859,"H25-39":3091.42111519752,"H40-54":2818.51501271113,"H55-64":1733.70173711792,"H65-79":2370.60703268692,"H80+":1080.13858817302},"Analyse":{"Votes décisifs":1241,"tour décisif":1,"majeurs":28457.60894946181,"Non votants de 18-24":2552.776675735233}}