{"id":4177,"slug":"42-284-saint-romain-la-motte","nom_standard":"Saint-Romain-la-Motte","code_postal":"42","code_departement":"42","libelle_departement":"Loire","code_commune":"284","Tour 1":{"Inscrits":1183,"Abstentions":567,"% Abs/Ins":47.93,"Votants":616,"% Vot/Ins":52.07,"Blancs":5,"% Blancs/Ins":0.42,"% Blancs/Vot":0.81,"Nuls":2,"% Nuls/Ins":0.17,"% Nuls/Vot":0.32,"Exprimés":609,"% Exp/Ins":51.48,"% Exp/Vot":98.86,"resultats":[{"N.Pan.":null,"Code Nuance":"LNC","Sexe":"M","Nom":"DALE","Prénom":"Alain","Liste":"ENSEMBLE POUR L'AVENIR DE SAINT ROMAIN","Sièges / Elu":"2","Sièges Secteur":0,"Sièges CC":0,"Voix":173,"% Voix/Ins":14.62,"% Voix/Exp":28.41},{"N.Pan.":2,"Code Nuance":"LNC","Sexe":"M","Nom":"VARRENNE","Prénom":"Gilbert","Liste":"Saint Romain Notre Village","Sièges / Elu":"13","Sièges Secteur":0,"Sièges CC":1,"Voix":436,"% Voix/Ins":36.86,"% Voix/Exp":71.59}]},"population":{"F0-2":18.5731673022607,"F3-5":14.4373601701068,"F6-10":46.4963447107469,"F11-17":54.2088868500885,"F18-24":35.3615611862396,"F25-39":94.0572206523737,"F40-54":152.987983574385,"F55-64":113.134679490939,"F65-79":134.292864359215,"F80+":45.0377963724246,"H0-2":18.4648415017203,"H3-5":21.3302634073969,"H6-10":35.6574244533984,"H11-17":65.9098460165568,"H18-24":45.2117691659473,"H25-39":82.6412701373234,"H40-54":155.225511627083,"H55-64":128.734153169335,"H65-79":124.811940618224,"H80+":32.4251152342347},"Analyse":{"Votes décisifs":264,"tour décisif":1,"majeurs":1143.9218655877246,"Non votants de 18-24":37.184727520081246}}