{"id":4164,"slug":"42-249-saint-just-la-pendue","nom_standard":"Saint-Just-la-Pendue","code_postal":"42","code_departement":"42","libelle_departement":"Loire","code_commune":"249","Tour 1":{"Inscrits":1197,"Abstentions":420,"% Abs/Ins":35.09,"Votants":777,"% Vot/Ins":64.91,"Blancs":6,"% Blancs/Ins":0.5,"% Blancs/Vot":0.77,"Nuls":26,"% Nuls/Ins":2.17,"% Nuls/Vot":3.35,"Exprimés":745,"% Exp/Ins":62.24,"% Exp/Vot":95.88,"resultats":[{"N.Pan.":null,"Code Nuance":"LNC","Sexe":"M","Nom":"GRIVOT","Prénom":"Vincent","Liste":"SAINT-JUST TOUT SIMPLEMENT","Sièges / Elu":"4","Sièges Secteur":0,"Sièges CC":1,"Voix":357,"% Voix/Ins":29.82,"% Voix/Exp":47.92},{"N.Pan.":2,"Code Nuance":"LNC","Sexe":"M","Nom":"COQUARD","Prénom":"Romain","Liste":"ENSEMBLE TISSONS NOTRE AVENIR","Sièges / Elu":"15","Sièges Secteur":0,"Sièges CC":3,"Voix":388,"% Voix/Ins":32.41,"% Voix/Exp":52.08}]},"population":{"F0-2":26.9820559354706,"F3-5":21.8074849740134,"F6-10":37.9821550614998,"F11-17":70.1278190045098,"F18-24":37.3232487943768,"F25-39":129.906665492346,"F40-54":138.447746350506,"F55-64":95.1107032536022,"F65-79":139.197756744742,"F80+":149.488528881274,"H0-2":28.99371844424,"H3-5":30.9430539923149,"H6-10":64.6507888701968,"H11-17":81.7751765828449,"H18-24":49.5602358508318,"H25-39":115.123476167611,"H40-54":168.959288457881,"H55-64":77.6528009401925,"H65-79":120.692473310737,"H80+":76.2748228908099},"Analyse":{"Votes décisifs":32,"tour décisif":1,"majeurs":1297.73774713491,"Non votants de 18-24":34.86336908767828}}