{"id":4181,"slug":"42-293-saint-victor-sur-rhins","nom_standard":"Saint-Victor-sur-Rhins","code_postal":"42","code_departement":"42","libelle_departement":"Loire","code_commune":"293","Tour 1":{"Inscrits":818,"Abstentions":288,"% Abs/Ins":35.21,"Votants":530,"% Vot/Ins":64.79,"Blancs":8,"% Blancs/Ins":0.98,"% Blancs/Vot":1.51,"Nuls":15,"% Nuls/Ins":1.83,"% Nuls/Vot":2.83,"Exprimés":507,"% Exp/Ins":61.98,"% Exp/Vot":95.66,"resultats":[{"N.Pan.":null,"Code Nuance":"LNC","Sexe":"M","Nom":"CRIONAY","Prénom":"Timothée","Liste":"UN NOUVEAU REGARD POUR DEMAIN","Sièges / Elu":"12","Sièges Secteur":0,"Sièges CC":2,"Voix":315,"% Voix/Ins":38.51,"% Voix/Exp":62.13},{"N.Pan.":2,"Code Nuance":"LNC","Sexe":"F","Nom":"TOURNUS","Prénom":"Delphine","Liste":"Saint-Victor, l'avenir ensemble","Sièges / Elu":"3","Sièges Secteur":0,"Sièges CC":0,"Voix":192,"% Voix/Ins":23.47,"% Voix/Exp":37.87}]},"population":{"F0-2":21.5002791788057,"F3-5":33.8052999532408,"F6-10":43.023189313475,"F11-17":57.3239626225422,"F18-24":31.6905952666926,"F25-39":102.244968719685,"F40-54":117.576607943442,"F55-64":66.2949982606609,"F65-79":90.7164789842812,"F80+":22.4106026123918,"H0-2":22.510410371594,"H3-5":27.6367296166656,"H6-10":56.3629174287755,"H11-17":76.8020166661576,"H18-24":38.8749684866501,"H25-39":91.9905173680398,"H40-54":142.064158491261,"H55-64":55.1000764250637,"H65-79":90.727756286737,"H80+":18.3434660038397},"Analyse":{"Votes décisifs":124,"tour décisif":1,"majeurs":868.0351948487447,"Non votants de 18-24":27.480042554183782}}