{"id":4173,"slug":"42-272-saint-pierre-de-boeuf","nom_standard":"Saint-Pierre-de-Boeuf","code_postal":"42","code_departement":"42","libelle_departement":"Loire","code_commune":"272","Tour 1":{"Inscrits":1217,"Abstentions":829,"% Abs/Ins":68.12,"Votants":388,"% Vot/Ins":31.88,"Blancs":6,"% Blancs/Ins":0.49,"% Blancs/Vot":1.55,"Nuls":39,"% Nuls/Ins":3.2,"% Nuls/Vot":10.05,"Exprimés":343,"% Exp/Ins":28.18,"% Exp/Vot":88.4,"resultats":[{"N.Pan.":null,"Code Nuance":"LNC","Sexe":"M","Nom":"RAULT","Prénom":"Serge","Liste":"REUSSIR ENSEMBLE POUR SAINT PIERRE","Sièges / Elu":"19","Sièges Secteur":0,"Sièges CC":3,"Voix":343,"% Voix/Ins":28.18,"% Voix/Exp":100}]},"population":{"F0-2":21.5632146044881,"F3-5":25.9049762357516,"F6-10":36.5044758292371,"F11-17":67.2418531398205,"F18-24":45.2072670055758,"F25-39":146.798922806219,"F40-54":191.840484859681,"F55-64":99.4059222806762,"F65-79":113.827219971296,"F80+":82.0526920730944,"H0-2":36.7955691381543,"H3-5":36.5315028484324,"H6-10":51.7441920690519,"H11-17":73.0384126409941,"H18-24":57.0241313542351,"H25-39":160.877163106809,"H40-54":177.483550261515,"H55-64":113.869027196125,"H65-79":117.904438276331,"H80+":41.384984302513},"Analyse":{"Votes décisifs":344,"tour décisif":1,"majeurs":1347.6758034940706,"Non votants de 18-24":72.79866501194891}}