{"id":4079,"slug":"42-43-chamboeuf","nom_standard":"Chamboeuf","code_postal":"42","code_departement":"42","libelle_departement":"Loire","code_commune":"43","Tour 1":{"Inscrits":1362,"Abstentions":904,"% Abs/Ins":66.37,"Votants":458,"% Vot/Ins":33.63,"Blancs":14,"% Blancs/Ins":1.03,"% Blancs/Vot":3.06,"Nuls":27,"% Nuls/Ins":1.98,"% Nuls/Vot":5.9,"Exprimés":417,"% Exp/Ins":30.62,"% Exp/Vot":91.05,"resultats":[{"N.Pan.":null,"Code Nuance":"LNC","Sexe":"M","Nom":"CHARBONNIER","Prénom":"André","Liste":"CHAMBOEUF NATURELLEMENT","Sièges / Elu":"19","Sièges Secteur":0,"Sièges CC":1,"Voix":417,"% Voix/Ins":30.62,"% Voix/Exp":100}]},"population":{"F0-2":22.0756957020404,"F3-5":27.2191732893775,"F6-10":57.4741471590164,"F11-17":92.119499770501,"F18-24":40.1332094147887,"F25-39":142.508847558684,"F40-54":211.387792864229,"F55-64":132.803023236441,"F65-79":134.374798632623,"F80+":27.0185601248529,"H0-2":23.0985738290863,"H3-5":36.7072029567266,"H6-10":79.5223345601748,"H11-17":98.5138921993461,"H18-24":71.6199934489212,"H25-39":121.607942756321,"H40-54":205.577041308695,"H55-64":139.006007258033,"H65-79":127.661192814578,"H80+":21.5710711155639},"Analyse":{"Votes décisifs":418,"tour décisif":1,"majeurs":1375.2694805337305,"Non votants de 18-24":74.53652087079935}}