{"id":4088,"slug":"42-65-civens","nom_standard":"Civens","code_postal":"42","code_departement":"42","libelle_departement":"Loire","code_commune":"65","Tour 1":{"Inscrits":1149,"Abstentions":761,"% Abs/Ins":66.23,"Votants":388,"% Vot/Ins":33.77,"Blancs":14,"% Blancs/Ins":1.22,"% Blancs/Vot":3.61,"Nuls":12,"% Nuls/Ins":1.04,"% Nuls/Vot":3.09,"Exprimés":362,"% Exp/Ins":31.51,"% Exp/Vot":93.3,"resultats":[{"N.Pan.":null,"Code Nuance":"LNC","Sexe":"M","Nom":"GUILLARME","Prénom":"Christophe","Liste":"Pour Civens continuons la dynamique","Sièges / Elu":"15","Sièges Secteur":0,"Sièges CC":1,"Voix":362,"% Voix/Ins":31.51,"% Voix/Exp":100}]},"population":{"F0-2":25.4311333095444,"F3-5":17.0481697781634,"F6-10":40.5542533129232,"F11-17":74.1504552290228,"F18-24":27.0639315755005,"F25-39":96.0713521055796,"F40-54":177.925560028475,"F55-64":118.493910674653,"F65-79":118.767396817625,"F80+":35.4453251130564,"H0-2":20.5184200710856,"H3-5":20.0835013272889,"H6-10":44.680085706794,"H11-17":59.0823534307219,"H18-24":34.5588886665384,"H25-39":94.8456620803336,"H40-54":159.52535560995,"H55-64":108.762124741117,"H65-79":113.71611257937,"H80+":28.276007842258},"Analyse":{"Votes décisifs":363,"tour décisif":1,"majeurs":1113.4516278344563,"Non votants de 18-24":40.14936449756906}}