{"id":422,"slug":"6-59-eze","nom_standard":"Eze","code_postal":"6","code_departement":"6","libelle_departement":"Alpes-Maritimes","code_commune":"59","Tour 1":{"Inscrits":2205,"Abstentions":1538,"% Abs/Ins":69.75,"Votants":667,"% Vot/Ins":30.25,"Blancs":48,"% Blancs/Ins":2.18,"% Blancs/Vot":7.2,"Nuls":28,"% Nuls/Ins":1.27,"% Nuls/Vot":4.2,"Exprimés":591,"% Exp/Ins":26.8,"% Exp/Vot":88.61,"resultats":[{"N.Pan.":null,"Code Nuance":"LNC","Sexe":"M","Nom":"CHERKI","Prénom":"Stéphane","Liste":"EZE UNI","Sièges / Elu":"19","Sièges Secteur":0,"Sièges CC":1,"Voix":591,"% Voix/Ins":26.8,"% Voix/Exp":100}]},"population":{"F0-2":20.3099960478165,"F3-5":22.5949561396063,"F6-10":55.7010770686087,"F11-17":73.0598395500349,"F18-24":61.1923575080176,"F25-39":122.651043922836,"F40-54":250.316364159736,"F55-64":206.095444616023,"F65-79":211.688787785655,"F80+":82.9826872911773,"H0-2":22.5654706351578,"H3-5":40.8689783728839,"H6-10":63.9311054630801,"H11-17":93.4696180919616,"H18-24":61.8601777773069,"H25-39":118.109534078188,"H40-54":240.025386056679,"H55-64":201.991748412794,"H65-79":199.484127512703,"H80+":73.1012995097351},"Analyse":{"Votes décisifs":592,"tour décisif":1,"majeurs":1829.4989586308511,"Non votants de 18-24":78.18995657320815}}