{"id":4232,"slug":"43-177-saint-didier-en-velay","nom_standard":"Saint-Didier-en-Velay","code_postal":"43","code_departement":"43","libelle_departement":"Haute-Loire","code_commune":"177","Tour 1":{"Inscrits":2685,"Abstentions":1284,"% Abs/Ins":47.82,"Votants":1401,"% Vot/Ins":52.18,"Blancs":36,"% Blancs/Ins":1.34,"% Blancs/Vot":2.57,"Nuls":34,"% Nuls/Ins":1.27,"% Nuls/Vot":2.43,"Exprimés":1331,"% Exp/Ins":49.57,"% Exp/Vot":95,"resultats":[{"N.Pan.":null,"Code Nuance":"LNC","Sexe":"M","Nom":"SALGADO","Prénom":"Emmanuel","Liste":"DIALOGUONS POUR AGIR","Sièges / Elu":"18","Sièges Secteur":0,"Sièges CC":4,"Voix":704,"% Voix/Ins":26.22,"% Voix/Exp":52.89},{"N.Pan.":2,"Code Nuance":"LNC","Sexe":"F","Nom":"CHABANOLLE","Prénom":"Madeleine","Liste":"poursuivre et réussir ensemble","Sièges / Elu":"5","Sièges Secteur":0,"Sièges CC":1,"Voix":627,"% Voix/Ins":23.35,"% Voix/Exp":47.11}]},"population":{"F0-2":51.5817072352963,"F3-5":57.4968309019673,"F6-10":113.055667272304,"F11-17":181.921804187387,"F18-24":88.4071763321866,"F25-39":284.029409601483,"F40-54":352.561091657659,"F55-64":223.024529866663,"F65-79":228.285137437205,"F80+":173.185227054495,"H0-2":39.427781719543,"H3-5":61.6270216894969,"H6-10":146.391933262113,"H11-17":182.853598370005,"H18-24":115.82921177965,"H25-39":283.567273175905,"H40-54":353.364610148925,"H55-64":213.71950099504,"H65-79":224.084450504467,"H80+":84.5860368082076},"Analyse":{"Votes décisifs":78,"tour décisif":1,"majeurs":2624.6436553618864,"Non votants de 18-24":95.21771079153169}}