{"id":4236,"slug":"43-200-saint-julien-chapteuil","nom_standard":"Saint-Julien-Chapteuil","code_postal":"43","code_departement":"43","libelle_departement":"Haute-Loire","code_commune":"200","Tour 1":{"Inscrits":1506,"Abstentions":893,"% Abs/Ins":59.3,"Votants":613,"% Vot/Ins":40.7,"Blancs":33,"% Blancs/Ins":2.19,"% Blancs/Vot":5.38,"Nuls":76,"% Nuls/Ins":5.05,"% Nuls/Vot":12.4,"Exprimés":504,"% Exp/Ins":33.47,"% Exp/Vot":82.22,"resultats":[{"N.Pan.":null,"Code Nuance":"LNC","Sexe":"M","Nom":"FERRET","Prénom":"André","Liste":"Acteurs de notre avenir","Sièges / Elu":"19","Sièges Secteur":0,"Sièges CC":6,"Voix":504,"% Voix/Ins":33.47,"% Voix/Exp":100}]},"population":{"F0-2":36.204649918317,"F3-5":34.1779176042294,"F6-10":54.2667610586438,"F11-17":85.4366254860007,"F18-24":49.3099667434178,"F25-39":168.050131982393,"F40-54":185.152302042292,"F55-64":139.07312125371,"F65-79":161.256943739899,"F80+":114.685090930083,"H0-2":28.1492546971643,"H3-5":42.2131937327187,"H6-10":52.2312620538037,"H11-17":68.3747093477378,"H18-24":63.397783375559,"H25-39":162.063019869158,"H40-54":184.162250789154,"H55-64":153.143926336645,"H65-79":160.20890218601,"H80+":68.4421868530641},"Analyse":{"Votes décisifs":505,"tour décisif":1,"majeurs":1608.9456261013852,"Non votants de 18-24":69.76667759165747}}