{"id":426,"slug":"6-66-gilette","nom_standard":"Gilette","code_postal":"6","code_departement":"6","libelle_departement":"Alpes-Maritimes","code_commune":"66","Tour 1":{"Inscrits":1198,"Abstentions":618,"% Abs/Ins":51.59,"Votants":580,"% Vot/Ins":48.41,"Blancs":33,"% Blancs/Ins":2.75,"% Blancs/Vot":5.69,"Nuls":21,"% Nuls/Ins":1.75,"% Nuls/Vot":3.62,"Exprimés":526,"% Exp/Ins":43.91,"% Exp/Vot":90.69,"resultats":[{"N.Pan.":null,"Code Nuance":"LNC","Sexe":"F","Nom":"DEMAS","Prénom":"Patricia","Liste":"GILETTE ENSEMBLE","Sièges / Elu":"19","Sièges Secteur":0,"Sièges CC":1,"Voix":526,"% Voix/Ins":43.91,"% Voix/Exp":100}]},"population":{"F0-2":20.8402994250546,"F3-5":23.7310769777338,"F6-10":46.4276472864988,"F11-17":93.3007963316973,"F18-24":44.9549235453203,"F25-39":149.62440688259,"F40-54":171.927309572485,"F55-64":116.267511812616,"F65-79":91.1071206639568,"F80+":43.7668272730267,"H0-2":21.8653793657134,"H3-5":24.7667705302843,"H6-10":59.2421010755729,"H11-17":78.1053513328583,"H18-24":40.7916642180288,"H25-39":134.229564821961,"H40-54":182.044413310672,"H55-64":130.223687586234,"H65-79":99.3534391497427,"H80+":25.4297088379525},"Analyse":{"Votes décisifs":527,"tour décisif":1,"majeurs":1229.7205776745857,"Non votants de 18-24":45.304049998560174}}