{"id":4283,"slug":"44-33-la-chapelle-launay","nom_standard":"La Chapelle-Launay","code_postal":"44","code_departement":"44","libelle_departement":"Loire-Atlantique","code_commune":"33","Tour 1":{"Inscrits":2408,"Abstentions":1191,"% Abs/Ins":49.46,"Votants":1217,"% Vot/Ins":50.54,"Blancs":18,"% Blancs/Ins":0.75,"% Blancs/Vot":1.48,"Nuls":16,"% Nuls/Ins":0.66,"% Nuls/Vot":1.31,"Exprimés":1183,"% Exp/Ins":49.13,"% Exp/Vot":97.21,"resultats":[{"N.Pan.":null,"Code Nuance":"LNC","Sexe":"F","Nom":"SABATHIER","Prénom":"Elodie","Liste":"EXPERIENCE ET AVENIR","Sièges / Elu":"5","Sièges Secteur":0,"Sièges CC":1,"Voix":588,"% Voix/Ins":24.42,"% Voix/Exp":49.7},{"N.Pan.":2,"Code Nuance":"LNC","Sexe":"M","Nom":"GUILLARD","Prénom":"Michel","Liste":"Ensemble vers un avenir solidaire et durable","Sièges / Elu":"18","Sièges Secteur":0,"Sièges CC":2,"Voix":595,"% Voix/Ins":24.71,"% Voix/Exp":50.3}]},"population":{"F0-2":59.0861569229047,"F3-5":78.3142659907587,"F6-10":120.743102194109,"F11-17":184.102889617934,"F18-24":74.0887176608786,"F25-39":287.838382156661,"F40-54":360.666222695674,"F55-64":212.422000904673,"F65-79":164.713475722395,"F80+":46.2537446807743,"H0-2":63.1750542388684,"H3-5":77.023092683815,"H6-10":136.628067426951,"H11-17":202.037070577014,"H18-24":81.8671209777038,"H25-39":256.623463485922,"H40-54":387.091274672033,"H55-64":191.053479453587,"H65-79":164.917928879223,"H80+":45.3544890581202},"Analyse":{"Votes décisifs":8,"tour décisif":1,"majeurs":2272.890300347645,"Non votants de 18-24":72.45059617521994}}