{"id":4292,"slug":"44-45-cordemais","nom_standard":"Cordemais","code_postal":"44","code_departement":"44","libelle_departement":"Loire-Atlantique","code_commune":"45","Tour 1":{"Inscrits":2709,"Abstentions":1427,"% Abs/Ins":52.68,"Votants":1282,"% Vot/Ins":47.32,"Blancs":24,"% Blancs/Ins":0.89,"% Blancs/Vot":1.87,"Nuls":38,"% Nuls/Ins":1.4,"% Nuls/Vot":2.96,"Exprimés":1220,"% Exp/Ins":45.04,"% Exp/Vot":95.16,"resultats":[{"N.Pan.":null,"Code Nuance":"LECO","Sexe":"M","Nom":"LONGEON","Prénom":"Benoit","Liste":"REINVENTONS CORDEMAIS","Sièges / Elu":"3","Sièges Secteur":0,"Sièges CC":0,"Voix":317,"% Voix/Ins":11.7,"% Voix/Exp":25.98},{"N.Pan.":2,"Code Nuance":"LDIV","Sexe":"M","Nom":"GUILLÉ","Prénom":"Daniel","Liste":"DEMAIN ENSEMBLE POUR CORDEMAIS","Sièges / Elu":"24","Sièges Secteur":0,"Sièges CC":3,"Voix":903,"% Voix/Ins":33.33,"% Voix/Exp":74.02}]},"population":{"F0-2":92.0027783967971,"F3-5":93.965762889226,"F6-10":148.483233763284,"F11-17":182.898559433755,"F18-24":96.1437560359445,"F25-39":396.659885459138,"F40-54":413.252158961345,"F55-64":194.018750526604,"F65-79":166.657326699118,"F80+":113.86140743812,"H0-2":84.9239023638125,"H3-5":103.076760563248,"H6-10":185.873309753335,"H11-17":214.07539098237,"H18-24":106.224624816156,"H25-39":359.330774489335,"H40-54":407.053678322998,"H55-64":215.234883700184,"H65-79":173.667119239809,"H80+":52.5959361654216},"Analyse":{"Votes décisifs":587,"tour décisif":1,"majeurs":2694.700301854173,"Non votants de 18-24":106.09189916919144}}