{"id":4234,"slug":"43-185-sainte-florine","nom_standard":"Sainte-Florine","code_postal":"43","code_departement":"43","libelle_departement":"Haute-Loire","code_commune":"185","Tour 1":{"Inscrits":2287,"Abstentions":1504,"% Abs/Ins":65.76,"Votants":783,"% Vot/Ins":34.24,"Blancs":11,"% Blancs/Ins":0.48,"% Blancs/Vot":1.4,"Nuls":95,"% Nuls/Ins":4.15,"% Nuls/Vot":12.13,"Exprimés":677,"% Exp/Ins":29.6,"% Exp/Vot":86.46,"resultats":[{"N.Pan.":null,"Code Nuance":"LNC","Sexe":"M","Nom":"FOURET","Prénom":"Raymond","Liste":"ensemble pour sainte florine","Sièges / Elu":"23","Sièges Secteur":0,"Sièges CC":9,"Voix":677,"% Voix/Ins":29.6,"% Voix/Exp":100}]},"population":{"F0-2":44.56956512562,"F3-5":43.5863611801464,"F6-10":90.2146583191735,"F11-17":134.768331180423,"F18-24":101.134821048478,"F25-39":234.060692788611,"F40-54":312.043183347241,"F55-64":237.034892023147,"F65-79":329.139250533635,"F80+":179.866139821992,"H0-2":54.7360766652191,"H3-5":50.6515054919426,"H6-10":87.1464637624936,"H11-17":130.756316462212,"H18-24":84.0815780615388,"H25-39":234.024341966142,"H40-54":286.715640565159,"H55-64":226.903903626594,"H65-79":275.501230471598,"H80+":89.0650475586317},"Analyse":{"Votes décisifs":678,"tour décisif":1,"majeurs":2589.5707218127673,"Non votants de 18-24":129.21312440446167}}