{"id":4251,"slug":"43-251-vals-pres-le-puy","nom_standard":"Vals-près-le-Puy","code_postal":"43","code_departement":"43","libelle_departement":"Haute-Loire","code_commune":"251","Tour 1":{"Inscrits":2413,"Abstentions":1243,"% Abs/Ins":51.51,"Votants":1170,"% Vot/Ins":48.49,"Blancs":21,"% Blancs/Ins":0.87,"% Blancs/Vot":1.79,"Nuls":18,"% Nuls/Ins":0.75,"% Nuls/Vot":1.54,"Exprimés":1131,"% Exp/Ins":46.87,"% Exp/Vot":96.67,"resultats":[{"N.Pan.":null,"Code Nuance":"LNC","Sexe":"M","Nom":"ROYET","Prénom":"Alain","Liste":"L'EXPERIENCE AU SERVICE DE VALS","Sièges / Elu":"4","Sièges Secteur":0,"Sièges CC":0,"Voix":386,"% Voix/Ins":16,"% Voix/Exp":34.13},{"N.Pan.":2,"Code Nuance":"LNC","Sexe":"M","Nom":"BERNARD","Prénom":"Laurent","Liste":"BIEN VIVRE A VALS","Sièges / Elu":"19","Sièges Secteur":0,"Sièges CC":2,"Voix":745,"% Voix/Ins":30.87,"% Voix/Exp":65.87}]},"population":{"F0-2":33.0097237253646,"F3-5":39.7027732080319,"F6-10":74.3903836716251,"F11-17":132.026253843184,"F18-24":99.1702185481045,"F25-39":223.854241110395,"F40-54":377.098851316837,"F55-64":286.257529222076,"F65-79":384.423336628021,"F80+":249.06039188462,"H0-2":38.6822540507821,"H3-5":44.356917408018,"H6-10":82.1980153248519,"H11-17":128.800572120899,"H18-24":94.236565412728,"H25-39":233.02147087317,"H40-54":306.637369718208,"H55-64":209.545743217416,"H65-79":267.58221571874,"H80+":116.945172996928},"Analyse":{"Votes décisifs":360,"tour décisif":1,"majeurs":2847.8331066472433,"Non votants de 18-24":113.94779575467997}}