{"id":4210,"slug":"43-78-coubon","nom_standard":"Coubon","code_postal":"43","code_departement":"43","libelle_departement":"Haute-Loire","code_commune":"78","Tour 1":{"Inscrits":2573,"Abstentions":1708,"% Abs/Ins":66.38,"Votants":865,"% Vot/Ins":33.62,"Blancs":50,"% Blancs/Ins":1.94,"% Blancs/Vot":5.78,"Nuls":70,"% Nuls/Ins":2.72,"% Nuls/Vot":8.09,"Exprimés":745,"% Exp/Ins":28.95,"% Exp/Vot":86.13,"resultats":[{"N.Pan.":null,"Code Nuance":"LNC","Sexe":"F","Nom":"VALANTIN","Prénom":"Christelle","Liste":"CONSTRUISONS ENSEMBLE L'AVENIR DE COUBON","Sièges / Elu":"23","Sièges Secteur":0,"Sièges CC":2,"Voix":745,"% Voix/Ins":28.95,"% Voix/Exp":100}]},"population":{"F0-2":53.5929073102191,"F3-5":36.1807791988473,"F6-10":77.1948439085775,"F11-17":158.528355740167,"F18-24":72.8401475900506,"F25-39":233.489309158704,"F40-54":348.525267253008,"F55-64":229.912034349958,"F65-79":313.812419796279,"F80+":127.545437537709,"H0-2":42.2801312041407,"H3-5":53.8465932024933,"H6-10":89.6388034669937,"H11-17":156.826823834347,"H18-24":84.885974599408,"H25-39":224.542417948498,"H40-54":335.486025209972,"H55-64":217.832127794474,"H65-79":282.21338476372,"H80+":76.8262161324354},"Analyse":{"Votes décisifs":746,"tour décisif":1,"majeurs":2547.9107621342164,"Non votants de 18-24":104.17907583230883}}