{"id":4301,"slug":"44-54-erbray","nom_standard":"Erbray","code_postal":"44","code_departement":"44","libelle_departement":"Loire-Atlantique","code_commune":"54","Tour 1":{"Inscrits":2241,"Abstentions":1433,"% Abs/Ins":63.94,"Votants":808,"% Vot/Ins":36.06,"Blancs":31,"% Blancs/Ins":1.38,"% Blancs/Vot":3.84,"Nuls":82,"% Nuls/Ins":3.66,"% Nuls/Vot":10.15,"Exprimés":695,"% Exp/Ins":31.01,"% Exp/Vot":86.01,"resultats":[{"N.Pan.":null,"Code Nuance":"LNC","Sexe":"F","Nom":"DUFOURD-BOUCHET","Prénom":"Isabelle","Liste":"ERBRAY,CONSTRUIRE ET VIVRE ENSEMBLE","Sièges / Elu":"23","Sièges Secteur":0,"Sièges CC":3,"Voix":695,"% Voix/Ins":31.01,"% Voix/Exp":100}]},"population":{"F0-2":50.8001532330262,"F3-5":75.4437011231871,"F6-10":98.9582548848101,"F11-17":164.896578980927,"F18-24":66.5832209871621,"F25-39":270.738637600317,"F40-54":306.186733089798,"F55-64":222.170726183099,"F65-79":193.226116423544,"F80+":56.5468445668296,"H0-2":55.8611241443216,"H3-5":82.3657790887647,"H6-10":120.798579141311,"H11-17":160.468296638687,"H18-24":92.9626071572805,"H25-39":253.113911306939,"H40-54":311.690710017846,"H55-64":230.610972655502,"H65-79":191.739466569801,"H80+":39.8375862068465},"Analyse":{"Votes décisifs":696,"tour décisif":1,"majeurs":2235.4075327649643,"Non votants de 18-24":101.87713585849609}}