{"id":4309,"slug":"44-66-grandchamps-des-fontaines","nom_standard":"Grandchamps-des-Fontaines","code_postal":"44","code_departement":"44","libelle_departement":"Loire-Atlantique","code_commune":"66","Tour 1":{"Inscrits":4518,"Abstentions":3321,"% Abs/Ins":73.51,"Votants":1197,"% Vot/Ins":26.49,"Blancs":40,"% Blancs/Ins":0.89,"% Blancs/Vot":3.34,"Nuls":59,"% Nuls/Ins":1.31,"% Nuls/Vot":4.93,"Exprimés":1098,"% Exp/Ins":24.3,"% Exp/Vot":91.73,"resultats":[{"N.Pan.":null,"Code Nuance":"LDVC","Sexe":"M","Nom":"OUVRARD","Prénom":"François","Liste":"GRANDCHAMP DES FONTAINES ENGAGÉE POUR DEMAIN","Sièges / Elu":"29","Sièges Secteur":0,"Sièges CC":4,"Voix":1098,"% Voix/Ins":24.3,"% Voix/Exp":100}]},"population":{"F0-2":159.251388646031,"F3-5":167.160753201434,"F6-10":306.520787262287,"F11-17":355.503764520385,"F18-24":192.179204982298,"F25-39":711.57546695787,"F40-54":810.410942925479,"F55-64":298.232739040527,"F65-79":262.203424874444,"F80+":68.9738838201316,"H0-2":149.537272385226,"H3-5":170.924759737233,"H6-10":263.77346382034,"H11-17":391.119649697072,"H18-24":231.014341935122,"H25-39":685.998370491469,"H40-54":805.794369245644,"H55-64":280.001836803784,"H65-79":235.259518220081,"H80+":60.5640614331429},"Analyse":{"Votes décisifs":1099,"tour décisif":1,"majeurs":4642.208160729992,"Non votants de 18-24":314.07248682680694}}