{"id":431,"slug":"6-77-luceram","nom_standard":"Lucéram","code_postal":"6","code_departement":"6","libelle_departement":"Alpes-Maritimes","code_commune":"77","Tour 1":{"Inscrits":1014,"Abstentions":621,"% Abs/Ins":61.24,"Votants":393,"% Vot/Ins":38.76,"Blancs":27,"% Blancs/Ins":2.66,"% Blancs/Vot":6.87,"Nuls":76,"% Nuls/Ins":7.5,"% Nuls/Vot":19.34,"Exprimés":290,"% Exp/Ins":28.6,"% Exp/Vot":73.79,"resultats":[{"N.Pan.":null,"Code Nuance":"LNC","Sexe":"M","Nom":"CALMET","Prénom":"Michel","Liste":"ENSEMBLE POUR LUCERAM","Sièges / Elu":"15","Sièges Secteur":0,"Sièges CC":2,"Voix":290,"% Voix/Ins":28.6,"% Voix/Exp":100}]},"population":{"F0-2":8.89348605426646,"F3-5":14.9647893115423,"F6-10":29.8526509414816,"F11-17":59.315243839269,"F18-24":40.2127686724821,"F25-39":79.7541356873517,"F40-54":153.857040933203,"F55-64":86.6785572224539,"F65-79":110.890338434759,"F80+":42.8138438572895,"H0-2":14.5212084516797,"H3-5":16.5775488153255,"H6-10":41.8523141677812,"H11-17":59.8593205063737,"H18-24":44.9166667771221,"H25-39":83.3163099997893,"H40-54":135.784872877984,"H55-64":105.145659739468,"H65-79":119.795658291162,"H80+":29.9975854192169},"Analyse":{"Votes décisifs":291,"tour décisif":1,"majeurs":1033.1634379122816,"Non votants de 18-24":52.7474647913133}}