{"id":4311,"slug":"44-68-guenrouet","nom_standard":"Guenrouet","code_postal":"44","code_departement":"44","libelle_departement":"Loire-Atlantique","code_commune":"68","Tour 1":{"Inscrits":2446,"Abstentions":1086,"% Abs/Ins":44.4,"Votants":1360,"% Vot/Ins":55.6,"Blancs":20,"% Blancs/Ins":0.82,"% Blancs/Vot":1.47,"Nuls":27,"% Nuls/Ins":1.1,"% Nuls/Vot":1.99,"Exprimés":1313,"% Exp/Ins":53.68,"% Exp/Vot":96.54,"resultats":[{"N.Pan.":null,"Code Nuance":"LNC","Sexe":"M","Nom":"MILLET","Prénom":"Frédéric","Liste":"AVANCER ENSEMBLE POUR GUENROUET","Sièges / Elu":"18","Sièges Secteur":0,"Sièges CC":3,"Voix":700,"% Voix/Ins":28.62,"% Voix/Exp":53.31},{"N.Pan.":2,"Code Nuance":"LNC","Sexe":"M","Nom":"ROBERT","Prénom":"Sylvain","Liste":"GENERATION CITOYENNES E SOLIDAIRES","Sièges / Elu":"5","Sièges Secteur":0,"Sièges CC":1,"Voix":613,"% Voix/Ins":25.06,"% Voix/Exp":46.69}]},"population":{"F0-2":70.719695035362,"F3-5":73.6265890305812,"F6-10":123.895775805896,"F11-17":160.649240312869,"F18-24":61.5429779542611,"F25-39":345.990328583002,"F40-54":282.418137583871,"F55-64":226.851342166539,"F65-79":201.890311573762,"F80+":144.047739725001,"H0-2":65.9147851099635,"H3-5":94.3798706606536,"H6-10":153.756650247167,"H11-17":145.116704706771,"H18-24":66.4344904069488,"H25-39":338.847051584314,"H40-54":331.679219645487,"H55-64":226.048902220298,"H65-79":206.970587903543,"H80+":57.2195997437077},"Analyse":{"Votes décisifs":88,"tour décisif":1,"majeurs":2489.940689090734,"Non votants de 18-24":58.076463195177574}}