{"id":4321,"slug":"44-79-le-landreau","nom_standard":"Le Landreau","code_postal":"44","code_departement":"44","libelle_departement":"Loire-Atlantique","code_commune":"79","Tour 1":{"Inscrits":2228,"Abstentions":1126,"% Abs/Ins":50.54,"Votants":1102,"% Vot/Ins":49.46,"Blancs":14,"% Blancs/Ins":0.63,"% Blancs/Vot":1.27,"Nuls":19,"% Nuls/Ins":0.85,"% Nuls/Vot":1.72,"Exprimés":1069,"% Exp/Ins":47.98,"% Exp/Vot":97.01,"resultats":[{"N.Pan.":null,"Code Nuance":"LNC","Sexe":"M","Nom":"RICHARD","Prénom":"Christophe","Liste":"CHRISTOPHE RICHARD","Sièges / Elu":"19","Sièges Secteur":0,"Sièges CC":2,"Voix":624,"% Voix/Ins":28.01,"% Voix/Exp":58.37},{"N.Pan.":2,"Code Nuance":"LNC","Sexe":"M","Nom":"ROUZINEAU","Prénom":"Jacques","Liste":"ETHIC","Sièges / Elu":"4","Sièges Secteur":0,"Sièges CC":1,"Voix":445,"% Voix/Ins":19.97,"% Voix/Exp":41.63}]},"population":{"F0-2":75.077781820419,"F3-5":65.5840920166973,"F6-10":116.428610224561,"F11-17":164.771442968887,"F18-24":111.295962655348,"F25-39":306.048367182417,"F40-54":331.605766530188,"F55-64":164.708025230248,"F65-79":139.683504397458,"F80+":67.6076081583423,"H0-2":58.6123441022229,"H3-5":64.5810007021081,"H6-10":124.797625751706,"H11-17":164.953965506492,"H18-24":140.053097905839,"H25-39":297.734704444585,"H40-54":353.578703115411,"H55-64":181.367630868715,"H65-79":143.708067881277,"H80+":45.8016985370786},"Analyse":{"Votes décisifs":180,"tour décisif":1,"majeurs":2283.1931369069075,"Non votants de 18-24":130.0335834510604}}