{"id":4335,"slug":"44-96-mesanger","nom_standard":"Mésanger","code_postal":"44","code_departement":"44","libelle_departement":"Loire-Atlantique","code_commune":"96","Tour 1":{"Inscrits":3463,"Abstentions":1803,"% Abs/Ins":52.06,"Votants":1660,"% Vot/Ins":47.94,"Blancs":18,"% Blancs/Ins":0.52,"% Blancs/Vot":1.08,"Nuls":30,"% Nuls/Ins":0.87,"% Nuls/Vot":1.81,"Exprimés":1612,"% Exp/Ins":46.55,"% Exp/Vot":97.11,"resultats":[{"N.Pan.":null,"Code Nuance":"LDIV","Sexe":"F","Nom":"YOU","Prénom":"Nadine","Liste":"AGIR ENSEMBLE POUR MESANGER","Sièges / Elu":"23","Sièges Secteur":0,"Sièges CC":3,"Voix":1044,"% Voix/Ins":30.15,"% Voix/Exp":64.76},{"N.Pan.":2,"Code Nuance":"LDIV","Sexe":"M","Nom":"RINALDO","Prénom":"Loic","Liste":"NOUVEL ELAN POUR MESANGER","Sièges / Elu":"4","Sièges Secteur":0,"Sièges CC":1,"Voix":568,"% Voix/Ins":16.4,"% Voix/Exp":35.24}]},"population":{"F0-2":79.5895165995397,"F3-5":83.4085449774629,"F6-10":180.722657818999,"F11-17":285.442510955668,"F18-24":140.008956745111,"F25-39":399.468420571108,"F40-54":551.624364097055,"F55-64":240.167060901119,"F65-79":296.521949232574,"F80+":83.9920464051885,"H0-2":66.8269563785564,"H3-5":95.0908031958715,"H6-10":179.704313350597,"H11-17":296.747909216058,"H18-24":185.970058573509,"H25-39":392.953256604432,"H40-54":550.728190665691,"H55-64":256.582420343559,"H65-79":301.907464372319,"H80+":58.5425989955809},"Analyse":{"Votes décisifs":477,"tour décisif":1,"majeurs":3458.466787507247,"Non votants de 18-24":169.51512577555025}}