{"id":4378,"slug":"44-145-rouans","nom_standard":"Rouans","code_postal":"44","code_departement":"44","libelle_departement":"Loire-Atlantique","code_commune":"145","Tour 1":{"Inscrits":2232,"Abstentions":1161,"% Abs/Ins":52.02,"Votants":1071,"% Vot/Ins":47.98,"Blancs":7,"% Blancs/Ins":0.31,"% Blancs/Vot":0.65,"Nuls":6,"% Nuls/Ins":0.27,"% Nuls/Vot":0.56,"Exprimés":1058,"% Exp/Ins":47.4,"% Exp/Vot":98.79,"resultats":[{"N.Pan.":null,"Code Nuance":"LNC","Sexe":"M","Nom":"RIPOCHE","Prénom":"Jacques","Liste":"ROUANS 2020 - PARTAGER ET CONSTRUIRE ENSEMBLE","Sièges / Elu":"18","Sièges Secteur":0,"Sièges CC":2,"Voix":542,"% Voix/Ins":24.28,"% Voix/Exp":51.23},{"N.Pan.":2,"Code Nuance":"LNC","Sexe":"M","Nom":"LUCAS","Prénom":"Jean-Pierre","Liste":"Continuons l'action et imaginons l'avenir","Sièges / Elu":"5","Sièges Secteur":0,"Sièges CC":0,"Voix":516,"% Voix/Ins":23.12,"% Voix/Exp":48.77}]},"population":{"F0-2":65.1777269998455,"F3-5":69.3780978255379,"F6-10":116.592089584284,"F11-17":155.463721337374,"F18-24":60.7309079516345,"F25-39":313.348799198565,"F40-54":320.016562027693,"F55-64":182.002309560533,"F65-79":140.360051767156,"F80+":108.790015175281,"H0-2":75.3694255060425,"H3-5":72.2657089406786,"H6-10":132.825453054984,"H11-17":181.644516470333,"H18-24":89.7682368244578,"H25-39":290.470211124148,"H40-54":353.277383259758,"H55-64":195.339911523968,"H65-79":158.932581937256,"H80+":52.2462899304701},"Analyse":{"Votes décisifs":27,"tour décisif":1,"majeurs":2265.2832602809203,"Non votants de 18-24":79.34487154175685}}