{"id":4393,"slug":"44-163-vair-sur-loire","nom_standard":"Vair-sur-Loire","code_postal":"44","code_departement":"44","libelle_departement":"Loire-Atlantique","code_commune":"163","Tour 1":{"Inscrits":3423,"Abstentions":1497,"% Abs/Ins":43.73,"Votants":1926,"% Vot/Ins":56.27,"Blancs":44,"% Blancs/Ins":1.29,"% Blancs/Vot":2.28,"Nuls":48,"% Nuls/Ins":1.4,"% Nuls/Vot":2.49,"Exprimés":1834,"% Exp/Ins":53.58,"% Exp/Vot":95.22,"resultats":[{"N.Pan.":null,"Code Nuance":"LDIV","Sexe":"M","Nom":"BARRIER","Prénom":"Gérard","Liste":"Vair sur Loire, partageons l'envie d'être ensemble","Sièges / Elu":"7","Sièges Secteur":0,"Sièges CC":1,"Voix":893,"% Voix/Ins":26.09,"% Voix/Exp":48.69},{"N.Pan.":2,"Code Nuance":"LDIV","Sexe":"M","Nom":"LUCAS","Prénom":"Eric","Liste":"Vair l'avenir","Sièges / Elu":"22","Sièges Secteur":0,"Sièges CC":3,"Voix":941,"% Voix/Ins":27.49,"% Voix/Exp":51.31}]},"population":{"F0-2":81.4535794585595,"F3-5":131.587907035345,"F6-10":217.04938075641,"F11-17":256.095999771517,"F18-24":116.053493621425,"F25-39":455.465921504247,"F40-54":497.274635001746,"F55-64":249.538077983565,"F65-79":295.289329225218,"F80+":78.2267341728555,"H0-2":94.5253176412155,"H3-5":120.569517001744,"H6-10":194.881184790322,"H11-17":287.480813588436,"H18-24":127.075112615706,"H25-39":430.943530270035,"H40-54":555.695533746016,"H55-64":253.537985220632,"H65-79":286.083613200318,"H80+":78.1723333946859},"Analyse":{"Votes décisifs":49,"tour décisif":1,"majeurs":3423.356299956449,"Non votants de 18-24":106.34305002182515}}