{"id":4382,"slug":"44-151-saint-andre-des-eaux","nom_standard":"Saint-André-des-Eaux","code_postal":"44","code_departement":"44","libelle_departement":"Loire-Atlantique","code_commune":"151","Tour 1":{"Inscrits":5174,"Abstentions":2622,"% Abs/Ins":50.68,"Votants":2552,"% Vot/Ins":49.32,"Blancs":55,"% Blancs/Ins":1.06,"% Blancs/Vot":2.16,"Nuls":43,"% Nuls/Ins":0.83,"% Nuls/Vot":1.68,"Exprimés":2454,"% Exp/Ins":47.43,"% Exp/Vot":96.16,"resultats":[{"N.Pan.":null,"Code Nuance":"LDVC","Sexe":"M","Nom":"DHOLLAND","Prénom":"Jérôme","Liste":"Saint-André, engagés et responsables","Sièges / Elu":"6","Sièges Secteur":0,"Sièges CC":1,"Voix":982,"% Voix/Ins":18.98,"% Voix/Exp":40.02},{"N.Pan.":2,"Code Nuance":"LDVC","Sexe":"F","Nom":"LUNGART","Prénom":"Catherine","Liste":"UNE AUTRE VOIE POUR SAINT ANDRE","Sièges / Elu":"23","Sièges Secteur":0,"Sièges CC":2,"Voix":1472,"% Voix/Ins":28.45,"% Voix/Exp":59.98}]},"population":{"F0-2":106.810389442702,"F3-5":122.865747538717,"F6-10":227.243256629703,"F11-17":341.137896073339,"F18-24":153.726056016277,"F25-39":575.682727165541,"F40-54":784.849646886141,"F55-64":430.121587609543,"F65-79":546.594055355825,"F80+":144.030416682323,"H0-2":121.920477875362,"H3-5":135.123515698664,"H6-10":268.048148312105,"H11-17":358.657133740135,"H18-24":190.724067276351,"H25-39":534.051159112618,"H40-54":728.546949744708,"H55-64":439.438122503845,"H65-79":488.955898057613,"H80+":114.472748278488},"Analyse":{"Votes décisifs":491,"tour décisif":1,"majeurs":5131.193434689273,"Non votants de 18-24":173.1377910191872}}