{"id":4360,"slug":"44-127-la-planche","nom_standard":"La Planche","code_postal":"44","code_departement":"44","libelle_departement":"Loire-Atlantique","code_commune":"127","Tour 1":{"Inscrits":1872,"Abstentions":1105,"% Abs/Ins":59.03,"Votants":767,"% Vot/Ins":40.97,"Blancs":15,"% Blancs/Ins":0.8,"% Blancs/Vot":1.96,"Nuls":110,"% Nuls/Ins":5.88,"% Nuls/Vot":14.34,"Exprimés":642,"% Exp/Ins":34.29,"% Exp/Vot":83.7,"resultats":[{"N.Pan.":null,"Code Nuance":"LNC","Sexe":"F","Nom":"JOLY-PIVETEAU","Prénom":"Séverine","Liste":"TOUS DIFFÉRENTS, TOUS INVESTIS POUR LA PLANCHE","Sièges / Elu":"23","Sièges Secteur":0,"Sièges CC":2,"Voix":642,"% Voix/Ins":34.29,"% Voix/Exp":100}]},"population":{"F0-2":59.5188693496751,"F3-5":75.2576525535856,"F6-10":106.703121412144,"F11-17":144.252673634178,"F18-24":67.6828238161731,"F25-39":280.690970820975,"F40-54":271.056691234677,"F55-64":153.74568998967,"F65-79":143.056316924231,"F80+":98.7991929831552,"H0-2":57.4110312713671,"H3-5":60.6546067489923,"H6-10":126.500591501137,"H11-17":137.966513853796,"H18-24":78.1363215266795,"H25-39":268.952811058735,"H40-54":314.745973985178,"H55-64":146.546438173909,"H65-79":145.255550256398,"H80+":43.0661589053442},"Analyse":{"Votes décisifs":643,"tour décisif":1,"majeurs":2011.7349396751254,"Non votants de 18-24":90.223707657593}}