{"id":4386,"slug":"44-155-saint-colomban","nom_standard":"Saint-Colomban","code_postal":"44","code_departement":"44","libelle_departement":"Loire-Atlantique","code_commune":"155","Tour 1":{"Inscrits":2256,"Abstentions":1414,"% Abs/Ins":62.68,"Votants":842,"% Vot/Ins":37.32,"Blancs":36,"% Blancs/Ins":1.6,"% Blancs/Vot":4.28,"Nuls":40,"% Nuls/Ins":1.77,"% Nuls/Vot":4.75,"Exprimés":766,"% Exp/Ins":33.95,"% Exp/Vot":90.97,"resultats":[{"N.Pan.":null,"Code Nuance":"LNC","Sexe":"M","Nom":"BERTIN","Prénom":"Patrick","Liste":"RICHES DE NOS DIFFERENCES #AGISSONS COLLECTIVEMENT","Sièges / Elu":"23","Sièges Secteur":0,"Sièges CC":4,"Voix":766,"% Voix/Ins":33.95,"% Voix/Exp":100}]},"population":{"F0-2":79.7424596801669,"F3-5":77.4890665997448,"F6-10":122.954119498605,"F11-17":204.754506745704,"F18-24":101.696748364493,"F25-39":336.50404382683,"F40-54":387.891240869987,"F55-64":154.459953236592,"F65-79":175.059138212469,"F80+":37.8165401535192,"H0-2":67.7022824920751,"H3-5":78.5144945639615,"H6-10":139.90345666392,"H11-17":223.546525114478,"H18-24":119.337125264514,"H25-39":334.64106640559,"H40-54":420.03424791831,"H55-64":168.56342341583,"H65-79":164.827517466616,"H80+":32.5620435065912},"Analyse":{"Votes décisifs":767,"tour décisif":1,"majeurs":2433.3930886413414,"Non votants de 18-24":144.55197579492685}}