{"id":4405,"slug":"44-178-saint-mars-de-coutais","nom_standard":"Saint-Mars-de-Coutais","code_postal":"44","code_departement":"44","libelle_departement":"Loire-Atlantique","code_commune":"178","Tour 1":{"Inscrits":2013,"Abstentions":1096,"% Abs/Ins":54.45,"Votants":917,"% Vot/Ins":45.55,"Blancs":12,"% Blancs/Ins":0.6,"% Blancs/Vot":1.31,"Nuls":13,"% Nuls/Ins":0.65,"% Nuls/Vot":1.42,"Exprimés":892,"% Exp/Ins":44.31,"% Exp/Vot":97.27,"resultats":[{"N.Pan.":null,"Code Nuance":"LNC","Sexe":"M","Nom":"PRINCE","Prénom":"Jérémie","Liste":"L'ALTERLISTE","Sièges / Elu":"3","Sièges Secteur":0,"Sièges CC":0,"Voix":282,"% Voix/Ins":14.01,"% Voix/Exp":31.61},{"N.Pan.":2,"Code Nuance":"LNC","Sexe":"F","Nom":"RÉMOND","Prénom":"Marie-Noëlle","Liste":"L'AVENIR DE SAINT-MARS, NOTRE PROJET A TOUS","Sièges / Elu":"20","Sièges Secteur":0,"Sièges CC":3,"Voix":610,"% Voix/Ins":30.3,"% Voix/Exp":68.39}]},"population":{"F0-2":40.8787423820252,"F3-5":37.8671121757699,"F6-10":83.8589159465948,"F11-17":140.65683109505,"F18-24":81.2290744215767,"F25-39":205.499743745054,"F40-54":308.799991863723,"F55-64":164.401683189421,"F65-79":156.898650829252,"F80+":90.4002937929153,"H0-2":33.0968992895915,"H3-5":51.960406530886,"H6-10":103.644036307905,"H11-17":158.566094138931,"H18-24":67.3569229464473,"H25-39":199.90428512515,"H40-54":325.831278582441,"H55-64":158.893041406999,"H65-79":149.225372679798,"H80+":41.030623550471},"Analyse":{"Votes décisifs":329,"tour décisif":1,"majeurs":1949.4709621332483,"Non votants de 18-24":78.6935176988834}}