{"id":4423,"slug":"44-198-les-sorinieres","nom_standard":"Les Sorinières","code_postal":"44","code_departement":"44","libelle_departement":"Loire-Atlantique","code_commune":"198","Tour 1":{"Inscrits":6370,"Abstentions":3628,"% Abs/Ins":56.95,"Votants":2742,"% Vot/Ins":43.05,"Blancs":26,"% Blancs/Ins":0.41,"% Blancs/Vot":0.95,"Nuls":29,"% Nuls/Ins":0.46,"% Nuls/Vot":1.06,"Exprimés":2687,"% Exp/Ins":42.18,"% Exp/Vot":97.99,"resultats":[{"N.Pan.":null,"Code Nuance":"LUG","Sexe":"F","Nom":"SCUOTTO","Prénom":"Christelle","Liste":"Les Sorinières, Verte et Solidaire","Sièges / Elu":"23","Sièges Secteur":0,"Sièges CC":1,"Voix":1466,"% Voix/Ins":23.01,"% Voix/Exp":54.56},{"N.Pan.":2,"Code Nuance":"LDIV","Sexe":"M","Nom":"BURNAUD","Prénom":"David","Liste":"ENSEMBLE CA CHANGE TOUT","Sièges / Elu":"4","Sièges Secteur":0,"Sièges CC":0,"Voix":824,"% Voix/Ins":12.94,"% Voix/Exp":30.67},{"N.Pan.":3,"Code Nuance":"LDIV","Sexe":"F","Nom":"DOUAUD","Prénom":"Muryel","Liste":"LE SOUFFLE DE L'AVENIR","Sièges / Elu":2,"Sièges CC":0,"Voix":397,"% Voix/Ins":6.23,"% Voix/Exp":14.77}]},"population":{"F0-2":147.670080503368,"F3-5":159.455155149534,"F6-10":286.503867780279,"F11-17":434.931258903102,"F18-24":337.845497855761,"F25-39":850.526427106201,"F40-54":931.13415924368,"F55-64":548.885212061983,"F65-79":580.193290937587,"F80+":270.901151195511,"H0-2":146.171609709189,"H3-5":181.131069199315,"H6-10":321.957021494136,"H11-17":454.668854055141,"H18-24":371.276396011839,"H25-39":764.68095976682,"H40-54":901.795119261788,"H55-64":514.159650643022,"H65-79":529.253941735121,"H80+":166.859277386622},"Analyse":{"Votes décisifs":246,"tour décisif":1,"majeurs":6767.511083205935,"Non votants de 18-24":421.8061866484189}}