{"id":4430,"slug":"44-206-touvois","nom_standard":"Touvois","code_postal":"44","code_departement":"44","libelle_departement":"Loire-Atlantique","code_commune":"206","Tour 1":{"Inscrits":1128,"Abstentions":697,"% Abs/Ins":61.79,"Votants":431,"% Vot/Ins":38.21,"Blancs":10,"% Blancs/Ins":0.89,"% Blancs/Vot":2.32,"Nuls":30,"% Nuls/Ins":2.66,"% Nuls/Vot":6.96,"Exprimés":391,"% Exp/Ins":34.66,"% Exp/Vot":90.72,"resultats":[{"N.Pan.":null,"Code Nuance":"LNC","Sexe":"F","Nom":"GOUON","Prénom":"Flore","Liste":"TOUVOIS L'AVENIR ENSEMBLE","Sièges / Elu":"19","Sièges Secteur":0,"Sièges CC":2,"Voix":391,"% Voix/Ins":34.66,"% Voix/Exp":100}]},"population":{"F0-2":38.7583238087933,"F3-5":39.4195322179527,"F6-10":90.3646878219033,"F11-17":116.483935549204,"F18-24":52.5733556661846,"F25-39":176.193452321283,"F40-54":171.611143066675,"F55-64":99.0773205901615,"F65-79":99.6872603830776,"F80+":93.5150185923265,"H0-2":23.8432031170202,"H3-5":33.0953654513385,"H6-10":68.5186305730521,"H11-17":123.553909788797,"H18-24":53.9566542034607,"H25-39":160.47908993141,"H40-54":211.966008756706,"H55-64":103.727370407756,"H65-79":97.5694860428965,"H80+":35.6062517100006},"Analyse":{"Votes décisifs":392,"tour décisif":1,"majeurs":1355.962411671938,"Non votants de 18-24":72.66886898654117}}