{"id":4277,"slug":"44-26-carquefou","nom_standard":"Carquefou","code_postal":"44","code_departement":"44","libelle_departement":"Loire-Atlantique","code_commune":"26","Tour 1":{"Inscrits":15163,"Abstentions":9387,"% Abs/Ins":61.91,"Votants":5776,"% Vot/Ins":38.09,"Blancs":36,"% Blancs/Ins":0.24,"% Blancs/Vot":0.62,"Nuls":70,"% Nuls/Ins":0.46,"% Nuls/Vot":1.21,"Exprimés":5670,"% Exp/Ins":37.39,"% Exp/Vot":98.16,"resultats":[{"N.Pan.":null,"Code Nuance":"LDVD","Sexe":"F","Nom":"DUBETTIER-GRENIER","Prénom":"Véronique","Liste":"CARQUEFOU, NATURELLEMENT!","Sièges / Elu":"26","Sièges Secteur":0,"Sièges CC":3,"Voix":3079,"% Voix/Ins":20.31,"% Voix/Exp":54.3},{"N.Pan.":2,"Code Nuance":"LUG","Sexe":"M","Nom":"GADÉ","Prénom":"Raymond","Liste":"CARQUEFOU A GAUCHE","Sièges / Elu":"2","Sièges Secteur":0,"Sièges CC":0,"Voix":716,"% Voix/Ins":4.72,"% Voix/Exp":12.63},{"N.Pan.":3,"Code Nuance":"LDVD","Sexe":"F","Nom":"BONFILS","Prénom":"Karine","Liste":"VIVONS CARQUEFOU, LA PAROLE A DU SENS","Sièges / Elu":1,"Sièges CC":0,"Voix":355,"% Voix/Ins":2.34,"% Voix/Exp":6.26},{"N.Pan.":4,"Code Nuance":"LDVC","Sexe":"M","Nom":"PERROCHAT","Prénom":"Jacques","Liste":"Carquefou Demain","Sièges / Elu":4,"Sièges CC":0,"Voix":1520,"% Voix/Ins":10.02,"% Voix/Exp":26.81}]},"population":{"F0-2":304.079854110932,"F3-5":310.033009182783,"F6-10":578.578732207762,"F11-17":933.937739186275,"F18-24":1023.29185150189,"F25-39":1606.10012130948,"F40-54":2022.14494795942,"F55-64":1424.73344035592,"F65-79":1349.79098175798,"F80+":683.979932743679,"H0-2":331.433874366503,"H3-5":347.549690478013,"H6-10":704.596385829473,"H11-17":869.539259609454,"H18-24":1636.36412103668,"H25-39":1678.79096147506,"H40-54":1898.50170271502,"H55-64":1216.44033339687,"H65-79":1191.20568194117,"H80+":351.907378835632},"Analyse":{"Votes décisifs":489,"tour décisif":1,"majeurs":16083.251455028803,"Non votants de 18-24":1704.490100740959}}