{"id":44,"slug":"1-134-crottet","nom_standard":"Crottet","code_postal":"1","code_departement":"1","libelle_departement":"Ain","code_commune":"134","Tour 1":{"Inscrits":1288,"Abstentions":637,"% Abs/Ins":49.46,"Votants":651,"% Vot/Ins":50.54,"Blancs":4,"% Blancs/Ins":0.31,"% Blancs/Vot":0.61,"Nuls":15,"% Nuls/Ins":1.16,"% Nuls/Vot":2.3,"Exprimés":632,"% Exp/Ins":49.07,"% Exp/Vot":97.08,"resultats":[{"N.Pan.":null,"Code Nuance":"LNC","Sexe":"F","Nom":"LAURENT","Prénom":"Joëlle","Liste":"AGISSONS AVEC VOUS","Sièges / Elu":"4","Sièges Secteur":0,"Sièges CC":1,"Voix":283,"% Voix/Ins":21.97,"% Voix/Exp":44.78},{"N.Pan.":2,"Code Nuance":"LNC","Sexe":"M","Nom":"LHOTELAIS","Prénom":"Jean-Philippe","Liste":"VIVRE ET AVANCER ENSEMBLE","Sièges / Elu":"15","Sièges Secteur":0,"Sièges CC":2,"Voix":349,"% Voix/Ins":27.1,"% Voix/Exp":55.22}]},"population":{"F0-2":32.5934346208104,"F3-5":33.6062974628713,"F6-10":65.0512877154407,"F11-17":65.9808292631022,"F18-24":50.3749185172911,"F25-39":153.473313232679,"F40-54":187.432892353971,"F55-64":126.002000729643,"F65-79":164.835018267223,"F80+":33.743906066166,"H0-2":33.7371783162929,"H3-5":24.813304274451,"H6-10":62.1707682841287,"H11-17":75.3519107922893,"H18-24":47.2565421190281,"H25-39":139.41213575329,"H40-54":181.933399331476,"H55-64":128.854683806398,"H65-79":151.737738100331,"H80+":33.6384409931177},"Analyse":{"Votes décisifs":67,"tour décisif":1,"majeurs":1398.6949892706139,"Non votants de 18-24":52.1904736006912}}