{"id":4401,"slug":"44-173-saint-lumine-de-clisson","nom_standard":"Saint-Lumine-de-Clisson","code_postal":"44","code_departement":"44","libelle_departement":"Loire-Atlantique","code_commune":"173","Tour 1":{"Inscrits":1496,"Abstentions":1020,"% Abs/Ins":68.18,"Votants":476,"% Vot/Ins":31.82,"Blancs":17,"% Blancs/Ins":1.14,"% Blancs/Vot":3.57,"Nuls":52,"% Nuls/Ins":3.48,"% Nuls/Vot":10.92,"Exprimés":407,"% Exp/Ins":27.21,"% Exp/Vot":85.5,"resultats":[{"N.Pan.":null,"Code Nuance":"LNC","Sexe":"F","Nom":"RIVIERE","Prénom":"Janik","Liste":"UNE EQUIPE QUI CHANGE, DES ACTIONS QUI VIVENT","Sièges / Elu":"19","Sièges Secteur":0,"Sièges CC":2,"Voix":407,"% Voix/Ins":27.21,"% Voix/Exp":100}]},"population":{"F0-2":45.6258753907571,"F3-5":55.460042653798,"F6-10":86.5973423313459,"F11-17":117.059642352066,"F18-24":43.5834556492321,"F25-39":224.028292399872,"F40-54":220.899255095281,"F55-64":131.353305231181,"F65-79":92.3930114154758,"F80+":50.0359623569364,"H0-2":42.4260303819652,"H3-5":32.2925708510703,"H6-10":102.712555041634,"H11-17":124.052868627842,"H18-24":54.9207445785415,"H25-39":200.096110486465,"H40-54":269.027702527361,"H55-64":124.071981082771,"H65-79":100.514498926331,"H80+":22.8487526200736},"Analyse":{"Votes décisifs":408,"tour décisif":1,"majeurs":1533.7730723695213,"Non votants de 18-24":67.93383740611895}}