{"id":4407,"slug":"44-180-vallons-de-l-erdre","nom_standard":"Vallons-de-l'Erdre","code_postal":"44","code_departement":"44","libelle_departement":"Loire-Atlantique","code_commune":"180","Tour 1":{"Inscrits":4808,"Abstentions":3229,"% Abs/Ins":67.16,"Votants":1579,"% Vot/Ins":32.84,"Blancs":103,"% Blancs/Ins":2.14,"% Blancs/Vot":6.52,"Nuls":291,"% Nuls/Ins":6.05,"% Nuls/Vot":18.43,"Exprimés":1185,"% Exp/Ins":24.65,"% Exp/Vot":75.05,"resultats":[{"N.Pan.":null,"Code Nuance":"LDIV","Sexe":"M","Nom":"PLOTEAU","Prénom":"Jean-Yves","Liste":"PLUS FORT ENSEMBLE","Sièges / Elu":"33","Sièges Secteur":0,"Sièges CC":6,"Voix":1185,"% Voix/Ins":24.65,"% Voix/Exp":100}]},"population":{"F0-2":100.118883936083,"F3-5":125.634338924135,"F6-10":232.736172831194,"F11-17":319.513344559736,"F18-24":146.602257291062,"F25-39":553.211761011426,"F40-54":637.606524680094,"F55-64":410.30629567961,"F65-79":429.72386648557,"F80+":262.017845554501,"H0-2":124.499849090669,"H3-5":141.568982057138,"H6-10":228.980202876646,"H11-17":334.117811115447,"H18-24":215.549234342119,"H25-39":539.07045923265,"H40-54":664.351127256488,"H55-64":431.936465203469,"H65-79":432.327915725877,"H80+":155.126662146085},"Analyse":{"Votes décisifs":1186,"tour décisif":1,"majeurs":4877.830414608951,"Non votants de 18-24":244.91961666348993}}