{"id":4414,"slug":"44-188-saint-philbert-de-grand-lieu","nom_standard":"Saint-Philbert-de-Grand-Lieu","code_postal":"44","code_departement":"44","libelle_departement":"Loire-Atlantique","code_commune":"188","Tour 1":{"Inscrits":6744,"Abstentions":3488,"% Abs/Ins":51.72,"Votants":3256,"% Vot/Ins":48.28,"Blancs":34,"% Blancs/Ins":0.5,"% Blancs/Vot":1.04,"Nuls":51,"% Nuls/Ins":0.76,"% Nuls/Vot":1.57,"Exprimés":3171,"% Exp/Ins":47.02,"% Exp/Vot":97.39,"resultats":[{"N.Pan.":null,"Code Nuance":"LDIV","Sexe":"M","Nom":"LEGRAND","Prénom":"Mathieu","Liste":"Ensemble, Faire Vivre Saint Philbert","Sièges / Elu":"6","Sièges Secteur":0,"Sièges CC":2,"Voix":1406,"% Voix/Ins":20.85,"% Voix/Exp":44.34},{"N.Pan.":2,"Code Nuance":"LDVD","Sexe":"M","Nom":"BEAUGÉ","Prénom":"Stephan","Liste":"ST PHILBERT POUR TOUS","Sièges / Elu":"23","Sièges Secteur":0,"Sièges CC":7,"Voix":1765,"% Voix/Ins":26.17,"% Voix/Exp":55.66}]},"population":{"F0-2":158.88439968171,"F3-5":183.03379512341,"F6-10":341.737708089674,"F11-17":493.780135040142,"F18-24":255.914396132633,"F25-39":849.363283422758,"F40-54":1063.3722111514,"F55-64":536.39488192841,"F65-79":476.430822955727,"F80+":248.630870214511,"H0-2":157.099681370527,"H3-5":210.856562127559,"H6-10":409.790709075176,"H11-17":564.111670182186,"H18-24":333.83864169622,"H25-39":811.901035683045,"H40-54":1043.54557483299,"H55-64":519.327748973289,"H65-79":435.298669539428,"H80+":119.687202779203},"Analyse":{"Votes décisifs":360,"tour décisif":1,"majeurs":6693.705339309615,"Non votants de 18-24":302.8811494154324}}