{"id":4435,"slug":"44-212-vallet","nom_standard":"Vallet","code_postal":"44","code_departement":"44","libelle_departement":"Loire-Atlantique","code_commune":"212","Tour 1":{"Inscrits":6784,"Abstentions":3520,"% Abs/Ins":51.89,"Votants":3264,"% Vot/Ins":48.11,"Blancs":34,"% Blancs/Ins":0.5,"% Blancs/Vot":1.04,"Nuls":65,"% Nuls/Ins":0.96,"% Nuls/Vot":1.99,"Exprimés":3165,"% Exp/Ins":46.65,"% Exp/Vot":96.97,"resultats":[{"N.Pan.":null,"Code Nuance":"LDVC","Sexe":"M","Nom":"MARCHAIS","Prénom":"Jérôme","Liste":"VALLET L'ESPRIT D'INITIATIVE 2020","Sièges / Elu":"25","Sièges Secteur":0,"Sièges CC":7,"Voix":2033,"% Voix/Ins":29.97,"% Voix/Exp":64.23},{"N.Pan.":2,"Code Nuance":"LDVG","Sexe":"M","Nom":"GAULTHIER","Prénom":"Manuel","Liste":"VALLET EN TRANSITION","Sièges / Elu":"3","Sièges Secteur":0,"Sièges CC":1,"Voix":766,"% Voix/Ins":11.29,"% Voix/Exp":24.2},{"N.Pan.":3,"Code Nuance":"LDIV","Sexe":"M","Nom":"BUZONIE","Prénom":"Ludovic","Liste":"VALLET NOUVEL AIR","Sièges / Elu":1,"Sièges CC":0,"Voix":366,"% Voix/Ins":5.4,"% Voix/Exp":11.56}]},"population":{"F0-2":153.405796579814,"F3-5":173.9719531624,"F6-10":338.176113491976,"F11-17":546.405384628469,"F18-24":290.461482635268,"F25-39":847.020195693676,"F40-54":1074.82106481686,"F55-64":536.829850342695,"F65-79":562.361514891746,"F80+":261.686213219753,"H0-2":172.709651736043,"H3-5":184.066585514342,"H6-10":330.342214296179,"H11-17":518.697625513317,"H18-24":368.575466619191,"H25-39":857.065637873839,"H40-54":1016.32997663924,"H55-64":533.060502745533,"H65-79":508.798094114286,"H80+":137.214675485371},"Analyse":{"Votes décisifs":902,"tour décisif":1,"majeurs":6994.224675077458,"Non votants de 18-24":351.4836889150302}}