{"id":4441,"slug":"44-220-vue","nom_standard":"Vue","code_postal":"44","code_departement":"44","libelle_departement":"Loire-Atlantique","code_commune":"220","Tour 1":{"Inscrits":1197,"Abstentions":541,"% Abs/Ins":45.2,"Votants":656,"% Vot/Ins":54.8,"Blancs":6,"% Blancs/Ins":0.5,"% Blancs/Vot":0.91,"Nuls":20,"% Nuls/Ins":1.67,"% Nuls/Vot":3.05,"Exprimés":630,"% Exp/Ins":52.63,"% Exp/Vot":96.04,"resultats":[{"N.Pan.":null,"Code Nuance":"LNC","Sexe":"M","Nom":"RABEVOLO","Prénom":"Pascal","Liste":"BIEN VIVRE ENSEMBLE A VUE","Sièges / Elu":"4","Sièges Secteur":0,"Sièges CC":0,"Voix":271,"% Voix/Ins":22.64,"% Voix/Exp":43.02},{"N.Pan.":2,"Code Nuance":"LNC","Sexe":"F","Nom":"PLACÉ","Prénom":"Nadège","Liste":"VUE AUTREMENT","Sièges / Elu":"15","Sièges Secteur":0,"Sièges CC":1,"Voix":359,"% Voix/Ins":29.99,"% Voix/Exp":56.98}]},"population":{"F0-2":35.0890837630962,"F3-5":43.9033116531425,"F6-10":67.648790941384,"F11-17":63.6806461487161,"F18-24":47.4231114317546,"F25-39":195.728796959172,"F40-54":176.646316382697,"F55-64":84.3387988239092,"F65-79":62.8912106581238,"F80+":33.1448465381521,"H0-2":38.9984957476946,"H3-5":40.7768008212642,"H6-10":60.5238070743116,"H11-17":78.491378366344,"H18-24":43.4950241257079,"H25-39":183.055856158234,"H40-54":194.201632214487,"H55-64":93.4031403536105,"H65-79":65.8619907707264,"H80+":22.6969610674729},"Analyse":{"Votes décisifs":89,"tour décisif":1,"majeurs":1202.8876854840473,"Non votants de 18-24":41.335537243892546}}