{"id":4442,"slug":"44-221-la-chevallerais","nom_standard":"La Chevallerais","code_postal":"44","code_departement":"44","libelle_departement":"Loire-Atlantique","code_commune":"221","Tour 1":{"Inscrits":976,"Abstentions":613,"% Abs/Ins":62.81,"Votants":363,"% Vot/Ins":37.19,"Blancs":17,"% Blancs/Ins":1.74,"% Blancs/Vot":4.68,"Nuls":26,"% Nuls/Ins":2.66,"% Nuls/Vot":7.16,"Exprimés":320,"% Exp/Ins":32.79,"% Exp/Vot":88.15,"resultats":[{"N.Pan.":null,"Code Nuance":"LNC","Sexe":"M","Nom":"DOUCHIN","Prénom":"Aurélien","Liste":"Partageons l'avenir à la Chevallerais","Sièges / Elu":"19","Sièges Secteur":0,"Sièges CC":3,"Voix":320,"% Voix/Ins":32.79,"% Voix/Exp":100}]},"population":{"F0-2":35.6110025240635,"F3-5":45.4224406498882,"F6-10":71.7643980127181,"F11-17":83.8146754848873,"F18-24":34.7175167394253,"F25-39":163.049841096111,"F40-54":177.490762395324,"F55-64":62.1782900556322,"F65-79":48.1198046526582,"F80+":20.5772356140753,"H0-2":33.6190025768957,"H3-5":60.1451164985295,"H6-10":94.5516966958704,"H11-17":94.4306819139809,"H18-24":34.9519728156748,"H25-39":153.894288863329,"H40-54":205.416915122103,"H55-64":65.144878575182,"H65-79":37.7748006591509,"H80+":13.3246790545003},"Analyse":{"Votes décisifs":321,"tour décisif":1,"majeurs":1016.6409856431659,"Non votants de 18-24":44.79342704567658}}