{"id":4453,"slug":"45-25-bazoches-les-gallerandes","nom_standard":"Bazoches-les-Gallerandes","code_postal":"45","code_departement":"45","libelle_departement":"Loiret","code_commune":"25","Tour 1":{"Inscrits":1027,"Abstentions":569,"% Abs/Ins":55.4,"Votants":458,"% Vot/Ins":44.6,"Blancs":15,"% Blancs/Ins":1.46,"% Blancs/Vot":3.28,"Nuls":25,"% Nuls/Ins":2.43,"% Nuls/Vot":5.46,"Exprimés":418,"% Exp/Ins":40.7,"% Exp/Vot":91.27,"resultats":[{"N.Pan.":null,"Code Nuance":"LNC","Sexe":"M","Nom":"CHACHIGNON","Prénom":"Alain","Liste":"Bazoches-Izy Ensemble pour l'avenir","Sièges / Elu":"19","Sièges Secteur":0,"Sièges CC":6,"Voix":418,"% Voix/Ins":40.7,"% Voix/Exp":100}]},"population":{"F0-2":21.644995988156,"F3-5":21.0316933655488,"F6-10":54.2927489173913,"F11-17":86.247903182093,"F18-24":41.1536708043113,"F25-39":137.906543935542,"F40-54":160.450250749323,"F55-64":94.4784874850375,"F65-79":99.2528000815523,"F80+":47.7818900733897,"H0-2":26.5269989855683,"H3-5":21.4332223640106,"H6-10":63.2447101727173,"H11-17":97.8540198439062,"H18-24":49.5723059831156,"H25-39":123.124176466524,"H40-54":157.291307863843,"H55-64":98.8861787094279,"H65-79":98.7170100845503,"H80+":25.1090849439927},"Analyse":{"Votes décisifs":419,"tour décisif":1,"majeurs":1133.7237071806094,"Non votants de 18-24":54.07463298517372}}