{"id":4467,"slug":"45-62-cercottes","nom_standard":"Cercottes","code_postal":"45","code_departement":"45","libelle_departement":"Loiret","code_commune":"62","Tour 1":{"Inscrits":1027,"Abstentions":437,"% Abs/Ins":42.55,"Votants":590,"% Vot/Ins":57.45,"Blancs":7,"% Blancs/Ins":0.68,"% Blancs/Vot":1.19,"Nuls":13,"% Nuls/Ins":1.27,"% Nuls/Vot":2.2,"Exprimés":570,"% Exp/Ins":55.5,"% Exp/Vot":96.61,"resultats":[{"N.Pan.":null,"Code Nuance":"LNC","Sexe":"F","Nom":"VAILLANT","Prénom":"Aurélie","Liste":"Bien vivre à Cercottes !","Sièges / Elu":"12","Sièges Secteur":0,"Sièges CC":2,"Voix":344,"% Voix/Ins":33.5,"% Voix/Exp":60.35},{"N.Pan.":2,"Code Nuance":"LNC","Sexe":"M","Nom":"THIBAUDEAU","Prénom":"Alexandre","Liste":"Cercottes avec VOUS","Sièges / Elu":"3","Sièges Secteur":0,"Sièges CC":1,"Voix":226,"% Voix/Ins":22.01,"% Voix/Exp":39.65}]},"population":{"F0-2":21.3721188128199,"F3-5":42.755316017521,"F6-10":88.5680739583452,"F11-17":92.5836707149498,"F18-24":48.7199355907615,"F25-39":171.587563065262,"F40-54":156.298354620395,"F55-64":76.7350477097249,"F65-79":49.4572389848988,"F80+":14.1107134825303,"H0-2":31.5034453205107,"H3-5":42.7810635005476,"H6-10":56.0072885065243,"H11-17":95.7118999585639,"H18-24":52.7025908020399,"H25-39":148.12323013587,"H40-54":175.655083832921,"H55-64":70.7039155090759,"H65-79":57.5549599341709,"H80+":8.06848954256791},"Analyse":{"Votes décisifs":119,"tour décisif":1,"majeurs":1029.7171232102182,"Non votants de 18-24":43.31016793730687}}