{"id":4473,"slug":"45-83-chateau-renard","nom_standard":"Château-Renard","code_postal":"45","code_departement":"45","libelle_departement":"Loiret","code_commune":"83","Tour 1":{"Inscrits":1575,"Abstentions":782,"% Abs/Ins":49.65,"Votants":793,"% Vot/Ins":50.35,"Blancs":11,"% Blancs/Ins":0.7,"% Blancs/Vot":1.39,"Nuls":26,"% Nuls/Ins":1.65,"% Nuls/Vot":3.28,"Exprimés":756,"% Exp/Ins":48,"% Exp/Vot":95.33,"resultats":[{"N.Pan.":null,"Code Nuance":"LNC","Sexe":"M","Nom":"BURON","Prénom":"Jocelyn","Liste":"Château-Renard, demain, tous ensemble","Sièges / Elu":"16","Sièges Secteur":0,"Sièges CC":3,"Voix":482,"% Voix/Ins":30.6,"% Voix/Exp":63.76},{"N.Pan.":2,"Code Nuance":"LNC","Sexe":"M","Nom":"BENEDIC","Prénom":"Marc","Liste":"Ensemble pour Château-Renard","Sièges / Elu":"3","Sièges Secteur":0,"Sièges CC":1,"Voix":274,"% Voix/Ins":17.4,"% Voix/Exp":36.24}]},"population":{"F0-2":27.5932041547157,"F3-5":32.5765963234343,"F6-10":47.344998422302,"F11-17":91.7857181302082,"F18-24":49.6012154442888,"F25-39":122.839254728347,"F40-54":195.505612185909,"F55-64":152.691929452627,"F65-79":224.972689761895,"F80+":160.095281763899,"H0-2":25.6740679647385,"H3-5":35.5059713079383,"H6-10":60.0761182916369,"H11-17":78.9247118658366,"H18-24":56.41596947015,"H25-39":136.150932605398,"H40-54":173.859511675323,"H55-64":157.59334779428,"H65-79":192.843727453992,"H80+":83.9491412030798},"Analyse":{"Votes décisifs":209,"tour décisif":1,"majeurs":1706.5186135391887,"Non votants de 18-24":56.752191863591335}}