{"id":4489,"slug":"45-126-donnery","nom_standard":"Donnery","code_postal":"45","code_departement":"45","libelle_departement":"Loiret","code_commune":"126","Tour 1":{"Inscrits":2042,"Abstentions":916,"% Abs/Ins":44.86,"Votants":1126,"% Vot/Ins":55.14,"Blancs":22,"% Blancs/Ins":1.08,"% Blancs/Vot":1.95,"Nuls":19,"% Nuls/Ins":0.93,"% Nuls/Vot":1.69,"Exprimés":1085,"% Exp/Ins":53.13,"% Exp/Vot":96.36,"resultats":[{"N.Pan.":null,"Code Nuance":"LNC","Sexe":"F","Nom":"GRATAROLI","Prénom":"Célina","Liste":"AGIR POUR DONNERY","Sièges / Elu":"3","Sièges Secteur":0,"Sièges CC":0,"Voix":344,"% Voix/Ins":16.85,"% Voix/Exp":31.71},{"N.Pan.":2,"Code Nuance":"LNC","Sexe":"M","Nom":"CHAUFTON","Prénom":"Daniel","Liste":"DONNERY AU COEUR DE NOTRE ACTION","Sièges / Elu":"20","Sièges Secteur":0,"Sièges CC":3,"Voix":741,"% Voix/Ins":36.29,"% Voix/Exp":68.29}]},"population":{"F0-2":50.8205723111385,"F3-5":51.1657445469975,"F6-10":95.3098273310577,"F11-17":164.656458920609,"F18-24":66.4741061252787,"F25-39":223.651290971365,"F40-54":327.531778614764,"F55-64":168.586235701556,"F65-79":226.417120873536,"F80+":49.4877738035822,"H0-2":44.3434782451813,"H3-5":56.2823121720195,"H6-10":128.47608848038,"H11-17":161.797893106029,"H18-24":75.9293252608148,"H25-39":211.260672175938,"H40-54":333.273124074854,"H55-64":180.865200506248,"H65-79":201.754251233391,"H80+":35.9167455452592},"Analyse":{"Votes décisifs":398,"tour décisif":1,"majeurs":2101.147624886587,"Non votants de 18-24":66.0897722021529}}