{"id":4508,"slug":"45-182-ligny-le-ribault","nom_standard":"Ligny-le-Ribault","code_postal":"45","code_departement":"45","libelle_departement":"Loiret","code_commune":"182","Tour 1":{"Inscrits":1076,"Abstentions":391,"% Abs/Ins":36.34,"Votants":685,"% Vot/Ins":63.66,"Blancs":10,"% Blancs/Ins":0.93,"% Blancs/Vot":1.46,"Nuls":8,"% Nuls/Ins":0.74,"% Nuls/Vot":1.17,"Exprimés":667,"% Exp/Ins":61.99,"% Exp/Vot":97.37,"resultats":[{"N.Pan.":null,"Code Nuance":"LNC","Sexe":"F","Nom":"DURAND-GABORIT","Prénom":"Anne","Liste":"LIGNY, L'AVENIR ENSEMBLE","Sièges / Elu":"13","Sièges Secteur":0,"Sièges CC":2,"Voix":494,"% Voix/Ins":45.91,"% Voix/Exp":74.06},{"N.Pan.":2,"Code Nuance":"LNC","Sexe":"M","Nom":"BERTRAND","Prénom":"Nicolas","Liste":"Ligny en Harmonie","Sièges / Elu":"2","Sièges Secteur":0,"Sièges CC":0,"Voix":173,"% Voix/Ins":16.08,"% Voix/Exp":25.94}]},"population":{"F0-2":14.0470595969141,"F3-5":22.4748347473675,"F6-10":33.9689284257071,"F11-17":54.8123597929083,"F18-24":32.9160213120966,"F25-39":104.392455041211,"F40-54":119.066218507654,"F55-64":91.0014945653317,"F65-79":122.140185281022,"F80+":41.0370289322367,"H0-2":17.0468470158494,"H3-5":23.4401719731684,"H6-10":34.4836500219732,"H11-17":48.7324669769493,"H18-24":24.03529587892,"H25-39":107.348434950517,"H40-54":120.745110244148,"H55-64":89.3979506540797,"H65-79":104.241102354475,"H80+":32.6723837274708},"Analyse":{"Votes décisifs":322,"tour décisif":1,"majeurs":988.9936814491625,"Non votants de 18-24":17.505511815715323}}