{"id":4556,"slug":"45-297-saint-pere-sur-loire","nom_standard":"Saint-Père-sur-Loire","code_postal":"45","code_departement":"45","libelle_departement":"Loiret","code_commune":"297","Tour 1":{"Inscrits":761,"Abstentions":425,"% Abs/Ins":55.85,"Votants":336,"% Vot/Ins":44.15,"Blancs":20,"% Blancs/Ins":2.63,"% Blancs/Vot":5.95,"Nuls":51,"% Nuls/Ins":6.7,"% Nuls/Vot":15.18,"Exprimés":265,"% Exp/Ins":34.82,"% Exp/Vot":78.87,"resultats":[{"N.Pan.":null,"Code Nuance":"LNC","Sexe":"M","Nom":"FOULON","Prénom":"Patrick","Liste":"AGISSONS TOUJOURS ENSEMBLE POUR SAINT-PERE","Sièges / Elu":"15","Sièges Secteur":0,"Sièges CC":1,"Voix":265,"% Voix/Ins":34.82,"% Voix/Exp":100}]},"population":{"F0-2":14.0907865693843,"F3-5":12.9938410888391,"F6-10":25.9994993618126,"F11-17":42.189865579839,"F18-24":29.682541475947,"F25-39":75.298071552397,"F40-54":99.0338738672145,"F55-64":82.0912791363768,"F65-79":93.699378104343,"F80+":51.8887143692545,"H0-2":10.3039485504644,"H3-5":16.0911454192552,"H6-10":28.6848015591337,"H11-17":41.0710685118024,"H18-24":23.3324554554405,"H25-39":95.450581867547,"H40-54":96.9157569473521,"H55-64":72.6739952303711,"H65-79":87.3052955722804,"H80+":26.2030997809455},"Analyse":{"Votes décisifs":266,"tour décisif":1,"majeurs":833.5750433594694,"Non votants de 18-24":31.645548420601727}}