{"id":4526,"slug":"45-232-olivet","nom_standard":"Olivet","code_postal":"45","code_departement":"45","libelle_departement":"Loiret","code_commune":"232","Tour 1":{"Inscrits":14383,"Abstentions":8891,"% Abs/Ins":61.82,"Votants":5492,"% Vot/Ins":38.18,"Blancs":46,"% Blancs/Ins":0.32,"% Blancs/Vot":0.84,"Nuls":81,"% Nuls/Ins":0.56,"% Nuls/Vot":1.47,"Exprimés":5365,"% Exp/Ins":37.3,"% Exp/Vot":97.69,"resultats":[{"N.Pan.":null,"Code Nuance":"LDVG","Sexe":"M","Nom":"RAGON","Prénom":"Dominique","Liste":"A GAUCHE POUR OLIVET","Sièges / Elu":"1","Sièges Secteur":0,"Sièges CC":0,"Voix":397,"% Voix/Ins":2.76,"% Voix/Exp":7.4},{"N.Pan.":2,"Code Nuance":"LDVD","Sexe":"M","Nom":"SCHLESINGER","Prénom":"Matthieu","Liste":"Olivet 2020 avec Matthieu Schlesinger","Sièges / Elu":"30","Sièges Secteur":0,"Sièges CC":7,"Voix":3506,"% Voix/Ins":24.38,"% Voix/Exp":65.35},{"N.Pan.":3,"Code Nuance":"LDVG","Sexe":"M","Nom":"HAGLUND","Prénom":"Jean-Christophe","Liste":"OLIVET ECOLOGIQUE ET SOLIDAIRE","Sièges / Elu":3,"Sièges CC":0,"Voix":998,"% Voix/Ins":6.94,"% Voix/Exp":18.6},{"N.Pan.":4,"Code Nuance":"LDIV","Sexe":"M","Nom":"DE SOUSA","Prénom":"Gile","Liste":"OLIVET PRES DE VOUS","Sièges / Elu":1,"Sièges CC":0,"Voix":464,"% Voix/Ins":3.23,"% Voix/Exp":8.65}]},"population":{"F0-2":321.068591940563,"F3-5":354.544162176657,"F6-10":526.826906728588,"F11-17":857.900839183553,"F18-24":1321.16164559813,"F25-39":2021.09314922365,"F40-54":1870.22778398628,"F55-64":1442.64520404075,"F65-79":1760.74806219376,"F80+":991.689159475804,"H0-2":369.282213461468,"H3-5":343.890210172943,"H6-10":751.319247410433,"H11-17":766.288489418154,"H18-24":1773.14361463552,"H25-39":1903.86482290095,"H40-54":1793.27446524893,"H55-64":1316.71592631973,"H65-79":1445.73961074298,"H80+":571.575895141166},"Analyse":{"Votes décisifs":1648,"tour décisif":1,"majeurs":18211.87933950765,"Non votants de 18-24":2161.182205089214}}