{"id":4547,"slug":"45-280-saint-gondon","nom_standard":"Saint-Gondon","code_postal":"45","code_departement":"45","libelle_departement":"Loiret","code_commune":"280","Tour 1":{"Inscrits":815,"Abstentions":420,"% Abs/Ins":51.53,"Votants":395,"% Vot/Ins":48.47,"Blancs":0,"% Blancs/Ins":0,"% Blancs/Vot":0,"Nuls":24,"% Nuls/Ins":2.94,"% Nuls/Vot":6.08,"Exprimés":371,"% Exp/Ins":45.52,"% Exp/Vot":93.92,"resultats":[{"N.Pan.":null,"Code Nuance":"LNC","Sexe":"M","Nom":"BOULOGNE","Prénom":"Didier","Liste":"Une équipe pour notre village","Sièges / Elu":"15","Sièges Secteur":0,"Sièges CC":2,"Voix":371,"% Voix/Ins":45.52,"% Voix/Exp":100}]},"population":{"F0-2":19.3061353821682,"F3-5":12.8617339422834,"F6-10":30.8240575542178,"F11-17":49.5294241090677,"F18-24":20.776747198027,"F25-39":89.024439261247,"F40-54":97.4646903615356,"F55-64":86.2270106098575,"F65-79":96.42488412731,"F80+":32.8008600541587,"H0-2":10.6374182140795,"H3-5":21.8164327610814,"H6-10":37.0767487370676,"H11-17":67.3061836333309,"H18-24":27.338067645986,"H25-39":78.9159233291439,"H40-54":106.127713647433,"H55-64":82.9398952669923,"H65-79":84.0448343829029,"H80+":27.5567997821096},"Analyse":{"Votes décisifs":372,"tour décisif":1,"majeurs":829.6418656667034,"Non votants de 18-24":25.2069160868639}}