{"id":4532,"slug":"45-247-pannes","nom_standard":"Pannes","code_postal":"45","code_departement":"45","libelle_departement":"Loiret","code_commune":"247","Tour 1":{"Inscrits":2573,"Abstentions":1745,"% Abs/Ins":67.82,"Votants":828,"% Vot/Ins":32.18,"Blancs":26,"% Blancs/Ins":1.01,"% Blancs/Vot":3.14,"Nuls":49,"% Nuls/Ins":1.9,"% Nuls/Vot":5.92,"Exprimés":753,"% Exp/Ins":29.27,"% Exp/Vot":90.94,"resultats":[{"N.Pan.":null,"Code Nuance":"LDVD","Sexe":"M","Nom":"LAURENT","Prénom":"Dominique","Liste":"PANNES POUR TOUS","Sièges / Elu":"27","Sièges Secteur":0,"Sièges CC":4,"Voix":753,"% Voix/Ins":29.27,"% Voix/Exp":100}]},"population":{"F0-2":58.1226109513674,"F3-5":73.9305644939673,"F6-10":117.290296679048,"F11-17":166.755287308454,"F18-24":96.9200684857407,"F25-39":318.988113851335,"F40-54":379.778160543144,"F55-64":245.534278670852,"F65-79":306.17975703922,"F80+":113.198914681233,"H0-2":71.1496874108588,"H3-5":84.86695673828,"H6-10":149.641438761111,"H11-17":190.36499592004,"H18-24":104.495952061067,"H25-39":256.212695699054,"H40-54":365.215557475633,"H55-64":205.374404685336,"H65-79":290.389540233803,"H80+":99.5907183104566},"Analyse":{"Votes décisifs":754,"tour décisif":1,"majeurs":2781.878161736874,"Non votants de 18-24":141.4664270287969}}