{"id":4452,"slug":"45-24-baule","nom_standard":"Baule","code_postal":"45","code_departement":"45","libelle_departement":"Loiret","code_commune":"24","Tour 1":{"Inscrits":1642,"Abstentions":1141,"% Abs/Ins":69.49,"Votants":501,"% Vot/Ins":30.51,"Blancs":9,"% Blancs/Ins":0.55,"% Blancs/Vot":1.8,"Nuls":32,"% Nuls/Ins":1.95,"% Nuls/Vot":6.39,"Exprimés":460,"% Exp/Ins":28.01,"% Exp/Vot":91.82,"resultats":[{"N.Pan.":null,"Code Nuance":"LNC","Sexe":"M","Nom":"ECHEGUT","Prénom":"Patrick","Liste":"Ensemble pour Baule","Sièges / Elu":"19","Sièges Secteur":0,"Sièges CC":2,"Voix":460,"% Voix/Ins":28.01,"% Voix/Exp":100}]},"population":{"F0-2":23.5727708846668,"F3-5":26.5813869403616,"F6-10":61.4218569087859,"F11-17":126.329820048021,"F18-24":45.3822626170378,"F25-39":171.584605527257,"F40-54":257.251048660382,"F55-64":125.73575404386,"F65-79":149.263519768803,"F80+":36.7913127070779,"H0-2":36.0593721913239,"H3-5":33.4508454075444,"H6-10":62.5689972061516,"H11-17":123.466364364326,"H18-24":59.3899377825409,"H25-39":168.205700190817,"H40-54":249.897230405538,"H55-64":121.094745440218,"H65-79":137.508640095966,"H80+":29.4438288093224},"Analyse":{"Votes décisifs":461,"tour décisif":1,"majeurs":1551.54858604882,"Non votants de 18-24":70.94092184847486}}