{"id":4525,"slug":"45-229-nogent-sur-vernisson","nom_standard":"Nogent-sur-Vernisson","code_postal":"45","code_departement":"45","libelle_departement":"Loiret","code_commune":"229","Tour 1":{"Inscrits":1705,"Abstentions":840,"% Abs/Ins":49.27,"Votants":865,"% Vot/Ins":50.73,"Blancs":32,"% Blancs/Ins":1.88,"% Blancs/Vot":3.7,"Nuls":17,"% Nuls/Ins":1,"% Nuls/Vot":1.97,"Exprimés":816,"% Exp/Ins":47.86,"% Exp/Vot":94.34,"resultats":[{"N.Pan.":null,"Code Nuance":"LNC","Sexe":"M","Nom":"OUDIN","Prénom":"Jean-Loup","Liste":"CONSTRUISONS NOGENT","Sièges / Elu":"3","Sièges Secteur":0,"Sièges CC":0,"Voix":237,"% Voix/Ins":13.9,"% Voix/Exp":29.04},{"N.Pan.":2,"Code Nuance":"LNC","Sexe":"M","Nom":"MOREAU","Prénom":"Philippe","Liste":"Ensemble pour Nogent","Sièges / Elu":"20","Sièges Secteur":0,"Sièges CC":5,"Voix":579,"% Voix/Ins":33.96,"% Voix/Exp":70.96}]},"population":{"F0-2":37.4339075973383,"F3-5":47.2553162817775,"F6-10":63.958127867601,"F11-17":99.355789809631,"F18-24":107.704405936893,"F25-39":186.110282606084,"F40-54":218.506651151324,"F55-64":172.973385726069,"F65-79":243.519529177361,"F80+":128.537557391203,"H0-2":38.4773672943106,"H3-5":49.2692108753946,"H6-10":75.6760299882768,"H11-17":103.38325115835,"H18-24":151.523836133599,"H25-39":187.421210113631,"H40-54":215.695610807601,"H55-64":159.914461738526,"H65-79":221.18475981411,"H80+":67.0993085309207},"Analyse":{"Votes décisifs":343,"tour décisif":1,"majeurs":2060.190999127322,"Non votants de 18-24":150.38763967685065}}