{"id":4459,"slug":"45-35-boiscommun","nom_standard":"Boiscommun","code_postal":"45","code_departement":"45","libelle_departement":"Loiret","code_commune":"35","Tour 1":{"Inscrits":772,"Abstentions":361,"% Abs/Ins":46.76,"Votants":411,"% Vot/Ins":53.24,"Blancs":9,"% Blancs/Ins":1.17,"% Blancs/Vot":2.19,"Nuls":13,"% Nuls/Ins":1.68,"% Nuls/Vot":3.16,"Exprimés":389,"% Exp/Ins":50.39,"% Exp/Vot":94.65,"resultats":[{"N.Pan.":null,"Code Nuance":"LNC","Sexe":"M","Nom":"BELLOEIL","Prénom":"Laurent","Liste":"Un Avenir Ensemble","Sièges / Elu":"3","Sièges Secteur":0,"Sièges CC":0,"Voix":176,"% Voix/Ins":22.8,"% Voix/Exp":45.24},{"N.Pan.":2,"Code Nuance":"LNC","Sexe":"M","Nom":"DESBOIS","Prénom":"Jean-Marie","Liste":"ENSEMBLE POUR L'AVENIR DE BOISCOMMUN-CHEMAULT","Sièges / Elu":"12","Sièges Secteur":0,"Sièges CC":2,"Voix":213,"% Voix/Ins":27.59,"% Voix/Exp":54.76}]},"population":{"F0-2":15.2565012733835,"F3-5":15.2904264461708,"F6-10":32.5253537305866,"F11-17":52.0168507684904,"F18-24":20.6541962353237,"F25-39":97.3004666500915,"F40-54":102.629466492385,"F55-64":72.5638229802586,"F65-79":108.989747216884,"F80+":49.01282170306,"H0-2":12.4563905457639,"H3-5":21.613570233039,"H6-10":43.4358039160029,"H11-17":55.9775341618078,"H18-24":26.7573776582606,"H25-39":85.2103705681206,"H40-54":105.569498269112,"H55-64":82.832822976203,"H65-79":95.0157844959526,"H80+":29.8911936791037},"Analyse":{"Votes décisifs":38,"tour décisif":1,"majeurs":876.4275689247554,"Non votants de 18-24":25.177954640632542}}