{"id":4564,"slug":"45-317-tavers","nom_standard":"Tavers","code_postal":"45","code_departement":"45","libelle_departement":"Loiret","code_commune":"317","Tour 1":{"Inscrits":1124,"Abstentions":649,"% Abs/Ins":57.74,"Votants":475,"% Vot/Ins":42.26,"Blancs":1,"% Blancs/Ins":0.09,"% Blancs/Vot":0.21,"Nuls":53,"% Nuls/Ins":4.72,"% Nuls/Vot":11.16,"Exprimés":421,"% Exp/Ins":37.46,"% Exp/Vot":88.63,"resultats":[{"N.Pan.":null,"Code Nuance":"LNC","Sexe":"M","Nom":"ANTOINE","Prénom":"Jean-Paul","Liste":"TAVERS, UN LIEN DURABLE VERS L'AVENIR","Sièges / Elu":"15","Sièges Secteur":0,"Sièges CC":1,"Voix":421,"% Voix/Ins":37.46,"% Voix/Exp":100}]},"population":{"F0-2":10.4040283887064,"F3-5":21.0319883454708,"F6-10":53.9782437634805,"F11-17":62.7564084186659,"F18-24":36.5372837891861,"F25-39":93.1258956373898,"F40-54":134.873522776647,"F55-64":101.267910620005,"F65-79":140.440835994354,"F80+":50.3225030140273,"H0-2":12.9478442573918,"H3-5":15.1277811278544,"H6-10":34.8813576422629,"H11-17":59.1980749991478,"H18-24":50.6849631894683,"H25-39":87.2695283444879,"H40-54":137.662910073502,"H55-64":85.7609819149601,"H65-79":120.953049014816,"H80+":41.7748886881761},"Analyse":{"Votes décisifs":422,"tour décisif":1,"majeurs":1080.6742730570197,"Non votants de 18-24":48.884545834292254}}