{"id":4461,"slug":"45-42-les-bordes","nom_standard":"Les Bordes","code_postal":"45","code_departement":"45","libelle_departement":"Loiret","code_commune":"42","Tour 1":{"Inscrits":1356,"Abstentions":898,"% Abs/Ins":66.22,"Votants":458,"% Vot/Ins":33.78,"Blancs":11,"% Blancs/Ins":0.81,"% Blancs/Vot":2.4,"Nuls":50,"% Nuls/Ins":3.69,"% Nuls/Vot":10.92,"Exprimés":397,"% Exp/Ins":29.28,"% Exp/Vot":86.68,"resultats":[{"N.Pan.":null,"Code Nuance":"LNC","Sexe":"M","Nom":"BOUDIER","Prénom":"Gérard","Liste":"LES BORDES DEMAIN","Sièges / Elu":"19","Sièges Secteur":0,"Sièges CC":2,"Voix":397,"% Voix/Ins":29.28,"% Voix/Exp":100}]},"population":{"F0-2":33.4972463259656,"F3-5":28.9462978703282,"F6-10":65.7978304425881,"F11-17":77.5313468886345,"F18-24":52.8501060779724,"F25-39":191.990282193347,"F40-54":191.600176429929,"F55-64":110.065149764497,"F65-79":146.223395095516,"F80+":47.5712627733618,"H0-2":43.392454125859,"H3-5":38.1055750081896,"H6-10":66.8760773600701,"H11-17":110.150521717699,"H18-24":60.4667192122008,"H25-39":170.942476326605,"H40-54":197.512948657358,"H55-64":108.639535677936,"H65-79":124.395464614857,"H80+":28.4451334370858},"Analyse":{"Votes décisifs":398,"tour décisif":1,"majeurs":1430.702650260666,"Non votants de 18-24":77.04156853193375}}