{"id":4480,"slug":"45-97-chuelles","nom_standard":"Chuelles","code_postal":"45","code_departement":"45","libelle_departement":"Loiret","code_commune":"97","Tour 1":{"Inscrits":878,"Abstentions":520,"% Abs/Ins":59.23,"Votants":358,"% Vot/Ins":40.77,"Blancs":6,"% Blancs/Ins":0.68,"% Blancs/Vot":1.68,"Nuls":29,"% Nuls/Ins":3.3,"% Nuls/Vot":8.1,"Exprimés":323,"% Exp/Ins":36.79,"% Exp/Vot":90.22,"resultats":[{"N.Pan.":null,"Code Nuance":"LNC","Sexe":"M","Nom":"HAMON","Prénom":"Stéphane","Liste":"Poursuivre l'action à Chuelles","Sièges / Elu":"15","Sièges Secteur":0,"Sièges CC":2,"Voix":323,"% Voix/Ins":36.79,"% Voix/Exp":100}]},"population":{"F0-2":23.737081909718,"F3-5":29.077098105568,"F6-10":50.9112902496829,"F11-17":40.4629728398171,"F18-24":26.4698346640099,"F25-39":106.737900203625,"F40-54":117.06356538895,"F55-64":72.2599156823171,"F65-79":101.866091272611,"F80+":37.7597653400878,"H0-2":23.8205778747156,"H3-5":38.4123920820723,"H6-10":39.4121172226156,"H11-17":43.336756371807,"H18-24":32.8428530176943,"H25-39":108.423101060302,"H40-54":130.197852383039,"H55-64":74.2507281372448,"H65-79":94.0691980867642,"H80+":25.8889081073587},"Analyse":{"Votes décisifs":324,"tour décisif":1,"majeurs":927.8297133440038,"Non votants de 18-24":36.42708498471731}}