{"id":4515,"slug":"45-197-marigny-les-usages","nom_standard":"Marigny-les-Usages","code_postal":"45","code_departement":"45","libelle_departement":"Loiret","code_commune":"197","Tour 1":{"Inscrits":1132,"Abstentions":438,"% Abs/Ins":38.69,"Votants":694,"% Vot/Ins":61.31,"Blancs":7,"% Blancs/Ins":0.62,"% Blancs/Vot":1.01,"Nuls":9,"% Nuls/Ins":0.8,"% Nuls/Vot":1.3,"Exprimés":678,"% Exp/Ins":59.89,"% Exp/Vot":97.69,"resultats":[{"N.Pan.":null,"Code Nuance":"LNC","Sexe":"F","Nom":"GRIVÉ","Prénom":"Claude","Liste":"MARIGNY AVEC VOUS POUR DEMAIN","Sièges / Elu":"3","Sièges Secteur":0,"Sièges CC":0,"Voix":246,"% Voix/Ins":21.73,"% Voix/Exp":36.28},{"N.Pan.":2,"Code Nuance":"LNC","Sexe":"M","Nom":"BEAUMONT","Prénom":"Philippe","Liste":"ENSEMBLE VERS L'AVENIR","Sièges / Elu":"16","Sièges Secteur":0,"Sièges CC":1,"Voix":432,"% Voix/Ins":38.16,"% Voix/Exp":63.72}]},"population":{"F0-2":48.1100761063467,"F3-5":39.5068247268357,"F6-10":69.3329999367129,"F11-17":73.6374339340211,"F18-24":38.1526549356089,"F25-39":196.430282485022,"F40-54":181.234080273721,"F55-64":104.432008196371,"F65-79":96.2409134311179,"F80+":25.9681445104393,"H0-2":41.5889286108796,"H3-5":55.0834296133703,"H6-10":75.8938113117773,"H11-17":87.8114662922732,"H18-24":57.7428817986158,"H25-39":164.99962490392,"H40-54":183.94529231478,"H55-64":101.357800910135,"H65-79":92.5681511791161,"H80+":20.9631945289365},"Analyse":{"Votes décisifs":187,"tour décisif":1,"majeurs":1264.0350294677835,"Non votants de 18-24":43.24549069746797}}