{"id":4521,"slug":"45-224-neuville-aux-bois","nom_standard":"Neuville-aux-Bois","code_postal":"45","code_departement":"45","libelle_departement":"Loiret","code_commune":"224","Tour 1":{"Inscrits":3280,"Abstentions":1760,"% Abs/Ins":53.66,"Votants":1520,"% Vot/Ins":46.34,"Blancs":25,"% Blancs/Ins":0.76,"% Blancs/Vot":1.64,"Nuls":50,"% Nuls/Ins":1.52,"% Nuls/Vot":3.29,"Exprimés":1445,"% Exp/Ins":44.05,"% Exp/Vot":95.07,"resultats":[{"N.Pan.":null,"Code Nuance":"LDVG","Sexe":"M","Nom":"HARDOUIN","Prénom":"Patrick","Liste":"Ensemble, continuons d'agir","Sièges / Elu":"22","Sièges Secteur":0,"Sièges CC":7,"Voix":914,"% Voix/Ins":27.87,"% Voix/Exp":63.25},{"N.Pan.":2,"Code Nuance":"LDVD","Sexe":"F","Nom":"VAPPEREAU","Prénom":"Julia","Liste":"NEU'VILLE D'AVENIR","Sièges / Elu":"5","Sièges Secteur":0,"Sièges CC":1,"Voix":531,"% Voix/Ins":16.19,"% Voix/Exp":36.75}]},"population":{"F0-2":80.8898250022516,"F3-5":89.5519202349238,"F6-10":169.655741988518,"F11-17":251.728603889377,"F18-24":156.484481688738,"F25-39":449.655877485315,"F40-54":509.324091284918,"F55-64":277.279292935037,"F65-79":369.417711922798,"F80+":244.627645317378,"H0-2":99.0738867981042,"H3-5":106.635502860759,"H6-10":173.920892122815,"H11-17":262.176730014599,"H18-24":171.518684339298,"H25-39":403.576557719912,"H40-54":478.944891031877,"H55-64":246.166430705618,"H65-79":296.723365067278,"H80+":140.647867590485},"Analyse":{"Votes décisifs":384,"tour décisif":1,"majeurs":3744.3668970886515,"Non votants de 18-24":194.85253574384495}}