{"id":4528,"slug":"45-235-ormes","nom_standard":"Ormes","code_postal":"45","code_departement":"45","libelle_departement":"Loiret","code_commune":"235","Tour 1":{"Inscrits":3016,"Abstentions":1875,"% Abs/Ins":62.17,"Votants":1141,"% Vot/Ins":37.83,"Blancs":43,"% Blancs/Ins":1.43,"% Blancs/Vot":3.77,"Nuls":98,"% Nuls/Ins":3.25,"% Nuls/Vot":8.59,"Exprimés":1000,"% Exp/Ins":33.16,"% Exp/Vot":87.64,"resultats":[{"N.Pan.":null,"Code Nuance":"LDVD","Sexe":"M","Nom":"TOUCHARD","Prénom":"Alain","Liste":"Ormes, une ambition partagée","Sièges / Elu":"27","Sièges Secteur":0,"Sièges CC":2,"Voix":1000,"% Voix/Ins":33.16,"% Voix/Exp":100}]},"population":{"F0-2":70.545160623243,"F3-5":71.5007878682939,"F6-10":181.29715905198,"F11-17":204.036106241331,"F18-24":134.279906513602,"F25-39":372.440252745818,"F40-54":512.641153515496,"F55-64":284.256284901838,"F65-79":203.753561260807,"F80+":67.1345451849838,"H0-2":57.6860039042172,"H3-5":91.4994666873623,"H6-10":188.301918361777,"H11-17":252.47149887647,"H18-24":138.654135344782,"H25-39":343.155766957576,"H40-54":495.202366678396,"H55-64":286.850625199143,"H65-79":204.138605808158,"H80+":34.1546942747271},"Analyse":{"Votes décisifs":1001,"tour décisif":1,"majeurs":3076.661898385327,"Non votants de 18-24":171.71468398098696}}