{"id":4542,"slug":"45-272-saint-cyr-en-val","nom_standard":"Saint-Cyr-en-Val","code_postal":"45","code_departement":"45","libelle_departement":"Loiret","code_commune":"272","Tour 1":{"Inscrits":2656,"Abstentions":1328,"% Abs/Ins":50,"Votants":1328,"% Vot/Ins":50,"Blancs":45,"% Blancs/Ins":1.69,"% Blancs/Vot":3.39,"Nuls":47,"% Nuls/Ins":1.77,"% Nuls/Vot":3.54,"Exprimés":1236,"% Exp/Ins":46.54,"% Exp/Vot":93.07,"resultats":[{"N.Pan.":null,"Code Nuance":"LNC","Sexe":"M","Nom":"MICHAUT","Prénom":"Vincent","Liste":"AGIR ENSEMBLE AVEC LES SAINT-CYRIENS","Sièges / Elu":"18","Sièges Secteur":0,"Sièges CC":1,"Voix":620,"% Voix/Ins":23.34,"% Voix/Exp":50.16},{"N.Pan.":2,"Code Nuance":"LNC","Sexe":"F","Nom":"THOREZ","Prénom":"Nadia","Liste":"LISTE D'UNION POUR ST CYR EN VAL","Sièges / Elu":"5","Sièges Secteur":0,"Sièges CC":0,"Voix":616,"% Voix/Ins":23.19,"% Voix/Exp":49.84}]},"population":{"F0-2":50.1635536835506,"F3-5":43.5244765163846,"F6-10":90.7421790135214,"F11-17":122.508704829953,"F18-24":73.1372672982207,"F25-39":230.795571399202,"F40-54":318.472483014392,"F55-64":287.331746645651,"F65-79":349.89025336545,"F80+":103.151727489317,"H0-2":53.6892171358821,"H3-5":58.6201517913064,"H6-10":92.3529939250932,"H11-17":143.817943774016,"H18-24":88.4416961843072,"H25-39":222.55993474828,"H40-54":288.413615585765,"H55-64":293.866100057601,"H65-79":328.706759755712,"H80+":72.8136237863943},"Analyse":{"Votes décisifs":5,"tour décisif":1,"majeurs":2657.580779330292,"Non votants de 18-24":80.83753685358072}}