{"id":4574,"slug":"45-346-vitry-aux-loges","nom_standard":"Vitry-aux-Loges","code_postal":"45","code_departement":"45","libelle_departement":"Loiret","code_commune":"346","Tour 1":{"Inscrits":1563,"Abstentions":737,"% Abs/Ins":47.15,"Votants":826,"% Vot/Ins":52.85,"Blancs":13,"% Blancs/Ins":0.83,"% Blancs/Vot":1.57,"Nuls":22,"% Nuls/Ins":1.41,"% Nuls/Vot":2.66,"Exprimés":791,"% Exp/Ins":50.61,"% Exp/Vot":95.76,"resultats":[{"N.Pan.":null,"Code Nuance":"LNC","Sexe":"M","Nom":"DE BEAUREGARD","Prénom":"Arnaud","Liste":"SERVIR VITRY","Sièges / Elu":"15","Sièges Secteur":0,"Sièges CC":2,"Voix":471,"% Voix/Ins":30.13,"% Voix/Exp":59.54},{"N.Pan.":2,"Code Nuance":"LNC","Sexe":"F","Nom":"BARBIER","Prénom":"Christel","Liste":"VIVRE VITRY","Sièges / Elu":"4","Sièges Secteur":0,"Sièges CC":0,"Voix":320,"% Voix/Ins":20.47,"% Voix/Exp":40.46}]},"population":{"F0-2":57.5038179819527,"F3-5":48.2658639407053,"F6-10":96.600068381614,"F11-17":87.3243495480383,"F18-24":55.2438231670134,"F25-39":257.117851942601,"F40-54":202.943714301158,"F55-64":135.21290759784,"F65-79":132.685516747834,"F80+":84.1119180683998,"H0-2":42.5887074030272,"H3-5":59.9544196583347,"H6-10":90.0485591342589,"H11-17":96.7140405612947,"H18-24":51.0184081975482,"H25-39":240.121796223138,"H40-54":200.630558839924,"H55-64":158.294016587834,"H65-79":121.598307770158,"H80+":51.0213539473254},"Analyse":{"Votes décisifs":152,"tour décisif":1,"majeurs":1690.000173390774,"Non votants de 18-24":54.32578515046262}}