{"id":4597,"slug":"46-224-pradines","nom_standard":"Pradines","code_postal":"46","code_departement":"46","libelle_departement":"Lot","code_commune":"224","Tour 1":{"Inscrits":2578,"Abstentions":1204,"% Abs/Ins":46.7,"Votants":1374,"% Vot/Ins":53.3,"Blancs":22,"% Blancs/Ins":0.85,"% Blancs/Vot":1.6,"Nuls":26,"% Nuls/Ins":1.01,"% Nuls/Vot":1.89,"Exprimés":1326,"% Exp/Ins":51.44,"% Exp/Vot":96.51,"resultats":[{"N.Pan.":null,"Code Nuance":"LNC","Sexe":"M","Nom":"MARRE","Prénom":"Denis","Liste":"VIVONS PRADINES ENSEMBLE","Sièges / Elu":"19","Sièges Secteur":0,"Sièges CC":3,"Voix":839,"% Voix/Ins":32.54,"% Voix/Exp":63.27},{"N.Pan.":2,"Code Nuance":"LNC","Sexe":"M","Nom":"LIAUZUN","Prénom":"Christian","Liste":"PRADINES AUTREMENT","Sièges / Elu":"4","Sièges Secteur":0,"Sièges CC":1,"Voix":487,"% Voix/Ins":18.89,"% Voix/Exp":36.73}]},"population":{"F0-2":36.9953149107422,"F3-5":59.0146062247236,"F6-10":95.9785732093226,"F11-17":160.134674020961,"F18-24":70.2354861042462,"F25-39":278.874994502373,"F40-54":357.452842159785,"F55-64":293.225898157353,"F65-79":392.168805369165,"F80+":169.085893396163,"H0-2":54.9787125285615,"H3-5":69.0031266812925,"H6-10":118.001843629407,"H11-17":159.082882146184,"H18-24":94.3328237476978,"H25-39":224.85079098535,"H40-54":298.083268240592,"H55-64":236.53583227303,"H65-79":313.30692167863,"H80+":96.6567100344214},"Analyse":{"Votes décisifs":353,"tour décisif":1,"majeurs":2824.810266648806,"Non votants de 18-24":84.52156816234259}}