{"id":4622,"slug":"47-52-casteljaloux","nom_standard":"Casteljaloux","code_postal":"47","code_departement":"47","libelle_departement":"Lot-et-Garonne","code_commune":"52","Tour 1":{"Inscrits":3763,"Abstentions":1464,"% Abs/Ins":38.91,"Votants":2299,"% Vot/Ins":61.09,"Blancs":21,"% Blancs/Ins":0.56,"% Blancs/Vot":0.91,"Nuls":42,"% Nuls/Ins":1.12,"% Nuls/Vot":1.83,"Exprimés":2236,"% Exp/Ins":59.42,"% Exp/Vot":97.26,"resultats":[{"N.Pan.":null,"Code Nuance":"LDVG","Sexe":"M","Nom":"LAJUS","Prénom":"Christophe","Liste":"DÉMOCRATIE PARTICIPATIVE ET ECOLOGIQUE","Sièges / Elu":"1","Sièges Secteur":0,"Sièges CC":1,"Voix":259,"% Voix/Ins":6.88,"% Voix/Exp":11.58},{"N.Pan.":2,"Code Nuance":"LDIV","Sexe":"F","Nom":"CASTILLO","Prénom":"Julie","Liste":"LE RENOUVEAU DANS LA CONTINUITE AVEC JULIE CASTILLO","Sièges / Elu":"23","Sièges Secteur":0,"Sièges CC":13,"Voix":1465,"% Voix/Ins":38.93,"% Voix/Exp":65.52},{"N.Pan.":3,"Code Nuance":"LDVD","Sexe":"M","Nom":"PICHON","Prénom":"Gabriel Marc","Liste":"CASTELJALOUX NOUVEL HORIZON","Sièges / Elu":3,"Sièges CC":2,"Voix":512,"% Voix/Ins":13.61,"% Voix/Exp":22.9}]},"population":{"F0-2":41.7884444164516,"F3-5":48.2356418224581,"F6-10":103.391820368165,"F11-17":128.234446335503,"F18-24":122.546075610418,"F25-39":270.91488803383,"F40-54":371.923034908833,"F55-64":343.36082551347,"F65-79":602.322189864904,"F80+":431.72228343492,"H0-2":37.7904928279872,"H3-5":61.7983946401528,"H6-10":80.8532695754848,"H11-17":136.466375226398,"H18-24":117.868450604911,"H25-39":246.123625592322,"H40-54":383.774327366204,"H55-64":269.815592069156,"H65-79":468.782004381203,"H80+":253.287817407228},"Analyse":{"Votes décisifs":695,"tour décisif":1,"majeurs":3882.4411147873993,"Non votants de 18-24":98.05229085163627}}