{"id":4630,"slug":"47-78-damazan","nom_standard":"Damazan","code_postal":"47","code_departement":"47","libelle_departement":"Lot-et-Garonne","code_commune":"78","Tour 1":{"Inscrits":936,"Abstentions":371,"% Abs/Ins":39.64,"Votants":565,"% Vot/Ins":60.36,"Blancs":0,"% Blancs/Ins":0,"% Blancs/Vot":0,"Nuls":13,"% Nuls/Ins":1.39,"% Nuls/Vot":2.3,"Exprimés":552,"% Exp/Ins":58.97,"% Exp/Vot":97.7,"resultats":[{"N.Pan.":null,"Code Nuance":"LNC","Sexe":"F","Nom":"DELAURIER","Prénom":"Sylvie Nicole","Liste":"DAMAZAN, D'ACCORD !","Sièges / Elu":"1","Sièges Secteur":0,"Sièges CC":0,"Voix":77,"% Voix/Ins":8.23,"% Voix/Exp":13.95},{"N.Pan.":2,"Code Nuance":"LNC","Sexe":"M","Nom":"MASSET","Prénom":"Michel","Liste":"BIEN VIVRE ENSEMBLE Á DAMAZAN","Sièges / Elu":"14","Sièges Secteur":0,"Sièges CC":3,"Voix":475,"% Voix/Ins":50.75,"% Voix/Exp":86.05}]},"population":{"F0-2":22.9017434021909,"F3-5":21.8237610712387,"F6-10":33.6744197065359,"F11-17":47.5275010997739,"F18-24":38.0360767869324,"F25-39":126.83251027108,"F40-54":118.323146312507,"F55-64":90.8961798505835,"F65-79":109.170851244558,"F80+":96.9253232740844,"H0-2":18.8305763345157,"H3-5":24.7150145304335,"H6-10":46.4567758876715,"H11-17":37.4877955045117,"H18-24":33.8373204065863,"H25-39":122.016009545365,"H40-54":113.322031835076,"H55-64":96.95952492173,"H65-79":99.7347852590566,"H80+":57.5286527555694},"Analyse":{"Votes décisifs":399,"tour décisif":1,"majeurs":1103.5824124631285,"Non votants de 18-24":35.07644487194043}}