{"id":4655,"slug":"47-209-pont-du-casse","nom_standard":"Pont-du-Casse","code_postal":"47","code_departement":"47","libelle_departement":"Lot-et-Garonne","code_commune":"209","Tour 1":{"Inscrits":3396,"Abstentions":2100,"% Abs/Ins":61.84,"Votants":1296,"% Vot/Ins":38.16,"Blancs":37,"% Blancs/Ins":1.09,"% Blancs/Vot":2.85,"Nuls":76,"% Nuls/Ins":2.24,"% Nuls/Vot":5.86,"Exprimés":1183,"% Exp/Ins":34.84,"% Exp/Vot":91.28,"resultats":[{"N.Pan.":null,"Code Nuance":"LDIV","Sexe":"M","Nom":"DELBREL","Prénom":"Christian","Liste":"LE PARTI DES CASSIPONTINS","Sièges / Elu":"27","Sièges Secteur":0,"Sièges CC":2,"Voix":1183,"% Voix/Ins":34.84,"% Voix/Exp":100}]},"population":{"F0-2":40.7909633207968,"F3-5":54.6153485483776,"F6-10":108.255737477132,"F11-17":174.853283149066,"F18-24":81.0435957255402,"F25-39":316.746711806193,"F40-54":430.254733079162,"F55-64":349.666835658071,"F65-79":467.441051399046,"F80+":154.032786193406,"H0-2":56.7226739804366,"H3-5":64.4668291727109,"H6-10":110.007344386844,"H11-17":186.779671648729,"H18-24":82.9053749605835,"H25-39":296.157128342328,"H40-54":365.202316460562,"H55-64":295.43948304559,"H65-79":422.555147210576,"H80+":98.062984434852},"Analyse":{"Votes décisifs":1184,"tour décisif":1,"majeurs":3359.5081483159097,"Non votants de 18-24":100.70225222951585}}