{"id":4680,"slug":"48-80-langogne","nom_standard":"Langogne","code_postal":"48","code_departement":"48","libelle_departement":"Lozère","code_commune":"80","Tour 1":{"Inscrits":2231,"Abstentions":860,"% Abs/Ins":38.55,"Votants":1371,"% Vot/Ins":61.45,"Blancs":21,"% Blancs/Ins":0.94,"% Blancs/Vot":1.53,"Nuls":36,"% Nuls/Ins":1.61,"% Nuls/Vot":2.63,"Exprimés":1314,"% Exp/Ins":58.9,"% Exp/Vot":95.84,"resultats":[{"N.Pan.":null,"Code Nuance":"LNC","Sexe":"M","Nom":"L'HERMET","Prénom":"Yvan","Liste":"AGIR POUR LANGOGNE","Sièges / Elu":"1","Sièges Secteur":0,"Sièges CC":0,"Voix":137,"% Voix/Ins":6.14,"% Voix/Exp":10.43},{"N.Pan.":2,"Code Nuance":"LNC","Sexe":"M","Nom":"RENOUARD","Prénom":"Patrick","Liste":"LISTE D'ALTERNANCE LANGOGNE DYNAMIQUE","Sièges / Elu":"4","Sièges Secteur":0,"Sièges CC":2,"Voix":454,"% Voix/Ins":20.35,"% Voix/Exp":34.55},{"N.Pan.":3,"Code Nuance":"LNC","Sexe":"M","Nom":"OZIOL","Prénom":"Marc","Liste":"ENSEMBLE POUR LANGOGNE ET SON BASSIN DE VIE","Sièges / Elu":18,"Sièges CC":11,"Voix":723,"% Voix/Ins":32.41,"% Voix/Exp":55.02}]},"population":{"F0-2":29.9291823136264,"F3-5":25.0042743714381,"F6-10":51.8238647483882,"F11-17":113.519214109257,"F18-24":127.712745320333,"F25-39":170.360717940554,"F40-54":243.854870975009,"F55-64":189.059408390041,"F65-79":291.004544172304,"F80+":199.587027288164,"H0-2":26.0318006096671,"H3-5":22.9485691497583,"H6-10":80.2483567369337,"H11-17":118.22047982583,"H18-24":151.640948580335,"H25-39":202.494933088951,"H40-54":245.288522665514,"H55-64":213.592060614146,"H65-79":276.228531871464,"H80+":96.449947228285},"Analyse":{"Votes décisifs":133,"tour décisif":1,"majeurs":2407.2742581351,"Non votants de 18-24":120.25511464924575}}