{"id":4693,"slug":"49-20-beaucouze","nom_standard":"Beaucouzé","code_postal":"49","code_departement":"49","libelle_departement":"Maine-et-Loire","code_commune":"20","Tour 1":{"Inscrits":4390,"Abstentions":1987,"% Abs/Ins":45.26,"Votants":2403,"% Vot/Ins":54.74,"Blancs":24,"% Blancs/Ins":0.55,"% Blancs/Vot":1,"Nuls":25,"% Nuls/Ins":0.57,"% Nuls/Vot":1.04,"Exprimés":2354,"% Exp/Ins":53.62,"% Exp/Vot":97.96,"resultats":[{"N.Pan.":null,"Code Nuance":"LDVG","Sexe":"M","Nom":"COLLIOT","Prénom":"Yves","Liste":"BEAUCOUZÉ L'ENVIE PARTAGÉE","Sièges / Elu":"23","Sièges Secteur":0,"Sièges CC":2,"Voix":1368,"% Voix/Ins":31.16,"% Voix/Exp":58.11},{"N.Pan.":2,"Code Nuance":"LDIV","Sexe":"M","Nom":"JAPPERT","Prénom":"Julian","Liste":"BEAUCOUZE DE PLUS BELLE","Sièges / Elu":"6","Sièges Secteur":0,"Sièges CC":0,"Voix":986,"% Voix/Ins":22.46,"% Voix/Exp":41.89}]},"population":{"F0-2":66.2721859683202,"F3-5":103.097848580613,"F6-10":188.969601857898,"F11-17":237.83156345912,"F18-24":213.052482571314,"F25-39":421.180519857785,"F40-54":533.978381421941,"F55-64":496.863088450211,"F65-79":457.658622330869,"F80+":108.914519314902,"H0-2":81.2738199143358,"H3-5":105.960218891283,"H6-10":199.777109286443,"H11-17":275.860214741198,"H18-24":201.929192285001,"H25-39":378.211604520938,"H40-54":527.964925026567,"H55-64":437.593743849818,"H65-79":413.108797860396,"H80+":78.501559811045},"Analyse":{"Votes décisifs":383,"tour décisif":1,"majeurs":4268.957437300787,"Non votants de 18-24":181.38811499401666}}