{"id":4633,"slug":"47-100-foulayronnes","nom_standard":"Foulayronnes","code_postal":"47","code_departement":"47","libelle_departement":"Lot-et-Garonne","code_commune":"100","Tour 1":{"Inscrits":4152,"Abstentions":1741,"% Abs/Ins":41.93,"Votants":2411,"% Vot/Ins":58.07,"Blancs":5,"% Blancs/Ins":0.12,"% Blancs/Vot":0.21,"Nuls":51,"% Nuls/Ins":1.23,"% Nuls/Vot":2.12,"Exprimés":2355,"% Exp/Ins":56.72,"% Exp/Vot":97.68,"resultats":[{"N.Pan.":null,"Code Nuance":"LDIV","Sexe":"M","Nom":"MAILLARD","Prénom":"Laurent","Liste":"CITOYENS FOULAYRONNAIS TOUS ENSEMBLE","Sièges / Elu":"3","Sièges Secteur":0,"Sièges CC":0,"Voix":576,"% Voix/Ins":13.87,"% Voix/Exp":24.46},{"N.Pan.":2,"Code Nuance":"LDIV","Sexe":"M","Nom":"GALESSI","Prénom":"Eric","Liste":"FOULAYRONNES ENSEMBLE","Sièges / Elu":"2","Sièges Secteur":0,"Sièges CC":0,"Voix":326,"% Voix/Ins":7.85,"% Voix/Exp":13.84},{"N.Pan.":3,"Code Nuance":"LDVC","Sexe":"M","Nom":"DUBOS","Prénom":"Bruno","Liste":"NOUS FOULAYRONNAIS","Sièges / Elu":24,"Sièges CC":3,"Voix":1453,"% Voix/Ins":35,"% Voix/Exp":61.7}]},"population":{"F0-2":85.7659405096076,"F3-5":82.4016833411347,"F6-10":177.848038082726,"F11-17":241.802513611372,"F18-24":138.668882152756,"F25-39":420.2653737948,"F40-54":593.19036536641,"F55-64":500.360919517718,"F65-79":470.816536465276,"F80+":157.963295430097,"H0-2":86.5262708599379,"H3-5":92.4786239537389,"H6-10":183.952170019728,"H11-17":275.458332014789,"H18-24":172.10117144445,"H25-39":367.619499868691,"H40-54":518.867018563212,"H55-64":400.233406193514,"H65-79":412.46193210919,"H80+":100.218026700851},"Analyse":{"Votes décisifs":552,"tour décisif":1,"majeurs":4252.7664276069645,"Non votants de 18-24":134.58671224110037}}