{"id":4667,"slug":"47-301-seyches","nom_standard":"Seyches","code_postal":"47","code_departement":"47","libelle_departement":"Lot-et-Garonne","code_commune":"301","Tour 1":{"Inscrits":781,"Abstentions":325,"% Abs/Ins":41.61,"Votants":456,"% Vot/Ins":58.39,"Blancs":3,"% Blancs/Ins":0.38,"% Blancs/Vot":0.66,"Nuls":10,"% Nuls/Ins":1.28,"% Nuls/Vot":2.19,"Exprimés":443,"% Exp/Ins":56.72,"% Exp/Vot":97.15,"resultats":[{"N.Pan.":null,"Code Nuance":"LNC","Sexe":"M","Nom":"CADRET","Prénom":"Serge","Liste":"UNE EQUIPE POUR LE VILLAGE","Sièges / Elu":"12","Sièges Secteur":0,"Sièges CC":1,"Voix":259,"% Voix/Ins":33.16,"% Voix/Exp":58.47},{"N.Pan.":2,"Code Nuance":"LNC","Sexe":"M","Nom":"CORIOU","Prénom":"André","Liste":"SEYCHES EN MOUVEMENT","Sièges / Elu":"3","Sièges Secteur":0,"Sièges CC":0,"Voix":184,"% Voix/Ins":23.56,"% Voix/Exp":41.53}]},"population":{"F0-2":18.9848146343338,"F3-5":17.9555026939998,"F6-10":21.928906318955,"F11-17":35.9492264051867,"F18-24":29.1496864835794,"F25-39":92.3128629551513,"F40-54":87.379783186831,"F55-64":73.7284535911343,"F65-79":100.124253092954,"F80+":58.7330626701907,"H0-2":22.0111462439147,"H3-5":12.9343698694951,"H6-10":31.9027949269074,"H11-17":42.8378311905852,"H18-24":24.1002813329532,"H25-39":106.536235305968,"H40-54":91.3882103581056,"H55-64":69.7302311434574,"H65-79":82.8960640240226,"H80+":37.4162835722747},"Analyse":{"Votes décisifs":76,"tour décisif":1,"majeurs":853.4954077166223,"Non votants de 18-24":24.799919808305972}}