{"id":4666,"slug":"47-300-serignac-sur-garonne","nom_standard":"Sérignac-sur-Garonne","code_postal":"47","code_departement":"47","libelle_departement":"Lot-et-Garonne","code_commune":"300","Tour 1":{"Inscrits":854,"Abstentions":378,"% Abs/Ins":44.26,"Votants":476,"% Vot/Ins":55.74,"Blancs":7,"% Blancs/Ins":0.82,"% Blancs/Vot":1.47,"Nuls":9,"% Nuls/Ins":1.05,"% Nuls/Vot":1.89,"Exprimés":460,"% Exp/Ins":53.86,"% Exp/Vot":96.64,"resultats":[{"N.Pan.":null,"Code Nuance":"LNC","Sexe":"F","Nom":"FERNANDEZ","Prénom":"Nicole","Liste":"UN NOUVEL ELAN POUR SERIGNAC","Sièges / Elu":"2","Sièges Secteur":0,"Sièges CC":0,"Voix":162,"% Voix/Ins":18.97,"% Voix/Exp":35.22},{"N.Pan.":2,"Code Nuance":"LNC","Sexe":"M","Nom":"DREUIL","Prénom":"Jean","Liste":"ENSEMBLE POUR SERIGNAC","Sièges / Elu":"13","Sièges Secteur":0,"Sièges CC":1,"Voix":298,"% Voix/Ins":34.89,"% Voix/Exp":64.78}]},"population":{"F0-2":10.924281173626,"F3-5":23.725874761458,"F6-10":38.4966671897155,"F11-17":51.4566291296019,"F18-24":34.8506605055675,"F25-39":102.316559144954,"F40-54":133.729689334708,"F55-64":72.3142311561217,"F65-79":70.4386042953317,"F80+":55.5109139312177,"H0-2":21.7985928897928,"H3-5":23.709565743085,"H6-10":30.5798987803499,"H11-17":62.3392014779369,"H18-24":25.9034172624105,"H25-39":101.33764695817,"H40-54":122.631220735689,"H55-64":80.2729194793594,"H65-79":63.3674112085462,"H80+":43.2960148423579},"Analyse":{"Votes décisifs":137,"tour décisif":1,"majeurs":905.9692888544336,"Non votants de 18-24":28.83363479785865}}