{"id":4704,"slug":"49-54-cande","nom_standard":"Candé","code_postal":"49","code_departement":"49","libelle_departement":"Maine-et-Loire","code_commune":"54","Tour 1":{"Inscrits":1833,"Abstentions":1122,"% Abs/Ins":61.21,"Votants":711,"% Vot/Ins":38.79,"Blancs":21,"% Blancs/Ins":1.15,"% Blancs/Vot":2.95,"Nuls":147,"% Nuls/Ins":8.02,"% Nuls/Vot":20.68,"Exprimés":543,"% Exp/Ins":29.62,"% Exp/Vot":76.37,"resultats":[{"N.Pan.":null,"Code Nuance":"LNC","Sexe":"M","Nom":"CROSSOUARD","Prénom":"Pascal","Liste":"ENSEMBLE POUR CANDÉ","Sièges / Elu":"23","Sièges Secteur":0,"Sièges CC":4,"Voix":543,"% Voix/Ins":29.62,"% Voix/Exp":100}]},"population":{"F0-2":35.7999022459021,"F3-5":33.2187252998005,"F6-10":80.4577768582168,"F11-17":154.178410575901,"F18-24":111.769203020331,"F25-39":167.854884485298,"F40-54":263.91991614956,"F55-64":176.241346745224,"F65-79":276.319180268898,"F80+":197.215422210731,"H0-2":39.4220011764062,"H3-5":41.6103597150808,"H6-10":83.1963225462114,"H11-17":139.787825813455,"H18-24":114.408487874092,"H25-39":168.595066361628,"H40-54":264.975341999689,"H55-64":156.866316214282,"H65-79":209.86270447361,"H80+":105.300805965682},"Analyse":{"Votes décisifs":544,"tour décisif":1,"majeurs":2213.328675769025,"Non votants de 18-24":153.52136109285826}}