{"id":4725,"slug":"49-140-fontevraud-l-abbaye","nom_standard":"Fontevraud-l'Abbaye","code_postal":"49","code_departement":"49","libelle_departement":"Maine-et-Loire","code_commune":"140","Tour 1":{"Inscrits":765,"Abstentions":325,"% Abs/Ins":42.48,"Votants":440,"% Vot/Ins":57.52,"Blancs":9,"% Blancs/Ins":1.18,"% Blancs/Vot":2.05,"Nuls":10,"% Nuls/Ins":1.31,"% Nuls/Vot":2.27,"Exprimés":421,"% Exp/Ins":55.03,"% Exp/Vot":95.68,"resultats":[{"N.Pan.":null,"Code Nuance":"LNC","Sexe":"F","Nom":"LION","Prénom":"Sandrine","Liste":"FONTEVRAUD L'ABBAYE AVEC VOUS","Sièges / Elu":"17","Sièges Secteur":0,"Sièges CC":1,"Voix":327,"% Voix/Ins":42.75,"% Voix/Exp":77.67},{"N.Pan.":2,"Code Nuance":"LNC","Sexe":"M","Nom":"CHARRIER","Prénom":"Stéphane","Liste":"ECOUTER AVANT D'AGIR, FONTEVRAUD AUTREMENT!","Sièges / Elu":"2","Sièges Secteur":0,"Sièges CC":0,"Voix":94,"% Voix/Ins":12.29,"% Voix/Exp":22.33}]},"population":{"F0-2":24.0395061584888,"F3-5":20.4787392961951,"F6-10":31.512197127324,"F11-17":40.2457772885815,"F18-24":88.9222680719791,"F25-39":101.935921975834,"F40-54":88.7092662041051,"F55-64":102.689496841398,"F65-79":82.545445156662,"F80+":85.2086766046754,"H0-2":15.5095237729591,"H3-5":20.9400584208842,"H6-10":27.7644530786413,"H11-17":32.2044482354957,"H18-24":219.440651949692,"H25-39":223.581564273068,"H40-54":101.840675041988,"H55-64":88.2470392288942,"H65-79":80.0962906231766,"H80+":39.0880006499576},"Analyse":{"Votes décisifs":234,"tour décisif":1,"majeurs":1302.30529662143,"Non votants de 18-24":204.1786821463211}}