{"id":4728,"slug":"49-163-jarze-villages","nom_standard":"Jarzé-Villages","code_postal":"49","code_departement":"49","libelle_departement":"Maine-et-Loire","code_commune":"163","Tour 1":{"Inscrits":1948,"Abstentions":1246,"% Abs/Ins":63.96,"Votants":702,"% Vot/Ins":36.04,"Blancs":19,"% Blancs/Ins":0.98,"% Blancs/Vot":2.71,"Nuls":95,"% Nuls/Ins":4.88,"% Nuls/Vot":13.53,"Exprimés":588,"% Exp/Ins":30.18,"% Exp/Vot":83.76,"resultats":[{"N.Pan.":null,"Code Nuance":"LNC","Sexe":"F","Nom":"MARQUET","Prénom":"Elisabeth","Liste":"JARZÉ VILLAGES L'AVENIR ENSEMBLE","Sièges / Elu":"27","Sièges Secteur":0,"Sièges CC":4,"Voix":588,"% Voix/Ins":30.18,"% Voix/Exp":100}]},"population":{"F0-2":52.306506972371,"F3-5":59.2185493911023,"F6-10":96.2754198498329,"F11-17":131.454399248446,"F18-24":67.5907612180158,"F25-39":274.051928848994,"F40-54":266.242086801326,"F55-64":154.194910328788,"F65-79":160.317948588492,"F80+":124.040177996925,"H0-2":65.2755238913519,"H3-5":63.2176576788721,"H6-10":100.347674235212,"H11-17":135.482662871002,"H18-24":62.5528772156237,"H25-39":257.220331272862,"H40-54":324.016724038834,"H55-64":155.12646005044,"H65-79":163.412675710676,"H80+":53.6547237908333},"Analyse":{"Votes décisifs":589,"tour décisif":1,"majeurs":2062.4216058618103,"Non votants de 18-24":85.8457926775878}}