{"id":474,"slug":"7-5-alba-la-romaine","nom_standard":"Alba-la-Romaine","code_postal":"7","code_departement":"7","libelle_departement":"Ardèche","code_commune":"5","Tour 1":{"Inscrits":1172,"Abstentions":603,"% Abs/Ins":51.45,"Votants":569,"% Vot/Ins":48.55,"Blancs":42,"% Blancs/Ins":3.58,"% Blancs/Vot":7.38,"Nuls":60,"% Nuls/Ins":5.12,"% Nuls/Vot":10.54,"Exprimés":467,"% Exp/Ins":39.85,"% Exp/Vot":82.07,"resultats":[{"N.Pan.":null,"Code Nuance":"LNC","Sexe":"M","Nom":"LAULAGNET","Prénom":"Pierre","Liste":"Alba demain, vivre et agir ensemble","Sièges / Elu":"15","Sièges Secteur":0,"Sièges CC":2,"Voix":467,"% Voix/Ins":39.85,"% Voix/Exp":100}]},"population":{"F0-2":19.7594346909289,"F3-5":25.5675291942515,"F6-10":50.7511403708923,"F11-17":79.6090060297514,"F18-24":27.3170518661247,"F25-39":114.554074041392,"F40-54":168.025993386791,"F55-64":105.178942752901,"F65-79":116.993116233009,"F80+":54.5346182020625,"H0-2":11.6022255763389,"H3-5":23.9796001669493,"H6-10":49.9904350816405,"H11-17":70.4087363313287,"H18-24":33.709513527384,"H25-39":101.482705612202,"H40-54":155.612530182121,"H55-64":120.899389941007,"H65-79":114.38407504892,"H80+":44.639881764004},"Analyse":{"Votes décisifs":468,"tour décisif":1,"majeurs":1157.3318925579183,"Non votants de 18-24":31.022971841654087}}