{"id":4740,"slug":"49-211-montilliers","nom_standard":"Montilliers","code_postal":"49","code_departement":"49","libelle_departement":"Maine-et-Loire","code_commune":"211","Tour 1":{"Inscrits":946,"Abstentions":528,"% Abs/Ins":55.81,"Votants":418,"% Vot/Ins":44.19,"Blancs":9,"% Blancs/Ins":0.95,"% Blancs/Vot":2.15,"Nuls":67,"% Nuls/Ins":7.08,"% Nuls/Vot":16.03,"Exprimés":342,"% Exp/Ins":36.15,"% Exp/Vot":81.82,"resultats":[{"N.Pan.":null,"Code Nuance":"LNC","Sexe":"M","Nom":"BERNARD","Prénom":"Philippe","Liste":"MONTILLIERS DYNAMIQUE POURSUIVONS...","Sièges / Elu":"15","Sièges Secteur":0,"Sièges CC":1,"Voix":342,"% Voix/Ins":36.15,"% Voix/Exp":100}]},"population":{"F0-2":17.674959961401,"F3-5":14.3947973769066,"F6-10":35.2276160512194,"F11-17":75.0389719411532,"F18-24":27.6801885889686,"F25-39":88.9061403073517,"F40-54":112.144553983973,"F55-64":83.9463837191231,"F65-79":84.9113644364079,"F80+":75.9431802385313,"H0-2":13.4921216789962,"H3-5":14.4356770405072,"H6-10":44.0218604986579,"H11-17":71.462899782634,"H18-24":34.0683222231195,"H25-39":93.1300399162335,"H40-54":119.759690463397,"H55-64":82.564633512119,"H65-79":97.0124426617766,"H80+":34.1841556175225},"Analyse":{"Votes décisifs":343,"tour décisif":1,"majeurs":934.2510956685237,"Non votants de 18-24":34.12116561643351}}