{"id":4772,"slug":"49-301-sevremoine","nom_standard":"Sèvremoine","code_postal":"49","code_departement":"49","libelle_departement":"Maine-et-Loire","code_commune":"301","Tour 1":{"Inscrits":18426,"Abstentions":10677,"% Abs/Ins":57.95,"Votants":7749,"% Vot/Ins":42.05,"Blancs":168,"% Blancs/Ins":0.91,"% Blancs/Vot":2.17,"Nuls":243,"% Nuls/Ins":1.32,"% Nuls/Vot":3.14,"Exprimés":7338,"% Exp/Ins":39.82,"% Exp/Vot":94.7,"resultats":[{"N.Pan.":null,"Code Nuance":"LDVG","Sexe":"F","Nom":"ADRIEN-BIGEON","Prénom":"Laurence","Liste":"SEVREMOINE ENSEMBLE","Sièges / Elu":"15","Sièges Secteur":0,"Sièges CC":2,"Voix":3425,"% Voix/Ins":18.59,"% Voix/Exp":46.67},{"N.Pan.":2,"Code Nuance":"LDVC","Sexe":"M","Nom":"HUCHON","Prénom":"Didier","Liste":"SEVREMOINE NOTRE ENERGIE COMMUNE","Sièges / Elu":"52","Sièges Secteur":0,"Sièges CC":8,"Voix":3913,"% Voix/Ins":21.24,"% Voix/Exp":53.33}]},"population":{"F0-2":418.335194733191,"F3-5":549.190757247051,"F6-10":918.296511085764,"F11-17":1256.8933569921,"F18-24":743.636631890295,"F25-39":2372.20889771538,"F40-54":2566.62714118668,"F55-64":1469.88332633878,"F65-79":1540.34670874691,"F80+":866.860770224797,"H0-2":499.870733407914,"H3-5":559.827983229412,"H6-10":1053.79041267447,"H11-17":1373.48561916908,"H18-24":821.049948739811,"H25-39":2426.07086261361,"H40-54":2755.87460382742,"H55-64":1545.75358859096,"H65-79":1320.93720184856,"H80+":460.059749737824},"Analyse":{"Votes décisifs":489,"tour décisif":1,"majeurs":18889.309431461028,"Non votants de 18-24":922.8020079146874}}