{"id":4775,"slug":"49-308-saint-melaine-sur-aubance","nom_standard":"Saint-Melaine-sur-Aubance","code_postal":"49","code_departement":"49","libelle_departement":"Maine-et-Loire","code_commune":"308","Tour 1":{"Inscrits":1728,"Abstentions":1191,"% Abs/Ins":68.92,"Votants":537,"% Vot/Ins":31.08,"Blancs":23,"% Blancs/Ins":1.33,"% Blancs/Vot":4.28,"Nuls":32,"% Nuls/Ins":1.85,"% Nuls/Vot":5.96,"Exprimés":482,"% Exp/Ins":27.89,"% Exp/Vot":89.76,"resultats":[{"N.Pan.":null,"Code Nuance":"LNC","Sexe":"M","Nom":"FOREST","Prénom":"Dominique","Liste":"AGISSONS ENSEMBLE POUR DEMAIN","Sièges / Elu":"19","Sièges Secteur":0,"Sièges CC":2,"Voix":482,"% Voix/Ins":27.89,"% Voix/Exp":100}]},"population":{"F0-2":29.5719735105839,"F3-5":31.0940683950082,"F6-10":62.6028130224553,"F11-17":105.158901358395,"F18-24":61.1575117611051,"F25-39":152.642441380953,"F40-54":237.293625085047,"F55-64":194.319041422237,"F65-79":178.384133038768,"F80+":39.0440966663327,"H0-2":29.5024288374509,"H3-5":37.0918459417063,"H6-10":67.2917281144999,"H11-17":107.296360450915,"H18-24":67.9223266556349,"H25-39":147.044733150563,"H40-54":209.748004871826,"H55-64":189.640548365754,"H65-79":186.458647821007,"H80+":38.7347701497591},"Analyse":{"Votes décisifs":483,"tour décisif":1,"majeurs":1702.3898803689867,"Non votants de 18-24":88.36303550977875}}