{"id":4794,"slug":"49-362-varrains","nom_standard":"Varrains","code_postal":"49","code_departement":"49","libelle_departement":"Maine-et-Loire","code_commune":"362","Tour 1":{"Inscrits":918,"Abstentions":528,"% Abs/Ins":57.52,"Votants":390,"% Vot/Ins":42.48,"Blancs":7,"% Blancs/Ins":0.76,"% Blancs/Vot":1.79,"Nuls":22,"% Nuls/Ins":2.4,"% Nuls/Vot":5.64,"Exprimés":361,"% Exp/Ins":39.32,"% Exp/Vot":92.56,"resultats":[{"N.Pan.":null,"Code Nuance":"LNC","Sexe":"M","Nom":"DELAMARE","Prénom":"Pierre-Yves","Liste":"INSCRIRE VARRAINS DANS L'AVENIR","Sièges / Elu":"15","Sièges Secteur":0,"Sièges CC":1,"Voix":361,"% Voix/Ins":39.32,"% Voix/Exp":100}]},"population":{"F0-2":16.2544814119312,"F3-5":14.9537373046209,"F6-10":33.9018678319328,"F11-17":54.2385225721825,"F18-24":25.1126639039916,"F25-39":87.0987921736084,"F40-54":117.311899107182,"F55-64":100.47930343185,"F65-79":116.940603650472,"F80+":52.9192697210402,"H0-2":17.8567946555075,"H3-5":23.5341682388639,"H6-10":34.7760983398249,"H11-17":68.4669766958246,"H18-24":31.9044202968962,"H25-39":84.0903390411362,"H40-54":96.1513010516318,"H55-64":94.4344821791101,"H65-79":128.767114244293,"H80+":41.8071641480994},"Analyse":{"Votes décisifs":362,"tour décisif":1,"majeurs":977.0173529493109,"Non votants de 18-24":34.25734224623296}}