{"id":4687,"slug":"48-140-saint-chely-d-apcher","nom_standard":"Saint-Chély-d'Apcher","code_postal":"48","code_departement":"48","libelle_departement":"Lozère","code_commune":"140","Tour 1":{"Inscrits":2813,"Abstentions":964,"% Abs/Ins":34.27,"Votants":1849,"% Vot/Ins":65.73,"Blancs":28,"% Blancs/Ins":1,"% Blancs/Vot":1.51,"Nuls":80,"% Nuls/Ins":2.84,"% Nuls/Vot":4.33,"Exprimés":1741,"% Exp/Ins":61.89,"% Exp/Vot":94.16,"resultats":[{"N.Pan.":null,"Code Nuance":"LDVD","Sexe":"F","Nom":"HUGON","Prénom":"Christine","Liste":"AVEC VOUS, CHANGEONS SAINT CHELY","Sièges / Elu":"21","Sièges Secteur":0,"Sièges CC":12,"Voix":879,"% Voix/Ins":31.25,"% Voix/Exp":50.49},{"N.Pan.":2,"Code Nuance":"LDIV","Sexe":"M","Nom":"LAFONT","Prénom":"Pierre","Liste":"ENSEMBLE POUR SAINT CHELY","Sièges / Elu":"6","Sièges Secteur":0,"Sièges CC":3,"Voix":862,"% Voix/Ins":30.64,"% Voix/Exp":49.51}]},"population":{"F0-2":38.7292400973988,"F3-5":38.6610269246118,"F6-10":104.228177961548,"F11-17":115.718494955014,"F18-24":245.412990250262,"F25-39":285.141724973836,"F40-54":391.217186199323,"F55-64":291.190950946706,"F65-79":355.360661147958,"F80+":259.259593552975,"H0-2":47.6397067512472,"H3-5":53.846270477874,"H6-10":75.4713270046926,"H11-17":130.26944878223,"H18-24":352.053557513607,"H25-39":307.953523035439,"H40-54":409.614860451342,"H55-64":294.574729844501,"H65-79":267.653860660146,"H80+":156.002668469289},"Analyse":{"Votes décisifs":18,"tour décisif":1,"majeurs":3615.436307045384,"Non votants de 18-24":291.91126950806364}}