{"id":4814,"slug":"50-74-brecey","nom_standard":"Brécey","code_postal":"50","code_departement":"50","libelle_departement":"Manche","code_commune":"74","Tour 1":{"Inscrits":1703,"Abstentions":771,"% Abs/Ins":45.27,"Votants":932,"% Vot/Ins":54.73,"Blancs":21,"% Blancs/Ins":1.23,"% Blancs/Vot":2.25,"Nuls":36,"% Nuls/Ins":2.11,"% Nuls/Vot":3.86,"Exprimés":875,"% Exp/Ins":51.38,"% Exp/Vot":93.88,"resultats":[{"N.Pan.":null,"Code Nuance":"LNC","Sexe":"M","Nom":"AUBRAYS","Prénom":"Philippe","Liste":"BRECEY PASSIONNÉMENT, La Fidélité et la Continuité","Sièges / Elu":"16","Sièges Secteur":0,"Sièges CC":2,"Voix":571,"% Voix/Ins":33.53,"% Voix/Exp":65.26},{"N.Pan.":2,"Code Nuance":"LNC","Sexe":"M","Nom":"TREHET","Prénom":"Fabrice","Liste":"Sée l'Avenir Brécey","Sièges / Elu":"3","Sièges Secteur":0,"Sièges CC":0,"Voix":304,"% Voix/Ins":17.85,"% Voix/Exp":34.74}]},"population":{"F0-2":23.032864778478,"F3-5":34.9846407459767,"F6-10":45.9641863974337,"F11-17":91.2712072793737,"F18-24":52.6954128485126,"F25-39":134.894729192585,"F40-54":187.020123544859,"F55-64":151.990632768614,"F65-79":210.609721688955,"F80+":225.134332538986,"H0-2":36.1334929804658,"H3-5":24.0154326842241,"H6-10":51.9954589252838,"H11-17":79.958662284226,"H18-24":69.6130500881373,"H25-39":138.336900054675,"H40-54":168.796259646463,"H55-64":178.437307252945,"H65-79":161.276659615576,"H80+":101.838924684231},"Analyse":{"Votes décisifs":268,"tour décisif":1,"majeurs":1780.6440539245389,"Non votants de 18-24":58.29146458949539}}