{"id":4819,"slug":"50-87-brix","nom_standard":"Brix","code_postal":"50","code_departement":"50","libelle_departement":"Manche","code_commune":"87","Tour 1":{"Inscrits":1792,"Abstentions":1290,"% Abs/Ins":71.99,"Votants":502,"% Vot/Ins":28.01,"Blancs":22,"% Blancs/Ins":1.23,"% Blancs/Vot":4.38,"Nuls":24,"% Nuls/Ins":1.34,"% Nuls/Vot":4.78,"Exprimés":456,"% Exp/Ins":25.45,"% Exp/Vot":90.84,"resultats":[{"N.Pan.":null,"Code Nuance":"LNC","Sexe":"M","Nom":"LEBRUMAN","Prénom":"Pascal","Liste":"AVEC BRIX DANS LE COTENTIN","Sièges / Elu":"19","Sièges Secteur":0,"Sièges CC":1,"Voix":456,"% Voix/Ins":25.45,"% Voix/Exp":100}]},"population":{"F0-2":33.648695261636,"F3-5":34.4947520550992,"F6-10":77.5321086598696,"F11-17":99.1607551336764,"F18-24":44.1451694367748,"F25-39":169.614023489691,"F40-54":225.655167523453,"F55-64":150.901741593836,"F65-79":199.063509877173,"F80+":52.8299762493162,"H0-2":37.9689249190489,"H3-5":40.427520446247,"H6-10":58.0737359804216,"H11-17":95.053497306283,"H18-24":63.7686045290394,"H25-39":175.095608039306,"H40-54":224.8129892026,"H55-64":162.896812826983,"H65-79":171.851980554737,"H80+":35.0044269148094},"Analyse":{"Votes décisifs":457,"tour décisif":1,"majeurs":1675.6400102377188,"Non votants de 18-24":75.58420782997491}}