{"id":4829,"slug":"50-149-couville","nom_standard":"Couville","code_postal":"50","code_departement":"50","libelle_departement":"Manche","code_commune":"149","Tour 1":{"Inscrits":793,"Abstentions":372,"% Abs/Ins":46.91,"Votants":421,"% Vot/Ins":53.09,"Blancs":1,"% Blancs/Ins":0.13,"% Blancs/Vot":0.24,"Nuls":2,"% Nuls/Ins":0.25,"% Nuls/Vot":0.48,"Exprimés":418,"% Exp/Ins":52.71,"% Exp/Vot":99.29,"resultats":[{"N.Pan.":null,"Code Nuance":"LNC","Sexe":"M","Nom":"DESQUESNES","Prénom":"Jean-Yves","Liste":"UNIS POUR COUVILLE","Sièges / Elu":"3","Sièges Secteur":0,"Sièges CC":0,"Voix":206,"% Voix/Ins":25.98,"% Voix/Exp":49.28},{"N.Pan.":2,"Code Nuance":"LNC","Sexe":"M","Nom":"GOURDIN","Prénom":"Sédrick","Liste":"COUVILLE CAMPAGNE DYNAMIQUE !","Sièges / Elu":"12","Sièges Secteur":0,"Sièges CC":1,"Voix":212,"% Voix/Ins":26.73,"% Voix/Exp":50.72}]},"population":{"F0-2":21.6561740996519,"F3-5":27.8450315016452,"F6-10":50.3377473511528,"F11-17":54.5054642212431,"F18-24":23.8139601891961,"F25-39":129.358137807022,"F40-54":112.911007036053,"F55-64":70.3124967572199,"F65-79":60.9270097239994,"F80+":25.2560301786014,"H0-2":29.8275480856759,"H3-5":30.8966448502069,"H6-10":43.1771656751083,"H11-17":60.6555200611177,"H18-24":33.0536127415801,"H25-39":109.860766285557,"H40-54":144.26809051896,"H55-64":68.0663409345643,"H65-79":75.628391163351,"H80+":13.6428608180938},"Analyse":{"Votes décisifs":7,"tour décisif":1,"majeurs":867.098704154198,"Non votants de 18-24":29.25681986522987}}