{"id":484,"slug":"7-42-bourg-saint-andeol","nom_standard":"Bourg-Saint-Andéol","code_postal":"7","code_departement":"7","libelle_departement":"Ardèche","code_commune":"42","Tour 1":{"Inscrits":5095,"Abstentions":2430,"% Abs/Ins":47.69,"Votants":2665,"% Vot/Ins":52.31,"Blancs":29,"% Blancs/Ins":0.57,"% Blancs/Vot":1.09,"Nuls":36,"% Nuls/Ins":0.71,"% Nuls/Vot":1.35,"Exprimés":2600,"% Exp/Ins":51.03,"% Exp/Vot":97.56,"resultats":[{"N.Pan.":null,"Code Nuance":"LDVD","Sexe":"M","Nom":"SERRE","Prénom":"Jean-Marc","Liste":"POURSUIVRE ENSEMBLE","Sièges / Elu":"6","Sièges Secteur":0,"Sièges CC":3,"Voix":1204,"% Voix/Ins":23.63,"% Voix/Exp":46.31},{"N.Pan.":2,"Code Nuance":"LDVG","Sexe":"F","Nom":"GONNET TABARDEL","Prénom":"Françoise","Liste":"BOURG 2020","Sièges / Elu":"23","Sièges Secteur":0,"Sièges CC":9,"Voix":1396,"% Voix/Ins":27.4,"% Voix/Exp":53.69}]},"population":{"F0-2":107.896883695288,"F3-5":151.822394867283,"F6-10":212.8331354179,"F11-17":287.256993160804,"F18-24":205.458558193192,"F25-39":587.371036953635,"F40-54":656.353350236047,"F55-64":476.404199030855,"F65-79":611.950936323229,"F80+":439.166590417964,"H0-2":127.713562630608,"H3-5":157.432670977721,"H6-10":199.142263203761,"H11-17":309.326840495022,"H18-24":253.942428799986,"H25-39":601.935619766158,"H40-54":607.113877169916,"H55-64":475.376154750557,"H65-79":527.144357196219,"H80+":191.358146713855},"Analyse":{"Votes décisifs":193,"tour décisif":1,"majeurs":5633.575255551614,"Non votants de 18-24":242.07831448066867}}