{"id":4840,"slug":"50-209-gonneville-le-theil","nom_standard":"Gonneville-le-Theil","code_postal":"50","code_departement":"50","libelle_departement":"Manche","code_commune":"209","Tour 1":{"Inscrits":1203,"Abstentions":885,"% Abs/Ins":73.57,"Votants":318,"% Vot/Ins":26.43,"Blancs":5,"% Blancs/Ins":0.42,"% Blancs/Vot":1.57,"Nuls":61,"% Nuls/Ins":5.07,"% Nuls/Vot":19.18,"Exprimés":252,"% Exp/Ins":20.95,"% Exp/Vot":79.25,"resultats":[{"N.Pan.":null,"Code Nuance":"LNC","Sexe":"M","Nom":"LAMARRE","Prénom":"Jean-Robert","Liste":"Ensemble batissons notre avenir","Sièges / Elu":"23","Sièges Secteur":0,"Sièges CC":1,"Voix":252,"% Voix/Ins":20.95,"% Voix/Exp":100}]},"population":{"F0-2":14.9613145818216,"F3-5":23.8469345420141,"F6-10":56.4999361239967,"F11-17":65.4564865668576,"F18-24":38.9624357054144,"F25-39":120.7901910465,"F40-54":171.227514165606,"F55-64":104.304468150651,"F65-79":103.671533259406,"F80+":21.3866783800147,"H0-2":20.9161960243128,"H3-5":30.7154613814896,"H6-10":58.4071974471666,"H11-17":83.3395058637108,"H18-24":52.8490504093041,"H25-39":126.301479201958,"H40-54":173.976478954645,"H55-64":119.492681711309,"H65-79":102.481099868891,"H80+":25.4133566149314},"Analyse":{"Votes décisifs":253,"tour décisif":1,"majeurs":1160.856967468631,"Non votants de 18-24":66.66105552537077}}