{"id":4860,"slug":"50-388-orval-sur-sienne","nom_standard":"Orval-sur-Sienne","code_postal":"50","code_departement":"50","libelle_departement":"Manche","code_commune":"388","Tour 1":{"Inscrits":1044,"Abstentions":608,"% Abs/Ins":58.24,"Votants":436,"% Vot/Ins":41.76,"Blancs":30,"% Blancs/Ins":2.87,"% Blancs/Vot":6.88,"Nuls":41,"% Nuls/Ins":3.93,"% Nuls/Vot":9.4,"Exprimés":365,"% Exp/Ins":34.96,"% Exp/Vot":83.72,"resultats":[{"N.Pan.":null,"Code Nuance":"LNC","Sexe":"M","Nom":"DOYÈRE","Prénom":"Joël","Liste":"L'avenir ensemble","Sièges / Elu":"19","Sièges Secteur":0,"Sièges CC":1,"Voix":365,"% Voix/Ins":34.96,"% Voix/Exp":100}]},"population":{"F0-2":10.9415195480513,"F3-5":13.1309946744848,"F6-10":29.5393693707954,"F11-17":48.9269499992402,"F18-24":19.5057416666886,"F25-39":89.8516723682795,"F40-54":111.086404055957,"F55-64":104.455014196371,"F65-79":111.458001596805,"F80+":42.7569665881682,"H0-2":14.1474306337086,"H3-5":21.0805296961878,"H6-10":38.9859650569702,"H11-17":59.751104347518,"H18-24":23.9649113263529,"H25-39":80.8663240712741,"H40-54":110.784252513455,"H55-64":100.271681295125,"H65-79":110.178189564353,"H80+":30.3169774302149},"Analyse":{"Votes décisifs":366,"tour décisif":1,"majeurs":935.4961366730444,"Non votants de 18-24":23.21059636429859}}