{"id":4866,"slug":"50-403-pirou","nom_standard":"Pirou","code_postal":"50","code_departement":"50","libelle_departement":"Manche","code_commune":"403","Tour 1":{"Inscrits":1417,"Abstentions":896,"% Abs/Ins":63.23,"Votants":521,"% Vot/Ins":36.77,"Blancs":58,"% Blancs/Ins":4.09,"% Blancs/Vot":11.13,"Nuls":92,"% Nuls/Ins":6.49,"% Nuls/Vot":17.66,"Exprimés":371,"% Exp/Ins":26.18,"% Exp/Vot":71.21,"resultats":[{"N.Pan.":null,"Code Nuance":"LNC","Sexe":"F","Nom":"LEFORESTIER","Prénom":"Noëlle","Liste":"VIVRE PIROU","Sièges / Elu":"17","Sièges Secteur":0,"Sièges CC":5,"Voix":371,"% Voix/Ins":26.18,"% Voix/Exp":100}]},"population":{"F0-2":16.4024782703671,"F3-5":14.4588192858467,"F6-10":25.6548883847723,"F11-17":39.3727749762839,"F18-24":27.3275266185998,"F25-39":78.1751563514836,"F40-54":118.970097038852,"F55-64":124.904367311384,"F65-79":189.55478382144,"F80+":73.4578301497662,"H0-2":19.3043904187088,"H3-5":14.3381086127226,"H6-10":21.0017702182946,"H11-17":63.9234317384018,"H18-24":35.1308661930426,"H25-39":76.7090011450445,"H40-54":139.420190940058,"H55-64":117.873894480529,"H65-79":180.109024116011,"H80+":52.9105999283912},"Analyse":{"Votes décisifs":372,"tour décisif":1,"majeurs":1214.5433380946017,"Non votants de 18-24":35.66575261988412}}