{"id":4868,"slug":"50-410-pontorson","nom_standard":"Pontorson","code_postal":"50","code_departement":"50","libelle_departement":"Manche","code_commune":"410","Tour 1":{"Inscrits":3045,"Abstentions":1516,"% Abs/Ins":49.79,"Votants":1529,"% Vot/Ins":50.21,"Blancs":16,"% Blancs/Ins":0.53,"% Blancs/Vot":1.05,"Nuls":44,"% Nuls/Ins":1.44,"% Nuls/Vot":2.88,"Exprimés":1469,"% Exp/Ins":48.24,"% Exp/Vot":96.08,"resultats":[{"N.Pan.":null,"Code Nuance":"LDVC","Sexe":"F","Nom":"CLÉMENT","Prénom":"Katia","Liste":"Avec vous pour l'avenir","Sièges / Elu":"5","Sièges Secteur":0,"Sièges CC":1,"Voix":508,"% Voix/Ins":16.68,"% Voix/Exp":34.58},{"N.Pan.":2,"Code Nuance":"LDVD","Sexe":"M","Nom":"BELLOIR","Prénom":"André-Jean","Liste":"CONTINUONS ENSEMBLE POUR DEMAIN","Sièges / Elu":"24","Sièges Secteur":0,"Sièges CC":3,"Voix":961,"% Voix/Ins":31.56,"% Voix/Exp":65.42}]},"population":{"F0-2":39.9844488730385,"F3-5":39.9199557905669,"F6-10":98.7842727856187,"F11-17":160.822198515515,"F18-24":106.802005192355,"F25-39":257.127028113248,"F40-54":353.270575425812,"F55-64":320.818954687943,"F65-79":534.010883361705,"F80+":335.839284665221,"H0-2":38.9915897498038,"H3-5":48.9443072243473,"H6-10":106.686942477311,"H11-17":158.726706200334,"H18-24":107.613443538807,"H25-39":268.696788025158,"H40-54":376.401878046014,"H55-64":344.93224326301,"H65-79":454.457630845899,"H80+":199.168863218293},"Analyse":{"Votes décisifs":454,"tour décisif":1,"majeurs":3659.1395783834655,"Non votants de 18-24":124.82028186551857}}