{"id":4889,"slug":"50-551-saint-sauveur-le-vicomte","nom_standard":"Saint-Sauveur-le-Vicomte","code_postal":"50","code_departement":"50","libelle_departement":"Manche","code_commune":"551","Tour 1":{"Inscrits":1630,"Abstentions":819,"% Abs/Ins":50.25,"Votants":811,"% Vot/Ins":49.75,"Blancs":12,"% Blancs/Ins":0.74,"% Blancs/Vot":1.48,"Nuls":11,"% Nuls/Ins":0.67,"% Nuls/Vot":1.36,"Exprimés":788,"% Exp/Ins":48.34,"% Exp/Vot":97.16,"resultats":[{"N.Pan.":null,"Code Nuance":"LNC","Sexe":"F","Nom":"VASSELIN","Prénom":"Denise","Liste":"Ensemble pour Saint-Sauveur","Sièges / Elu":"3","Sièges Secteur":0,"Sièges CC":0,"Voix":290,"% Voix/Ins":17.79,"% Voix/Exp":36.8},{"N.Pan.":2,"Code Nuance":"LNC","Sexe":"M","Nom":"BRIENS","Prénom":"Eric","Liste":"AGIR POUR SAINT SAUVEUR","Sièges / Elu":"16","Sièges Secteur":0,"Sièges CC":1,"Voix":498,"% Voix/Ins":30.55,"% Voix/Exp":63.2}]},"population":{"F0-2":23.0616348666928,"F3-5":32.3396510492092,"F6-10":63.8615017145642,"F11-17":89.5995294046531,"F18-24":43.2924211522811,"F25-39":149.876314922458,"F40-54":205.72072459777,"F55-64":138.672335605171,"F65-79":183.099018369555,"F80+":182.357428237708,"H0-2":23.8977991712289,"H3-5":25.6569377717221,"H6-10":53.4160950774029,"H11-17":90.2851226232411,"H18-24":56.8233625354242,"H25-39":156.818862488539,"H40-54":198.337956237329,"H55-64":151.294390737616,"H65-79":139.616302800188,"H80+":67.9726106372466},"Analyse":{"Votes décisifs":209,"tour décisif":1,"majeurs":1673.881728321286,"Non votants de 18-24":51.609429148452826}}