{"id":4766,"slug":"49-283-saint-georges-sur-loire","nom_standard":"Saint-Georges-sur-Loire","code_postal":"49","code_departement":"49","libelle_departement":"Maine-et-Loire","code_commune":"283","Tour 1":{"Inscrits":2517,"Abstentions":1620,"% Abs/Ins":64.36,"Votants":897,"% Vot/Ins":35.64,"Blancs":47,"% Blancs/Ins":1.87,"% Blancs/Vot":5.24,"Nuls":74,"% Nuls/Ins":2.94,"% Nuls/Vot":8.25,"Exprimés":776,"% Exp/Ins":30.83,"% Exp/Vot":86.51,"resultats":[{"N.Pan.":null,"Code Nuance":"LDIV","Sexe":"M","Nom":"MAILLART","Prénom":"Philippe","Liste":"BIEN VIVRE ENSEMBLE A SAINT-GEORGES-SUR-LOIRE","Sièges / Elu":"27","Sièges Secteur":0,"Sièges CC":3,"Voix":776,"% Voix/Ins":30.83,"% Voix/Exp":100}]},"population":{"F0-2":71.4324646165548,"F3-5":78.6283332210505,"F6-10":127.777123729887,"F11-17":177.673518413167,"F18-24":91.4037590890936,"F25-39":366.146495857853,"F40-54":334.641697574094,"F55-64":224.434460582767,"F65-79":250.53299173433,"F80+":151.799149610049,"H0-2":73.4002653410822,"H3-5":103.164510044549,"H6-10":134.960238379894,"H11-17":186.806329945994,"H18-24":82.232337974452,"H25-39":341.294107423136,"H40-54":373.050814103849,"H55-64":215.429887003731,"H65-79":237.565365823973,"H80+":83.6261495304926},"Analyse":{"Votes décisifs":777,"tour décisif":1,"majeurs":2752.1572163078204,"Non votants de 18-24":117.04355280658986}}