{"id":4762,"slug":"49-269-saint-christophe-du-bois","nom_standard":"Saint-Christophe-du-Bois","code_postal":"49","code_departement":"49","libelle_departement":"Maine-et-Loire","code_commune":"269","Tour 1":{"Inscrits":2216,"Abstentions":1040,"% Abs/Ins":46.93,"Votants":1176,"% Vot/Ins":53.07,"Blancs":10,"% Blancs/Ins":0.45,"% Blancs/Vot":0.85,"Nuls":20,"% Nuls/Ins":0.9,"% Nuls/Vot":1.7,"Exprimés":1146,"% Exp/Ins":51.71,"% Exp/Vot":97.45,"resultats":[{"N.Pan.":null,"Code Nuance":"LNC","Sexe":"F","Nom":"GOURAUD","Prénom":"Gwénaëlle","Liste":"SAINT-CHRISTOPHE, DEMAIN AUTREMENT","Sièges / Elu":"4","Sièges Secteur":0,"Sièges CC":0,"Voix":448,"% Voix/Ins":20.22,"% Voix/Exp":39.09},{"N.Pan.":2,"Code Nuance":"LNC","Sexe":"M","Nom":"SÉNÉCAILLE","Prénom":"Sylvain","Liste":"VIVRE ENSEMBLE A SAINT-CHRISTOPHE-DU-BOIS","Sièges / Elu":"19","Sièges Secteur":0,"Sièges CC":1,"Voix":698,"% Voix/Ins":31.5,"% Voix/Exp":60.91}]},"population":{"F0-2":46.947898791056,"F3-5":53.5724482098879,"F6-10":74.7852881973048,"F11-17":156.616385075708,"F18-24":80.0168732705973,"F25-39":220.193138895958,"F40-54":327.621959615736,"F55-64":220.826282209652,"F65-79":204.459624290872,"F80+":41.6694010395518,"H0-2":59.9539170879123,"H3-5":45.4110138849717,"H6-10":103.396950436577,"H11-17":142.143490888441,"H18-24":99.9576174492601,"H25-39":228.161031110152,"H40-54":318.837732414891,"H55-64":208.468490759416,"H65-79":210.699923352356,"H80+":29.2605330196992},"Analyse":{"Votes décisifs":251,"tour décisif":1,"majeurs":2190.1726074281414,"Non votants de 18-24":83.3382711046888}}