{"id":4760,"slug":"49-266-saint-augustin-des-bois","nom_standard":"Saint-Augustin-des-Bois","code_postal":"49","code_departement":"49","libelle_departement":"Maine-et-Loire","code_commune":"266","Tour 1":{"Inscrits":878,"Abstentions":482,"% Abs/Ins":54.9,"Votants":396,"% Vot/Ins":45.1,"Blancs":5,"% Blancs/Ins":0.57,"% Blancs/Vot":1.26,"Nuls":69,"% Nuls/Ins":7.86,"% Nuls/Vot":17.42,"Exprimés":322,"% Exp/Ins":36.67,"% Exp/Vot":81.31,"resultats":[{"N.Pan.":null,"Code Nuance":"LNC","Sexe":"M","Nom":"CHARLES","Prénom":"Emmanuel","Liste":"ENSEMBLE VERS L'AVENIR","Sièges / Elu":"15","Sièges Secteur":0,"Sièges CC":2,"Voix":322,"% Voix/Ins":36.67,"% Voix/Exp":100}]},"population":{"F0-2":34.4052863924658,"F3-5":30.1262220705837,"F6-10":60.0339966912483,"F11-17":61.9294408770103,"F18-24":36.8804152235357,"F25-39":144.355914998338,"F40-54":112.269373219712,"F55-64":70.8905841453351,"F65-79":56.3168889303168,"F80+":25.2768872051582,"H0-2":38.5242689964173,"H3-5":34.3397571882724,"H6-10":57.0539395990132,"H11-17":61.2216935897606,"H18-24":28.6830120121641,"H25-39":140.065936736695,"H40-54":124.618139963638,"H55-64":56.937496078189,"H65-79":59.5042221817404,"H80+":13.5665239004053},"Analyse":{"Votes décisifs":323,"tour décisif":1,"majeurs":869.3653945952276,"Non votants de 18-24":35.69897973554893}}