{"id":4742,"slug":"49-215-montreuil-bellay","nom_standard":"Montreuil-Bellay","code_postal":"49","code_departement":"49","libelle_departement":"Maine-et-Loire","code_commune":"215","Tour 1":{"Inscrits":2871,"Abstentions":1369,"% Abs/Ins":47.68,"Votants":1502,"% Vot/Ins":52.32,"Blancs":13,"% Blancs/Ins":0.45,"% Blancs/Vot":0.87,"Nuls":30,"% Nuls/Ins":1.04,"% Nuls/Vot":2,"Exprimés":1459,"% Exp/Ins":50.82,"% Exp/Vot":97.14,"resultats":[{"N.Pan.":null,"Code Nuance":"LDIV","Sexe":"F","Nom":"MARTIN","Prénom":"Jocelyne","Liste":"ENSEMBLE CONSTRUISONS L'AVENIR","Sièges / Elu":"4","Sièges Secteur":0,"Sièges CC":0,"Voix":444,"% Voix/Ins":15.46,"% Voix/Exp":30.43},{"N.Pan.":2,"Code Nuance":"LDIV","Sexe":"M","Nom":"BONNIN","Prénom":"Marc","Liste":"PLUS LOIN AVEC VOUS","Sièges / Elu":"23","Sièges Secteur":0,"Sièges CC":2,"Voix":1015,"% Voix/Ins":35.35,"% Voix/Exp":69.57}]},"population":{"F0-2":57.9702443139081,"F3-5":52.8297581947155,"F6-10":99.0592408878327,"F11-17":156.174641206651,"F18-24":115.442420423294,"F25-39":270.710968938622,"F40-54":371.232202423087,"F55-64":247.365260852122,"F65-79":344.29918829325,"F80+":203.095547078667,"H0-2":44.4467414914736,"H3-5":54.8940997839094,"H6-10":103.211205705366,"H11-17":176.575779746715,"H18-24":157.138529639375,"H25-39":264.922768591374,"H40-54":361.899037470631,"H55-64":224.863693541122,"H65-79":282.847867345886,"H80+":116.020804071998},"Analyse":{"Votes décisifs":572,"tour décisif":1,"majeurs":2959.838288669428,"Non votants de 18-24":134.2569785938835}}