{"id":4758,"slug":"49-260-la-romagne","nom_standard":"La Romagne","code_postal":"49","code_departement":"49","libelle_departement":"Maine-et-Loire","code_commune":"260","Tour 1":{"Inscrits":1348,"Abstentions":808,"% Abs/Ins":59.94,"Votants":540,"% Vot/Ins":40.06,"Blancs":29,"% Blancs/Ins":2.15,"% Blancs/Vot":5.37,"Nuls":59,"% Nuls/Ins":4.38,"% Nuls/Vot":10.93,"Exprimés":452,"% Exp/Ins":33.53,"% Exp/Vot":83.7,"resultats":[{"N.Pan.":null,"Code Nuance":"LNC","Sexe":"F","Nom":"GUITTON","Prénom":"Josette","Liste":"ENSEMBLE, AGISSONS POUR LA ROMAGNE","Sièges / Elu":"19","Sièges Secteur":0,"Sièges CC":1,"Voix":452,"% Voix/Ins":33.53,"% Voix/Exp":100}]},"population":{"F0-2":42.185635063352,"F3-5":42.0901109364079,"F6-10":78.0900414266624,"F11-17":82.1288967385253,"F18-24":66.4667578754667,"F25-39":196.188517555014,"F40-54":187.184669588139,"F55-64":114.375824618952,"F65-79":122.570111302479,"F80+":48.7079783889392,"H0-2":30.0936351191883,"H3-5":35.0831615457428,"H6-10":79.105798237929,"H11-17":96.1591198388385,"H18-24":64.4886485583906,"H25-39":217.775657387718,"H40-54":204.256644785038,"H55-64":111.242860942078,"H65-79":111.393845165085,"H80+":31.4120849260553},"Analyse":{"Votes décisifs":453,"tour décisif":1,"majeurs":1476.0636010933547,"Non votants de 18-24":83.04695626822621}}