{"id":4743,"slug":"49-218-montrevault-sur-evre","nom_standard":"Montrevault-sur-Evre","code_postal":"49","code_departement":"49","libelle_departement":"Maine-et-Loire","code_commune":"218","Tour 1":{"Inscrits":11754,"Abstentions":8320,"% Abs/Ins":70.78,"Votants":3434,"% Vot/Ins":29.22,"Blancs":145,"% Blancs/Ins":1.23,"% Blancs/Vot":4.22,"Nuls":801,"% Nuls/Ins":6.81,"% Nuls/Vot":23.33,"Exprimés":2488,"% Exp/Ins":21.17,"% Exp/Vot":72.45,"resultats":[{"N.Pan.":null,"Code Nuance":"LDVD","Sexe":"M","Nom":"DOUGE","Prénom":"Christophe","Liste":"ENSEMBLE POUR MONTREVAULT-SUR-ÈVRE","Sièges / Elu":"59","Sièges Secteur":0,"Sièges CC":7,"Voix":2488,"% Voix/Ins":21.17,"% Voix/Exp":100}]},"population":{"F0-2":245.883730481975,"F3-5":309.36810771742,"F6-10":562.481415261711,"F11-17":789.297450780882,"F18-24":388.255610262701,"F25-39":1270.52354665563,"F40-54":1541.39502013276,"F55-64":942.745852662643,"F65-79":1096.26178835084,"F80+":637.48029767732,"H0-2":263.14096699892,"H3-5":328.163516335983,"H6-10":617.162405717758,"H11-17":812.078336476435,"H18-24":508.054359802272,"H25-39":1343.78825827748,"H40-54":1668.69073949523,"H55-64":1005.48196018972,"H65-79":1001.85788644423,"H80+":399.888750278084},"Analyse":{"Votes décisifs":2489,"tour décisif":1,"majeurs":11804.42407022891,"Non votants de 18-24":635.5663353995817}}