{"id":4749,"slug":"49-240-la-plaine","nom_standard":"La Plaine","code_postal":"49","code_departement":"49","libelle_departement":"Maine-et-Loire","code_commune":"240","Tour 1":{"Inscrits":766,"Abstentions":442,"% Abs/Ins":57.7,"Votants":324,"% Vot/Ins":42.3,"Blancs":19,"% Blancs/Ins":2.48,"% Blancs/Vot":5.86,"Nuls":78,"% Nuls/Ins":10.18,"% Nuls/Vot":24.07,"Exprimés":227,"% Exp/Ins":29.63,"% Exp/Vot":70.06,"resultats":[{"N.Pan.":null,"Code Nuance":"LNC","Sexe":"F","Nom":"BARBAULT","Prénom":"Sylvie","Liste":"PLAINE D'AVENIR","Sièges / Elu":"15","Sièges Secteur":0,"Sièges CC":1,"Voix":227,"% Voix/Ins":29.63,"% Voix/Exp":100}]},"population":{"F0-2":14.8172516306745,"F3-5":20.5958151142027,"F6-10":39.9896456845984,"F11-17":49.7723122794514,"F18-24":19.8410779830011,"F25-39":96.2293222418957,"F40-54":86.422157738091,"F55-64":63.0431316143367,"F65-79":59.2525365973623,"F80+":24.6705493535084,"H0-2":20.6146610799981,"H3-5":28.378359538408,"H6-10":37.1575737258735,"H11-17":59.5562465542349,"H18-24":28.6885032850423,"H25-39":99.7301631224533,"H40-54":109.721822813501,"H55-64":58.9003820596135,"H65-79":61.1286286623649,"H80+":21.4898589213886},"Analyse":{"Votes décisifs":228,"tour décisif":1,"majeurs":729.1181343925589,"Non votants de 18-24":26.9643731225271}}