{"id":4796,"slug":"49-367-erdre-en-anjou","nom_standard":"Erdre-en-Anjou","code_postal":"49","code_departement":"49","libelle_departement":"Maine-et-Loire","code_commune":"367","Tour 1":{"Inscrits":3904,"Abstentions":2043,"% Abs/Ins":52.33,"Votants":1861,"% Vot/Ins":47.67,"Blancs":40,"% Blancs/Ins":1.02,"% Blancs/Vot":2.15,"Nuls":44,"% Nuls/Ins":1.13,"% Nuls/Vot":2.36,"Exprimés":1777,"% Exp/Ins":45.52,"% Exp/Vot":95.49,"resultats":[{"N.Pan.":null,"Code Nuance":"LDIV","Sexe":"M","Nom":"TODESCHINI","Prénom":"Laurent","Liste":"ERDRE-EN-ANJOU, TOUS UNIS","Sièges / Elu":"8","Sièges Secteur":0,"Sièges CC":1,"Voix":888,"% Voix/Ins":22.75,"% Voix/Exp":49.97},{"N.Pan.":2,"Code Nuance":"LDIV","Sexe":"F","Nom":"RIOU","Prénom":"Yamina","Liste":"TERRES D'AVENIR 2020","Sièges / Elu":"25","Sièges Secteur":0,"Sièges CC":6,"Voix":889,"% Voix/Ins":22.77,"% Voix/Exp":50.03}]},"population":{"F0-2":113.246051698503,"F3-5":141.206780851377,"F6-10":278.268976153898,"F11-17":327.384019343653,"F18-24":151.57159894388,"F25-39":582.70135710259,"F40-54":585.010718341056,"F55-64":287.888046201901,"F65-79":248.740592470738,"F80+":166.045811824752,"H0-2":121.261161780723,"H3-5":147.230972944606,"H6-10":256.341571108617,"H11-17":351.408723483322,"H18-24":199.614069745618,"H25-39":536.938582677827,"H40-54":620.057123290151,"H55-64":298.77581169079,"H65-79":243.639165071413,"H80+":101.668865274584},"Analyse":{"Votes décisifs":2,"tour décisif":1,"majeurs":4022.6517426353,"Non votants de 18-24":188.71658828061305}}