{"id":4700,"slug":"49-35-bouchemaine","nom_standard":"Bouchemaine","code_postal":"49","code_departement":"49","libelle_departement":"Maine-et-Loire","code_commune":"35","Tour 1":{"Inscrits":5387,"Abstentions":2640,"% Abs/Ins":49.01,"Votants":2747,"% Vot/Ins":50.99,"Blancs":32,"% Blancs/Ins":0.59,"% Blancs/Vot":1.16,"Nuls":42,"% Nuls/Ins":0.78,"% Nuls/Vot":1.53,"Exprimés":2673,"% Exp/Ins":49.62,"% Exp/Vot":97.31,"resultats":[{"N.Pan.":null,"Code Nuance":"LDIV","Sexe":"F","Nom":"BOST","Prénom":"Lorine","Liste":"CONFLUENCES","Sièges / Elu":"0","Sièges Secteur":0,"Sièges CC":0,"Voix":795,"% Voix/Ins":14.76,"% Voix/Exp":29.74},{"N.Pan.":2,"Code Nuance":"LDIV","Sexe":"M","Nom":"CISSAKHO","Prénom":"Ousmane","Liste":"AGIR POUR BOUCHEMAINE","Sièges / Elu":"0","Sièges Secteur":0,"Sièges CC":0,"Voix":556,"% Voix/Ins":10.32,"% Voix/Exp":20.8},{"N.Pan.":3,"Code Nuance":"LDIV","Sexe":"F","Nom":"MAILLET","Prénom":"Véronique","Liste":"BOUCHEMAINE NATURELLEMENT","Sièges / Elu":0,"Sièges CC":0,"Voix":1322,"% Voix/Ins":24.54,"% Voix/Exp":49.46}]},"Tour 2":{"Inscrits":5402,"Abstentions":2439,"% Abs/Ins":45.15,"Votants":2963,"% Vot/Ins":54.85,"Blancs":34,"% Blancs/Ins":0.63,"% Blancs/Vot":1.15,"Nuls":30,"% Nuls/Ins":0.56,"% Nuls/Vot":1.01,"Exprimés":2899,"% Exp/Ins":53.67,"% Exp/Vot":97.84,"resultats":[{"N.Pan.":1,"Code Nuance":"LDIV","Sexe":"F","Nom":"BOST","Prénom":"Lorine","Liste":"ConfluenceS et Agir- Unir Bouchemaine","Sièges / Elu":6,"Sièges Secteur":0,"Sièges CC":0,"Voix":1292,"% Voix/Ins":23.92,"% Voix/Exp":44.57},{"N.Pan.":3,"Code Nuance":"LDIV","Sexe":"F","Nom":"MAILLET","Prénom":"Véronique","Liste":"BOUCHEMAINE NATURELLEMENT","Sièges / Elu":23,"Sièges Secteur":0,"Sièges CC":2,"Voix":1607,"% Voix/Ins":29.75,"% Voix/Exp":55.43}]},"population":{"F0-2":87.0677536687607,"F3-5":117.278145826511,"F6-10":179.404959591298,"F11-17":292.519664279619,"F18-24":197.256079385508,"F25-39":474.614625707257,"F40-54":673.72604724676,"F55-64":504.314269142938,"F65-79":672.933964218774,"F80+":258.54371671864,"H0-2":108.769718025276,"H3-5":118.232869350639,"H6-10":227.611906131575,"H11-17":278.213117169006,"H18-24":192.680548401199,"H25-39":421.645695069571,"H40-54":661.333525153214,"H55-64":491.854290273401,"H65-79":641.694872995426,"H80+":157.304231644628},"Analyse":{"Votes décisifs":315,"tour décisif":2,"majeurs":5347.901865957316,"Non votants de 18-24":173.89260583358717}}