{"id":4713,"slug":"49-92-chemille-en-anjou","nom_standard":"Chemillé-en-Anjou","code_postal":"49","code_departement":"49","libelle_departement":"Maine-et-Loire","code_commune":"92","Tour 1":{"Inscrits":15804,"Abstentions":9396,"% Abs/Ins":59.45,"Votants":6408,"% Vot/Ins":40.55,"Blancs":131,"% Blancs/Ins":0.83,"% Blancs/Vot":2.04,"Nuls":198,"% Nuls/Ins":1.25,"% Nuls/Vot":3.09,"Exprimés":6079,"% Exp/Ins":38.46,"% Exp/Vot":94.87,"resultats":[{"N.Pan.":null,"Code Nuance":"LDVD","Sexe":"M","Nom":"MARTIN","Prénom":"Hervé","Liste":"CHEMILLÉ-EN-ANJOU AVEC VOUS","Sièges / Elu":"58","Sièges Secteur":0,"Sièges CC":8,"Voix":4371,"% Voix/Ins":27.66,"% Voix/Exp":71.9},{"N.Pan.":2,"Code Nuance":"LDIV","Sexe":"F","Nom":"BLOCQUAUX","Prénom":"Corinne","Liste":"Oser ensemble Chemillé-en-Anjou","Sièges / Elu":"9","Sièges Secteur":0,"Sièges CC":1,"Voix":1708,"% Voix/Ins":10.81,"% Voix/Exp":28.1}]},"population":{"F0-2":405.702316090437,"F3-5":411.429192805828,"F6-10":696.484037402182,"F11-17":1128.54849049643,"F18-24":550.593265663336,"F25-39":1841.98522444116,"F40-54":2125.88560180731,"F55-64":1272.7805146905,"F65-79":1250.73329555417,"F80+":860.179948205117,"H0-2":394.937552145665,"H3-5":438.382500296983,"H6-10":844.098927394825,"H11-17":1135.43958480942,"H18-24":697.668529984223,"H25-39":1939.24134968975,"H40-54":2243.51704113638,"H55-64":1299.35868276192,"H65-79":1159.56545773528,"H80+":490.468486889096},"Analyse":{"Votes décisifs":2664,"tour décisif":1,"majeurs":15731.977398558241,"Non votants de 18-24":739.8157571195215}}