{"id":490,"slug":"7-72-coux","nom_standard":"Coux","code_postal":"7","code_departement":"7","libelle_departement":"Ardèche","code_commune":"72","Tour 1":{"Inscrits":1381,"Abstentions":589,"% Abs/Ins":42.65,"Votants":792,"% Vot/Ins":57.35,"Blancs":14,"% Blancs/Ins":1.01,"% Blancs/Vot":1.77,"Nuls":24,"% Nuls/Ins":1.74,"% Nuls/Vot":3.03,"Exprimés":754,"% Exp/Ins":54.6,"% Exp/Vot":95.2,"resultats":[{"N.Pan.":null,"Code Nuance":"LNC","Sexe":"M","Nom":"JEANNE","Prénom":"Jean-Pierre","Liste":"Ensemble pour l'Avenir de Coux","Sièges / Elu":"15","Sièges Secteur":0,"Sièges CC":2,"Voix":444,"% Voix/Ins":32.15,"% Voix/Exp":58.89},{"N.Pan.":2,"Code Nuance":"LNC","Sexe":"M","Nom":"LEFEBVRE","Prénom":"Jacques","Liste":"COUX EN COMMUN","Sièges / Elu":"4","Sièges Secteur":0,"Sièges CC":0,"Voix":310,"% Voix/Ins":22.45,"% Voix/Exp":41.11}]},"population":{"F0-2":19.8682891494159,"F3-5":21.7413268280629,"F6-10":51.4345923002125,"F11-17":88.1981726629934,"F18-24":30.812775992972,"F25-39":103.562802033949,"F40-54":189.368327122212,"F55-64":129.557893399335,"F65-79":185.869980264987,"F80+":29.1923756915819,"H0-2":19.8553681403999,"H3-5":21.8242401347522,"H6-10":45.5215179447052,"H11-17":80.1635670414268,"H18-24":42.7552177815663,"H25-39":106.65814464715,"H40-54":166.495689220592,"H55-64":110.209587381575,"H65-79":181.764002388144,"H80+":34.146129873968},"Analyse":{"Votes décisifs":135,"tour décisif":1,"majeurs":1310.3929257980324,"Non votants de 18-24":29.10358167161864}}