{"id":4918,"slug":"51-74-boult-sur-suippe","nom_standard":"Boult-sur-Suippe","code_postal":"51","code_departement":"51","libelle_departement":"Marne","code_commune":"74","Tour 1":{"Inscrits":1293,"Abstentions":767,"% Abs/Ins":59.32,"Votants":526,"% Vot/Ins":40.68,"Blancs":13,"% Blancs/Ins":1.01,"% Blancs/Vot":2.47,"Nuls":11,"% Nuls/Ins":0.85,"% Nuls/Vot":2.09,"Exprimés":502,"% Exp/Ins":38.82,"% Exp/Vot":95.44,"resultats":[{"N.Pan.":null,"Code Nuance":"LNC","Sexe":"M","Nom":"THIEBEAUX","Prénom":"Christian","Liste":"AGIR POUR BOULT","Sièges / Elu":"17","Sièges Secteur":0,"Sièges CC":1,"Voix":380,"% Voix/Ins":29.39,"% Voix/Exp":75.7},{"N.Pan.":2,"Code Nuance":"LNC","Sexe":"M","Nom":"POLET","Prénom":"Denis Francis","Liste":"BOUQUINS BOUQUINES EN ROUTE VERS LE FUTUR","Sièges / Elu":"2","Sièges Secteur":0,"Sièges CC":0,"Voix":122,"% Voix/Ins":9.44,"% Voix/Exp":24.3}]},"population":{"F0-2":30.811680898602,"F3-5":27.673431565936,"F6-10":68.8316052940171,"F11-17":83.1670128293382,"F18-24":41.8411059181338,"F25-39":179.520131622828,"F40-54":194.236320837737,"F55-64":89.121245256786,"F65-79":117.83686330972,"F80+":37.2983998682118,"H0-2":28.6628000645347,"H3-5":47.1606360777075,"H6-10":69.2778447547875,"H11-17":113.306302698287,"H18-24":49.1354378249209,"H25-39":144.701024685504,"H40-54":213.700342018912,"H55-64":109.88419520563,"H65-79":102.699869805809,"H80+":31.1337494625968},"Analyse":{"Votes décisifs":259,"tour décisif":1,"majeurs":1311.1086858167894,"Non votants de 18-24":54.47792045841443}}