{"id":4928,"slug":"51-183-courcy","nom_standard":"Courcy","code_postal":"51","code_departement":"51","libelle_departement":"Marne","code_commune":"183","Tour 1":{"Inscrits":807,"Abstentions":479,"% Abs/Ins":59.36,"Votants":328,"% Vot/Ins":40.64,"Blancs":7,"% Blancs/Ins":0.87,"% Blancs/Vot":2.13,"Nuls":29,"% Nuls/Ins":3.59,"% Nuls/Vot":8.84,"Exprimés":292,"% Exp/Ins":36.18,"% Exp/Vot":89.02,"resultats":[{"N.Pan.":null,"Code Nuance":"LNC","Sexe":"F","Nom":"JOLLY","Prénom":"Martine","Liste":"LISTE D'INTERET COMMUNAL","Sièges / Elu":"15","Sièges Secteur":0,"Sièges CC":1,"Voix":292,"% Voix/Ins":36.18,"% Voix/Exp":100}]},"population":{"F0-2":19.4928404277743,"F3-5":26.6458445639056,"F6-10":42.023102773624,"F11-17":74.8148143445478,"F18-24":23.6199575524875,"F25-39":130.357014526231,"F40-54":118.102074108566,"F55-64":80.3395896875523,"F65-79":87.5937361238416,"F80+":22.6888477288064,"H0-2":26.6504583728966,"H3-5":30.7659536158458,"H6-10":44.074016645365,"H11-17":65.6108706978015,"H18-24":32.8329803108488,"H25-39":130.416795497186,"H40-54":110.880271696695,"H55-64":79.2565893406109,"H65-79":80.3487764182617,"H80+":16.4854655671528},"Analyse":{"Votes décisifs":293,"tour décisif":1,"majeurs":912.92209855824,"Non votants de 18-24":36.170195613568055}}