{"id":4943,"slug":"51-328-loisy-sur-marne","nom_standard":"Loisy-sur-Marne","code_postal":"51","code_departement":"51","libelle_departement":"Marne","code_commune":"328","Tour 1":{"Inscrits":768,"Abstentions":478,"% Abs/Ins":62.24,"Votants":290,"% Vot/Ins":37.76,"Blancs":5,"% Blancs/Ins":0.65,"% Blancs/Vot":1.72,"Nuls":21,"% Nuls/Ins":2.73,"% Nuls/Vot":7.24,"Exprimés":264,"% Exp/Ins":34.38,"% Exp/Vot":91.03,"resultats":[{"N.Pan.":null,"Code Nuance":"LNC","Sexe":"M","Nom":"DESANLIS","Prénom":"Romain","Liste":"Loisy, avec vous, pour vous","Sièges / Elu":"15","Sièges Secteur":0,"Sièges CC":2,"Voix":264,"% Voix/Ins":34.38,"% Voix/Exp":100}]},"population":{"F0-2":15.1863656734615,"F3-5":22.2811670114326,"F6-10":28.3498560000906,"F11-17":37.4915142560147,"F18-24":17.2226960723193,"F25-39":89.0291125402955,"F40-54":105.042712031724,"F55-64":71.5412133928138,"F65-79":84.5236125493472,"F80+":99.1316191469544,"H0-2":18.2353674295247,"H3-5":21.2683279460624,"H6-10":32.4409277024592,"H11-17":42.5740296037903,"H18-24":32.3637967380143,"H25-39":96.0123721239241,"H40-54":103.086016141362,"H55-64":69.5341697467005,"H65-79":80.5903402870561,"H80+":43.0947836066528},"Analyse":{"Votes décisifs":265,"tour décisif":1,"majeurs":891.172444377164,"Non votants de 18-24":33.45035327221434}}