{"id":4944,"slug":"51-329-loivre","nom_standard":"Loivre","code_postal":"51","code_departement":"51","libelle_departement":"Marne","code_commune":"329","Tour 1":{"Inscrits":1095,"Abstentions":753,"% Abs/Ins":68.77,"Votants":342,"% Vot/Ins":31.23,"Blancs":9,"% Blancs/Ins":0.82,"% Blancs/Vot":2.63,"Nuls":43,"% Nuls/Ins":3.93,"% Nuls/Vot":12.57,"Exprimés":290,"% Exp/Ins":26.48,"% Exp/Vot":84.8,"resultats":[{"N.Pan.":null,"Code Nuance":"LNC","Sexe":"F","Nom":"ROUSSEAUX","Prénom":"Claudine","Liste":"UNIS POUR LOIVRE","Sièges / Elu":"15","Sièges Secteur":0,"Sièges CC":1,"Voix":290,"% Voix/Ins":26.48,"% Voix/Exp":100}]},"population":{"F0-2":20.1376902060215,"F3-5":25.8952429618438,"F6-10":57.538612744936,"F11-17":65.2030362106468,"F18-24":37.420600128741,"F25-39":117.042327128527,"F40-54":154.477089390557,"F55-64":97.001469588625,"F65-79":93.2220515419183,"F80+":24.0191072252745,"H0-2":24.9331647972846,"H3-5":33.5525898834663,"H6-10":60.4083421689807,"H11-17":53.6942176674251,"H18-24":46.0352986860427,"H25-39":93.0657269679369,"H40-54":157.338178598349,"H55-64":105.631117930972,"H65-79":98.0151554420467,"H80+":15.3689807304057},"Analyse":{"Votes décisifs":291,"tour décisif":1,"majeurs":1038.6371033593957,"Non votants de 18-24":55.97573533676112}}