{"id":4955,"slug":"51-453-recy","nom_standard":"Recy","code_postal":"51","code_departement":"51","libelle_departement":"Marne","code_commune":"453","Tour 1":{"Inscrits":884,"Abstentions":524,"% Abs/Ins":59.28,"Votants":360,"% Vot/Ins":40.72,"Blancs":7,"% Blancs/Ins":0.79,"% Blancs/Vot":1.94,"Nuls":20,"% Nuls/Ins":2.26,"% Nuls/Vot":5.56,"Exprimés":333,"% Exp/Ins":37.67,"% Exp/Vot":92.5,"resultats":[{"N.Pan.":null,"Code Nuance":"LNC","Sexe":"F","Nom":"SAGUET SIMON","Prénom":"Carole","Liste":"Recy Energies et synergie","Sièges / Elu":"15","Sièges Secteur":0,"Sièges CC":1,"Voix":333,"% Voix/Ins":37.67,"% Voix/Exp":100}]},"population":{"F0-2":13.5099750342105,"F3-5":14.4597178643628,"F6-10":36.3908523158886,"F11-17":43.5533518134986,"F18-24":26.7583739064335,"F25-39":84.2458226845063,"F40-54":104.349478029615,"F55-64":91.9442352165817,"F65-79":94.9554700046016,"F80+":30.4296987678414,"H0-2":12.4982309061751,"H3-5":16.3288648014182,"H6-10":30.407397880499,"H11-17":46.5848802374685,"H18-24":19.4510681302974,"H25-39":68.5540021034699,"H40-54":107.844863448937,"H55-64":86.4764153027396,"H65-79":91.7865126621723,"H80+":23.4707888892828},"Analyse":{"Votes décisifs":334,"tour décisif":1,"majeurs":830.2667291464784,"Non votants de 18-24":26.173231323669498}}