{"id":4965,"slug":"51-536-sillery","nom_standard":"Sillery","code_postal":"51","code_departement":"51","libelle_departement":"Marne","code_commune":"536","Tour 1":{"Inscrits":1465,"Abstentions":1017,"% Abs/Ins":69.42,"Votants":448,"% Vot/Ins":30.58,"Blancs":22,"% Blancs/Ins":1.5,"% Blancs/Vot":4.91,"Nuls":37,"% Nuls/Ins":2.53,"% Nuls/Vot":8.26,"Exprimés":389,"% Exp/Ins":26.55,"% Exp/Vot":86.83,"resultats":[{"N.Pan.":null,"Code Nuance":"LNC","Sexe":"M","Nom":"DUBOIS","Prénom":"Thomas","Liste":"SILLERY, UNE COMMUNE DYNAMIQUE, DURABLE ET SOLIDAIRE","Sièges / Elu":"19","Sièges Secteur":0,"Sièges CC":1,"Voix":389,"% Voix/Ins":26.55,"% Voix/Exp":100}]},"population":{"F0-2":16.7076810796376,"F3-5":20.6483028512976,"F6-10":55.2416534447198,"F11-17":79.1894245087123,"F18-24":58.3618171166752,"F25-39":129.209838168225,"F40-54":209.829920378536,"F55-64":144.904272562895,"F65-79":162.013290303927,"F80+":67.9618320459234,"H0-2":20.0357160643062,"H3-5":36.0370740157767,"H6-10":49.637993236786,"H11-17":93.0130509354342,"H18-24":50.7721216143523,"H25-39":118.747832883426,"H40-54":186.459881721168,"H55-64":121.926053642365,"H65-79":141.365222641116,"H80+":33.9370207847219},"Analyse":{"Votes décisifs":390,"tour décisif":1,"majeurs":1425.4891038633307,"Non votants de 18-24":74.83553236720877}}