{"id":4990,"slug":"52-250-joinville","nom_standard":"Joinville","code_postal":"52","code_departement":"52","libelle_departement":"Haute-Marne","code_commune":"250","Tour 1":{"Inscrits":2186,"Abstentions":1243,"% Abs/Ins":56.86,"Votants":943,"% Vot/Ins":43.14,"Blancs":11,"% Blancs/Ins":0.5,"% Blancs/Vot":1.17,"Nuls":18,"% Nuls/Ins":0.82,"% Nuls/Vot":1.91,"Exprimés":914,"% Exp/Ins":41.81,"% Exp/Vot":96.92,"resultats":[{"N.Pan.":null,"Code Nuance":"LNC","Sexe":"M","Nom":"NEVEU","Prénom":"Philippe","Liste":"ENSEMBLE","Sièges / Elu":"2","Sièges Secteur":0,"Sièges CC":1,"Voix":211,"% Voix/Ins":9.65,"% Voix/Exp":23.09},{"N.Pan.":2,"Code Nuance":"LNC","Sexe":"M","Nom":"MATTERA","Prénom":"Gérard","Liste":"UN AVENIR POUR JOINVILLE","Sièges / Elu":"2","Sièges Secteur":0,"Sièges CC":1,"Voix":146,"% Voix/Ins":6.68,"% Voix/Exp":15.97},{"N.Pan.":3,"Code Nuance":"LNC","Sexe":"M","Nom":"OLLIVIER","Prénom":"Bertrand","Liste":"JOINVILLE EN PLEINE RENAISSANCE","Sièges / Elu":19,"Sièges CC":11,"Voix":557,"% Voix/Ins":25.48,"% Voix/Exp":60.94}]},"population":{"F0-2":35.9943776710591,"F3-5":42.4760890482419,"F6-10":72.6234696969994,"F11-17":117.22052192975,"F18-24":74.1977670194404,"F25-39":217.167258903656,"F40-54":270.609750545302,"F55-64":235.924877575382,"F65-79":322.730580512768,"F80+":234.683614054494,"H0-2":30.2043475074826,"H3-5":49.1875815907268,"H6-10":55.907369498053,"H11-17":100.76568080386,"H18-24":77.5394612288082,"H25-39":212.812205506698,"H40-54":245.308383790114,"H55-64":188.342360434083,"H65-79":291.783594445562,"H80+":125.52070823752},"Analyse":{"Votes décisifs":201,"tour décisif":1,"majeurs":2496.6205622538278,"Non votants de 18-24":94.42447179601247}}