{"id":4999,"slug":"52-432-rolampont","nom_standard":"Rolampont","code_postal":"52","code_departement":"52","libelle_departement":"Haute-Marne","code_commune":"432","Tour 1":{"Inscrits":1206,"Abstentions":516,"% Abs/Ins":42.79,"Votants":690,"% Vot/Ins":57.21,"Blancs":18,"% Blancs/Ins":1.49,"% Blancs/Vot":2.61,"Nuls":27,"% Nuls/Ins":2.24,"% Nuls/Vot":3.91,"Exprimés":645,"% Exp/Ins":53.48,"% Exp/Vot":93.48,"resultats":[{"N.Pan.":null,"Code Nuance":"LNC","Sexe":"M","Nom":"SANCHEZ","Prénom":"Stéphane","Liste":"Se mobiliser ensemble pour l'avenir de nos villages","Sièges / Elu":"3","Sièges Secteur":0,"Sièges CC":1,"Voix":261,"% Voix/Ins":21.64,"% Voix/Exp":40.47},{"N.Pan.":2,"Code Nuance":"LNC","Sexe":"F","Nom":"BERNAND","Prénom":"Céline","Liste":"BIEN VIVRE À ROLAMPONT, TRONCHOY, LANNES et CHARMOILLES","Sièges / Elu":"12","Sièges Secteur":0,"Sièges CC":3,"Voix":384,"% Voix/Ins":31.84,"% Voix/Exp":59.53}]},"population":{"F0-2":20.2532775561855,"F3-5":10.6597085589894,"F6-10":43.5266394360922,"F11-17":44.7109096047429,"F18-24":36.7078031186598,"F25-39":98.9431857483904,"F40-54":140.154648064024,"F55-64":96.1542700075947,"F65-79":133.854126515745,"F80+":67.8109409697275,"H0-2":13.6162726726434,"H3-5":24.0813870744484,"H6-10":37.6968482526049,"H11-17":68.7743762375048,"H18-24":50.1057436621627,"H25-39":105.529028663577,"H40-54":154.055297217231,"H55-64":92.9062993189126,"H65-79":127.23130542904,"H80+":31.227931891724},"Analyse":{"Votes décisifs":124,"tour décisif":1,"majeurs":1134.6805806067887,"Non votants de 18-24":34.02217244820255}}