{"id":379,"slug":"5-61-gap","nom_standard":"Gap","code_postal":"5","code_departement":"5","libelle_departement":"Hautes-Alpes","code_commune":"61","Tour 1":{"Inscrits":29000,"Abstentions":18683,"% Abs/Ins":64.42,"Votants":10317,"% Vot/Ins":35.58,"Blancs":146,"% Blancs/Ins":0.5,"% Blancs/Vot":1.42,"Nuls":151,"% Nuls/Ins":0.52,"% Nuls/Vot":1.46,"Exprimés":10020,"% Exp/Ins":34.55,"% Exp/Vot":97.12,"resultats":[{"N.Pan.":null,"Code Nuance":"LDVG","Sexe":"F","Nom":"ALLEMAND","Prénom":"Marie-José","Liste":"Gap autrement","Sièges / Elu":"2","Sièges Secteur":0,"Sièges CC":1,"Voix":1310,"% Voix/Ins":4.52,"% Voix/Exp":13.07},{"N.Pan.":2,"Code Nuance":"LDVD","Sexe":"M","Nom":"DIDIER","Prénom":"Roger","Liste":"ENSEMBLE POUR GAP","Sièges / Elu":"34","Sièges Secteur":0,"Sièges CC":23,"Voix":5429,"% Voix/Ins":18.72,"% Voix/Exp":54.18},{"N.Pan.":3,"Code Nuance":"LDVG","Sexe":"F","Nom":"KUENTZ","Prénom":"Charlotte","Liste":"Ambitions pour Gap","Sièges / Elu":7,"Sièges CC":5,"Voix":3281,"% Voix/Ins":11.31,"% Voix/Exp":32.74}]},"population":{"F0-2":494.228413035776,"F3-5":561.873733479096,"F6-10":994.133357858331,"F11-17":1617.23192781627,"F18-24":1308.62790596797,"F25-39":3159.53889881714,"F40-54":3881.10280692926,"F55-64":3112.38477282209,"F65-79":3819.53623922846,"F80+":2046.36175322062,"H0-2":559.328429866716,"H3-5":584.11945317264,"H6-10":1081.53673574379,"H11-17":1644.48182242772,"H18-24":1678.21712306018,"H25-39":3296.33188284933,"H40-54":3536.09306353974,"H55-64":2509.83357211305,"H65-79":3111.98268104113,"H80+":1114.05542701068},"Analyse":{"Votes décisifs":839,"tour décisif":1,"majeurs":32574.06612659965,"Non votants de 18-24":2040.83847139671}}