{"id":4859,"slug":"50-363-moyon-villages","nom_standard":"Moyon-Villages","code_postal":"50","code_departement":"50","libelle_departement":"Manche","code_commune":"363","Tour 1":{"Inscrits":1054,"Abstentions":588,"% Abs/Ins":55.79,"Votants":466,"% Vot/Ins":44.21,"Blancs":32,"% Blancs/Ins":3.04,"% Blancs/Vot":6.87,"Nuls":86,"% Nuls/Ins":8.16,"% Nuls/Vot":18.45,"Exprimés":348,"% Exp/Ins":33.02,"% Exp/Vot":74.68,"resultats":[{"N.Pan.":null,"Code Nuance":"LNC","Sexe":"M","Nom":"LOUISE","Prénom":"Jean-Pierre","Liste":"Moyon Villages pour Tous","Sièges / Elu":"19","Sièges Secteur":0,"Sièges CC":1,"Voix":348,"% Voix/Ins":33.02,"% Voix/Exp":100}]},"population":{"F0-2":29.9862182136483,"F3-5":31.0271328356242,"F6-10":44.3586961182963,"F11-17":77.6590171958955,"F18-24":35.8740276128949,"F25-39":128.828537546182,"F40-54":143.585183708204,"F55-64":84.6067281956261,"F65-79":72.7573347540463,"F80+":75.314656340285,"H0-2":27.2887110864562,"H3-5":29.9197098603646,"H6-10":57.7976262136501,"H11-17":72.9744669081014,"H18-24":41.7554621025134,"H25-39":129.676584688076,"H40-54":144.26837378581,"H55-64":88.6176038875067,"H65-79":70.3895522351387,"H80+":56.3143767116803},"Analyse":{"Votes décisifs":349,"tour décisif":1,"majeurs":1071.9884215679633,"Non votants de 18-24":43.883470188007294}}