{"id":4871,"slug":"50-419-quettreville-sur-sienne","nom_standard":"Quettreville-sur-Sienne","code_postal":"50","code_departement":"50","libelle_departement":"Manche","code_commune":"419","Tour 1":{"Inscrits":2513,"Abstentions":1532,"% Abs/Ins":60.96,"Votants":981,"% Vot/Ins":39.04,"Blancs":40,"% Blancs/Ins":1.59,"% Blancs/Vot":4.08,"Nuls":166,"% Nuls/Ins":6.61,"% Nuls/Vot":16.92,"Exprimés":775,"% Exp/Ins":30.84,"% Exp/Vot":79,"resultats":[{"N.Pan.":null,"Code Nuance":"LNC","Sexe":"M","Nom":"GEYELIN","Prénom":"Guy","Liste":"Unis pour l'avenir","Sièges / Elu":"27","Sièges Secteur":0,"Sièges CC":5,"Voix":775,"% Voix/Ins":30.84,"% Voix/Exp":100}]},"population":{"F0-2":39.7294579423373,"F3-5":39.6672071804734,"F6-10":133.783426051837,"F11-17":162.832410548849,"F18-24":66.7944173408091,"F25-39":247.945849568783,"F40-54":307.105554648335,"F55-64":224.600536229949,"F65-79":301.679827157359,"F80+":99.5223468955472,"H0-2":39.1639813797544,"H3-5":40.6938087574202,"H6-10":125.462806815181,"H11-17":152.502895419695,"H18-24":64.3357930377178,"H25-39":252.171290051916,"H40-54":312.285138322438,"H55-64":238.542035260194,"H65-79":277.389594620635,"H80+":68.7916227707691},"Analyse":{"Votes décisifs":776,"tour décisif":1,"majeurs":2461.1640059044526,"Non votants de 18-24":78.86277266502049}}