{"id":4875,"slug":"50-436-romagny-fontenay","nom_standard":"Romagny-Fontenay","code_postal":"50","code_departement":"50","libelle_departement":"Manche","code_commune":"436","Tour 1":{"Inscrits":1070,"Abstentions":587,"% Abs/Ins":54.86,"Votants":483,"% Vot/Ins":45.14,"Blancs":21,"% Blancs/Ins":1.96,"% Blancs/Vot":4.35,"Nuls":199,"% Nuls/Ins":18.6,"% Nuls/Vot":41.2,"Exprimés":263,"% Exp/Ins":24.58,"% Exp/Vot":54.45,"resultats":[{"N.Pan.":null,"Code Nuance":"LNC","Sexe":"M","Nom":"ARMAND","Prénom":"Thierry","Liste":"ENSEMBLE POUR ROMAGNY FONTENAY","Sièges / Elu":"19","Sièges Secteur":0,"Sièges CC":1,"Voix":263,"% Voix/Ins":24.58,"% Voix/Exp":100}]},"population":{"F0-2":13.6967060555737,"F3-5":18.5551322837483,"F6-10":32.1241201979329,"F11-17":55.4662784676299,"F18-24":26.6638163902628,"F25-39":66.9393055375309,"F40-54":140.622314361737,"F55-64":93.5183786568938,"F65-79":131.230060808419,"F80+":42.6454028044566,"H0-2":10.808588188455,"H3-5":19.5758884032699,"H6-10":41.8264826326488,"H11-17":65.3152045541415,"H18-24":35.4038468911045,"H25-39":82.1135854521368,"H40-54":138.669527417374,"H55-64":96.5083874041317,"H65-79":130.1206203215,"H80+":28.1963531710524},"Analyse":{"Votes décisifs":264,"tour décisif":1,"majeurs":1012.6315992165994,"Non votants de 18-24":32.46293695434693}}