{"id":4886,"slug":"50-543-saint-quentin-sur-le-homme","nom_standard":"Saint-Quentin-sur-le-Homme","code_postal":"50","code_departement":"50","libelle_departement":"Manche","code_commune":"543","Tour 1":{"Inscrits":1038,"Abstentions":498,"% Abs/Ins":47.98,"Votants":540,"% Vot/Ins":52.02,"Blancs":2,"% Blancs/Ins":0.19,"% Blancs/Vot":0.37,"Nuls":21,"% Nuls/Ins":2.02,"% Nuls/Vot":3.89,"Exprimés":517,"% Exp/Ins":49.81,"% Exp/Vot":95.74,"resultats":[{"N.Pan.":null,"Code Nuance":"LNC","Sexe":"M","Nom":"GRALL","Prénom":"Stephane","Liste":"CONTINUONS ENSEMBLE","Sièges / Elu":"14","Sièges Secteur":0,"Sièges CC":1,"Voix":402,"% Voix/Ins":38.73,"% Voix/Exp":77.76},{"N.Pan.":2,"Code Nuance":"LNC","Sexe":"F","Nom":"KURDZIEL","Prénom":"Marie-Françoise","Liste":"RASSEMBLEMENT SAINT-QUENTINAIS","Sièges / Elu":"1","Sièges Secteur":0,"Sièges CC":0,"Voix":115,"% Voix/Ins":11.08,"% Voix/Exp":22.24}]},"population":{"F0-2":26.5282014199451,"F3-5":31.5588898039715,"F6-10":45.7679415103414,"F11-17":73.3875806154451,"F18-24":29.8100540839842,"F25-39":109.576756899161,"F40-54":150.953857534328,"F55-64":74.6201235152936,"F65-79":104.876491828888,"F80+":38.4994470883673,"H0-2":15.2939720305046,"H3-5":27.5910441923658,"H6-10":49.8542540785251,"H11-17":68.280201303432,"H18-24":35.8456293575823,"H25-39":109.99332830704,"H40-54":157.120460557657,"H55-64":87.0316063950098,"H65-79":88.2151575525137,"H80+":32.1950019256446},"Analyse":{"Votes décisifs":288,"tour décisif":1,"majeurs":1018.7379150454694,"Non votants de 18-24":30.853730422213637}}