{"id":4892,"slug":"50-564-terre-et-marais","nom_standard":"Terre-et-Marais","code_postal":"50","code_departement":"50","libelle_departement":"Manche","code_commune":"564","Tour 1":{"Inscrits":974,"Abstentions":414,"% Abs/Ins":42.51,"Votants":560,"% Vot/Ins":57.49,"Blancs":8,"% Blancs/Ins":0.82,"% Blancs/Vot":1.43,"Nuls":17,"% Nuls/Ins":1.75,"% Nuls/Vot":3.04,"Exprimés":535,"% Exp/Ins":54.93,"% Exp/Vot":95.54,"resultats":[{"N.Pan.":null,"Code Nuance":"LNC","Sexe":"M","Nom":"JACQUET","Prénom":"Jean-Pierre","Liste":"POUR L'AVENIR DE TERRE ET MARAIS","Sièges / Elu":"15","Sièges Secteur":0,"Sièges CC":3,"Voix":297,"% Voix/Ins":30.49,"% Voix/Exp":55.51},{"N.Pan.":2,"Code Nuance":"LNC","Sexe":"M","Nom":"LAURENT","Prénom":"Jean","Liste":"ENSEMBLE, CONSTRUISONS NOTRE COMMUNE NOUVELLE.","Sièges / Elu":"4","Sièges Secteur":0,"Sièges CC":0,"Voix":238,"% Voix/Ins":24.44,"% Voix/Exp":44.49}]},"population":{"F0-2":26.282310668541,"F3-5":25.2304341531156,"F6-10":49.3315217300664,"F11-17":56.5882895245856,"F18-24":34.5924203054488,"F25-39":119.781987772204,"F40-54":140.694373766076,"F55-64":74.1573492841866,"F65-79":79.6046325621409,"F80+":48.8110375192881,"H0-2":19.1833756272874,"H3-5":29.2566034238338,"H6-10":55.4870911061662,"H11-17":57.5200512725757,"H18-24":44.6523128611156,"H25-39":119.112555445009,"H40-54":148.725963376036,"H55-64":101.139373929299,"H65-79":64.9671312095604,"H80+":25.8811844634631},"Analyse":{"Votes décisifs":60,"tour décisif":1,"majeurs":1002.1203224938275,"Non votants de 18-24":34.96157716505601}}