{"id":4891,"slug":"50-562-saint-vaast-la-hougue","nom_standard":"Saint-Vaast-la-Hougue","code_postal":"50","code_departement":"50","libelle_departement":"Manche","code_commune":"562","Tour 1":{"Inscrits":1721,"Abstentions":651,"% Abs/Ins":37.83,"Votants":1070,"% Vot/Ins":62.17,"Blancs":15,"% Blancs/Ins":0.87,"% Blancs/Vot":1.4,"Nuls":13,"% Nuls/Ins":0.76,"% Nuls/Vot":1.21,"Exprimés":1042,"% Exp/Ins":60.55,"% Exp/Vot":97.38,"resultats":[{"N.Pan.":null,"Code Nuance":"LNC","Sexe":"M","Nom":"DOUCET","Prénom":"Gilbert","Liste":"AVEC VOUS, SAINT-VAAST DEMAIN","Sièges / Elu":"15","Sièges Secteur":0,"Sièges CC":1,"Voix":604,"% Voix/Ins":35.1,"% Voix/Exp":57.97},{"N.Pan.":2,"Code Nuance":"LNC","Sexe":"M","Nom":"LEPETIT","Prénom":"Jean","Liste":"SAINT-VAAST OXYGENE 2020","Sièges / Elu":"4","Sièges Secteur":0,"Sièges CC":0,"Voix":438,"% Voix/Ins":25.45,"% Voix/Exp":42.03}]},"population":{"F0-2":10.3698718078584,"F3-5":11.5420888007729,"F6-10":19.8628250160368,"F11-17":47.8783474761982,"F18-24":46.3059241326962,"F25-39":63.7742964720167,"F40-54":150.115296225144,"F55-64":149.380739345121,"F65-79":237.39638741253,"F80+":152.17773955283,"H0-2":9.84782492667293,"H3-5":14.7402973593914,"H6-10":20.7331956193598,"H11-17":54.3064487203134,"H18-24":72.1955524038727,"H25-39":88.9981172846546,"H40-54":124.319198105265,"H55-64":133.683924834982,"H65-79":207.504082572292,"H80+":84.8678419319925},"Analyse":{"Votes décisifs":167,"tour décisif":1,"majeurs":1510.7191002733966,"Non votants de 18-24":34.570201773985836}}