{"id":4897,"slug":"50-585-surtainville","nom_standard":"Surtainville","code_postal":"50","code_departement":"50","libelle_departement":"Manche","code_commune":"585","Tour 1":{"Inscrits":937,"Abstentions":398,"% Abs/Ins":42.48,"Votants":539,"% Vot/Ins":57.52,"Blancs":6,"% Blancs/Ins":0.64,"% Blancs/Vot":1.11,"Nuls":15,"% Nuls/Ins":1.6,"% Nuls/Vot":2.78,"Exprimés":518,"% Exp/Ins":55.28,"% Exp/Vot":96.1,"resultats":[{"N.Pan.":null,"Code Nuance":"LNC","Sexe":"F","Nom":"LE BRUN","Prénom":"Bernadette","Liste":"Ensemble pour Surtainville","Sièges / Elu":"3","Sièges Secteur":0,"Sièges CC":0,"Voix":199,"% Voix/Ins":21.24,"% Voix/Exp":38.42},{"N.Pan.":2,"Code Nuance":"LNC","Sexe":"F","Nom":"THOMINET","Prénom":"Odile","Liste":"POUR LE FUTUR DE SURTAINVILLE ENSEMBLE","Sièges / Elu":"12","Sièges Secteur":0,"Sièges CC":1,"Voix":319,"% Voix/Ins":34.04,"% Voix/Exp":61.58}]},"population":{"F0-2":6.87696636767869,"F3-5":19.5465701337903,"F6-10":33.2475977732732,"F11-17":51.8692476887467,"F18-24":13.8184131420424,"F25-39":94.5804986490716,"F40-54":111.791970816192,"F55-64":91.9426962625357,"F65-79":103.216502891161,"F80+":41.2518950727654,"H0-2":19.599704726816,"H3-5":18.5474438278777,"H6-10":31.2386903253153,"H11-17":50.8591260298633,"H18-24":25.7564231681956,"H25-39":89.0464851431405,"H40-54":113.781674058101,"H55-64":104.8370011544,"H65-79":115.109814229131,"H80+":22.0812785399026},"Analyse":{"Votes décisifs":121,"tour décisif":1,"majeurs":927.2146531266387,"Non votants de 18-24":16.569551935914244}}