{"id":4905,"slug":"50-639-villedieu-les-poeles-rouffigny","nom_standard":"Villedieu-les-Poêles-Rouffigny","code_postal":"50","code_departement":"50","libelle_departement":"Manche","code_commune":"639","Tour 1":{"Inscrits":2841,"Abstentions":1301,"% Abs/Ins":45.79,"Votants":1540,"% Vot/Ins":54.21,"Blancs":22,"% Blancs/Ins":0.77,"% Blancs/Vot":1.43,"Nuls":27,"% Nuls/Ins":0.95,"% Nuls/Vot":1.75,"Exprimés":1491,"% Exp/Ins":52.48,"% Exp/Vot":96.82,"resultats":[{"N.Pan.":null,"Code Nuance":"LDVC","Sexe":"M","Nom":"LEMAÎTRE","Prénom":"Philippe","Liste":"Villedieu-Rouffigny, toujours plus dynamique","Sièges / Elu":"23","Sièges Secteur":0,"Sièges CC":9,"Voix":801,"% Voix/Ins":28.19,"% Voix/Exp":53.72},{"N.Pan.":2,"Code Nuance":"LDVD","Sexe":"F","Nom":"LEMOINE","Prénom":"Martine","Liste":"ENSEMBLE UN NOUVEL ELAN","Sièges / Elu":"6","Sièges Secteur":0,"Sièges CC":2,"Voix":690,"% Voix/Ins":24.29,"% Voix/Exp":46.28}]},"population":{"F0-2":45.6062242910974,"F3-5":46.4586784192391,"F6-10":87.0016852140702,"F11-17":106.017700419607,"F18-24":107.851374346564,"F25-39":244.881811208293,"F40-54":337.281529326782,"F55-64":300.991998606907,"F65-79":418.806955944077,"F80+":323.580155642679,"H0-2":50.5001915333765,"H3-5":52.4651387347422,"H6-10":93.9131816164629,"H11-17":125.89344415939,"H18-24":119.770900032093,"H25-39":301.158272039652,"H40-54":289.591014899477,"H55-64":287.52461830846,"H65-79":326.046986713723,"H80+":183.658138543308},"Analyse":{"Votes décisifs":112,"tour décisif":1,"majeurs":3241.1437556120154,"Non votants de 18-24":119.46961933638143}}