{"id":4902,"slug":"50-601-torigny-les-villes","nom_standard":"Torigny-les-Villes","code_postal":"50","code_departement":"50","libelle_departement":"Manche","code_commune":"601","Tour 1":{"Inscrits":3230,"Abstentions":1622,"% Abs/Ins":50.22,"Votants":1608,"% Vot/Ins":49.78,"Blancs":15,"% Blancs/Ins":0.46,"% Blancs/Vot":0.93,"Nuls":25,"% Nuls/Ins":0.77,"% Nuls/Vot":1.55,"Exprimés":1568,"% Exp/Ins":48.54,"% Exp/Vot":97.51,"resultats":[{"N.Pan.":null,"Code Nuance":"LDVC","Sexe":"M","Nom":"CAILLIEZ","Prénom":"Dominique","Liste":"TORIGNY LES VILLES UN PROJET QUI NOUS RAPPROCHE","Sièges / Elu":"5","Sièges Secteur":0,"Sièges CC":1,"Voix":542,"% Voix/Ins":16.78,"% Voix/Exp":34.57},{"N.Pan.":2,"Code Nuance":"LDVC","Sexe":"M","Nom":"GRANDIN","Prénom":"Michaël","Liste":"Tous ensemble pour Torigny-les-Villes","Sièges / Elu":"24","Sièges Secteur":0,"Sièges CC":4,"Voix":1026,"% Voix/Ins":31.76,"% Voix/Exp":65.43}]},"population":{"F0-2":81.9619502648949,"F3-5":86.1271170708164,"F6-10":126.15151749219,"F11-17":180.499755374526,"F18-24":128.496691273946,"F25-39":387.288073242323,"F40-54":398.805358881209,"F55-64":269.880457918472,"F65-79":312.206404104205,"F80+":283.430449695756,"H0-2":84.9658189588037,"H3-5":71.7945389188806,"H6-10":159.037739814623,"H11-17":196.810921319816,"H18-24":120.206949694145,"H25-39":420.136491347042,"H40-54":424.377874556031,"H55-64":277.160472391733,"H65-79":286.028276719216,"H80+":138.63314096137},"Analyse":{"Votes décisifs":485,"tour décisif":1,"majeurs":3446.650640785448,"Non votants de 18-24":132.67347244902268}}