{"id":4816,"slug":"50-77-bretteville","nom_standard":"Bretteville","code_postal":"50","code_departement":"50","libelle_departement":"Manche","code_commune":"77","Tour 1":{"Inscrits":915,"Abstentions":412,"% Abs/Ins":45.03,"Votants":503,"% Vot/Ins":54.97,"Blancs":9,"% Blancs/Ins":0.98,"% Blancs/Vot":1.79,"Nuls":3,"% Nuls/Ins":0.33,"% Nuls/Vot":0.6,"Exprimés":491,"% Exp/Ins":53.66,"% Exp/Vot":97.61,"resultats":[{"N.Pan.":null,"Code Nuance":"LNC","Sexe":"M","Nom":"LALANNE","Prénom":"Didier","Liste":"Un nouvel avenir à Bretteville","Sièges / Elu":"2","Sièges Secteur":0,"Sièges CC":0,"Voix":166,"% Voix/Ins":18.14,"% Voix/Exp":33.81},{"N.Pan.":2,"Code Nuance":"LNC","Sexe":"M","Nom":"DE BOURSETTY","Prénom":"Olivier","Liste":"AGIR ENSEMBLE POUR BRETTEVILLE","Sièges / Elu":"13","Sièges Secteur":0,"Sièges CC":1,"Voix":325,"% Voix/Ins":35.52,"% Voix/Exp":66.19}]},"population":{"F0-2":14.5391572207379,"F3-5":20.1440963851726,"F6-10":33.3976234801099,"F11-17":28.6802492851785,"F18-24":15.5096820519105,"F25-39":63.59355704045,"F40-54":112.130725223546,"F55-64":106.277545879715,"F65-79":84.4539753471584,"F80+":28.4540321224533,"H0-2":6.66445241018619,"H3-5":13.5292727327904,"H6-10":23.8787594511508,"H11-17":46.1187494581058,"H18-24":24.1196992160705,"H25-39":68.7572240823209,"H40-54":100.267686452039,"H55-64":117.886785922521,"H65-79":90.1706163274648,"H80+":28.4261099109178},"Analyse":{"Votes décisifs":160,"tour décisif":1,"majeurs":840.0476395765672,"Non votants de 18-24":15.900276109323423}}