{"id":5019,"slug":"53-48-chailland","nom_standard":"Chailland","code_postal":"53","code_departement":"53","libelle_departement":"Mayenne","code_commune":"48","Tour 1":{"Inscrits":973,"Abstentions":272,"% Abs/Ins":27.95,"Votants":701,"% Vot/Ins":72.05,"Blancs":13,"% Blancs/Ins":1.34,"% Blancs/Vot":1.85,"Nuls":21,"% Nuls/Ins":2.16,"% Nuls/Vot":3,"Exprimés":667,"% Exp/Ins":68.55,"% Exp/Vot":95.15,"resultats":[{"N.Pan.":null,"Code Nuance":"LNC","Sexe":"M","Nom":"GARNIER","Prénom":"Éric","Liste":"Chailland Passionnément","Sièges / Elu":"3","Sièges Secteur":0,"Sièges CC":0,"Voix":267,"% Voix/Ins":27.44,"% Voix/Exp":40.03},{"N.Pan.":2,"Code Nuance":"LNC","Sexe":"M","Nom":"DARRAS","Prénom":"Bruno","Liste":"Les Chaillandais toujours au coeur de nos projets","Sièges / Elu":"12","Sièges Secteur":0,"Sièges CC":2,"Voix":400,"% Voix/Ins":41.11,"% Voix/Exp":59.97}]},"population":{"F0-2":22.6493295025582,"F3-5":20.6214699525595,"F6-10":39.7141566248726,"F11-17":47.8076547662516,"F18-24":21.509883104363,"F25-39":103.170164479081,"F40-54":109.22039517389,"F55-64":60.5721059479734,"F65-79":76.0840477380908,"F80+":48.4520561474217,"H0-2":14.3339697732841,"H3-5":27.976168432122,"H6-10":44.2181101751127,"H11-17":60.1742556120128,"H18-24":33.6992327784451,"H25-39":95.5328579196867,"H40-54":131.858616132163,"H55-64":73.5037837914242,"H65-79":74.1195027398345,"H80+":38.7822392088528},"Analyse":{"Votes décisifs":134,"tour décisif":1,"majeurs":866.5048851612263,"Non votants de 18-24":10.545097368189493}}