{"id":5023,"slug":"53-64-chatillon-sur-colmont","nom_standard":"Châtillon-sur-Colmont","code_postal":"53","code_departement":"53","libelle_departement":"Mayenne","code_commune":"64","Tour 1":{"Inscrits":725,"Abstentions":248,"% Abs/Ins":34.21,"Votants":477,"% Vot/Ins":65.79,"Blancs":9,"% Blancs/Ins":1.24,"% Blancs/Vot":1.89,"Nuls":25,"% Nuls/Ins":3.45,"% Nuls/Vot":5.24,"Exprimés":443,"% Exp/Ins":61.1,"% Exp/Vot":92.87,"resultats":[{"N.Pan.":null,"Code Nuance":"LNC","Sexe":"M","Nom":"CHAUVIN","Prénom":"Prosper","Liste":"Châtillon renouveau","Sièges / Elu":"12","Sièges Secteur":0,"Sièges CC":2,"Voix":235,"% Voix/Ins":32.41,"% Voix/Exp":53.05},{"N.Pan.":2,"Code Nuance":"LNC","Sexe":"M","Nom":"BOURNY","Prénom":"Didier","Liste":"Ensemble agissons pour Châtillon","Sièges / Elu":"3","Sièges Secteur":0,"Sièges CC":0,"Voix":208,"% Voix/Ins":28.69,"% Voix/Exp":46.95}]},"population":{"F0-2":14.71899997428,"F3-5":18.6511065504074,"F6-10":30.4139968363187,"F11-17":50.1001854703486,"F18-24":17.85011744728,"F25-39":67.1841656049164,"F40-54":90.1620026981839,"F55-64":62.0742829953147,"F65-79":70.2517887021339,"F80+":63.468525122607,"H0-2":8.85787608905278,"H3-5":21.6812900102992,"H6-10":17.6746214721988,"H11-17":50.1175057588966,"H18-24":28.6873411950089,"H25-39":78.393284992152,"H40-54":101.25350139768,"H55-64":76.1287417603511,"H65-79":64.1457964869011,"H80+":41.184869435669},"Analyse":{"Votes décisifs":28,"tour décisif":1,"majeurs":760.784417838198,"Non votants de 18-24":17.359195718017354}}