{"id":5026,"slug":"53-77-cosse-le-vivien","nom_standard":"Cossé-le-Vivien","code_postal":"53","code_departement":"53","libelle_departement":"Mayenne","code_commune":"77","Tour 1":{"Inscrits":2411,"Abstentions":1544,"% Abs/Ins":64.04,"Votants":867,"% Vot/Ins":35.96,"Blancs":28,"% Blancs/Ins":1.16,"% Blancs/Vot":3.23,"Nuls":69,"% Nuls/Ins":2.86,"% Nuls/Vot":7.96,"Exprimés":770,"% Exp/Ins":31.94,"% Exp/Vot":88.81,"resultats":[{"N.Pan.":null,"Code Nuance":"LNC","Sexe":"M","Nom":"LANGOUET","Prénom":"Christophe","Liste":"Cossé 2020","Sièges / Elu":"23","Sièges Secteur":0,"Sièges CC":5,"Voix":770,"% Voix/Ins":31.94,"% Voix/Exp":100}]},"population":{"F0-2":46.1375978635643,"F3-5":67.693473990749,"F6-10":110.936854684283,"F11-17":181.676004783633,"F18-24":85.5432477565157,"F25-39":257.296635063251,"F40-54":307.294315043579,"F55-64":178.27722544333,"F65-79":252.913812813739,"F80+":173.013089154755,"H0-2":52.2562900509369,"H3-5":52.3279996526373,"H6-10":110.727024346137,"H11-17":163.17036377417,"H18-24":101.052258613644,"H25-39":251.904948893044,"H40-54":317.455568145435,"H55-64":183.418270672516,"H65-79":244.987396291636,"H80+":90.9176229624439},"Analyse":{"Votes décisifs":771,"tour décisif":1,"majeurs":2444.0743908538884,"Non votants de 18-24":120.40345238508937}}