{"id":5035,"slug":"53-107-gorron","nom_standard":"Gorron","code_postal":"53","code_departement":"53","libelle_departement":"Mayenne","code_commune":"107","Tour 1":{"Inscrits":1908,"Abstentions":741,"% Abs/Ins":38.84,"Votants":1167,"% Vot/Ins":61.16,"Blancs":25,"% Blancs/Ins":1.31,"% Blancs/Vot":2.14,"Nuls":33,"% Nuls/Ins":1.73,"% Nuls/Vot":2.83,"Exprimés":1109,"% Exp/Ins":58.12,"% Exp/Vot":95.03,"resultats":[{"N.Pan.":null,"Code Nuance":"LNC","Sexe":"M","Nom":"MARTIN","Prénom":"Pascal","Liste":"UN NOUVEL HORIZON POUR GORRON","Sièges / Elu":"2","Sièges Secteur":0,"Sièges CC":0,"Voix":217,"% Voix/Ins":11.37,"% Voix/Exp":19.57},{"N.Pan.":2,"Code Nuance":"LNC","Sexe":"M","Nom":"ALLAIN","Prénom":"Jean-Marc","Liste":"Gorron vivre ensemble","Sièges / Elu":"21","Sièges Secteur":0,"Sièges CC":6,"Voix":892,"% Voix/Ins":46.75,"% Voix/Exp":80.43}]},"population":{"F0-2":25.7613797703941,"F3-5":23.456005978709,"F6-10":48.9618350118394,"F11-17":96.4457320482663,"F18-24":49.2270882284538,"F25-39":116.203346605843,"F40-54":227.36362199327,"F55-64":205.453862123372,"F65-79":275.994537447814,"F80+":271.692703412331,"H0-2":16.1995146826153,"H3-5":31.4173449964078,"H6-10":41.7611105216639,"H11-17":82.8146142079416,"H18-24":78.9666431507236,"H25-39":134.580866699547,"H40-54":211.379577979374,"H55-64":206.412113278803,"H65-79":231.244520164204,"H80+":167.663581698427},"Analyse":{"Votes décisifs":676,"tour décisif":1,"majeurs":2176.1824627821625,"Non votants de 18-24":59.448537868041505}}