{"id":5083,"slug":"54-36-avril","nom_standard":"Avril","code_postal":"54","code_departement":"54","libelle_departement":"Meurthe-et-Moselle","code_commune":"36","Tour 1":{"Inscrits":865,"Abstentions":312,"% Abs/Ins":36.07,"Votants":553,"% Vot/Ins":63.93,"Blancs":0,"% Blancs/Ins":0,"% Blancs/Vot":0,"Nuls":4,"% Nuls/Ins":0.46,"% Nuls/Vot":0.72,"Exprimés":549,"% Exp/Ins":63.47,"% Exp/Vot":99.28,"resultats":[{"N.Pan.":null,"Code Nuance":"LNC","Sexe":"M","Nom":"GAASCH","Prénom":"Frédéric","Liste":"AVRIL UN NOUVEL ELAN","Sièges / Elu":"0","Sièges Secteur":0,"Sièges CC":0,"Voix":155,"% Voix/Ins":17.92,"% Voix/Exp":28.23},{"N.Pan.":2,"Code Nuance":"LNC","Sexe":"F","Nom":"AUDDINO","Prénom":"Marie-Thérèse","Liste":"POUR UN VILLAGE UNI","Sièges / Elu":"0","Sièges Secteur":0,"Sièges CC":0,"Voix":133,"% Voix/Ins":15.38,"% Voix/Exp":24.23},{"N.Pan.":3,"Code Nuance":"LNC","Sexe":"M","Nom":"DANTE","Prénom":"Didier","Liste":"MAINTENONS LE CAP !","Sièges / Elu":0,"Sièges CC":0,"Voix":261,"% Voix/Ins":30.17,"% Voix/Exp":47.54}]},"Tour 2":{"Inscrits":823,"Abstentions":252,"% Abs/Ins":30.62,"Votants":571,"% Vot/Ins":69.38,"Blancs":6,"% Blancs/Ins":0.73,"% Blancs/Vot":1.05,"Nuls":6,"% Nuls/Ins":0.73,"% Nuls/Vot":1.05,"Exprimés":559,"% Exp/Ins":67.92,"% Exp/Vot":97.9,"resultats":[{"N.Pan.":2,"Code Nuance":"LNC","Sexe":"F","Nom":"AUDDINO","Prénom":"Marie-Thérèse","Liste":"POUR UN VILLAGE UNI","Sièges / Elu":3,"Sièges Secteur":0,"Sièges CC":0,"Voix":257,"% Voix/Ins":31.23,"% Voix/Exp":45.97},{"N.Pan.":3,"Code Nuance":"LNC","Sexe":"M","Nom":"DANTE","Prénom":"Didier","Liste":"MAINTENONS LE CAP !","Sièges / Elu":12,"Sièges Secteur":0,"Sièges CC":1,"Voix":302,"% Voix/Ins":36.7,"% Voix/Exp":54.03}]},"population":{"F0-2":12.7302032069999,"F3-5":22.477914765802,"F6-10":64.780220068153,"F11-17":73.2857035490835,"F18-24":24.9813397741564,"F25-39":118.18963412405,"F40-54":148.508510150943,"F55-64":52.2929177701555,"F65-79":42.7219191121816,"F80+":17.6000696772457,"H0-2":23.1967292244835,"H3-5":24.4299251120674,"H6-10":49.9971167333023,"H11-17":74.5113979119128,"H18-24":43.0202778321152,"H25-39":114.131032836397,"H40-54":156.999340084494,"H55-64":54.1948774861924,"H65-79":45.7272304070116,"H80+":10.2236401732519},"Analyse":{"Votes décisifs":45,"tour décisif":2,"majeurs":828.5907894281943,"Non votants de 18-24":21.14021853137155}}