{"id":5098,"slug":"54-111-chaligny","nom_standard":"Chaligny","code_postal":"54","code_departement":"54","libelle_departement":"Meurthe-et-Moselle","code_commune":"111","Tour 1":{"Inscrits":2172,"Abstentions":959,"% Abs/Ins":44.15,"Votants":1213,"% Vot/Ins":55.85,"Blancs":10,"% Blancs/Ins":0.46,"% Blancs/Vot":0.82,"Nuls":15,"% Nuls/Ins":0.69,"% Nuls/Vot":1.24,"Exprimés":1188,"% Exp/Ins":54.7,"% Exp/Vot":97.94,"resultats":[{"N.Pan.":null,"Code Nuance":"LNC","Sexe":"M","Nom":"PINHO","Prénom":"Filipe","Liste":"ENSEMBLE POUR CHALIGNY","Sièges / Elu":"5","Sièges Secteur":0,"Sièges CC":1,"Voix":579,"% Voix/Ins":26.66,"% Voix/Exp":48.74},{"N.Pan.":2,"Code Nuance":"LNC","Sexe":"M","Nom":"BAGARD","Prénom":"André","Liste":"CHALIGNY AVEC VOUS ET POUR VOUS","Sièges / Elu":"18","Sièges Secteur":0,"Sièges CC":2,"Voix":609,"% Voix/Ins":28.04,"% Voix/Exp":51.26}]},"population":{"F0-2":25.9809517036186,"F3-5":35.280411154613,"F6-10":75.6574125133355,"F11-17":145.618271771285,"F18-24":79.3563705440316,"F25-39":200.440655721128,"F40-54":342.831735539714,"F55-64":191.764073494229,"F65-79":259.305916584287,"F80+":115.654861918781,"H0-2":24.7738905211362,"H3-5":39.2205505185265,"H6-10":80.4084016329086,"H11-17":127.935950163989,"H18-24":95.3138600090123,"H25-39":178.900157513556,"H40-54":317.717993752395,"H55-64":195.473146652093,"H65-79":213.710306126772,"H80+":57.6550821645903},"Analyse":{"Votes décisifs":31,"tour décisif":1,"majeurs":2248.124160020589,"Non votants de 18-24":80.42499560174039}}