{"id":4923,"slug":"51-153-chouilly","nom_standard":"Chouilly","code_postal":"51","code_departement":"51","libelle_departement":"Marne","code_commune":"153","Tour 1":{"Inscrits":866,"Abstentions":585,"% Abs/Ins":67.55,"Votants":281,"% Vot/Ins":32.45,"Blancs":13,"% Blancs/Ins":1.5,"% Blancs/Vot":4.63,"Nuls":32,"% Nuls/Ins":3.7,"% Nuls/Vot":11.39,"Exprimés":236,"% Exp/Ins":27.25,"% Exp/Vot":83.99,"resultats":[{"N.Pan.":null,"Code Nuance":"LNC","Sexe":"F","Nom":"BOUTILLAT","Prénom":"Martine","Liste":"Agissons pour l'avenir de Chouilly","Sièges / Elu":"15","Sièges Secteur":0,"Sièges CC":1,"Voix":236,"% Voix/Ins":27.25,"% Voix/Exp":100}]},"population":{"F0-2":18.366192393175,"F3-5":20.2819416685702,"F6-10":27.9445576879872,"F11-17":32.8156537390388,"F18-24":22.322979496936,"F25-39":94.1129265320015,"F40-54":107.975279848035,"F55-64":76.7209637123098,"F65-79":80.7161083655485,"F80+":44.4463118583954,"H0-2":18.366192393175,"H3-5":23.1314153275927,"H6-10":30.8423281150899,"H11-17":36.6375847939489,"H18-24":25.2300351331837,"H25-39":90.4657315897868,"H40-54":132.368477705701,"H55-64":65.7459542006113,"H65-79":63.8781205832613,"H80+":22.6312448556516},"Analyse":{"Votes décisifs":237,"tour décisif":1,"majeurs":826.614133881422,"Non votants de 18-24":31.38779731364387}}