{"id":4931,"slug":"51-210-dizy","nom_standard":"Dizy","code_postal":"51","code_departement":"51","libelle_departement":"Marne","code_commune":"210","Tour 1":{"Inscrits":1273,"Abstentions":884,"% Abs/Ins":69.44,"Votants":389,"% Vot/Ins":30.56,"Blancs":10,"% Blancs/Ins":0.79,"% Blancs/Vot":2.57,"Nuls":41,"% Nuls/Ins":3.22,"% Nuls/Vot":10.54,"Exprimés":338,"% Exp/Ins":26.55,"% Exp/Vot":86.89,"resultats":[{"N.Pan.":null,"Code Nuance":"LNC","Sexe":"M","Nom":"CHIQUET","Prénom":"Antoine","Liste":"Bien vivre à Dizy","Sièges / Elu":"19","Sièges Secteur":0,"Sièges CC":4,"Voix":338,"% Voix/Ins":26.55,"% Voix/Exp":100}]},"population":{"F0-2":19.2844125978366,"F3-5":21.3159365621396,"F6-10":43.6870788060098,"F11-17":47.6337414611079,"F18-24":29.2268609604006,"F25-39":110.966639791228,"F40-54":146.974093642751,"F55-64":157.889140866357,"F65-79":154.720684215261,"F80+":56.7645074954899,"H0-2":15.1825089352542,"H3-5":21.3084611267732,"H6-10":25.3327127640289,"H11-17":43.5473201071808,"H18-24":47.4261017514944,"H25-39":117.762480790203,"H40-54":107.812373733675,"H55-64":157.248694336929,"H65-79":135.956479820561,"H80+":31.9597702353188},"Analyse":{"Votes décisifs":339,"tour décisif":1,"majeurs":1254.7078276396687,"Non votants de 18-24":52.888065547731934}}