{"id":4937,"slug":"51-250-fismes","nom_standard":"Fismes","code_postal":"51","code_departement":"51","libelle_departement":"Marne","code_commune":"250","Tour 1":{"Inscrits":3968,"Abstentions":2876,"% Abs/Ins":72.48,"Votants":1092,"% Vot/Ins":27.52,"Blancs":60,"% Blancs/Ins":1.51,"% Blancs/Vot":5.49,"Nuls":134,"% Nuls/Ins":3.38,"% Nuls/Vot":12.27,"Exprimés":898,"% Exp/Ins":22.63,"% Exp/Vot":82.23,"resultats":[{"N.Pan.":null,"Code Nuance":"LDVG","Sexe":"M","Nom":"GOSSARD","Prénom":"Charles","Liste":"PENSONS, AGISSONS, ÉVOLUONS FISMES Avec Charles Gossard","Sièges / Elu":"29","Sièges Secteur":0,"Sièges CC":2,"Voix":898,"% Voix/Ins":22.63,"% Voix/Exp":100}]},"population":{"F0-2":72.9861909308976,"F3-5":86.2168569014353,"F6-10":179.028506214841,"F11-17":291.993640390443,"F18-24":224.817937726769,"F25-39":456.159321149798,"F40-54":554.313399012159,"F55-64":377.232234011042,"F65-79":460.671876849455,"F80+":279.123442672362,"H0-2":73.7904173652642,"H3-5":101.755580374337,"H6-10":223.885881697845,"H11-17":276.592020015325,"H18-24":243.466660984782,"H25-39":448.553694574062,"H40-54":499.789870907896,"H55-64":353.904096609107,"H65-79":401.284253200127,"H80+":115.434118412054},"Analyse":{"Votes décisifs":899,"tour décisif":1,"majeurs":4414.7509061096125,"Non votants de 18-24":352.45319787638067}}