{"id":4934,"slug":"51-237-esternay","nom_standard":"Esternay","code_postal":"51","code_departement":"51","libelle_departement":"Marne","code_commune":"237","Tour 1":{"Inscrits":1209,"Abstentions":746,"% Abs/Ins":61.7,"Votants":463,"% Vot/Ins":38.3,"Blancs":22,"% Blancs/Ins":1.82,"% Blancs/Vot":4.75,"Nuls":50,"% Nuls/Ins":4.14,"% Nuls/Vot":10.8,"Exprimés":391,"% Exp/Ins":32.34,"% Exp/Vot":84.45,"resultats":[{"N.Pan.":null,"Code Nuance":"LNC","Sexe":"M","Nom":"VALENTIN","Prénom":"Patrice","Liste":"Vivre Esternay","Sièges / Elu":"19","Sièges Secteur":0,"Sièges CC":6,"Voix":391,"% Voix/Ins":32.34,"% Voix/Exp":100}]},"population":{"F0-2":28.4831696331281,"F3-5":15.4857466281888,"F6-10":63.969299741072,"F11-17":92.3711577596863,"F18-24":41.1046995117547,"F25-39":134.820083893154,"F40-54":187.962905022063,"F55-64":133.035574690578,"F65-79":177.951829340603,"F80+":93.2177870508444,"H0-2":18.3346174345458,"H3-5":29.1236879382457,"H6-10":60.3026964876934,"H11-17":88.5529175246388,"H18-24":61.8323348627938,"H25-39":116.531767179042,"H40-54":179.157732954572,"H55-64":116.286147365066,"H65-79":135.077551751716,"H80+":43.3982932306134},"Analyse":{"Votes décisifs":392,"tour décisif":1,"majeurs":1420.3767068528005,"Non votants de 18-24":69.3826634210722}}