{"id":4916,"slug":"51-55-betheny","nom_standard":"Bétheny","code_postal":"51","code_departement":"51","libelle_departement":"Marne","code_commune":"55","Tour 1":{"Inscrits":5409,"Abstentions":3207,"% Abs/Ins":59.29,"Votants":2202,"% Vot/Ins":40.71,"Blancs":31,"% Blancs/Ins":0.57,"% Blancs/Vot":1.41,"Nuls":31,"% Nuls/Ins":0.57,"% Nuls/Vot":1.41,"Exprimés":2140,"% Exp/Ins":39.56,"% Exp/Vot":97.18,"resultats":[{"N.Pan.":null,"Code Nuance":"LDVD","Sexe":"M","Nom":"DUPAIN","Prénom":"Julien","Liste":"UN NOUVEL ELAN POUR BETHENY","Sièges / Elu":"2","Sièges Secteur":0,"Sièges CC":0,"Voix":386,"% Voix/Ins":7.14,"% Voix/Exp":18.04},{"N.Pan.":2,"Code Nuance":"LDIV","Sexe":"M","Nom":"WANSCHOOR","Prénom":"Alain","Liste":"BETHENY ENSEMBLE","Sièges / Elu":"25","Sièges Secteur":0,"Sièges CC":2,"Voix":1431,"% Voix/Ins":26.46,"% Voix/Exp":66.87},{"N.Pan.":3,"Code Nuance":"LUD","Sexe":"M","Nom":"FERRANDO","Prénom":"Jean-François","Liste":"J'AIME BETHENY","Sièges / Elu":2,"Sièges CC":0,"Voix":323,"% Voix/Ins":5.97,"% Voix/Exp":15.09}]},"population":{"F0-2":106.442073486875,"F3-5":124.018968704515,"F6-10":219.72744907667,"F11-17":290.805243981322,"F18-24":220.654613182428,"F25-39":552.025568348653,"F40-54":747.369827754494,"F55-64":526.470539155627,"F65-79":688.972407293785,"F80+":212.508085584496,"H0-2":118.983911368264,"H3-5":112.105469141273,"H6-10":247.199831302282,"H11-17":325.187805886008,"H18-24":238.810493278253,"H25-39":530.835384523168,"H40-54":697.637903404952,"H55-64":439.465257782005,"H65-79":609.142861405687,"H80+":139.636305339242},"Analyse":{"Votes décisifs":723,"tour décisif":1,"majeurs":5603.52924705279,"Non votants de 18-24":278.91065232652056}}