{"id":5105,"slug":"54-136-conflans-en-jarnisy","nom_standard":"Conflans-en-Jarnisy","code_postal":"54","code_departement":"54","libelle_departement":"Meurthe-et-Moselle","code_commune":"136","Tour 1":{"Inscrits":1824,"Abstentions":1146,"% Abs/Ins":62.83,"Votants":678,"% Vot/Ins":37.17,"Blancs":5,"% Blancs/Ins":0.27,"% Blancs/Vot":0.74,"Nuls":10,"% Nuls/Ins":0.55,"% Nuls/Vot":1.47,"Exprimés":663,"% Exp/Ins":36.35,"% Exp/Vot":97.79,"resultats":[{"N.Pan.":null,"Code Nuance":"LNC","Sexe":"M","Nom":"LEMEY","Prénom":"Alain","Liste":"CONFLANS CONTINUER ENSEMBLE","Sièges / Elu":"17","Sièges Secteur":0,"Sièges CC":2,"Voix":465,"% Voix/Ins":25.49,"% Voix/Exp":70.14},{"N.Pan.":2,"Code Nuance":"LNC","Sexe":"F","Nom":"JOURDAN","Prénom":"Nathalie","Liste":"UN NOUVEL ÉLAN POUR CONFLANS","Sièges / Elu":"2","Sièges Secteur":0,"Sièges CC":0,"Voix":198,"% Voix/Ins":10.86,"% Voix/Exp":29.86}]},"population":{"F0-2":29.6216243322926,"F3-5":33.4051777549599,"F6-10":76.6025812800758,"F11-17":78.5845212019619,"F18-24":70.4153401608641,"F25-39":206.337119362567,"F40-54":234.426151474638,"F55-64":171.115033324093,"F65-79":230.590198102487,"F80+":96.3238726260696,"H0-2":26.6211141054958,"H3-5":33.256928109696,"H6-10":68.8552126872709,"H11-17":103.006757700232,"H18-24":64.8486766659166,"H25-39":189.437594718174,"H40-54":222.039486481503,"H55-64":177.941480209269,"H65-79":189.484005090556,"H80+":74.0871246118775},"Analyse":{"Votes décisifs":268,"tour décisif":1,"majeurs":1927.0460828280147,"Non votants de 18-24":87.67355999973337}}