{"id":5121,"slug":"54-196-flavigny-sur-moselle","nom_standard":"Flavigny-sur-Moselle","code_postal":"54","code_departement":"54","libelle_departement":"Meurthe-et-Moselle","code_commune":"196","Tour 1":{"Inscrits":1116,"Abstentions":636,"% Abs/Ins":56.99,"Votants":480,"% Vot/Ins":43.01,"Blancs":7,"% Blancs/Ins":0.63,"% Blancs/Vot":1.46,"Nuls":35,"% Nuls/Ins":3.14,"% Nuls/Vot":7.29,"Exprimés":438,"% Exp/Ins":39.25,"% Exp/Vot":91.25,"resultats":[{"N.Pan.":null,"Code Nuance":"LNC","Sexe":"M","Nom":"TEDESCO","Prénom":"Marcel","Liste":"AGIR ENSEMBLE POUR NOTRE VILLAGE","Sièges / Elu":"19","Sièges Secteur":0,"Sièges CC":2,"Voix":438,"% Voix/Ins":39.25,"% Voix/Exp":100}]},"population":{"F0-2":18.2955722039802,"F3-5":27.7557400893347,"F6-10":42.4341923032205,"F11-17":92.0931923319203,"F18-24":95.6070598642841,"F25-39":116.655471229137,"F40-54":154.529945697439,"F55-64":103.567082757849,"F65-79":167.241498309232,"F80+":48.8666158420663,"H0-2":27.6643087940042,"H3-5":14.6109616040032,"H6-10":45.0608591514098,"H11-17":82.6395079760102,"H18-24":117.041062385749,"H25-39":122.697441834058,"H40-54":156.201470207067,"H55-64":114.517150299565,"H65-79":136.254769608217,"H80+":40.2660975114535},"Analyse":{"Votes décisifs":439,"tour décisif":1,"majeurs":1373.4456655461167,"Non votants de 18-24":138.33058553158577}}