{"id":5134,"slug":"54-270-hussigny-godbrange","nom_standard":"Hussigny-Godbrange","code_postal":"54","code_departement":"54","libelle_departement":"Meurthe-et-Moselle","code_commune":"270","Tour 1":{"Inscrits":2314,"Abstentions":1713,"% Abs/Ins":74.03,"Votants":601,"% Vot/Ins":25.97,"Blancs":16,"% Blancs/Ins":0.69,"% Blancs/Vot":2.66,"Nuls":41,"% Nuls/Ins":1.77,"% Nuls/Vot":6.82,"Exprimés":544,"% Exp/Ins":23.51,"% Exp/Vot":90.52,"resultats":[{"N.Pan.":null,"Code Nuance":"LDVG","Sexe":"M","Nom":"RIGHI","Prénom":"Laurent","Liste":"ENSEMBLE POUR L'AVENIR DE NOTRE COMMUNE","Sièges / Elu":"27","Sièges Secteur":0,"Sièges CC":3,"Voix":544,"% Voix/Ins":23.51,"% Voix/Exp":100}]},"population":{"F0-2":49.385007321062,"F3-5":77.1851733219705,"F6-10":128.748322674724,"F11-17":155.22157166248,"F18-24":108.566380314485,"F25-39":419.521088721833,"F40-54":382.183366550991,"F55-64":227.755997614437,"F65-79":251.986583220987,"F80+":159.537352273789,"H0-2":65.8688945920832,"H3-5":71.0954567844164,"H6-10":136.881117386408,"H11-17":156.395877259164,"H18-24":119.013933257668,"H25-39":387.239870629052,"H40-54":435.587293828446,"H55-64":219.766548839521,"H65-79":220.441960404037,"H80+":87.6182033424466},"Analyse":{"Votes décisifs":545,"tour décisif":1,"majeurs":3019.218578997693,"Non votants de 18-24":182.27860225906542}}