{"id":5137,"slug":"54-280-joeuf","nom_standard":"Joeuf","code_postal":"54","code_departement":"54","libelle_departement":"Meurthe-et-Moselle","code_commune":"280","Tour 1":{"Inscrits":4329,"Abstentions":2906,"% Abs/Ins":67.13,"Votants":1423,"% Vot/Ins":32.87,"Blancs":16,"% Blancs/Ins":0.37,"% Blancs/Vot":1.12,"Nuls":25,"% Nuls/Ins":0.58,"% Nuls/Vot":1.76,"Exprimés":1382,"% Exp/Ins":31.92,"% Exp/Vot":97.12,"resultats":[{"N.Pan.":null,"Code Nuance":"LDVG","Sexe":"M","Nom":"CORZANI","Prénom":"André","Liste":"POUR JOEUF FORCEMENT!","Sièges / Elu":"25","Sièges Secteur":0,"Sièges CC":6,"Voix":956,"% Voix/Ins":22.08,"% Voix/Exp":69.18},{"N.Pan.":2,"Code Nuance":"LDIV","Sexe":"M","Nom":"THIEBAULT","Prénom":"Pierre André","Liste":"DES VISAGES NEUFS POUR JOEUF","Sièges / Elu":"4","Sièges Secteur":0,"Sièges CC":1,"Voix":426,"% Voix/Ins":9.84,"% Voix/Exp":30.82}]},"population":{"F0-2":91.6244598006382,"F3-5":95.4812108960671,"F6-10":174.702402643078,"F11-17":211.297988926827,"F18-24":220.881102337987,"F25-39":549.679815579903,"F40-54":531.509963611004,"F55-64":511.534288698113,"F65-79":602.014379624884,"F80+":439.123844867287,"H0-2":118.417870903214,"H3-5":101.36028699971,"H6-10":208.157771036231,"H11-17":235.276457628326,"H18-24":243.560059352394,"H25-39":560.850973430352,"H40-54":539.809833966534,"H55-64":451.743628755701,"H65-79":457.240888153419,"H80+":238.732772788333},"Analyse":{"Votes décisifs":531,"tour décisif":1,"majeurs":5346.6815511659115,"Non votants de 18-24":340.83182255902864}}