{"id":5148,"slug":"54-328-ludres","nom_standard":"Ludres","code_postal":"54","code_departement":"54","libelle_departement":"Meurthe-et-Moselle","code_commune":"328","Tour 1":{"Inscrits":5218,"Abstentions":3025,"% Abs/Ins":57.97,"Votants":2193,"% Vot/Ins":42.03,"Blancs":19,"% Blancs/Ins":0.36,"% Blancs/Vot":0.87,"Nuls":18,"% Nuls/Ins":0.34,"% Nuls/Vot":0.82,"Exprimés":2156,"% Exp/Ins":41.32,"% Exp/Vot":98.31,"resultats":[{"N.Pan.":null,"Code Nuance":"LSOC","Sexe":"F","Nom":"LOMBARD","Prénom":"Claude","Liste":"POUR LUDRES,RÉSOLUMENT","Sièges / Elu":"3","Sièges Secteur":0,"Sièges CC":0,"Voix":489,"% Voix/Ins":9.37,"% Voix/Exp":22.68},{"N.Pan.":2,"Code Nuance":"LDVD","Sexe":"M","Nom":"BOILEAU","Prénom":"Pierre","Liste":"LUDRES AVENIR","Sièges / Elu":"26","Sièges Secteur":0,"Sièges CC":2,"Voix":1667,"% Voix/Ins":31.95,"% Voix/Exp":77.32}]},"population":{"F0-2":74.4665395136837,"F3-5":87.284931463629,"F6-10":168.940988247762,"F11-17":242.483825744196,"F18-24":179.618511589144,"F25-39":448.79441597444,"F40-54":637.438193028312,"F55-64":566.279536842869,"F65-79":588.789513253525,"F80+":256.854450590868,"H0-2":72.3886991237061,"H3-5":96.9335685672588,"H6-10":154.993422434612,"H11-17":295.194539612838,"H18-24":211.849969399148,"H25-39":388.793361729592,"H40-54":552.437304833366,"H55-64":473.726914508186,"H65-79":527.098051793523,"H80+":103.633261749341},"Analyse":{"Votes décisifs":1179,"tour décisif":1,"majeurs":4935.313485292314,"Non votants de 18-24":217.51998078345102}}