{"id":5165,"slug":"54-397-neuves-maisons","nom_standard":"Neuves-Maisons","code_postal":"54","code_departement":"54","libelle_departement":"Meurthe-et-Moselle","code_commune":"397","Tour 1":{"Inscrits":4871,"Abstentions":2947,"% Abs/Ins":60.5,"Votants":1924,"% Vot/Ins":39.5,"Blancs":40,"% Blancs/Ins":0.82,"% Blancs/Vot":2.08,"Nuls":34,"% Nuls/Ins":0.7,"% Nuls/Vot":1.77,"Exprimés":1850,"% Exp/Ins":37.98,"% Exp/Vot":96.15,"resultats":[{"N.Pan.":null,"Code Nuance":"LDVD","Sexe":"M","Nom":"BERNARD","Prénom":"Guy","Liste":"NEUVES-MAISONS DEMAIN","Sièges / Elu":"5","Sièges Secteur":0,"Sièges CC":1,"Voix":707,"% Voix/Ins":14.51,"% Voix/Exp":38.22},{"N.Pan.":2,"Code Nuance":"LSOC","Sexe":"M","Nom":"SCHNEIDER","Prénom":"Pascal","Liste":"ENGAGÉS ENSEMBLE","Sièges / Elu":"24","Sièges Secteur":0,"Sièges CC":8,"Voix":1143,"% Voix/Ins":23.47,"% Voix/Exp":61.78}]},"population":{"F0-2":99.8144120007868,"F3-5":110.454222701795,"F6-10":189.496565794801,"F11-17":256.516496914839,"F18-24":267.582861310883,"F25-39":570.238948699511,"F40-54":652.087356422204,"F55-64":507.557002884325,"F65-79":504.102179545088,"F80+":315.548255437409,"H0-2":117.743879195144,"H3-5":98.9982573591772,"H6-10":177.612319815271,"H11-17":296.44690236107,"H18-24":231.258039679358,"H25-39":556.522504464006,"H40-54":630.890004485421,"H55-64":449.746253669462,"H65-79":443.169937652902,"H80+":153.213599606545},"Analyse":{"Votes décisifs":437,"tour décisif":1,"majeurs":5281.916943857114,"Non votants de 18-24":317.1322706374978}}