{"id":4984,"slug":"52-123-chevillon","nom_standard":"Chevillon","code_postal":"52","code_departement":"52","libelle_departement":"Haute-Marne","code_commune":"123","Tour 1":{"Inscrits":983,"Abstentions":528,"% Abs/Ins":53.71,"Votants":455,"% Vot/Ins":46.29,"Blancs":16,"% Blancs/Ins":1.63,"% Blancs/Vot":3.52,"Nuls":56,"% Nuls/Ins":5.7,"% Nuls/Vot":12.31,"Exprimés":383,"% Exp/Ins":38.96,"% Exp/Vot":84.18,"resultats":[{"N.Pan.":null,"Code Nuance":"LNC","Sexe":"M","Nom":"MERCIER","Prénom":"Dominique","Liste":"Avec vous pour la Commune de Chevillon","Sièges / Elu":"15","Sièges Secteur":0,"Sièges CC":1,"Voix":383,"% Voix/Ins":38.96,"% Voix/Exp":100}]},"population":{"F0-2":27.5021828911135,"F3-5":24.50413776065,"F6-10":35.7416719950715,"F11-17":70.3014056112425,"F18-24":30.3384187761907,"F25-39":100.486263385824,"F40-54":128.454130332369,"F55-64":89.1797690710238,"F65-79":118.048057507643,"F80+":45.8911707809487,"H0-2":20.359029961879,"H3-5":14.2605464581672,"H6-10":43.9125657234552,"H11-17":65.2905766349974,"H18-24":33.5413928454204,"H25-39":104.291111406579,"H40-54":134.401265606277,"H55-64":86.2662555384651,"H65-79":103.208326487773,"H80+":29.0217212249092},"Analyse":{"Votes décisifs":384,"tour décisif":1,"majeurs":1003.127882963423,"Non votants de 18-24":34.905126756936816}}