{"id":5202,"slug":"55-43-belleville-sur-meuse","nom_standard":"Belleville-sur-Meuse","code_postal":"55","code_departement":"55","libelle_departement":"Meuse","code_commune":"43","Tour 1":{"Inscrits":2392,"Abstentions":1142,"% Abs/Ins":47.74,"Votants":1250,"% Vot/Ins":52.26,"Blancs":12,"% Blancs/Ins":0.5,"% Blancs/Vot":0.96,"Nuls":29,"% Nuls/Ins":1.21,"% Nuls/Vot":2.32,"Exprimés":1209,"% Exp/Ins":50.54,"% Exp/Vot":96.72,"resultats":[{"N.Pan.":null,"Code Nuance":"LNC","Sexe":"M","Nom":"AMBROSIO","Prénom":"Samuel","Liste":"BELLEVILLE EN MOUVEMENT AVEC SAMUEL AMBROSIO 2020","Sièges / Elu":"5","Sièges Secteur":0,"Sièges CC":1,"Voix":511,"% Voix/Ins":21.36,"% Voix/Exp":42.27},{"N.Pan.":2,"Code Nuance":"LNC","Sexe":"M","Nom":"PELTIER","Prénom":"Yves","Liste":"UNE EQUIPE, L'EXPERIENCE, L'ENERGIE POUR BELLEVILLE","Sièges / Elu":"18","Sièges Secteur":0,"Sièges CC":3,"Voix":698,"% Voix/Ins":29.18,"% Voix/Exp":57.73}]},"population":{"F0-2":47.0239962474366,"F3-5":46.7609814250424,"F6-10":77.8879976445326,"F11-17":136.07461180096,"F18-24":89.8200958499559,"F25-39":269.546600846399,"F40-54":276.573342414324,"F55-64":217.728283484062,"F65-79":316.155077631972,"F80+":110.442169220244,"H0-2":39.0382336965423,"H3-5":41.5030805515167,"H6-10":105.425531880164,"H11-17":107.958747369927,"H18-24":107.232796862146,"H25-39":275.646880723181,"H40-54":266.584884380298,"H55-64":182.552089542961,"H65-79":247.832086384794,"H80+":58.2125120435401},"Analyse":{"Votes décisifs":188,"tour décisif":1,"majeurs":2418.326819383877,"Non votants de 18-24":95.19895224557641}}