{"id":5228,"slug":"55-573-void-vacon","nom_standard":"Void-Vacon","code_postal":"55","code_departement":"55","libelle_departement":"Meuse","code_commune":"573","Tour 1":{"Inscrits":1152,"Abstentions":678,"% Abs/Ins":58.85,"Votants":474,"% Vot/Ins":41.15,"Blancs":12,"% Blancs/Ins":1.04,"% Blancs/Vot":2.53,"Nuls":57,"% Nuls/Ins":4.95,"% Nuls/Vot":12.03,"Exprimés":405,"% Exp/Ins":35.16,"% Exp/Vot":85.44,"resultats":[{"N.Pan.":null,"Code Nuance":"LNC","Sexe":"F","Nom":"ROCHON","Prénom":"Sylvie","Liste":"TOUS ENSEMBLE POUR VOID-VACON","Sièges / Elu":"19","Sièges Secteur":0,"Sièges CC":4,"Voix":405,"% Voix/Ins":35.16,"% Voix/Exp":100}]},"population":{"F0-2":26.3091613905424,"F3-5":35.014028658076,"F6-10":49.5724941368744,"F11-17":86.7312988549658,"F18-24":34.464653603348,"F25-39":154.452703826011,"F40-54":155.036112029243,"F55-64":121.162725097242,"F65-79":115.426594527674,"F80+":90.298858146638,"H0-2":22.5291201962041,"H3-5":22.4316929270599,"H6-10":61.3112037826404,"H11-17":61.4826867036266,"H18-24":46.4613552768905,"H25-39":133.058798889742,"H40-54":158.261897713906,"H55-64":104.822646765464,"H65-79":103.143509685521,"H80+":39.0284577883313},"Analyse":{"Votes décisifs":406,"tour décisif":1,"majeurs":1255.6183133500106,"Non votants de 18-24":50.376177134880486}}