{"id":5229,"slug":"56-1-allaire","nom_standard":"Allaire","code_postal":"56","code_departement":"56","libelle_departement":"Morbihan","code_commune":"1","Tour 1":{"Inscrits":3002,"Abstentions":1921,"% Abs/Ins":63.99,"Votants":1081,"% Vot/Ins":36.01,"Blancs":59,"% Blancs/Ins":1.97,"% Blancs/Vot":5.46,"Nuls":81,"% Nuls/Ins":2.7,"% Nuls/Vot":7.49,"Exprimés":941,"% Exp/Ins":31.35,"% Exp/Vot":87.05,"resultats":[{"N.Pan.":null,"Code Nuance":"LDVG","Sexe":"M","Nom":"MARY","Prénom":"Jean-François","Liste":"ALLAIRE DYNAMIQUE & SOLIDAIRE","Sièges / Elu":"27","Sièges Secteur":0,"Sièges CC":3,"Voix":941,"% Voix/Ins":31.35,"% Voix/Exp":100}]},"population":{"F0-2":46.0402526930481,"F3-5":66.3662380040956,"F6-10":113.983227881352,"F11-17":159.950007728501,"F18-24":92.3348145406363,"F25-39":259.84809295757,"F40-54":413.958076240722,"F55-64":252.027936268931,"F65-79":344.357982658989,"F80+":183.431169887145,"H0-2":46.0671859278038,"H3-5":64.7437416303773,"H6-10":135.334461942719,"H11-17":201.811459872937,"H18-24":123.651835114542,"H25-39":265.304847409979,"H40-54":428.363105401328,"H55-64":273.819564754459,"H65-79":313.565067964247,"H80+":97.0409311206175},"Analyse":{"Votes décisifs":942,"tour décisif":1,"majeurs":3047.7034243191656,"Non votants de 18-24":139.37763106951792}}