{"id":5234,"slug":"56-6-augan","nom_standard":"Augan","code_postal":"56","code_departement":"56","libelle_departement":"Morbihan","code_commune":"6","Tour 1":{"Inscrits":1137,"Abstentions":349,"% Abs/Ins":30.69,"Votants":788,"% Vot/Ins":69.31,"Blancs":10,"% Blancs/Ins":0.88,"% Blancs/Vot":1.27,"Nuls":6,"% Nuls/Ins":0.53,"% Nuls/Vot":0.76,"Exprimés":772,"% Exp/Ins":67.9,"% Exp/Vot":97.97,"resultats":[{"N.Pan.":null,"Code Nuance":"LNC","Sexe":"M","Nom":"GUILLOTEL","Prénom":"Alain","Liste":"RASSEMBLER POUR BIEN VIVRE A AUGAN","Sièges / Elu":"4","Sièges Secteur":0,"Sièges CC":0,"Voix":372,"% Voix/Ins":32.72,"% Voix/Exp":48.19},{"N.Pan.":2,"Code Nuance":"LNC","Sexe":"M","Nom":"LAUNAY","Prénom":"Guenaël","Liste":"VIVRE AU TEMPS D'AUGAN","Sièges / Elu":"15","Sièges Secteur":0,"Sièges CC":2,"Voix":400,"% Voix/Ins":35.18,"% Voix/Exp":51.81}]},"population":{"F0-2":27.1760708947173,"F3-5":31.6982905114774,"F6-10":47.8984158221165,"F11-17":58.817649485376,"F18-24":37.6801934845143,"F25-39":141.526051645356,"F40-54":129.386197458095,"F55-64":106.396312650928,"F65-79":118.280420208182,"F80+":61.6038359885947,"H0-2":34.7516732039872,"H3-5":28.8602170548813,"H6-10":51.7887499624692,"H11-17":67.9705746105593,"H18-24":47.5548497390378,"H25-39":144.852195125188,"H40-54":120.82024844323,"H55-64":104.233156726537,"H65-79":129.177688314808,"H80+":31.5272086699451},"Analyse":{"Votes décisifs":29,"tour décisif":1,"majeurs":1173.0383584544159,"Non votants de 18-24":27.97756858422718}}