{"id":5256,"slug":"56-35-caro","nom_standard":"Caro","code_postal":"56","code_departement":"56","libelle_departement":"Morbihan","code_commune":"35","Tour 1":{"Inscrits":891,"Abstentions":507,"% Abs/Ins":56.9,"Votants":384,"% Vot/Ins":43.1,"Blancs":17,"% Blancs/Ins":1.91,"% Blancs/Vot":4.43,"Nuls":138,"% Nuls/Ins":15.49,"% Nuls/Vot":35.94,"Exprimés":229,"% Exp/Ins":25.7,"% Exp/Vot":59.64,"resultats":[{"N.Pan.":null,"Code Nuance":"LNC","Sexe":"M","Nom":"GICQUEL","Prénom":"Erwan","Liste":"VIVRE ENSEMBLE A CARO","Sièges / Elu":"15","Sièges Secteur":0,"Sièges CC":1,"Voix":229,"% Voix/Ins":25.7,"% Voix/Exp":100}]},"population":{"F0-2":22.2986672491737,"F3-5":29.1825029841202,"F6-10":41.4551483889858,"F11-17":46.2917535244361,"F18-24":19.8146489843081,"F25-39":91.007532823315,"F40-54":119.923053508349,"F55-64":75.949526070567,"F65-79":80.5131085882076,"F80+":44.1510346649618,"H0-2":12.5664960148393,"H3-5":20.3780068709421,"H6-10":30.7712297331012,"H11-17":60.1651273182573,"H18-24":35.4876575198762,"H25-39":83.1713910473581,"H40-54":114.348754634689,"H55-64":95.3404697281249,"H65-79":76.3232117053907,"H80+":43.8606786409971},"Analyse":{"Votes décisifs":230,"tour décisif":1,"majeurs":879.8910679161446,"Non votants de 18-24":31.167403364525867}}