{"id":5274,"slug":"56-70-guegon","nom_standard":"Guégon","code_postal":"56","code_departement":"56","libelle_departement":"Morbihan","code_commune":"70","Tour 1":{"Inscrits":1831,"Abstentions":654,"% Abs/Ins":35.72,"Votants":1177,"% Vot/Ins":64.28,"Blancs":10,"% Blancs/Ins":0.55,"% Blancs/Vot":0.85,"Nuls":19,"% Nuls/Ins":1.04,"% Nuls/Vot":1.61,"Exprimés":1148,"% Exp/Ins":62.7,"% Exp/Vot":97.54,"resultats":[{"N.Pan.":null,"Code Nuance":"LNC","Sexe":"F","Nom":"AMIOT","Prénom":"Marie-Noëlle","Liste":"UNISSONS NOS ACTIONS POUR GUEGON","Sièges / Elu":"15","Sièges Secteur":0,"Sièges CC":2,"Voix":601,"% Voix/Ins":32.82,"% Voix/Exp":52.35},{"N.Pan.":2,"Code Nuance":"LNC","Sexe":"M","Nom":"DUBOT","Prénom":"Jean-Marc","Liste":"POUR GUEGON, UNISSONS NOUS ET GARDONS LE CAP","Sièges / Elu":"4","Sièges Secteur":0,"Sièges CC":1,"Voix":547,"% Voix/Ins":29.87,"% Voix/Exp":47.65}]},"population":{"F0-2":35.9616131804074,"F3-5":22.3230952712382,"F6-10":65.5667645519139,"F11-17":93.1774034377641,"F18-24":61.0570525669626,"F25-39":144.179946109821,"F40-54":213.132601329297,"F55-64":186.85111668786,"F65-79":207.413063439095,"F80+":113.580060337897,"H0-2":24.2815295759561,"H3-5":29.0589475288552,"H6-10":61.8888344200045,"H11-17":90.7037186831367,"H18-24":59.8096649345989,"H25-39":172.791806660182,"H40-54":206.844445609576,"H55-64":188.501744716728,"H65-79":206.317901534569,"H80+":77.5586894241383},"Analyse":{"Votes décisifs":55,"tour décisif":1,"majeurs":1838.038093350725,"Non votants de 18-24":43.46890566404995}}