{"id":5286,"slug":"56-91-josselin","nom_standard":"Josselin","code_postal":"56","code_departement":"56","libelle_departement":"Morbihan","code_commune":"91","Tour 1":{"Inscrits":1656,"Abstentions":652,"% Abs/Ins":39.37,"Votants":1004,"% Vot/Ins":60.63,"Blancs":9,"% Blancs/Ins":0.54,"% Blancs/Vot":0.9,"Nuls":28,"% Nuls/Ins":1.69,"% Nuls/Vot":2.79,"Exprimés":967,"% Exp/Ins":58.39,"% Exp/Vot":96.31,"resultats":[{"N.Pan.":null,"Code Nuance":"LNC","Sexe":"M","Nom":"JAGOUDET","Prénom":"Nicolas","Liste":"BIEN VIVRE A JOSSELIN","Sièges / Elu":"16","Sièges Secteur":0,"Sièges CC":2,"Voix":616,"% Voix/Ins":37.2,"% Voix/Exp":63.7},{"N.Pan.":2,"Code Nuance":"LNC","Sexe":"M","Nom":"LE COQ","Prénom":"Hervé","Liste":"JOSSELIN ENSEMBLE","Sièges / Elu":"3","Sièges Secteur":0,"Sièges CC":1,"Voix":351,"% Voix/Ins":21.2,"% Voix/Exp":36.3}]},"population":{"F0-2":33.3928895643629,"F3-5":17.6442928596008,"F6-10":50.2067522538277,"F11-17":103.766777638108,"F18-24":60.0357127406972,"F25-39":150.725688374169,"F40-54":208.193972374233,"F55-64":165.226774121691,"F65-79":278.775222737708,"F80+":231.610145332528,"H0-2":23.5258891205461,"H3-5":37.3776458438195,"H6-10":51.1168640754151,"H11-17":104.928797794097,"H18-24":92.6000451738962,"H25-39":157.194587817484,"H40-54":222.755387729015,"H55-64":152.946984397517,"H65-79":225.863543454067,"H80+":143.112026597217},"Analyse":{"Votes décisifs":266,"tour décisif":1,"majeurs":2089.0400908502224,"Non votants de 18-24":79.27847692345561}}