{"id":5294,"slug":"56-105-lanvenegen","nom_standard":"Lanvénégen","code_postal":"56","code_departement":"56","libelle_departement":"Morbihan","code_commune":"105","Tour 1":{"Inscrits":886,"Abstentions":343,"% Abs/Ins":38.71,"Votants":543,"% Vot/Ins":61.29,"Blancs":10,"% Blancs/Ins":1.13,"% Blancs/Vot":1.84,"Nuls":14,"% Nuls/Ins":1.58,"% Nuls/Vot":2.58,"Exprimés":519,"% Exp/Ins":58.58,"% Exp/Vot":95.58,"resultats":[{"N.Pan.":null,"Code Nuance":"LNC","Sexe":"F","Nom":"CARLAC","Prénom":"Marie-José","Liste":"AGIR ENSEMBLE POUR DEMAIN","Sièges / Elu":"13","Sièges Secteur":0,"Sièges CC":2,"Voix":356,"% Voix/Ins":40.18,"% Voix/Exp":68.59},{"N.Pan.":2,"Code Nuance":"LNC","Sexe":"M","Nom":"ROUILLÉ","Prénom":"Jean-Luc","Liste":"UN NOUVEAU SOUFFLE POUR LANVENEGEN","Sièges / Elu":"2","Sièges Secteur":0,"Sièges CC":0,"Voix":163,"% Voix/Ins":18.4,"% Voix/Exp":31.41}]},"population":{"F0-2":10.8941265312236,"F3-5":16.7802068727039,"F6-10":30.5981389377515,"F11-17":56.3503986760854,"F18-24":19.7930014038759,"F25-39":68.4828103392249,"F40-54":118.306619690863,"F55-64":84.8212493316909,"F65-79":105.872814068761,"F80+":56.9999435936146,"H0-2":14.8311044950894,"H3-5":21.799907696534,"H6-10":30.6598126650922,"H11-17":34.6314822678238,"H18-24":24.7663566695617,"H25-39":85.4923057462069,"H40-54":134.291835353408,"H55-64":91.8215118980392,"H65-79":97.8437172512286,"H80+":32.9626565112216},"Analyse":{"Votes décisifs":194,"tour décisif":1,"majeurs":921.4548218576962,"Non votants de 18-24":18.301172799528146}}