{"id":5079,"slug":"53-273-villiers-charlemagne","nom_standard":"Villiers-Charlemagne","code_postal":"53","code_departement":"53","libelle_departement":"Mayenne","code_commune":"273","Tour 1":{"Inscrits":770,"Abstentions":450,"% Abs/Ins":58.44,"Votants":320,"% Vot/Ins":41.56,"Blancs":4,"% Blancs/Ins":0.52,"% Blancs/Vot":1.25,"Nuls":33,"% Nuls/Ins":4.29,"% Nuls/Vot":10.31,"Exprimés":283,"% Exp/Ins":36.75,"% Exp/Vot":88.44,"resultats":[{"N.Pan.":null,"Code Nuance":"LNC","Sexe":"M","Nom":"SABIN","Prénom":"Jacques","Liste":"Osons un village dynamique et solidaire","Sièges / Elu":"15","Sièges Secteur":0,"Sièges CC":3,"Voix":283,"% Voix/Ins":36.75,"% Voix/Exp":100}]},"population":{"F0-2":10.88641358139,"F3-5":23.696803465266,"F6-10":41.3961373775636,"F11-17":45.3829384449829,"F18-24":27.0030085343193,"F25-39":116.288553042729,"F40-54":105.660228114263,"F55-64":54.26149244702,"F65-79":66.5175677388217,"F80+":20.228464673092,"H0-2":19.7624682555968,"H3-5":27.6324268455445,"H6-10":45.3049995307075,"H11-17":54.1732956713562,"H18-24":34.940082584088,"H25-39":127.499848436328,"H40-54":120.488127182448,"H55-64":64.4181192959654,"H65-79":62.3566566383661,"H80+":15.102368140151},"Analyse":{"Votes décisifs":284,"tour décisif":1,"majeurs":814.7645168275915,"Non votants de 18-24":37.61484811260059}}