{"id":5006,"slug":"53-3-ambrieres-les-vallees","nom_standard":"Ambrières-les-Vallées","code_postal":"53","code_departement":"53","libelle_departement":"Mayenne","code_commune":"3","Tour 1":{"Inscrits":2068,"Abstentions":1408,"% Abs/Ins":68.09,"Votants":660,"% Vot/Ins":31.91,"Blancs":28,"% Blancs/Ins":1.35,"% Blancs/Vot":4.24,"Nuls":63,"% Nuls/Ins":3.05,"% Nuls/Vot":9.55,"Exprimés":569,"% Exp/Ins":27.51,"% Exp/Vot":86.21,"resultats":[{"N.Pan.":null,"Code Nuance":"LNC","Sexe":"M","Nom":"MENARD","Prénom":"Guy","Liste":"Pour Ambrières-Cigné allons plus loin","Sièges / Elu":"23","Sièges Secteur":0,"Sièges CC":6,"Voix":569,"% Voix/Ins":27.51,"% Voix/Exp":100}]},"population":{"F0-2":35.4509821204573,"F3-5":29.4575531568333,"F6-10":79.3546215415635,"F11-17":112.93662896966,"F18-24":62.4451310573163,"F25-39":173.841665750357,"F40-54":240.459753161709,"F55-64":187.365348797906,"F65-79":231.794300495514,"F80+":192.770325954925,"H0-2":37.4525402211285,"H3-5":39.3520672507034,"H6-10":71.632040310914,"H11-17":113.20711437322,"H18-24":66.3233466418788,"H25-39":183.58667595027,"H40-54":229.212448521807,"H55-64":204.384425329752,"H65-79":220.608579258139,"H80+":113.364451135947},"Analyse":{"Votes décisifs":570,"tour décisif":1,"majeurs":2106.156452055521,"Non votants de 18-24":88.41668180173232}}