{"id":5306,"slug":"56-122-loyat","nom_standard":"Loyat","code_postal":"56","code_departement":"56","libelle_departement":"Morbihan","code_commune":"122","Tour 1":{"Inscrits":1261,"Abstentions":503,"% Abs/Ins":39.89,"Votants":758,"% Vot/Ins":60.11,"Blancs":18,"% Blancs/Ins":1.43,"% Blancs/Vot":2.37,"Nuls":16,"% Nuls/Ins":1.27,"% Nuls/Vot":2.11,"Exprimés":724,"% Exp/Ins":57.41,"% Exp/Vot":95.51,"resultats":[{"N.Pan.":null,"Code Nuance":"LNC","Sexe":"M","Nom":"TREHOREL","Prénom":"Denis","Liste":"POUR LOYAT CONTINUONS D AGIR","Sièges / Elu":"15","Sièges Secteur":0,"Sièges CC":2,"Voix":366,"% Voix/Ins":29.02,"% Voix/Exp":50.55},{"N.Pan.":2,"Code Nuance":"LNC","Sexe":"F","Nom":"LE BORGNE","Prénom":"Viviane","Liste":"Construisons l'avenir ensemble","Sièges / Elu":"4","Sièges Secteur":0,"Sièges CC":0,"Voix":358,"% Voix/Ins":28.39,"% Voix/Exp":49.45}]},"population":{"F0-2":24.4804469897622,"F3-5":34.9992817305199,"F6-10":50.3350594924527,"F11-17":85.4180234286847,"F18-24":43.4299733808964,"F25-39":130.354266918488,"F40-54":156.569950476588,"F55-64":100.346948602102,"F65-79":148.82447026093,"F80+":58.6528214477068,"H0-2":20.3921754188177,"H3-5":18.5114533802079,"H6-10":57.189300829615,"H11-17":93.0505244800416,"H18-24":43.469786044827,"H25-39":134.253358814801,"H40-54":168.141462004646,"H55-64":110.708730472154,"H65-79":144.702738629319,"H80+":43.1692271974406},"Analyse":{"Votes décisifs":9,"tour décisif":1,"majeurs":1282.623734249899,"Non votants de 18-24":35.54407662821124}}