{"id":5314,"slug":"56-130-merlevenez","nom_standard":"Merlevenez","code_postal":"56","code_departement":"56","libelle_departement":"Morbihan","code_commune":"130","Tour 1":{"Inscrits":2435,"Abstentions":1094,"% Abs/Ins":44.93,"Votants":1341,"% Vot/Ins":55.07,"Blancs":21,"% Blancs/Ins":0.86,"% Blancs/Vot":1.57,"Nuls":28,"% Nuls/Ins":1.15,"% Nuls/Vot":2.09,"Exprimés":1292,"% Exp/Ins":53.06,"% Exp/Vot":96.35,"resultats":[{"N.Pan.":null,"Code Nuance":"LNC","Sexe":"M","Nom":"JEGOUX","Prénom":"Joël","Liste":"Merlevenez demain","Sièges / Elu":"5","Sièges Secteur":0,"Sièges CC":1,"Voix":543,"% Voix/Ins":22.3,"% Voix/Exp":42.03},{"N.Pan.":2,"Code Nuance":"LNC","Sexe":"M","Nom":"LE BOSSER","Prénom":"Bruno","Liste":"Ensemble pour Merlevenez","Sièges / Elu":"18","Sièges Secteur":0,"Sièges CC":4,"Voix":749,"% Voix/Ins":30.76,"% Voix/Exp":57.97}]},"population":{"F0-2":38.268914216747,"F3-5":52.0059674299908,"F6-10":113.893821749641,"F11-17":202.778452415003,"F18-24":83.5233777292801,"F25-39":229.271910082118,"F40-54":386.790234434918,"F55-64":230.315103457714,"F65-79":264.012276031708,"F80+":66.3667696324002,"H0-2":44.463181206267,"H3-5":45.4040959852378,"H6-10":111.382552854483,"H11-17":195.272795934371,"H18-24":90.4750628816333,"H25-39":201.016338096863,"H40-54":358.14165368144,"H55-64":208.801965864936,"H65-79":247.614538737597,"H80+":45.200987577651},"Analyse":{"Votes décisifs":207,"tour décisif":1,"majeurs":2411.5302182082587,"Non votants de 18-24":77.24165643401929}}