{"id":5315,"slug":"56-131-meslan","nom_standard":"Meslan","code_postal":"56","code_departement":"56","libelle_departement":"Morbihan","code_commune":"131","Tour 1":{"Inscrits":1118,"Abstentions":658,"% Abs/Ins":58.86,"Votants":460,"% Vot/Ins":41.14,"Blancs":24,"% Blancs/Ins":2.15,"% Blancs/Vot":5.22,"Nuls":101,"% Nuls/Ins":9.03,"% Nuls/Vot":21.96,"Exprimés":335,"% Exp/Ins":29.96,"% Exp/Vot":72.83,"resultats":[{"N.Pan.":null,"Code Nuance":"LNC","Sexe":"M","Nom":"WACRENIER","Prénom":"Sébastien","Liste":"ENSEMBLE POUR MESLAN!","Sièges / Elu":"15","Sièges Secteur":0,"Sièges CC":2,"Voix":335,"% Voix/Ins":29.96,"% Voix/Exp":100}]},"population":{"F0-2":17.5796097145077,"F3-5":23.4849548256289,"F6-10":40.1415186011414,"F11-17":65.5097567813393,"F18-24":32.1844702409904,"F25-39":115.195123019166,"F40-54":151.185885625548,"F55-64":98.2395107692257,"F65-79":112.762881874032,"F80+":42.73087288921,"H0-2":28.3407587740515,"H3-5":19.5621081710039,"H6-10":45.994720047368,"H11-17":72.3901529922145,"H18-24":38.0278730947848,"H25-39":130.715866754454,"H40-54":159.898029658638,"H55-64":112.824623411232,"H65-79":101.115546322226,"H80+":30.1157364332391},"Analyse":{"Votes décisifs":336,"tour décisif":1,"majeurs":1124.9964200927461,"Non votants de 18-24":41.50320492643348}}