{"id":5322,"slug":"56-143-muzillac","nom_standard":"Muzillac","code_postal":"56","code_departement":"56","libelle_departement":"Morbihan","code_commune":"143","Tour 1":{"Inscrits":4082,"Abstentions":2824,"% Abs/Ins":69.18,"Votants":1258,"% Vot/Ins":30.82,"Blancs":150,"% Blancs/Ins":3.67,"% Blancs/Vot":11.92,"Nuls":232,"% Nuls/Ins":5.68,"% Nuls/Vot":18.44,"Exprimés":876,"% Exp/Ins":21.46,"% Exp/Vot":69.63,"resultats":[{"N.Pan.":null,"Code Nuance":"LDVC","Sexe":"M","Nom":"CRIAUD","Prénom":"Michel","Liste":"MUZILLAC HORIZON 2030","Sièges / Elu":"29","Sièges Secteur":0,"Sièges CC":6,"Voix":876,"% Voix/Ins":21.46,"% Voix/Exp":100}]},"population":{"F0-2":37.0389190556135,"F3-5":58.4533452646285,"F6-10":119.016586438725,"F11-17":244.285754514405,"F18-24":99.2966530896023,"F25-39":280.486248428562,"F40-54":467.151459941213,"F55-64":351.735658981048,"F65-79":659.579030885157,"F80+":353.061695216248,"H0-2":40.9837064426136,"H3-5":73.9921465092211,"H6-10":142.033532980747,"H11-17":218.308228139654,"H18-24":132.827191454491,"H25-39":286.074166295972,"H40-54":425.770111416365,"H55-64":319.248867340922,"H65-79":547.49761910032,"H80+":197.159078504492},"Analyse":{"Votes décisifs":877,"tour décisif":1,"majeurs":4119.887780654392,"Non votants de 18-24":161.24526435371564}}