{"id":5336,"slug":"56-159-pleucadeuc","nom_standard":"Pleucadeuc","code_postal":"56","code_departement":"56","libelle_departement":"Morbihan","code_commune":"159","Tour 1":{"Inscrits":1440,"Abstentions":772,"% Abs/Ins":53.61,"Votants":668,"% Vot/Ins":46.39,"Blancs":39,"% Blancs/Ins":2.71,"% Blancs/Vot":5.84,"Nuls":108,"% Nuls/Ins":7.5,"% Nuls/Vot":16.17,"Exprimés":521,"% Exp/Ins":36.18,"% Exp/Vot":77.99,"resultats":[{"N.Pan.":null,"Code Nuance":"LNC","Sexe":"M","Nom":"LAUNAY","Prénom":"Alain","Liste":"AVEC VOUS POUR L'AVENIR DE PLEUCADEUC","Sièges / Elu":"19","Sièges Secteur":0,"Sièges CC":2,"Voix":521,"% Voix/Ins":36.18,"% Voix/Exp":100}]},"population":{"F0-2":22.6160775382168,"F3-5":20.6182196416662,"F6-10":52.0428987530673,"F11-17":96.597670611225,"F18-24":38.3172156309882,"F25-39":121.525041713216,"F40-54":205.031280162177,"F55-64":117.290596644337,"F65-79":142.248266147898,"F80+":91.6245818097517,"H0-2":27.6145658870077,"H3-5":41.347224610697,"H6-10":59.8399916750556,"H11-17":102.553155357634,"H18-24":57.5285885515949,"H25-39":124.78990755812,"H40-54":220.212111738013,"H55-64":98.2731522435961,"H65-79":139.74823789655,"H80+":39.1812158291892},"Analyse":{"Votes décisifs":522,"tour décisif":1,"majeurs":1395.770195925431,"Non votants de 18-24":49.975074616305655}}