{"id":534,"slug":"7-264-saint-marcel-d-ardeche","nom_standard":"Saint-Marcel-d'Ardèche","code_postal":"7","code_departement":"7","libelle_departement":"Ardèche","code_commune":"264","Tour 1":{"Inscrits":1972,"Abstentions":1162,"% Abs/Ins":58.92,"Votants":810,"% Vot/Ins":41.08,"Blancs":94,"% Blancs/Ins":4.77,"% Blancs/Vot":11.6,"Nuls":95,"% Nuls/Ins":4.82,"% Nuls/Vot":11.73,"Exprimés":621,"% Exp/Ins":31.49,"% Exp/Vot":76.67,"resultats":[{"N.Pan.":null,"Code Nuance":"LNC","Sexe":"M","Nom":"LAURENT","Prénom":"Jérôme","Liste":"SAINT MARCEL 2020, NOUVEL ELAN","Sièges / Elu":"19","Sièges Secteur":0,"Sièges CC":4,"Voix":621,"% Voix/Ins":31.49,"% Voix/Exp":100}]},"population":{"F0-2":26.443420818081,"F3-5":36.8316410672575,"F6-10":52.2772515916471,"F11-17":105.995250035268,"F18-24":53.6320660812113,"F25-39":161.933923466254,"F40-54":272.093113272762,"F55-64":208.112196468606,"F65-79":203.089228333695,"F80+":65.9258373814427,"H0-2":27.367835605858,"H3-5":31.3229012024846,"H6-10":68.656255585259,"H11-17":103.686881128002,"H18-24":64.433887471319,"H25-39":179.016279778703,"H40-54":246.401123946761,"H55-64":198.47422450616,"H65-79":207.648002184392,"H80+":65.6586800748338},"Analyse":{"Votes décisifs":622,"tour décisif":1,"majeurs":1926.4185629661397,"Non votants de 18-24":68.42283641483975}}