{"id":5346,"slug":"56-169-plouhinec","nom_standard":"Plouhinec","code_postal":"56","code_departement":"56","libelle_departement":"Morbihan","code_commune":"169","Tour 1":{"Inscrits":4833,"Abstentions":2227,"% Abs/Ins":46.08,"Votants":2606,"% Vot/Ins":53.92,"Blancs":17,"% Blancs/Ins":0.35,"% Blancs/Vot":0.65,"Nuls":33,"% Nuls/Ins":0.68,"% Nuls/Vot":1.27,"Exprimés":2556,"% Exp/Ins":52.89,"% Exp/Vot":98.08,"resultats":[{"N.Pan.":null,"Code Nuance":"LDIV","Sexe":"M","Nom":"GUILLERMIC","Prénom":"Jean-Jacques","Liste":"ENSEMBLE, VIVONS NOTRE COMMUNE","Sièges / Elu":"3","Sièges Secteur":0,"Sièges CC":1,"Voix":619,"% Voix/Ins":12.81,"% Voix/Exp":24.22},{"N.Pan.":2,"Code Nuance":"LDVD","Sexe":"F","Nom":"LE CHAT","Prénom":"Sophie","Liste":"Un Nouveau Cap pour Bien Vivre à Plouhinec","Sièges / Elu":"22","Sièges Secteur":0,"Sièges CC":6,"Voix":1288,"% Voix/Ins":26.65,"% Voix/Exp":50.39},{"N.Pan.":3,"Code Nuance":"LDVD","Sexe":"F","Nom":"LE QUER","Prénom":"Marie-Christine","Liste":"Plouhinec \"L'avenir ensemble\"","Sièges / Elu":4,"Sièges CC":1,"Voix":649,"% Voix/Ins":13.43,"% Voix/Exp":25.39}]},"population":{"F0-2":53.5711554103197,"F3-5":60.5221787276387,"F6-10":105.310023907696,"F11-17":213.30055456693,"F18-24":122.738677507061,"F25-39":318.505976222481,"F40-54":558.05333031136,"F55-64":433.139160621269,"F65-79":673.01666711855,"F80+":215.594752953793,"H0-2":58.3403985996237,"H3-5":58.0271310544771,"H6-10":124.865599429834,"H11-17":239.63686139311,"H18-24":147.810366416546,"H25-39":279.240380490919,"H40-54":497.719011236938,"H55-64":435.770845217788,"H65-79":631.879707717337,"H80+":137.957221096327},"Analyse":{"Votes décisifs":21,"tour décisif":1,"majeurs":4451.426096910369,"Non votants de 18-24":112.16141867373949}}