{"id":5358,"slug":"56-184-questembert","nom_standard":"Questembert","code_postal":"56","code_departement":"56","libelle_departement":"Morbihan","code_commune":"184","Tour 1":{"Inscrits":6091,"Abstentions":3075,"% Abs/Ins":50.48,"Votants":3016,"% Vot/Ins":49.52,"Blancs":100,"% Blancs/Ins":1.64,"% Blancs/Vot":3.32,"Nuls":0,"% Nuls/Ins":0,"% Nuls/Vot":0,"Exprimés":2916,"% Exp/Ins":47.87,"% Exp/Vot":96.68,"resultats":[{"N.Pan.":null,"Code Nuance":"LDVG","Sexe":"M","Nom":"LEMAIRE","Prénom":"Boris","Liste":"QUESTEMBERT 2020, CONSTRUISONS ENSEMBLE NOTRE TERRITOIRE","Sièges / Elu":"23","Sièges Secteur":0,"Sièges CC":9,"Voix":1669,"% Voix/Ins":27.4,"% Voix/Exp":57.24},{"N.Pan.":2,"Code Nuance":"LDVD","Sexe":"F","Nom":"DANILO","Prénom":"Marie-Christine","Liste":"SERVIR, AGIR POUR QUESTEMBERT","Sièges / Elu":"4","Sièges Secteur":0,"Sièges CC":1,"Voix":759,"% Voix/Ins":12.46,"% Voix/Exp":26.03},{"N.Pan.":3,"Code Nuance":"LDIV","Sexe":"M","Nom":"POEYDEMENGE","Prénom":"Frédéric","Liste":"S'ÉPANOUIR DANS UN QUESTEMBERT PARTICIPATIF, CITOYEN ET DURABLE","Sièges / Elu":2,"Sièges CC":1,"Voix":488,"% Voix/Ins":8.01,"% Voix/Exp":16.74}]},"population":{"F0-2":108.458262798089,"F3-5":119.445296087927,"F6-10":220.757154491675,"F11-17":401.603934150928,"F18-24":206.634846202069,"F25-39":550.068987950347,"F40-54":835.289434903047,"F55-64":568.720898364914,"F65-79":712.499576420628,"F80+":354.940733628033,"H0-2":116.600148795425,"H3-5":136.605706775951,"H6-10":251.850434216145,"H11-17":393.667260456596,"H18-24":295.385109645394,"H25-39":561.024581081046,"H40-54":777.638399779619,"H55-64":522.828940469915,"H65-79":624.63978006974,"H80+":178.340513712512},"Analyse":{"Votes décisifs":423,"tour décisif":1,"majeurs":6188.011802227264,"Non votants de 18-24":257.3384272358049}}