{"id":5364,"slug":"56-193-riantec","nom_standard":"Riantec","code_postal":"56","code_departement":"56","libelle_departement":"Morbihan","code_commune":"193","Tour 1":{"Inscrits":4578,"Abstentions":2417,"% Abs/Ins":52.8,"Votants":2161,"% Vot/Ins":47.2,"Blancs":31,"% Blancs/Ins":0.68,"% Blancs/Vot":1.43,"Nuls":30,"% Nuls/Ins":0.66,"% Nuls/Vot":1.39,"Exprimés":2100,"% Exp/Ins":45.87,"% Exp/Vot":97.18,"resultats":[{"N.Pan.":null,"Code Nuance":"LDVG","Sexe":"M","Nom":"OLLIVIER","Prénom":"Gérard","Liste":"Mieux vivre à Riantec","Sièges / Elu":"5","Sièges Secteur":0,"Sièges CC":0,"Voix":832,"% Voix/Ins":18.17,"% Voix/Exp":39.62},{"N.Pan.":2,"Code Nuance":"LDIV","Sexe":"M","Nom":"BONHOMME","Prénom":"Jean-Michel","Liste":"Riantec Ensemble pour l'Avenir","Sièges / Elu":"24","Sièges Secteur":0,"Sièges CC":2,"Voix":1268,"% Voix/Ins":27.7,"% Voix/Exp":60.38}]},"population":{"F0-2":77.5443579631294,"F3-5":83.17843072503,"F6-10":149.58462119029,"F11-17":223.162320705483,"F18-24":118.388933006523,"F25-39":387.698571228259,"F40-54":570.996685860903,"F55-64":501.777032031958,"F65-79":644.314964380788,"F80+":317.895944226403,"H0-2":63.5229470641751,"H3-5":85.0077622004528,"H6-10":171.081146854322,"H11-17":237.385178431291,"H18-24":125.498662184978,"H25-39":377.99398401952,"H40-54":486.050077826492,"H55-64":473.741099451318,"H65-79":537.545070166005,"H80+":173.632210482679},"Analyse":{"Votes décisifs":437,"tour décisif":1,"majeurs":4715.533234865825,"Non votants de 18-24":132.1205760743449}}