{"id":5368,"slug":"56-200-ruffiac","nom_standard":"Ruffiac","code_postal":"56","code_departement":"56","libelle_departement":"Morbihan","code_commune":"200","Tour 1":{"Inscrits":1108,"Abstentions":563,"% Abs/Ins":50.81,"Votants":545,"% Vot/Ins":49.19,"Blancs":4,"% Blancs/Ins":0.36,"% Blancs/Vot":0.73,"Nuls":64,"% Nuls/Ins":5.78,"% Nuls/Vot":11.74,"Exprimés":477,"% Exp/Ins":43.05,"% Exp/Vot":87.52,"resultats":[{"N.Pan.":null,"Code Nuance":"LNC","Sexe":"M","Nom":"GUE","Prénom":"Thierry","Liste":"AGIR, C'EST DEVELOPPER RUFFIAC","Sièges / Elu":"15","Sièges Secteur":0,"Sièges CC":2,"Voix":477,"% Voix/Ins":43.05,"% Voix/Exp":100}]},"population":{"F0-2":18.1890363479967,"F3-5":26.5064329731518,"F6-10":43.4549966678506,"F11-17":50.0883026574037,"F18-24":30.3059694793177,"F25-39":108.124348798258,"F40-54":121.364765055147,"F55-64":104.773323042496,"F65-79":143.754159725024,"F80+":56.7091147329192,"H0-2":15.1706286104109,"H3-5":19.9054336968886,"H6-10":37.7724969698124,"H11-17":60.5336712473676,"H18-24":38.7849368409838,"H25-39":94.6146021160827,"H40-54":140.903715187259,"H55-64":109.970801109872,"H65-79":109.948387748351,"H80+":47.1248769934068},"Analyse":{"Votes décisifs":478,"tour décisif":1,"majeurs":1106.379000829117,"Non votants de 18-24":35.05686923504761}}