{"id":5369,"slug":"56-206-saint-ave","nom_standard":"Saint-Avé","code_postal":"56","code_departement":"56","libelle_departement":"Morbihan","code_commune":"206","Tour 1":{"Inscrits":8747,"Abstentions":4916,"% Abs/Ins":56.2,"Votants":3831,"% Vot/Ins":43.8,"Blancs":69,"% Blancs/Ins":0.79,"% Blancs/Vot":1.8,"Nuls":71,"% Nuls/Ins":0.81,"% Nuls/Vot":1.85,"Exprimés":3691,"% Exp/Ins":42.2,"% Exp/Vot":96.35,"resultats":[{"N.Pan.":null,"Code Nuance":"LDVD","Sexe":"M","Nom":"LE BOHEC","Prénom":"Mickael","Liste":"L'AVENIR AVEC NOUS","Sièges / Elu":"7","Sièges Secteur":0,"Sièges CC":1,"Voix":1627,"% Voix/Ins":18.6,"% Voix/Exp":44.08},{"N.Pan.":2,"Code Nuance":"LDVG","Sexe":"F","Nom":"GALLO","Prénom":"Anne","Liste":"SAINT-AVE SOLIDAIRE ET DURABLE","Sièges / Elu":"26","Sièges Secteur":0,"Sièges CC":4,"Voix":2064,"% Voix/Ins":23.6,"% Voix/Exp":55.92}]},"population":{"F0-2":176.000938248516,"F3-5":181.372994489466,"F6-10":356.240460554053,"F11-17":608.915330112354,"F18-24":354.624377099688,"F25-39":968.985121847967,"F40-54":1338.2716932823,"F55-64":804.824214112157,"F65-79":971.379982212764,"F80+":338.592901889902,"H0-2":200.93605415065,"H3-5":197.141450945676,"H6-10":398.008895549434,"H11-17":635.137262477465,"H18-24":454.05364221657,"H25-39":904.435522704748,"H40-54":1200.48260631873,"H55-64":731.077573984306,"H65-79":848.794858081931,"H80+":242.724119721324},"Analyse":{"Votes décisifs":438,"tour décisif":1,"majeurs":9158.246613472387,"Non votants de 18-24":470.39869328859294}}