{"id":537,"slug":"7-279-saint-montan","nom_standard":"Saint-Montan","code_postal":"7","code_departement":"7","libelle_departement":"Ardèche","code_commune":"279","Tour 1":{"Inscrits":1610,"Abstentions":615,"% Abs/Ins":38.2,"Votants":995,"% Vot/Ins":61.8,"Blancs":19,"% Blancs/Ins":1.18,"% Blancs/Vot":1.91,"Nuls":17,"% Nuls/Ins":1.06,"% Nuls/Vot":1.71,"Exprimés":959,"% Exp/Ins":59.57,"% Exp/Vot":96.38,"resultats":[{"N.Pan.":null,"Code Nuance":"LNC","Sexe":"M","Nom":"RIEU","Prénom":"Roland","Liste":"ENSEMBLE PROLONGEONS LES LIENS!","Sièges / Elu":"4","Sièges Secteur":0,"Sièges CC":1,"Voix":444,"% Voix/Ins":27.58,"% Voix/Exp":46.3},{"N.Pan.":2,"Code Nuance":"LNC","Sexe":"M","Nom":"MATHON","Prénom":"Christophe","Liste":"OSEZ,AGIR AUTREMENT","Sièges / Elu":"15","Sièges Secteur":0,"Sièges CC":3,"Voix":515,"% Voix/Ins":31.99,"% Voix/Exp":53.7}]},"population":{"F0-2":24.1834953080028,"F3-5":34.9779429240286,"F6-10":65.8344263315957,"F11-17":106.937420858061,"F18-24":44.5622364774391,"F25-39":149.200759809334,"F40-54":222.830892120227,"F55-64":137.833980944094,"F65-79":125.846609837277,"F80+":49.5557413433453,"H0-2":30.0663552246797,"H3-5":29.8401667380098,"H6-10":73.7481542428171,"H11-17":112.032305407109,"H18-24":51.6336122058187,"H25-39":141.334450559748,"H40-54":214.06343196561,"H55-64":129.178557614542,"H65-79":145.448788063812,"H80+":36.890672024449},"Analyse":{"Votes décisifs":72,"tour décisif":1,"majeurs":1448.3797329656963,"Non votants de 18-24":30.11174983726239}}