{"id":5394,"slug":"56-249-taupont","nom_standard":"Taupont","code_postal":"56","code_departement":"56","libelle_departement":"Morbihan","code_commune":"249","Tour 1":{"Inscrits":1787,"Abstentions":617,"% Abs/Ins":34.53,"Votants":1170,"% Vot/Ins":65.47,"Blancs":7,"% Blancs/Ins":0.39,"% Blancs/Vot":0.6,"Nuls":4,"% Nuls/Ins":0.22,"% Nuls/Vot":0.34,"Exprimés":1159,"% Exp/Ins":64.86,"% Exp/Vot":99.06,"resultats":[{"N.Pan.":null,"Code Nuance":"LNC","Sexe":"M","Nom":"LE RUYET","Prénom":"Daniel","Liste":"TAUPONT AUTREMENT","Sièges / Elu":"3","Sièges Secteur":0,"Sièges CC":0,"Voix":396,"% Voix/Ins":22.16,"% Voix/Exp":34.17},{"N.Pan.":2,"Code Nuance":"LNC","Sexe":"M","Nom":"SENTIER","Prénom":"Jean-Charles","Liste":"CONTINUONS POUR TAUPONT","Sièges / Elu":"16","Sièges Secteur":0,"Sièges CC":2,"Voix":763,"% Voix/Ins":42.7,"% Voix/Exp":65.83}]},"population":{"F0-2":40.3138087309556,"F3-5":40.3721989954488,"F6-10":73.5336148875684,"F11-17":89.29300600581,"F18-24":59.9634698638676,"F25-39":171.95246747279,"F40-54":243.92389477778,"F55-64":180.265424254455,"F65-79":189.923198014973,"F80+":68.4716007664251,"H0-2":38.7446129612822,"H3-5":38.4244256815629,"H6-10":62.6594512368799,"H11-17":117.382440446873,"H18-24":47.4958646363303,"H25-39":165.172948744377,"H40-54":215.255023786156,"H55-64":179.033324787052,"H65-79":183.56016500559,"H80+":53.2590589438242},"Analyse":{"Votes décisifs":368,"tour décisif":1,"majeurs":1758.2764410536204,"Non votants de 18-24":35.95327411648981}}