{"id":5102,"slug":"54-123-chavigny","nom_standard":"Chavigny","code_postal":"54","code_departement":"54","libelle_departement":"Meurthe-et-Moselle","code_commune":"123","Tour 1":{"Inscrits":1214,"Abstentions":872,"% Abs/Ins":71.83,"Votants":342,"% Vot/Ins":28.17,"Blancs":9,"% Blancs/Ins":0.74,"% Blancs/Vot":2.63,"Nuls":16,"% Nuls/Ins":1.32,"% Nuls/Vot":4.68,"Exprimés":317,"% Exp/Ins":26.11,"% Exp/Vot":92.69,"resultats":[{"N.Pan.":null,"Code Nuance":"LNC","Sexe":"M","Nom":"TILLARD","Prénom":"Hervé","Liste":"VIVRE ENSEMBLE A CHAVIGNY","Sièges / Elu":"19","Sièges Secteur":0,"Sièges CC":2,"Voix":317,"% Voix/Ins":26.11,"% Voix/Exp":100}]},"population":{"F0-2":17.6729276170807,"F3-5":23.2605309057217,"F6-10":66.7477595436489,"F11-17":76.1184299088218,"F18-24":49.071000603015,"F25-39":144.547913115123,"F40-54":172.994612003783,"F55-64":123.842841878218,"F65-79":127.385848240764,"F80+":62.1752965678779,"H0-2":31.0921287629973,"H3-5":32.0185487051875,"H6-10":63.5255360565906,"H11-17":67.6568569056518,"H18-24":56.8590821246846,"H25-39":143.063436703105,"H40-54":189.368400253381,"H55-64":118.10875624551,"H65-79":109.977580717272,"H80+":43.5125131415666},"Analyse":{"Votes décisifs":318,"tour décisif":1,"majeurs":1340.9072815943002,"Non votants de 18-24":78.91248890137695}}