{"id":5131,"slug":"54-261-herserange","nom_standard":"Herserange","code_postal":"54","code_departement":"54","libelle_departement":"Meurthe-et-Moselle","code_commune":"261","Tour 1":{"Inscrits":2453,"Abstentions":2052,"% Abs/Ins":83.65,"Votants":401,"% Vot/Ins":16.35,"Blancs":15,"% Blancs/Ins":0.61,"% Blancs/Vot":3.74,"Nuls":35,"% Nuls/Ins":1.43,"% Nuls/Vot":8.73,"Exprimés":351,"% Exp/Ins":14.31,"% Exp/Vot":87.53,"resultats":[{"N.Pan.":null,"Code Nuance":"LDVD","Sexe":"M","Nom":"DIDELOT","Prénom":"Gérard","Liste":"HERSERANGE ENSEMBLE","Sièges / Elu":"27","Sièges Secteur":0,"Sièges CC":4,"Voix":351,"% Voix/Ins":14.31,"% Voix/Exp":100}]},"population":{"F0-2":97.9770341391304,"F3-5":75.0986001403693,"F6-10":137.644868483186,"F11-17":192.695916504006,"F18-24":120.697651211426,"F25-39":464.535895074684,"F40-54":457.06807202461,"F55-64":258.334251693033,"F65-79":277.285700548873,"F80+":143.250871751933,"H0-2":65.538684827306,"H3-5":86.2776109368531,"H6-10":133.58882611152,"H11-17":206.099336318314,"H18-24":168.812317196144,"H25-39":462.768865256119,"H40-54":484.237931560912,"H55-64":216.536310792766,"H65-79":201.415783829115,"H80+":80.1354715997011},"Analyse":{"Votes décisifs":352,"tour décisif":1,"majeurs":3335.0791225393164,"Non votants de 18-24":254.70015038950677}}