{"id":5150,"slug":"54-332-maidieres","nom_standard":"Maidières","code_postal":"54","code_departement":"54","libelle_departement":"Meurthe-et-Moselle","code_commune":"332","Tour 1":{"Inscrits":1222,"Abstentions":648,"% Abs/Ins":53.03,"Votants":574,"% Vot/Ins":46.97,"Blancs":6,"% Blancs/Ins":0.49,"% Blancs/Vot":1.05,"Nuls":11,"% Nuls/Ins":0.9,"% Nuls/Vot":1.92,"Exprimés":557,"% Exp/Ins":45.58,"% Exp/Vot":97.04,"resultats":[{"N.Pan.":null,"Code Nuance":"LNC","Sexe":"M","Nom":"BOYÉ","Prénom":"Gérard","Liste":"ENSEMBLE VIVONS MAIDIERES","Sièges / Elu":"15","Sièges Secteur":0,"Sièges CC":2,"Voix":325,"% Voix/Ins":26.6,"% Voix/Exp":58.35},{"N.Pan.":2,"Code Nuance":"LNC","Sexe":"F","Nom":"KLEIN-CITRO","Prénom":"Stéphanie","Liste":"POUR MAIDIÈRES, UNE ÉQUIPE","Sièges / Elu":"4","Sièges Secteur":0,"Sièges CC":0,"Voix":232,"% Voix/Ins":18.99,"% Voix/Exp":41.65}]},"population":{"F0-2":17.7963342946796,"F3-5":19.920983498999,"F6-10":48.6557152573773,"F11-17":67.401591686944,"F18-24":66.6643415011883,"F25-39":132.918416315583,"F40-54":144.984274755016,"F55-64":108.819578619242,"F65-79":134.299884615401,"F80+":85.8654835101574,"H0-2":30.3592739861022,"H3-5":19.1274274573844,"H6-10":27.7357651846674,"H11-17":71.3840379930479,"H18-24":40.7226281778871,"H25-39":114.965931037404,"H40-54":136.184992368233,"H55-64":109.190089813075,"H65-79":112.10836305222,"H80+":40.894886875392},"Analyse":{"Votes décisifs":94,"tour décisif":1,"majeurs":1227.618870640799,"Non votants de 18-24":57.17584791323448}}