{"id":5151,"slug":"54-339-malzeville","nom_standard":"Malzéville","code_postal":"54","code_departement":"54","libelle_departement":"Meurthe-et-Moselle","code_commune":"339","Tour 1":{"Inscrits":5672,"Abstentions":3621,"% Abs/Ins":63.84,"Votants":2051,"% Vot/Ins":36.16,"Blancs":31,"% Blancs/Ins":0.55,"% Blancs/Vot":1.51,"Nuls":32,"% Nuls/Ins":0.56,"% Nuls/Vot":1.56,"Exprimés":1988,"% Exp/Ins":35.05,"% Exp/Vot":96.93,"resultats":[{"N.Pan.":null,"Code Nuance":"LDVC","Sexe":"F","Nom":"MARCHAL-TARNUS","Prénom":"Corinne","Liste":"Réussir Malzéville","Sièges / Elu":"3","Sièges Secteur":0,"Sièges CC":0,"Voix":491,"% Voix/Ins":8.66,"% Voix/Exp":24.7},{"N.Pan.":2,"Code Nuance":"LDVG","Sexe":"M","Nom":"KLING","Prénom":"Bertrand","Liste":"MALZEVLLE TERRE DURABLE ET SOLIDAIRE","Sièges / Elu":"26","Sièges Secteur":0,"Sièges CC":2,"Voix":1497,"% Voix/Ins":26.39,"% Voix/Exp":75.3}]},"population":{"F0-2":118.246031491022,"F3-5":124.56344867785,"F6-10":247.204530367767,"F11-17":360.961879427704,"F18-24":315.154605187966,"F25-39":720.297782209676,"F40-54":823.363881417564,"F55-64":576.460332981735,"F65-79":666.147763222848,"F80+":299.51828690473,"H0-2":133.940245988814,"H3-5":147.155153624909,"H6-10":264.754403006572,"H11-17":342.609452070539,"H18-24":299.896516277146,"H25-39":648.004204869611,"H40-54":731.53475940389,"H55-64":494.902828190335,"H65-79":583.2813796878,"H80+":138.002514991523},"Analyse":{"Votes décisifs":1007,"tour décisif":1,"majeurs":6296.564855344824,"Non votants de 18-24":414.7085729318195}}