{"id":5160,"slug":"54-382-mont-saint-martin","nom_standard":"Mont-Saint-Martin","code_postal":"54","code_departement":"54","libelle_departement":"Meurthe-et-Moselle","code_commune":"382","Tour 1":{"Inscrits":4349,"Abstentions":2642,"% Abs/Ins":60.75,"Votants":1707,"% Vot/Ins":39.25,"Blancs":20,"% Blancs/Ins":0.46,"% Blancs/Vot":1.17,"Nuls":23,"% Nuls/Ins":0.53,"% Nuls/Vot":1.35,"Exprimés":1664,"% Exp/Ins":38.26,"% Exp/Vot":97.48,"resultats":[{"N.Pan.":null,"Code Nuance":"LDVG","Sexe":"M","Nom":"GIOVANARDI","Prénom":"Christophe","Liste":"NOTRE VILLE, NOTRE AVENIR","Sièges / Elu":"5","Sièges Secteur":0,"Sièges CC":1,"Voix":582,"% Voix/Ins":13.38,"% Voix/Exp":34.98},{"N.Pan.":2,"Code Nuance":"LDVG","Sexe":"M","Nom":"DE CARLI","Prénom":"Serge","Liste":"MONT-SAINT-MARTIN RASSEMBLEE","Sièges / Elu":"24","Sièges Secteur":0,"Sièges CC":6,"Voix":1082,"% Voix/Ins":24.88,"% Voix/Exp":65.02}]},"population":{"F0-2":173.998611106039,"F3-5":198.473345590142,"F6-10":323.171324682077,"F11-17":429.906664888445,"F18-24":331.999609211977,"F25-39":901.743064425068,"F40-54":902.727536911892,"F55-64":558.475677321618,"F65-79":540.142886211382,"F80+":278.856478070738,"H0-2":178.202250767546,"H3-5":195.04785773482,"H6-10":350.960962779815,"H11-17":469.717242227361,"H18-24":331.65163971777,"H25-39":847.150742534073,"H40-54":913.092925531028,"H55-64":440.611263545005,"H65-79":456.15819931034,"H80+":197.911717432865},"Analyse":{"Votes décisifs":501,"tour décisif":1,"majeurs":6700.521740223757,"Non votants de 18-24":494.58192480197425}}