{"id":5180,"slug":"54-483-saint-nicolas-de-port","nom_standard":"Saint-Nicolas-de-Port","code_postal":"54","code_departement":"54","libelle_departement":"Meurthe-et-Moselle","code_commune":"483","Tour 1":{"Inscrits":5128,"Abstentions":3307,"% Abs/Ins":64.49,"Votants":1821,"% Vot/Ins":35.51,"Blancs":92,"% Blancs/Ins":1.79,"% Blancs/Vot":5.05,"Nuls":53,"% Nuls/Ins":1.03,"% Nuls/Vot":2.91,"Exprimés":1676,"% Exp/Ins":32.68,"% Exp/Vot":92.04,"resultats":[{"N.Pan.":null,"Code Nuance":"LDVD","Sexe":"M","Nom":"THIBAUT","Prénom":"Théo","Liste":"RASSEMBLEMENT PORTOIS-CAP 2020","Sièges / Elu":"1","Sièges Secteur":0,"Sièges CC":0,"Voix":184,"% Voix/Ins":3.59,"% Voix/Exp":10.98},{"N.Pan.":2,"Code Nuance":"LLR","Sexe":"M","Nom":"BINSINGER","Prénom":"Luc","Liste":"VIBRER+INNOVER+VALORISER","Sièges / Elu":"28","Sièges Secteur":0,"Sièges CC":10,"Voix":1492,"% Voix/Ins":29.1,"% Voix/Exp":89.02}]},"population":{"F0-2":107.586569870637,"F3-5":115.327457541228,"F6-10":180.968765484631,"F11-17":291.240695604041,"F18-24":256.197638405781,"F25-39":661.492768339004,"F40-54":703.869056092289,"F55-64":498.67726204661,"F65-79":624.941201722982,"F80+":397.727305110299,"H0-2":121.441383489515,"H3-5":112.434753315097,"H6-10":238.448668835642,"H11-17":278.456331303593,"H18-24":248.161238003686,"H25-39":695.031353506921,"H40-54":672.053633460584,"H55-64":489.613958068744,"H65-79":481.974550075662,"H80+":207.355409723055},"Analyse":{"Votes décisifs":1309,"tour décisif":1,"majeurs":5937.095374555617,"Non votants de 18-24":349.664121483051}}