{"id":5182,"slug":"54-493-saulnes","nom_standard":"Saulnes","code_postal":"54","code_departement":"54","libelle_departement":"Meurthe-et-Moselle","code_commune":"493","Tour 1":{"Inscrits":1712,"Abstentions":1401,"% Abs/Ins":81.83,"Votants":311,"% Vot/Ins":18.17,"Blancs":21,"% Blancs/Ins":1.23,"% Blancs/Vot":6.75,"Nuls":17,"% Nuls/Ins":0.99,"% Nuls/Vot":5.47,"Exprimés":273,"% Exp/Ins":15.95,"% Exp/Vot":87.78,"resultats":[{"N.Pan.":null,"Code Nuance":"LNC","Sexe":"M","Nom":"ZOLFO","Prénom":"Adrien","Liste":"SAULNES ENSEMBLE","Sièges / Elu":"19","Sièges Secteur":0,"Sièges CC":2,"Voix":273,"% Voix/Ins":15.95,"% Voix/Exp":100}]},"population":{"F0-2":23.7193169259944,"F3-5":33.3537167300861,"F6-10":57.1910170415601,"F11-17":100.552863306432,"F18-24":69.6856100511806,"F25-39":198.429582969374,"F40-54":269.110299807294,"F55-64":177.324005902276,"F65-79":184.86733108251,"F80+":91.3640848958456,"H0-2":33.0833572673995,"H3-5":39.8207966579353,"H6-10":63.3668513661438,"H11-17":121.491600996508,"H18-24":80.0319880868469,"H25-39":189.068505532735,"H40-54":265.49671634574,"H55-64":151.444215658409,"H65-79":150.497229878561,"H80+":62.1009094971676},"Analyse":{"Votes décisifs":274,"tour décisif":1,"majeurs":1889.4204797079399,"Non votants de 18-24":125.07397141703207}}