{"id":5184,"slug":"54-498-seichamps","nom_standard":"Seichamps","code_postal":"54","code_departement":"54","libelle_departement":"Meurthe-et-Moselle","code_commune":"498","Tour 1":{"Inscrits":4146,"Abstentions":2306,"% Abs/Ins":55.62,"Votants":1840,"% Vot/Ins":44.38,"Blancs":14,"% Blancs/Ins":0.34,"% Blancs/Vot":0.76,"Nuls":16,"% Nuls/Ins":0.39,"% Nuls/Vot":0.87,"Exprimés":1810,"% Exp/Ins":43.66,"% Exp/Vot":98.37,"resultats":[{"N.Pan.":null,"Code Nuance":"LDVG","Sexe":"M","Nom":"CHANUT","Prénom":"Henri","Liste":"SEICHAMPS POUR TOUS","Sièges / Elu":"23","Sièges Secteur":0,"Sièges CC":1,"Voix":1164,"% Voix/Ins":28.08,"% Voix/Exp":64.31},{"N.Pan.":2,"Code Nuance":"LDVC","Sexe":"F","Nom":"KRIER","Prénom":"Catherine","Liste":"SEICHAMPS L'AVENIR ENSEMBLE","Sièges / Elu":"4","Sièges Secteur":0,"Sièges CC":0,"Voix":646,"% Voix/Ins":15.58,"% Voix/Exp":35.69}]},"population":{"F0-2":79.93232049627,"F3-5":92.0182304341463,"F6-10":143.39412929727,"F11-17":210.216130262656,"F18-24":154.082347106967,"F25-39":395.770593588874,"F40-54":511.694360857337,"F55-64":420.566234676115,"F65-79":449.431016394225,"F80+":270.265338916055,"H0-2":77.9152297544478,"H3-5":95.0225172857022,"H6-10":164.662769901454,"H11-17":218.170152889472,"H18-24":166.39625033714,"H25-39":349.251253047612,"H40-54":419.793085107399,"H55-64":337.33508342694,"H65-79":403.188241939085,"H80+":151.894714280832},"Analyse":{"Votes décisifs":519,"tour décisif":1,"majeurs":4029.6685196785807,"Non votants de 18-24":174.14382662673174}}