{"id":5183,"slug":"54-495-saulxures-les-nancy","nom_standard":"Saulxures-lès-Nancy","code_postal":"54","code_departement":"54","libelle_departement":"Meurthe-et-Moselle","code_commune":"495","Tour 1":{"Inscrits":3359,"Abstentions":1882,"% Abs/Ins":56.03,"Votants":1477,"% Vot/Ins":43.97,"Blancs":30,"% Blancs/Ins":0.89,"% Blancs/Vot":2.03,"Nuls":20,"% Nuls/Ins":0.6,"% Nuls/Vot":1.35,"Exprimés":1427,"% Exp/Ins":42.48,"% Exp/Vot":96.61,"resultats":[{"N.Pan.":null,"Code Nuance":"LDIV","Sexe":"M","Nom":"GIRSCH","Prénom":"Bernard","Liste":"S'ENGAGER ENSEMBLE POUR SAULXURES","Sièges / Elu":"21","Sièges Secteur":0,"Sièges CC":1,"Voix":789,"% Voix/Ins":23.49,"% Voix/Exp":55.29},{"N.Pan.":2,"Code Nuance":"LDVD","Sexe":"M","Nom":"CANDAT","Prénom":"Michel","Liste":"Saulxures, Notre Ville","Sièges / Elu":"6","Sièges Secteur":0,"Sièges CC":0,"Voix":638,"% Voix/Ins":18.99,"% Voix/Exp":44.71}]},"population":{"F0-2":57.7544374508339,"F3-5":60.7396288138003,"F6-10":122.315420779103,"F11-17":196.871542133346,"F18-24":113.696331937818,"F25-39":353.409433408664,"F40-54":401.551054056381,"F55-64":320.068086197109,"F65-79":378.736479709582,"F80+":197.153332179921,"H0-2":78.6938620078084,"H3-5":78.5834478474177,"H6-10":132.204427951218,"H11-17":189.03431044848,"H18-24":124.689641658483,"H25-39":311.562147082723,"H40-54":367.43782573397,"H55-64":276.626842844644,"H65-79":321.227159921836,"H80+":137.644587836862},"Analyse":{"Votes décisifs":152,"tour décisif":1,"majeurs":3303.802922567993,"Non votants de 18-24":131.81300563970814}}