{"id":5186,"slug":"54-521-thil","nom_standard":"Thil","code_postal":"54","code_departement":"54","libelle_departement":"Meurthe-et-Moselle","code_commune":"521","Tour 1":{"Inscrits":1068,"Abstentions":549,"% Abs/Ins":51.4,"Votants":519,"% Vot/Ins":48.6,"Blancs":6,"% Blancs/Ins":0.56,"% Blancs/Vot":1.16,"Nuls":3,"% Nuls/Ins":0.28,"% Nuls/Vot":0.58,"Exprimés":510,"% Exp/Ins":47.75,"% Exp/Vot":98.27,"resultats":[{"N.Pan.":null,"Code Nuance":"LNC","Sexe":"M","Nom":"BRUSCO","Prénom":"Stéphan","Liste":"ENSEMBLE POUR THIL","Sièges / Elu":"18","Sièges Secteur":0,"Sièges CC":2,"Voix":421,"% Voix/Ins":39.42,"% Voix/Exp":82.55},{"N.Pan.":2,"Code Nuance":"LNC","Sexe":"M","Nom":"VIRGILIO","Prénom":"Pierre-Alexandre","Liste":"THIL AUTREMENT","Sièges / Elu":"1","Sièges Secteur":0,"Sièges CC":0,"Voix":89,"% Voix/Ins":8.33,"% Voix/Exp":17.45}]},"population":{"F0-2":45.0640868996199,"F3-5":33.166314720029,"F6-10":70.5690043176639,"F11-17":66.3048702257882,"F18-24":48.516067165272,"F25-39":212.667173000977,"F40-54":210.548845796808,"F55-64":104.533686403036,"F65-79":129.324495383924,"F80+":50.6952407086006,"H0-2":43.4330711886698,"H3-5":41.4697545020361,"H6-10":63.8310488266864,"H11-17":91.0384016662627,"H18-24":65.1584022980784,"H25-39":222.526815920472,"H40-54":238.064883765532,"H55-64":93.5298044332306,"H65-79":109.014884647296,"H80+":28.5431481300179},"Analyse":{"Votes décisifs":333,"tour décisif":1,"majeurs":1513.1234476532443,"Non votants de 18-24":74.68422729706883}}