{"id":5187,"slug":"54-526-tomblaine","nom_standard":"Tomblaine","code_postal":"54","code_departement":"54","libelle_departement":"Meurthe-et-Moselle","code_commune":"526","Tour 1":{"Inscrits":6129,"Abstentions":3436,"% Abs/Ins":56.06,"Votants":2693,"% Vot/Ins":43.94,"Blancs":49,"% Blancs/Ins":0.8,"% Blancs/Vot":1.82,"Nuls":66,"% Nuls/Ins":1.08,"% Nuls/Vot":2.45,"Exprimés":2578,"% Exp/Ins":42.06,"% Exp/Vot":95.73,"resultats":[{"N.Pan.":null,"Code Nuance":"LDIV","Sexe":"M","Nom":"GUNDESLI","Prénom":"Mahmut","Liste":"OUI, TOMBLAINE ENSEMBLE","Sièges / Elu":"3","Sièges Secteur":0,"Sièges CC":0,"Voix":639,"% Voix/Ins":10.43,"% Voix/Exp":24.79},{"N.Pan.":2,"Code Nuance":"LDVG","Sexe":"M","Nom":"FERON","Prénom":"Hervé","Liste":"LA GAUCHE SOLIDAIRE POUR TOMBLAINE","Sièges / Elu":"26","Sièges Secteur":0,"Sièges CC":2,"Voix":1939,"% Voix/Ins":31.64,"% Voix/Exp":75.21}]},"population":{"F0-2":152.879456556492,"F3-5":182.77947525495,"F6-10":302.97114741392,"F11-17":418.630061493552,"F18-24":348.159128541958,"F25-39":922.20576081035,"F40-54":867.928250748463,"F55-64":589.766391924919,"F65-79":580.66670537657,"F80+":305.568795984588,"H0-2":182.012569152989,"H3-5":197.680056534607,"H6-10":323.071032808089,"H11-17":420.346645965564,"H18-24":379.777848890613,"H25-39":853.382746194671,"H40-54":806.033794452401,"H55-64":488.774125786606,"H65-79":471.980308752909,"H80+":146.38569735579},"Analyse":{"Votes décisifs":1301,"tour décisif":1,"majeurs":6760.629554819839,"Non votants de 18-24":437.97370340162854}}