{"id":5087,"slug":"54-51-batilly","nom_standard":"Batilly","code_postal":"54","code_departement":"54","libelle_departement":"Meurthe-et-Moselle","code_commune":"51","Tour 1":{"Inscrits":1024,"Abstentions":463,"% Abs/Ins":45.21,"Votants":561,"% Vot/Ins":54.79,"Blancs":9,"% Blancs/Ins":0.88,"% Blancs/Vot":1.6,"Nuls":8,"% Nuls/Ins":0.78,"% Nuls/Vot":1.43,"Exprimés":544,"% Exp/Ins":53.13,"% Exp/Vot":96.97,"resultats":[{"N.Pan.":null,"Code Nuance":"LNC","Sexe":"F","Nom":"METEIGNIER-MANGEL","Prénom":"Corinne","Liste":"UNE NOUVELLE ETAPE AVEC VOUS","Sièges / Elu":"1","Sièges Secteur":0,"Sièges CC":0,"Voix":80,"% Voix/Ins":7.81,"% Voix/Exp":14.71},{"N.Pan.":2,"Code Nuance":"LNC","Sexe":"M","Nom":"DENIZE","Prénom":"Philippe","Liste":"POUR UNE VISION DYNAMIQUE","Sièges / Elu":"2","Sièges Secteur":0,"Sièges CC":0,"Voix":183,"% Voix/Ins":17.87,"% Voix/Exp":33.64},{"N.Pan.":3,"Code Nuance":"LNC","Sexe":"F","Nom":"RIGGI","Prénom":"Marie-Christine","Liste":"AVANCER ENSEMBLE","Sièges / Elu":12,"Sièges CC":1,"Voix":281,"% Voix/Ins":27.44,"% Voix/Exp":51.65}]},"population":{"F0-2":14.8029174689801,"F3-5":23.9616468460794,"F6-10":39.008102158516,"F11-17":53.8626653804839,"F18-24":34.5018410037503,"F25-39":120.699876182734,"F40-54":140.380555060782,"F55-64":82.2834460039965,"F65-79":91.3130946474014,"F80+":42.7227116598739,"H0-2":19.8496862272393,"H3-5":22.9404536271305,"H6-10":46.856367176106,"H11-17":65.9770715032666,"H18-24":30.5023548467628,"H25-39":123.287120688779,"H40-54":134.445577213811,"H55-64":80.0418734135537,"H65-79":87.0189248941815,"H80+":29.5437139965715},"Analyse":{"Votes décisifs":19,"tour décisif":1,"majeurs":996.7410896121977,"Non votants de 18-24":28.417609572298954}}