{"id":5095,"slug":"54-89-bouxieres-aux-chenes","nom_standard":"Bouxières-aux-Chênes","code_postal":"54","code_departement":"54","libelle_departement":"Meurthe-et-Moselle","code_commune":"89","Tour 1":{"Inscrits":1163,"Abstentions":549,"% Abs/Ins":47.21,"Votants":614,"% Vot/Ins":52.79,"Blancs":8,"% Blancs/Ins":0.69,"% Blancs/Vot":1.3,"Nuls":8,"% Nuls/Ins":0.69,"% Nuls/Vot":1.3,"Exprimés":598,"% Exp/Ins":51.42,"% Exp/Vot":97.39,"resultats":[{"N.Pan.":null,"Code Nuance":"LNC","Sexe":"F","Nom":"CLAUDE","Prénom":"Claudyne","Liste":"Bouxières allons plus loin ensemble","Sièges / Elu":"3","Sièges Secteur":0,"Sièges CC":1,"Voix":268,"% Voix/Ins":23.04,"% Voix/Exp":44.82},{"N.Pan.":2,"Code Nuance":"LNC","Sexe":"M","Nom":"FAUCHEUR","Prénom":"Dominique","Liste":"BAC 2020, LE BON CAP POUR DEMAIN","Sièges / Elu":"12","Sièges Secteur":0,"Sièges CC":3,"Voix":330,"% Voix/Ins":28.37,"% Voix/Exp":55.18}]},"population":{"F0-2":20.9558311411977,"F3-5":17.6462657001953,"F6-10":34.0624236039188,"F11-17":82.4672177217624,"F18-24":34.7763249993302,"F25-39":111.54461430702,"F40-54":156.767139948458,"F55-64":95.7409808664304,"F65-79":103.779544248859,"F80+":42.9289768186175,"H0-2":13.4188448137167,"H3-5":19.1161150589644,"H6-10":41.2515911754704,"H11-17":73.2123125215131,"H18-24":62.1844358186826,"H25-39":108.550036070459,"H40-54":153.421790941224,"H55-64":99.9427536540974,"H65-79":113.301500949929,"H80+":20.9312996401534},"Analyse":{"Votes décisifs":63,"tour décisif":1,"majeurs":1103.8693982632603,"Non votants de 18-24":43.02874020404729}}