{"id":5416,"slug":"57-38-audun-le-tiche","nom_standard":"Audun-le-Tiche","code_postal":"57","code_departement":"57","libelle_departement":"Moselle","code_commune":"38","Tour 1":{"Inscrits":4197,"Abstentions":2680,"% Abs/Ins":63.86,"Votants":1517,"% Vot/Ins":36.14,"Blancs":21,"% Blancs/Ins":0.5,"% Blancs/Vot":1.38,"Nuls":28,"% Nuls/Ins":0.67,"% Nuls/Vot":1.85,"Exprimés":1468,"% Exp/Ins":34.98,"% Exp/Vot":96.77,"resultats":[{"N.Pan.":null,"Code Nuance":"LECO","Sexe":"M","Nom":"DJEBAR","Prénom":"Bouzid","Liste":"VOTRE VILLE VOUS APPARTIENT","Sièges / Elu":"0","Sièges Secteur":0,"Sièges CC":0,"Voix":514,"% Voix/Ins":12.25,"% Voix/Exp":35.01},{"N.Pan.":2,"Code Nuance":"LDVG","Sexe":"F","Nom":"FATTORELLI","Prénom":"Viviane","Liste":"AUDUN AUTREMENT","Sièges / Elu":"0","Sièges Secteur":0,"Sièges CC":0,"Voix":609,"% Voix/Ins":14.51,"% Voix/Exp":41.49},{"N.Pan.":3,"Code Nuance":"LDIV","Sexe":"M","Nom":"JACQUIN","Prénom":"Éric","Liste":"VERS DE NOUVEAUX HORIZONS","Sièges / Elu":0,"Sièges CC":0,"Voix":345,"% Voix/Ins":8.22,"% Voix/Exp":23.5}]},"Tour 2":{"Inscrits":4197,"Abstentions":2506,"% Abs/Ins":59.71,"Votants":1691,"% Vot/Ins":40.29,"Blancs":36,"% Blancs/Ins":0.86,"% Blancs/Vot":2.13,"Nuls":18,"% Nuls/Ins":0.43,"% Nuls/Vot":1.06,"Exprimés":1637,"% Exp/Ins":39,"% Exp/Vot":96.81,"resultats":[{"N.Pan.":1,"Code Nuance":"LDVG","Sexe":"M","Nom":"DJEBAR","Prénom":"Bouzid","Liste":"UNIS POUR NOTRE VILLE","Sièges / Elu":5,"Sièges Secteur":0,"Sièges CC":1,"Voix":637,"% Voix/Ins":15.18,"% Voix/Exp":38.91},{"N.Pan.":2,"Code Nuance":"LDVG","Sexe":"F","Nom":"FATTORELLI","Prénom":"Viviane","Liste":"AUDUN AUTREMENT","Sièges / Elu":24,"Sièges Secteur":0,"Sièges CC":6,"Voix":1000,"% Voix/Ins":23.83,"% Voix/Exp":61.09}]},"population":{"F0-2":101.801239482452,"F3-5":99.773915892912,"F6-10":201.536356500114,"F11-17":272.26311660015,"F18-24":216.010388527994,"F25-39":741.678794829708,"F40-54":777.024202642447,"F55-64":410.056029073844,"F65-79":488.835269134384,"F80+":305.272236685986,"H0-2":119.437989740911,"H3-5":120.557998739722,"H6-10":212.018018525969,"H11-17":291.994994944938,"H18-24":209.741170722393,"H25-39":806.041228192841,"H40-54":782.226481072808,"H55-64":397.696367613615,"H65-79":396.480511496802,"H80+":157.553689580011},"Analyse":{"Votes décisifs":363,"tour décisif":2,"majeurs":5688.616369572834,"Non votants de 18-24":299.1925086975606}}