{"id":5436,"slug":"57-124-cattenom","nom_standard":"Cattenom","code_postal":"57","code_departement":"57","libelle_departement":"Moselle","code_commune":"124","Tour 1":{"Inscrits":1881,"Abstentions":890,"% Abs/Ins":47.32,"Votants":991,"% Vot/Ins":52.68,"Blancs":16,"% Blancs/Ins":0.85,"% Blancs/Vot":1.61,"Nuls":15,"% Nuls/Ins":0.8,"% Nuls/Vot":1.51,"Exprimés":960,"% Exp/Ins":51.04,"% Exp/Vot":96.87,"resultats":[{"N.Pan.":null,"Code Nuance":"LNC","Sexe":"M","Nom":"FADI","Prénom":"Hassan","Liste":"Ensemble, Agissons pour Demain","Sièges / Elu":"5","Sièges Secteur":0,"Sièges CC":1,"Voix":422,"% Voix/Ins":22.43,"% Voix/Exp":43.96},{"N.Pan.":2,"Code Nuance":"LNC","Sexe":"M","Nom":"ZENNER","Prénom":"Bernard","Liste":"L'AVENIR S'ECRIT AVEC VOUS","Sièges / Elu":"18","Sièges Secteur":0,"Sièges CC":4,"Voix":538,"% Voix/Ins":28.6,"% Voix/Exp":56.04}]},"population":{"F0-2":41.4481822018041,"F3-5":49.7296862850202,"F6-10":90.3427378975827,"F11-17":121.34513541081,"F18-24":73.2789266676508,"F25-39":262.408045559244,"F40-54":312.06384155688,"F55-64":138.71971684359,"F65-79":161.083546657489,"F80+":104.177603878874,"H0-2":55.21787868917,"H3-5":39.0252596810801,"H6-10":83.0062431071833,"H11-17":116.963735295047,"H18-24":90.8251222926939,"H25-39":262.427370449425,"H40-54":292.305661458091,"H55-64":156.209047135272,"H65-79":125.586967742668,"H80+":42.8352911904241},"Analyse":{"Votes décisifs":117,"tour décisif":1,"majeurs":2021.9211414323017,"Non votants de 18-24":83.67207306018732}}