{"id":5453,"slug":"57-194-entrange","nom_standard":"Entrange","code_postal":"57","code_departement":"57","libelle_departement":"Moselle","code_commune":"194","Tour 1":{"Inscrits":935,"Abstentions":652,"% Abs/Ins":69.73,"Votants":283,"% Vot/Ins":30.27,"Blancs":5,"% Blancs/Ins":0.53,"% Blancs/Vot":1.77,"Nuls":18,"% Nuls/Ins":1.93,"% Nuls/Vot":6.36,"Exprimés":260,"% Exp/Ins":27.81,"% Exp/Vot":91.87,"resultats":[{"N.Pan.":null,"Code Nuance":"LNC","Sexe":"M","Nom":"HERGAT","Prénom":"Michel","Liste":"Bien-Vivre Ensemble à Entrange","Sièges / Elu":"15","Sièges Secteur":0,"Sièges CC":2,"Voix":260,"% Voix/Ins":27.81,"% Voix/Exp":100}]},"population":{"F0-2":19.4502839613357,"F3-5":21.8322176636872,"F6-10":29.5062535951488,"F11-17":61.2681132806004,"F18-24":22.0890494041076,"F25-39":129.802278541564,"F40-54":139.571102599333,"F55-64":85.068717433143,"F65-79":79.2800050893809,"F80+":23.94750387837,"H0-2":23.6886720142084,"H3-5":14.5999431206567,"H6-10":39.9835934867823,"H11-17":65.4133864111988,"H18-24":45.8844948882784,"H25-39":120.922546004471,"H40-54":133.943249443708,"H55-64":81.0275359294886,"H65-79":79.0229783003238,"H80+":12.698074954212},"Analyse":{"Votes décisifs":261,"tour décisif":1,"majeurs":953.2575364663802,"Non votants de 18-24":47.7937793297581}}