{"id":5464,"slug":"57-224-folschviller","nom_standard":"Folschviller","code_postal":"57","code_departement":"57","libelle_departement":"Moselle","code_commune":"224","Tour 1":{"Inscrits":2775,"Abstentions":1376,"% Abs/Ins":49.59,"Votants":1399,"% Vot/Ins":50.41,"Blancs":11,"% Blancs/Ins":0.4,"% Blancs/Vot":0.79,"Nuls":16,"% Nuls/Ins":0.58,"% Nuls/Vot":1.14,"Exprimés":1372,"% Exp/Ins":49.44,"% Exp/Vot":98.07,"resultats":[{"N.Pan.":null,"Code Nuance":"LDVC","Sexe":"M","Nom":"ZIMNY","Prénom":"Didier","Liste":"ENSEMBLE POUR FOLSCHVILLER","Sièges / Elu":"21","Sièges Secteur":0,"Sièges CC":3,"Voix":695,"% Voix/Ins":25.05,"% Voix/Exp":50.66},{"N.Pan.":2,"Code Nuance":"LDVD","Sexe":"M","Nom":"MULLER","Prénom":"Gabriel","Liste":"dynamisme engagement solidarité pour folschviller","Sièges / Elu":"6","Sièges Secteur":0,"Sièges CC":1,"Voix":677,"% Voix/Ins":24.4,"% Voix/Exp":49.34}]},"population":{"F0-2":64.3241509640944,"F3-5":73.159392170755,"F6-10":106.334228244386,"F11-17":181.59056574329,"F18-24":146.363848645503,"F25-39":307.921847141123,"F40-54":401.504822101309,"F55-64":312.488240204974,"F65-79":315.36486493117,"F80+":145.6809340568,"H0-2":62.2857581190895,"H3-5":73.2202408171104,"H6-10":139.13659885894,"H11-17":180.865443433792,"H18-24":147.192715161443,"H25-39":297.74505360687,"H40-54":353.971311643436,"H55-64":283.708170492278,"H65-79":275.070228880561,"H80+":81.0715847830743},"Analyse":{"Votes décisifs":19,"tour décisif":1,"majeurs":3068.083621648541,"Non votants de 18-24":159.69918460512093}}