{"id":5468,"slug":"57-240-freyming-merlebach","nom_standard":"Freyming-Merlebach","code_postal":"57","code_departement":"57","libelle_departement":"Moselle","code_commune":"240","Tour 1":{"Inscrits":8807,"Abstentions":6338,"% Abs/Ins":71.97,"Votants":2469,"% Vot/Ins":28.03,"Blancs":45,"% Blancs/Ins":0.51,"% Blancs/Vot":1.82,"Nuls":47,"% Nuls/Ins":0.53,"% Nuls/Vot":1.9,"Exprimés":2377,"% Exp/Ins":26.99,"% Exp/Vot":96.27,"resultats":[{"N.Pan.":null,"Code Nuance":"LDVD","Sexe":"F","Nom":"MIHELIC","Prénom":"Patricia","Liste":"repense ta ville","Sièges / Elu":"4","Sièges Secteur":0,"Sièges CC":2,"Voix":645,"% Voix/Ins":7.32,"% Voix/Exp":27.14},{"N.Pan.":2,"Code Nuance":"LDVD","Sexe":"M","Nom":"LANG","Prénom":"Pierre","Liste":"pierre lang nouvel elan pour freyming merlebach","Sièges / Elu":"29","Sièges Secteur":0,"Sièges CC":13,"Voix":1732,"% Voix/Ins":19.67,"% Voix/Exp":72.86}]},"population":{"F0-2":202.005089852642,"F3-5":270.811209390037,"F6-10":445.486299421147,"F11-17":467.971402512117,"F18-24":476.953800681228,"F25-39":1182.51655608687,"F40-54":1025.29925708786,"F55-64":1034.31900990058,"F65-79":1123.89994014782,"F80+":654.396471521139,"H0-2":261.578905338973,"H3-5":244.534923026395,"H6-10":374.033128351272,"H11-17":432.114205882835,"H18-24":463.118218826248,"H25-39":1037.25399850036,"H40-54":1013.72599372037,"H55-64":862.565230611474,"H65-79":952.487790931176,"H80+":314.928568209461},"Analyse":{"Votes décisifs":1088,"tour décisif":1,"majeurs":10141.464836224588,"Non votants de 18-24":711.2058888600199}}