{"id":5473,"slug":"57-261-gros-rederching","nom_standard":"Gros-Réderching","code_postal":"57","code_departement":"57","libelle_departement":"Moselle","code_commune":"261","Tour 1":{"Inscrits":1044,"Abstentions":748,"% Abs/Ins":71.65,"Votants":296,"% Vot/Ins":28.35,"Blancs":15,"% Blancs/Ins":1.44,"% Blancs/Vot":5.07,"Nuls":33,"% Nuls/Ins":3.16,"% Nuls/Vot":11.15,"Exprimés":248,"% Exp/Ins":23.75,"% Exp/Vot":83.78,"resultats":[{"N.Pan.":null,"Code Nuance":"LNC","Sexe":"M","Nom":"DOR","Prénom":"Norbert","Liste":"ENSEMBLE POUR L'AVENIR","Sièges / Elu":"15","Sièges Secteur":0,"Sièges CC":2,"Voix":248,"% Voix/Ins":23.75,"% Voix/Exp":100}]},"population":{"F0-2":19.2183582995519,"F3-5":16.3894477141584,"F6-10":37.3757071794237,"F11-17":46.8670287083872,"F18-24":35.0746470912879,"F25-39":123.058758861664,"F40-54":135.78171857704,"F55-64":89.4691556488089,"F65-79":97.2143243260645,"F80+":42.3206443000525,"H0-2":17.6111695724108,"H3-5":19.8497504783173,"H6-10":48.6227758327826,"H11-17":60.9342086024942,"H18-24":44.3004569978511,"H25-39":133.461337146879,"H40-54":126.071198778416,"H55-64":109.563710561989,"H65-79":98.3420916187444,"H80+":22.4735097036776},"Analyse":{"Votes décisifs":249,"tour décisif":1,"majeurs":1057.131553612475,"Non votants de 18-24":57.14983729987619}}