{"id":5477,"slug":"57-288-ham-sous-varsberg","nom_standard":"Ham-sous-Varsberg","code_postal":"57","code_departement":"57","libelle_departement":"Moselle","code_commune":"288","Tour 1":{"Inscrits":1944,"Abstentions":875,"% Abs/Ins":45.01,"Votants":1069,"% Vot/Ins":54.99,"Blancs":16,"% Blancs/Ins":0.82,"% Blancs/Vot":1.5,"Nuls":0,"% Nuls/Ins":0,"% Nuls/Vot":0,"Exprimés":1053,"% Exp/Ins":54.17,"% Exp/Vot":98.5,"resultats":[{"N.Pan.":null,"Code Nuance":"LNC","Sexe":"M","Nom":"BECK","Prénom":"Valentin","Liste":"Ham redynamisé","Sièges / Elu":"4","Sièges Secteur":0,"Sièges CC":2,"Voix":431,"% Voix/Ins":22.17,"% Voix/Exp":40.93},{"N.Pan.":2,"Code Nuance":"LNC","Sexe":"M","Nom":"BRUCK","Prénom":"Patrick","Liste":"Tous pour Ham","Sièges / Elu":"1","Sièges Secteur":0,"Sièges CC":0,"Voix":95,"% Voix/Ins":4.89,"% Voix/Exp":9.02},{"N.Pan.":3,"Code Nuance":"LNC","Sexe":"M","Nom":"BETTINGER","Prénom":"Edmond","Liste":"Ham 2020 Autrement","Sièges / Elu":18,"Sièges CC":8,"Voix":527,"% Voix/Ins":27.11,"% Voix/Exp":50.05}]},"population":{"F0-2":38.0629986190603,"F3-5":52.8659999880583,"F6-10":87.9114058289227,"F11-17":119.834801366736,"F18-24":77.5814382507535,"F25-39":258.08599581355,"F40-54":267.863257732617,"F55-64":207.701504452472,"F65-79":253.6111518645,"F80+":97.0687704833852,"H0-2":42.8894476866528,"H3-5":48.9027620887736,"H6-10":96.0589215250136,"H11-17":127.04216776231,"H18-24":86.6134866686813,"H25-39":244.755108019695,"H40-54":263.007366595406,"H55-64":181.379150014899,"H65-79":254.772817294955,"H80+":55.9914479435577},"Analyse":{"Votes décisifs":2,"tour décisif":1,"majeurs":2248.431495134472,"Non votants de 18-24":86.12967137770828}}