{"id":548,"slug":"7-317-talencieux","nom_standard":"Talencieux","code_postal":"7","code_departement":"7","libelle_departement":"Ardèche","code_commune":"317","Tour 1":{"Inscrits":839,"Abstentions":261,"% Abs/Ins":31.11,"Votants":578,"% Vot/Ins":68.89,"Blancs":9,"% Blancs/Ins":1.07,"% Blancs/Vot":1.56,"Nuls":6,"% Nuls/Ins":0.72,"% Nuls/Vot":1.04,"Exprimés":563,"% Exp/Ins":67.1,"% Exp/Vot":97.4,"resultats":[{"N.Pan.":null,"Code Nuance":"LNC","Sexe":"M","Nom":"FLATTOT","Prénom":"Jean-Luc","Liste":"TOUS POUR TALENCIEUX, TALENCIEUX POUR TOUS","Sièges / Elu":"2","Sièges Secteur":0,"Sièges CC":0,"Voix":208,"% Voix/Ins":24.79,"% Voix/Exp":36.94},{"N.Pan.":2,"Code Nuance":"LNC","Sexe":"M","Nom":"MARCE","Prénom":"Laurent","Liste":"AGISSONS ENSEMBLE POUR TALENCIEUX","Sièges / Elu":"13","Sièges Secteur":0,"Sièges CC":1,"Voix":355,"% Voix/Ins":42.31,"% Voix/Exp":63.06}]},"population":{"F0-2":23.3586794380038,"F3-5":18.2779954550002,"F6-10":35.4104478625082,"F11-17":51.745737075924,"F18-24":21.5717767881745,"F25-39":103.30398235318,"F40-54":115.925343641691,"F55-64":78.0912071518832,"F65-79":65.6419953659123,"F80+":15.7634412319174,"H0-2":28.516688649252,"H3-5":23.2937848933138,"H6-10":56.8030106199032,"H11-17":68.0690717712899,"H18-24":19.3350856657912,"H25-39":101.351773735292,"H40-54":129.591586408419,"H55-64":74.7964469868584,"H65-79":66.565019956061,"H80+":13.5869249496244},"Analyse":{"Votes décisifs":148,"tour décisif":1,"majeurs":805.5245842348044,"Non votants de 18-24":11.554354832050493}}