{"id":5481,"slug":"57-323-hettange-grande","nom_standard":"Hettange-Grande","code_postal":"57","code_departement":"57","libelle_departement":"Moselle","code_commune":"323","Tour 1":{"Inscrits":5413,"Abstentions":4179,"% Abs/Ins":77.2,"Votants":1234,"% Vot/Ins":22.8,"Blancs":77,"% Blancs/Ins":1.42,"% Blancs/Vot":6.24,"Nuls":73,"% Nuls/Ins":1.35,"% Nuls/Vot":5.92,"Exprimés":1084,"% Exp/Ins":20.03,"% Exp/Vot":87.84,"resultats":[{"N.Pan.":null,"Code Nuance":"LDVD","Sexe":"M","Nom":"BALCERZAK","Prénom":"Roland","Liste":"Roland Balcerzak - une passion pour Hettange-Grande Soetrich","Sièges / Elu":"29","Sièges Secteur":0,"Sièges CC":13,"Voix":1084,"% Voix/Ins":20.03,"% Voix/Exp":100}]},"population":{"F0-2":132.119615679483,"F3-5":131.633261475534,"F6-10":200.088223755054,"F11-17":327.145721641282,"F18-24":198.791653693244,"F25-39":870.437800789319,"F40-54":880.738354516854,"F55-64":446.311912924195,"F65-79":479.696869605023,"F80+":235.359696885067,"H0-2":140.846920123224,"H3-5":152.006945477527,"H6-10":197.866976730126,"H11-17":366.506987915225,"H18-24":229.050808018393,"H25-39":926.744967779459,"H40-54":891.515345016399,"H55-64":427.459906108885,"H65-79":378.047941684618,"H80+":140.630090181089},"Analyse":{"Votes décisifs":1085,"tour décisif":1,"majeurs":6104.785347202545,"Non votants de 18-24":341.3598799785887}}