{"id":549,"slug":"7-319-teil-le-","nom_standard":"Teil (Le)","code_postal":"7","code_departement":"7","libelle_departement":"Ardèche","code_commune":"319","Tour 1":{"Inscrits":5960,"Abstentions":3515,"% Abs/Ins":58.98,"Votants":2445,"% Vot/Ins":41.02,"Blancs":42,"% Blancs/Ins":0.7,"% Blancs/Vot":1.72,"Nuls":49,"% Nuls/Ins":0.82,"% Nuls/Vot":2,"Exprimés":2354,"% Exp/Ins":39.5,"% Exp/Vot":96.28,"resultats":[{"N.Pan.":null,"Code Nuance":"LDIV","Sexe":"M","Nom":"BUARD","Prénom":"Raphaël","Liste":"LE TEIL, C'EST VOUS","Sièges / Elu":"2","Sièges Secteur":0,"Sièges CC":1,"Voix":337,"% Voix/Ins":5.65,"% Voix/Exp":14.32},{"N.Pan.":2,"Code Nuance":"LRN","Sexe":"F","Nom":"LORENZO","Prénom":"Sophie","Liste":"UN REGARD NOUVEAU SUR LE TEIL","Sièges / Elu":"3","Sièges Secteur":0,"Sièges CC":1,"Voix":508,"% Voix/Ins":8.52,"% Voix/Exp":21.58},{"N.Pan.":3,"Code Nuance":"LDVG","Sexe":"M","Nom":"PEVERELLI","Prénom":"Olivier","Liste":"Le Teil, en avant!","Sièges / Elu":24,"Sièges CC":12,"Voix":1509,"% Voix/Ins":25.32,"% Voix/Exp":64.1}]},"population":{"F0-2":156.683901323253,"F3-5":162.71353098285,"F6-10":280.250845630681,"F11-17":422.811514428195,"F18-24":298.096031377557,"F25-39":744.808714495358,"F40-54":875.157123868197,"F55-64":547.622500287212,"F65-79":695.926347181205,"F80+":392.831714776493,"H0-2":142.604461955856,"H3-5":169.738108608662,"H6-10":310.401470391107,"H11-17":439.881498130876,"H18-24":319.133300955564,"H25-39":657.293532313044,"H40-54":906.20416275817,"H55-64":545.658413626275,"H65-79":567.648624043975,"H80+":205.534202865468},"Analyse":{"Votes décisifs":665,"tour décisif":1,"majeurs":6755.914668548518,"Non votants de 18-24":393.85088669051044}}