{"id":5502,"slug":"57-433-maizieres-les-metz","nom_standard":"Maizières-lès-Metz","code_postal":"57","code_departement":"57","libelle_departement":"Moselle","code_commune":"433","Tour 1":{"Inscrits":8641,"Abstentions":5437,"% Abs/Ins":62.92,"Votants":3204,"% Vot/Ins":37.08,"Blancs":31,"% Blancs/Ins":0.36,"% Blancs/Vot":0.97,"Nuls":59,"% Nuls/Ins":0.68,"% Nuls/Vot":1.84,"Exprimés":3114,"% Exp/Ins":36.04,"% Exp/Vot":97.19,"resultats":[{"N.Pan.":null,"Code Nuance":"LSOC","Sexe":"M","Nom":"MEIGNEL","Prénom":"Stéphane","Liste":"MIEUX VIVRE A MAIZIERES","Sièges / Elu":"5","Sièges Secteur":0,"Sièges CC":2,"Voix":1060,"% Voix/Ins":12.27,"% Voix/Exp":34.04},{"N.Pan.":2,"Code Nuance":"LDVD","Sexe":"M","Nom":"FREYBURGER","Prénom":"Julien","Liste":"POUR MAIZIERES !","Sièges / Elu":"28","Sièges Secteur":0,"Sièges CC":9,"Voix":2054,"% Voix/Ins":23.77,"% Voix/Exp":65.96}]},"population":{"F0-2":221.679777861925,"F3-5":254.831661442763,"F6-10":392.451290761685,"F11-17":450.171988525418,"F18-24":443.25534612552,"F25-39":1280.37362642076,"F40-54":1090.62972320815,"F55-64":637.603974495131,"F65-79":831.896617330031,"F80+":407.515255622443,"H0-2":215.684329754277,"H3-5":271.564603142663,"H6-10":353.843350874133,"H11-17":562.813119666608,"H18-24":477.843495480398,"H25-39":1230.5045007601,"H40-54":1087.49879067777,"H55-64":633.269301999339,"H65-79":708.609828287769,"H80+":223.959417563119},"Analyse":{"Votes décisifs":995,"tour décisif":1,"majeurs":9052.959877970528,"Non votants de 18-24":595.1059367122585}}