{"id":5503,"slug":"57-441-manom","nom_standard":"Manom","code_postal":"57","code_departement":"57","libelle_departement":"Moselle","code_commune":"441","Tour 1":{"Inscrits":2664,"Abstentions":1704,"% Abs/Ins":63.96,"Votants":960,"% Vot/Ins":36.04,"Blancs":16,"% Blancs/Ins":0.6,"% Blancs/Vot":1.67,"Nuls":23,"% Nuls/Ins":0.86,"% Nuls/Vot":2.4,"Exprimés":921,"% Exp/Ins":34.57,"% Exp/Vot":95.94,"resultats":[{"N.Pan.":null,"Code Nuance":"LNC","Sexe":"F","Nom":"HERFELD","Prénom":"Marie-Laurence","Liste":"Ensemble Dessinons Demain","Sièges / Elu":"20","Sièges Secteur":0,"Sièges CC":2,"Voix":650,"% Voix/Ins":24.4,"% Voix/Exp":70.58},{"N.Pan.":2,"Code Nuance":"LNC","Sexe":"M","Nom":"SCHILTZ","Prénom":"Christian","Liste":"Avec vous, Tous Ensemble pour Vivre L'Avenir","Sièges / Elu":"3","Sièges Secteur":0,"Sièges CC":0,"Voix":271,"% Voix/Ins":10.17,"% Voix/Exp":29.42}]},"population":{"F0-2":48.2445548252576,"F3-5":45.4622996818068,"F6-10":75.642797445214,"F11-17":105.640986781526,"F18-24":102.261861241341,"F25-39":316.241045018019,"F40-54":322.923279649927,"F55-64":257.236042584506,"F65-79":191.207775487073,"F80+":72.3490724712671,"H0-2":37.2582183177594,"H3-5":34.697932794517,"H6-10":81.9377300981066,"H11-17":108.117053472518,"H18-24":90.5439768316954,"H25-39":305.023728887175,"H40-54":298.125033517538,"H55-64":231.34900195587,"H65-79":187.798481822919,"H80+":34.9391271159646},"Analyse":{"Votes décisifs":380,"tour décisif":1,"majeurs":2409.998426583295,"Non votants de 18-24":116.00346239160245}}