{"id":5521,"slug":"57-505-niderviller","nom_standard":"Niderviller","code_postal":"57","code_departement":"57","libelle_departement":"Moselle","code_commune":"505","Tour 1":{"Inscrits":873,"Abstentions":417,"% Abs/Ins":47.77,"Votants":456,"% Vot/Ins":52.23,"Blancs":10,"% Blancs/Ins":1.15,"% Blancs/Vot":2.19,"Nuls":13,"% Nuls/Ins":1.49,"% Nuls/Vot":2.85,"Exprimés":433,"% Exp/Ins":49.6,"% Exp/Vot":94.96,"resultats":[{"N.Pan.":null,"Code Nuance":"LNC","Sexe":"M","Nom":"HASLAUER","Prénom":"René","Liste":"NIDERVILLER VERS L'AVENIR","Sièges / Elu":"2","Sièges Secteur":0,"Sièges CC":0,"Voix":125,"% Voix/Ins":14.32,"% Voix/Exp":28.87},{"N.Pan.":2,"Code Nuance":"LNC","Sexe":"M","Nom":"MICHEL","Prénom":"Gérard","Liste":"NIDERVILLER DURABLEMENT","Sièges / Elu":"13","Sièges Secteur":0,"Sièges CC":2,"Voix":308,"% Voix/Ins":35.28,"% Voix/Exp":71.13}]},"population":{"F0-2":10.8085485058061,"F3-5":10.5019278818488,"F6-10":31.6836253792814,"F11-17":41.3930520653384,"F18-24":28.9217535007493,"F25-39":93.6403131470812,"F40-54":119.277876048193,"F55-64":88.4611889132237,"F65-79":124.729953878496,"F80+":73.5855722620596,"H0-2":19.3449973900941,"H3-5":16.0953511737777,"H6-10":31.9401160137268,"H11-17":50.6842438474414,"H18-24":25.7861262991399,"H25-39":73.0347210572994,"H40-54":133.654395267392,"H55-64":80.4937284783925,"H65-79":99.6058292842401,"H80+":38.3566796064179},"Analyse":{"Votes décisifs":184,"tour décisif":1,"majeurs":979.5481377426847,"Non votants de 18-24":29.2402256565839}}