{"id":5523,"slug":"57-510-noisseville","nom_standard":"Noisseville","code_postal":"57","code_departement":"57","libelle_departement":"Moselle","code_commune":"510","Tour 1":{"Inscrits":953,"Abstentions":504,"% Abs/Ins":52.89,"Votants":449,"% Vot/Ins":47.11,"Blancs":3,"% Blancs/Ins":0.31,"% Blancs/Vot":0.67,"Nuls":11,"% Nuls/Ins":1.15,"% Nuls/Vot":2.45,"Exprimés":435,"% Exp/Ins":45.65,"% Exp/Vot":96.88,"resultats":[{"N.Pan.":null,"Code Nuance":"LNC","Sexe":"F","Nom":"HUET","Prénom":"Armelle","Liste":"AVEC VOUS, NOISSEVILLE DEMAIN...","Sièges / Elu":"12","Sièges Secteur":0,"Sièges CC":1,"Voix":219,"% Voix/Ins":22.98,"% Voix/Exp":50.34},{"N.Pan.":2,"Code Nuance":"LNC","Sexe":"M","Nom":"MATOT","Prénom":"Benoît","Liste":"BIEN VIVRE A NOISSEVILLE","Sièges / Elu":"3","Sièges Secteur":0,"Sièges CC":0,"Voix":216,"% Voix/Ins":22.67,"% Voix/Exp":49.66}]},"population":{"F0-2":11.565364178582,"F3-5":19.4851336166764,"F6-10":24.7850861838358,"F11-17":41.8777215475957,"F18-24":32.199936756298,"F25-39":82.2715458759452,"F40-54":109.051471540098,"F55-64":81.7989814847915,"F65-79":115.498066562822,"F80+":28.8994341616254,"H0-2":13.4875830599434,"H3-5":20.6180000391254,"H6-10":34.5921316424221,"H11-17":40.7811267591791,"H18-24":32.2601060267847,"H25-39":103.918002490223,"H40-54":101.0205346338,"H55-64":83.4447867309197,"H65-79":111.638056033413,"H80+":18.8069306759203},"Analyse":{"Votes décisifs":4,"tour décisif":1,"majeurs":900.8078529726408,"Non votants de 18-24":32.330483616724976}}