{"id":5529,"slug":"57-534-peltre","nom_standard":"Peltre","code_postal":"57","code_departement":"57","libelle_departement":"Moselle","code_commune":"534","Tour 1":{"Inscrits":1428,"Abstentions":888,"% Abs/Ins":62.18,"Votants":540,"% Vot/Ins":37.82,"Blancs":27,"% Blancs/Ins":1.89,"% Blancs/Vot":5,"Nuls":36,"% Nuls/Ins":2.52,"% Nuls/Vot":6.67,"Exprimés":477,"% Exp/Ins":33.4,"% Exp/Vot":88.33,"resultats":[{"N.Pan.":null,"Code Nuance":"LNC","Sexe":"M","Nom":"KURTZMANN","Prénom":"Walter","Liste":"CONTINUONS ENSEMBLE","Sièges / Elu":"19","Sièges Secteur":0,"Sièges CC":1,"Voix":477,"% Voix/Ins":33.4,"% Voix/Exp":100}]},"population":{"F0-2":25.5994625026854,"F3-5":28.4552962828309,"F6-10":45.2379419500058,"F11-17":77.6827663549875,"F18-24":70.6260571038248,"F25-39":134.572579999911,"F40-54":172.544010570102,"F55-64":118.901606596487,"F65-79":182.430519232991,"F80+":70.1826900363531,"H0-2":36.4391661421528,"H3-5":23.6891766983449,"H6-10":64.863046504321,"H11-17":71.9608806094808,"H18-24":77.4572264363267,"H25-39":138.78193716459,"H40-54":169.751742035574,"H55-64":132.589455139463,"H65-79":140.089594999903,"H80+":48.1448436396653},"Analyse":{"Votes décisifs":478,"tour décisif":1,"majeurs":1456.072262955191,"Non votants de 18-24":93.16501118092957}}