{"id":553,"slug":"7-325-ucel","nom_standard":"Ucel","code_postal":"7","code_departement":"7","libelle_departement":"Ardèche","code_commune":"325","Tour 1":{"Inscrits":1588,"Abstentions":1013,"% Abs/Ins":63.79,"Votants":575,"% Vot/Ins":36.21,"Blancs":33,"% Blancs/Ins":2.08,"% Blancs/Vot":5.74,"Nuls":50,"% Nuls/Ins":3.15,"% Nuls/Vot":8.7,"Exprimés":492,"% Exp/Ins":30.98,"% Exp/Vot":85.57,"resultats":[{"N.Pan.":null,"Code Nuance":"LNC","Sexe":"M","Nom":"SOUTEYRAND","Prénom":"Marc","Liste":"UNIS POUR UCEL","Sièges / Elu":"19","Sièges Secteur":0,"Sièges CC":2,"Voix":492,"% Voix/Ins":30.98,"% Voix/Exp":100}]},"population":{"F0-2":31.7911622060121,"F3-5":22.9112172681693,"F6-10":52.4658536944594,"F11-17":76.2051319967845,"F18-24":43.1024865441365,"F25-39":138.691412210535,"F40-54":228.078365114613,"F55-64":149.290426500511,"F65-79":207.254453988176,"F80+":127.753791549865,"H0-2":28.6765254126891,"H3-5":26.2869546283902,"H6-10":49.6270030882454,"H11-17":94.8785662342907,"H18-24":52.7550258348016,"H25-39":125.571251195762,"H40-54":218.677549122845,"H55-64":123.04314107789,"H65-79":194.626439829816,"H80+":64.31324250201},"Analyse":{"Votes décisifs":493,"tour décisif":1,"majeurs":1673.157585470961,"Non votants de 18-24":62.91496704040398}}