{"id":5549,"slug":"57-598-rouhling","nom_standard":"Rouhling","code_postal":"57","code_departement":"57","libelle_departement":"Moselle","code_commune":"598","Tour 1":{"Inscrits":1638,"Abstentions":1149,"% Abs/Ins":70.15,"Votants":489,"% Vot/Ins":29.85,"Blancs":16,"% Blancs/Ins":0.98,"% Blancs/Vot":3.27,"Nuls":27,"% Nuls/Ins":1.65,"% Nuls/Vot":5.52,"Exprimés":446,"% Exp/Ins":27.23,"% Exp/Vot":91.21,"resultats":[{"N.Pan.":null,"Code Nuance":"LNC","Sexe":"M","Nom":"EBERHART","Prénom":"Jean Luc","Liste":"ROUHLING NOUS RASSEMBLE","Sièges / Elu":"19","Sièges Secteur":0,"Sièges CC":2,"Voix":446,"% Voix/Ins":27.23,"% Voix/Exp":100}]},"population":{"F0-2":22.6523218086308,"F3-5":21.5956780756993,"F6-10":48.81330456077,"F11-17":63.370920116226,"F18-24":38.7206702900124,"F25-39":176.44329718152,"F40-54":232.849869203004,"F55-64":174.670795322897,"F65-79":145.147458549399,"F80+":102.69346999426,"H0-2":27.5654610208631,"H3-5":29.3726277970806,"H6-10":54.8913171957928,"H11-17":86.1285710777099,"H18-24":54.3993210405147,"H25-39":153.843721024352,"H40-54":210.542209362546,"H55-64":175.367391049897,"H65-79":130.646625999187,"H80+":45.2849693296385},"Analyse":{"Votes décisifs":447,"tour décisif":1,"majeurs":1640.6097983472273,"Non votants de 18-24":65.36465559713028}}