{"id":5564,"slug":"57-642-scy-chazelles","nom_standard":"Scy-Chazelles","code_postal":"57","code_departement":"57","libelle_departement":"Moselle","code_commune":"642","Tour 1":{"Inscrits":2123,"Abstentions":1305,"% Abs/Ins":61.47,"Votants":818,"% Vot/Ins":38.53,"Blancs":6,"% Blancs/Ins":0.28,"% Blancs/Vot":0.73,"Nuls":11,"% Nuls/Ins":0.52,"% Nuls/Vot":1.34,"Exprimés":801,"% Exp/Ins":37.73,"% Exp/Vot":97.92,"resultats":[{"N.Pan.":null,"Code Nuance":"LNC","Sexe":"M","Nom":"NEYHOUSER","Prénom":"Jean-Jacques","Liste":"ALTERNATIVE CITOYENNE","Sièges / Elu":"3","Sièges Secteur":0,"Sièges CC":0,"Voix":228,"% Voix/Ins":10.74,"% Voix/Exp":28.46},{"N.Pan.":2,"Code Nuance":"LNC","Sexe":"M","Nom":"NAVROT","Prénom":"Frédéric","Liste":"POURSUIVRE ENSEMBLE","Sièges / Elu":"20","Sièges Secteur":0,"Sièges CC":1,"Voix":573,"% Voix/Ins":26.99,"% Voix/Exp":71.54}]},"population":{"F0-2":32.7359278923493,"F3-5":51.6159036993039,"F6-10":65.4495835092925,"F11-17":90.2216618233803,"F18-24":71.6145198558479,"F25-39":237.003550678942,"F40-54":289.764879322809,"F55-64":233.739797457477,"F65-79":252.915122559547,"F80+":83.0715773256663,"H0-2":45.6566887182045,"H3-5":25.7818431938207,"H6-10":54.4976633355349,"H11-17":101.202714554841,"H18-24":91.4418939899004,"H25-39":228.059038955252,"H40-54":249.932030145048,"H55-64":206.572005812341,"H65-79":200.734190800843,"H80+":52.9894063695994},"Analyse":{"Votes décisifs":346,"tour décisif":1,"majeurs":2197.8380132732727,"Non votants de 18-24":102.3694361338754}}