{"id":5567,"slug":"57-650-sierck-les-bains","nom_standard":"Sierck-les-Bains","code_postal":"57","code_departement":"57","libelle_departement":"Moselle","code_commune":"650","Tour 1":{"Inscrits":1168,"Abstentions":630,"% Abs/Ins":53.94,"Votants":538,"% Vot/Ins":46.06,"Blancs":11,"% Blancs/Ins":0.94,"% Blancs/Vot":2.04,"Nuls":6,"% Nuls/Ins":0.51,"% Nuls/Vot":1.12,"Exprimés":521,"% Exp/Ins":44.61,"% Exp/Vot":96.84,"resultats":[{"N.Pan.":null,"Code Nuance":"LNC","Sexe":"F","Nom":"LAMBARD-HAMMOND","Prénom":"Helen","Liste":"Sierck pour tous, Tous pour Sierck","Sièges / Elu":"16","Sièges Secteur":0,"Sièges CC":4,"Voix":355,"% Voix/Ins":30.39,"% Voix/Exp":68.14},{"N.Pan.":2,"Code Nuance":"LNC","Sexe":"M","Nom":"FIRMIN","Prénom":"Aurélien","Liste":"Sierck-Les-Bains ça te va bien","Sièges / Elu":"3","Sièges Secteur":0,"Sièges CC":0,"Voix":166,"% Voix/Ins":14.21,"% Voix/Exp":31.86}]},"population":{"F0-2":27.1243575995222,"F3-5":36.0125181704768,"F6-10":46.8824789568092,"F11-17":53.8926314668039,"F18-24":68.817756670211,"F25-39":198.174972865568,"F40-54":186.044692075196,"F55-64":98.1263309919528,"F65-79":104.371697817406,"F80+":41.0276678339108,"H0-2":40.0277898624052,"H3-5":25.081003104673,"H6-10":62.8153036505235,"H11-17":85.5194868790653,"H18-24":56.5763265336336,"H25-39":211.386862101088,"H40-54":213.456360652527,"H55-64":91.8965870513652,"H65-79":105.256031983425,"H80+":23.5091437334375},"Analyse":{"Votes décisifs":190,"tour décisif":1,"majeurs":1398.644430309721,"Non votants de 18-24":77.16022526131566}}