{"id":5576,"slug":"57-669-theding","nom_standard":"Théding","code_postal":"57","code_departement":"57","libelle_departement":"Moselle","code_commune":"669","Tour 1":{"Inscrits":1681,"Abstentions":1256,"% Abs/Ins":74.72,"Votants":425,"% Vot/Ins":25.28,"Blancs":24,"% Blancs/Ins":1.43,"% Blancs/Vot":5.65,"Nuls":30,"% Nuls/Ins":1.78,"% Nuls/Vot":7.06,"Exprimés":371,"% Exp/Ins":22.07,"% Exp/Vot":87.29,"resultats":[{"N.Pan.":null,"Code Nuance":"LNC","Sexe":"M","Nom":"HILPERT","Prénom":"Jean-Paul","Liste":"LISTE JEAN-PAUL HILPERT 2020","Sièges / Elu":"23","Sièges Secteur":0,"Sièges CC":2,"Voix":371,"% Voix/Ins":22.07,"% Voix/Exp":100}]},"population":{"F0-2":31.5351448966308,"F3-5":39.1309829551143,"F6-10":75.1496120145642,"F11-17":114.375804089499,"F18-24":79.2760085585156,"F25-39":211.686851006002,"F40-54":245.407178865413,"F55-64":206.462189472931,"F65-79":191.220740591701,"F80+":71.9905125990692,"H0-2":33.2556774849082,"H3-5":42.9694411675982,"H6-10":64.3397439107671,"H11-17":112.414290345159,"H18-24":81.7315838476146,"H25-39":209.294317571027,"H40-54":231.93787812316,"H55-64":185.878210793827,"H65-79":176.383575540162,"H80+":54.5602561663357},"Analyse":{"Votes décisifs":372,"tour décisif":1,"majeurs":1945.829303135758,"Non votants de 18-24":125.8409790437292}}