{"id":5366,"slug":"56-197-val-d-oust","nom_standard":"Val d'Oust","code_postal":"56","code_departement":"56","libelle_departement":"Morbihan","code_commune":"197","Tour 1":{"Inscrits":2179,"Abstentions":943,"% Abs/Ins":43.28,"Votants":1236,"% Vot/Ins":56.72,"Blancs":15,"% Blancs/Ins":0.69,"% Blancs/Vot":1.21,"Nuls":94,"% Nuls/Ins":4.31,"% Nuls/Vot":7.61,"Exprimés":1127,"% Exp/Ins":51.72,"% Exp/Vot":91.18,"resultats":[{"N.Pan.":null,"Code Nuance":"LNC","Sexe":"F","Nom":"SABOURDY","Prénom":"Véronique","Liste":"ENSEMBLE POUR VAL D'OUST","Sièges / Elu":"3","Sièges Secteur":0,"Sièges CC":0,"Voix":293,"% Voix/Ins":13.45,"% Voix/Exp":26},{"N.Pan.":2,"Code Nuance":"LNC","Sexe":"F","Nom":"PRUNET","Prénom":"Florence","Liste":"VAL D'OUST, NOUVEL ELAN","Sièges / Elu":"24","Sièges Secteur":0,"Sièges CC":3,"Voix":834,"% Voix/Ins":38.27,"% Voix/Exp":74}]},"population":{"F0-2":44.3986309836415,"F3-5":51.4644174593027,"F6-10":97.8864634998032,"F11-17":126.135162800452,"F18-24":51.4555696253701,"F25-39":229.977783401952,"F40-54":272.33349995643,"F55-64":199.646991326524,"F65-79":224.919676704066,"F80+":111.946178142934,"H0-2":51.4651406088344,"H3-5":47.4280633162081,"H6-10":75.6865157612779,"H11-17":108.982644260484,"H18-24":77.6904273411322,"H25-39":226.911890962952,"H40-54":323.775894589711,"H55-64":199.659626460907,"H65-79":198.70521807298,"H80+":61.5302047250382},"Analyse":{"Votes décisifs":542,"tour décisif":1,"majeurs":2178.5529613099966,"Non votants de 18-24":55.87513548851818}}