{"id":5350,"slug":"56-173-plumeliau-bieuzy","nom_standard":"Pluméliau-Bieuzy","code_postal":"56","code_departement":"56","libelle_departement":"Morbihan","code_commune":"173","Tour 1":{"Inscrits":3357,"Abstentions":1549,"% Abs/Ins":46.14,"Votants":1808,"% Vot/Ins":53.86,"Blancs":41,"% Blancs/Ins":1.22,"% Blancs/Vot":2.27,"Nuls":86,"% Nuls/Ins":2.56,"% Nuls/Vot":4.76,"Exprimés":1681,"% Exp/Ins":50.07,"% Exp/Vot":92.98,"resultats":[{"N.Pan.":null,"Code Nuance":"LDIV","Sexe":"M","Nom":"CLEUYOU","Prénom":"Christian","Liste":"UNIS POUR FAIRE VIVRE LA DEMOCRATIE","Sièges / Elu":"4","Sièges Secteur":0,"Sièges CC":0,"Voix":455,"% Voix/Ins":13.55,"% Voix/Exp":27.07},{"N.Pan.":2,"Code Nuance":"LDIV","Sexe":"M","Nom":"QUÉRO","Prénom":"Benoît","Liste":"ENSEMBLE, MAINTENONS LE CAP","Sièges / Elu":"25","Sièges Secteur":0,"Sièges CC":4,"Voix":1226,"% Voix/Ins":36.52,"% Voix/Exp":72.93}]},"population":{"F0-2":56.6799344499355,"F3-5":79.7229519283599,"F6-10":115.766622679917,"F11-17":174.661485884978,"F18-24":82.3619826825833,"F25-39":352.565198061901,"F40-54":412.775201738193,"F55-64":311.058399109504,"F65-79":312.843641027472,"F80+":247.234491080938,"H0-2":59.3448280868508,"H3-5":85.7472313870865,"H6-10":152.593899433879,"H11-17":198.994592250567,"H18-24":103.892981396005,"H25-39":359.834887337853,"H40-54":462.180762258068,"H55-64":349.719268733656,"H65-79":294.196453392883,"H80+":128.82518707937},"Analyse":{"Votes décisifs":772,"tour décisif":1,"majeurs":3417.4884538984265,"Non votants de 18-24":87.71798887097685}}