{"id":5367,"slug":"56-198-rohan","nom_standard":"Rohan","code_postal":"56","code_departement":"56","libelle_departement":"Morbihan","code_commune":"198","Tour 1":{"Inscrits":1216,"Abstentions":479,"% Abs/Ins":39.39,"Votants":737,"% Vot/Ins":60.61,"Blancs":17,"% Blancs/Ins":1.4,"% Blancs/Vot":2.31,"Nuls":19,"% Nuls/Ins":1.56,"% Nuls/Vot":2.58,"Exprimés":701,"% Exp/Ins":57.65,"% Exp/Vot":95.12,"resultats":[{"N.Pan.":null,"Code Nuance":"LNC","Sexe":"M","Nom":"TANGUY","Prénom":"Pierre-Yves","Liste":"ROHAN: 2020-2026...","Sièges / Elu":"4","Sièges Secteur":0,"Sièges CC":0,"Voix":313,"% Voix/Ins":25.74,"% Voix/Exp":44.65},{"N.Pan.":2,"Code Nuance":"LNC","Sexe":"M","Nom":"LE CROM","Prénom":"Jean-Paul","Liste":"VIVRE ROHAN","Sièges / Elu":"15","Sièges Secteur":0,"Sièges CC":2,"Voix":388,"% Voix/Ins":31.91,"% Voix/Exp":55.35}]},"population":{"F0-2":12.279831737822,"F3-5":21.9961281238386,"F6-10":62.2435909865374,"F11-17":86.6917683273025,"F18-24":38.2199913088663,"F25-39":109.986524297982,"F40-54":175.969633077346,"F55-64":123.29835990813,"F65-79":131.047673933758,"F80+":77.8315353304504,"H0-2":18.9429523546782,"H3-5":21.6705737542599,"H6-10":43.3230651077222,"H11-17":82.8823778438374,"H18-24":47.0857087607342,"H25-39":98.9487436572681,"H40-54":152.163027046916,"H55-64":125.017448194513,"H65-79":131.266405121621,"H80+":44.1346611264161},"Analyse":{"Votes décisifs":76,"tour décisif":1,"majeurs":1254.9697117640012,"Non votants de 18-24":35.208633692656406}}