{"id":5318,"slug":"56-135-molac","nom_standard":"Molac","code_postal":"56","code_departement":"56","libelle_departement":"Morbihan","code_commune":"135","Tour 1":{"Inscrits":1134,"Abstentions":483,"% Abs/Ins":42.59,"Votants":651,"% Vot/Ins":57.41,"Blancs":6,"% Blancs/Ins":0.53,"% Blancs/Vot":0.92,"Nuls":36,"% Nuls/Ins":3.17,"% Nuls/Vot":5.53,"Exprimés":609,"% Exp/Ins":53.7,"% Exp/Vot":93.55,"resultats":[{"N.Pan.":null,"Code Nuance":"LNC","Sexe":"F","Nom":"LE SOURD","Prénom":"Liliane","Liste":"AGIR POUR MOLAC","Sièges / Elu":"4","Sièges Secteur":0,"Sièges CC":1,"Voix":261,"% Voix/Ins":23.02,"% Voix/Exp":42.86},{"N.Pan.":2,"Code Nuance":"LNC","Sexe":"F","Nom":"COSTA RIBEIRO GOMES","Prénom":"Marie-Claude","Liste":"MOLAC, NOTRE AVENIR ENSEMBLE","Sièges / Elu":"15","Sièges Secteur":0,"Sièges CC":2,"Voix":348,"% Voix/Ins":30.69,"% Voix/Exp":57.14}]},"population":{"F0-2":41.1348765513972,"F3-5":42.3539315119217,"F6-10":70.4711718821554,"F11-17":69.0901400507767,"F18-24":36.7965399125456,"F25-39":159.850480215801,"F40-54":169.371237443944,"F55-64":92.542138736229,"F65-79":90.3013616866772,"F80+":44.9623510655023,"H0-2":37.0055772970286,"H3-5":49.5673535744899,"H6-10":70.3295396032586,"H11-17":69.2672869754527,"H18-24":39.7311823103872,"H25-39":153.199572630799,"H40-54":171.476619255148,"H55-64":95.9071729011292,"H65-79":98.5786148884634,"H80+":20.0628515068933},"Analyse":{"Votes décisifs":88,"tour décisif":1,"majeurs":1172.7801225535193,"Non votants de 18-24":34.047852203771754}}