{"id":5400,"slug":"56-259-la-trinite-surzur","nom_standard":"La Trinité-Surzur","code_postal":"56","code_departement":"56","libelle_departement":"Morbihan","code_commune":"259","Tour 1":{"Inscrits":1118,"Abstentions":476,"% Abs/Ins":42.58,"Votants":642,"% Vot/Ins":57.42,"Blancs":6,"% Blancs/Ins":0.54,"% Blancs/Vot":0.93,"Nuls":11,"% Nuls/Ins":0.98,"% Nuls/Vot":1.71,"Exprimés":625,"% Exp/Ins":55.9,"% Exp/Vot":97.35,"resultats":[{"N.Pan.":null,"Code Nuance":"LNC","Sexe":"M","Nom":"ROSSI","Prénom":"Vincent","Liste":"GENERATIONS TRINITE-SURZUR","Sièges / Elu":"15","Sièges Secteur":0,"Sièges CC":1,"Voix":340,"% Voix/Ins":30.41,"% Voix/Exp":54.4},{"N.Pan.":2,"Code Nuance":"LNC","Sexe":"F","Nom":"CADORET","Prénom":"Sandrine","Liste":"AGIR AVEC VOUS POUR LA TRINITÉ-SURZUR","Sièges / Elu":"4","Sièges Secteur":0,"Sièges CC":0,"Voix":285,"% Voix/Ins":25.49,"% Voix/Exp":45.6}]},"population":{"F0-2":37.1478700133557,"F3-5":40.8824196825067,"F6-10":86.0850904679519,"F11-17":85.8619824264193,"F18-24":48.4940593232969,"F25-39":220.765046130141,"F40-54":171.480804597484,"F55-64":77.2145063819781,"F65-79":64.2249405035231,"F80+":21.7681719896447,"H0-2":60.1463247441421,"H3-5":44.0369492889605,"H6-10":73.1991608033563,"H11-17":112.409773866486,"H18-24":46.0751123308136,"H25-39":201.119588614278,"H40-54":207.11053145539,"H55-64":70.1252010788884,"H65-79":53.1436495381346,"H80+":16.7088167632498},"Analyse":{"Votes décisifs":56,"tour décisif":1,"majeurs":1198.2304287068223,"Non votants de 18-24":43.899945812914616}}