{"id":5396,"slug":"56-252-le-tour-du-parc","nom_standard":"Le Tour-du-Parc","code_postal":"56","code_departement":"56","libelle_departement":"Morbihan","code_commune":"252","Tour 1":{"Inscrits":1195,"Abstentions":364,"% Abs/Ins":30.46,"Votants":831,"% Vot/Ins":69.54,"Blancs":23,"% Blancs/Ins":1.92,"% Blancs/Vot":2.77,"Nuls":7,"% Nuls/Ins":0.59,"% Nuls/Vot":0.84,"Exprimés":801,"% Exp/Ins":67.03,"% Exp/Vot":96.39,"resultats":[{"N.Pan.":null,"Code Nuance":"LNC","Sexe":"M","Nom":"NICOLAZO","Prénom":"Frederic","Liste":"ECOUTE LE TOUR DU PARC","Sièges / Elu":"2","Sièges Secteur":0,"Sièges CC":0,"Voix":274,"% Voix/Ins":22.93,"% Voix/Exp":34.21},{"N.Pan.":2,"Code Nuance":"LNC","Sexe":"M","Nom":"MOUSSET","Prénom":"François","Liste":"LE TOUR DU PARC, ENSEMBLE","Sièges / Elu":"13","Sièges Secteur":0,"Sièges CC":1,"Voix":527,"% Voix/Ins":44.1,"% Voix/Exp":65.79}]},"population":{"F0-2":12.7051089513699,"F3-5":9.84340464833255,"F6-10":29.3431988204299,"F11-17":37.1544063654703,"F18-24":18.6806846972618,"F25-39":51.3388264993635,"F40-54":110.426474063799,"F55-64":114.092963718127,"F65-79":195.744799200736,"F80+":42.6594546418853,"H0-2":14.7107991129575,"H3-5":16.6395813868262,"H6-10":22.3632149981352,"H11-17":39.0802211296082,"H18-24":21.773893810196,"H25-39":45.6186855557956,"H40-54":98.0065514871669,"H55-64":105.120609225869,"H65-79":192.272869245024,"H80+":33.4242524416458},"Analyse":{"Votes décisifs":254,"tour décisif":1,"majeurs":1029.16006458687,"Non votants de 18-24":7.789344112463646}}