{"id":5375,"slug":"56-219-saint-guyomard","nom_standard":"Saint-Guyomard","code_postal":"56","code_departement":"56","libelle_departement":"Morbihan","code_commune":"219","Tour 1":{"Inscrits":962,"Abstentions":464,"% Abs/Ins":48.23,"Votants":498,"% Vot/Ins":51.77,"Blancs":4,"% Blancs/Ins":0.42,"% Blancs/Vot":0.8,"Nuls":81,"% Nuls/Ins":8.42,"% Nuls/Vot":16.27,"Exprimés":413,"% Exp/Ins":42.93,"% Exp/Vot":82.93,"resultats":[{"N.Pan.":null,"Code Nuance":"LNC","Sexe":"M","Nom":"BRAUD","Prénom":"Maurice","Liste":"BIEN VIVRE ENSEMBLE A SAINT GUYOMARD","Sièges / Elu":"15","Sièges Secteur":0,"Sièges CC":1,"Voix":413,"% Voix/Ins":42.93,"% Voix/Exp":100}]},"population":{"F0-2":21.7801137848875,"F3-5":42.6627111152162,"F6-10":80.7519542285769,"F11-17":39.7990824216016,"F18-24":23.6570263543532,"F25-39":169.890269664203,"F40-54":113.020325572198,"F55-64":81.6665536028153,"F65-79":69.4775810346934,"F80+":36.0819350376468,"H0-2":30.1570543836568,"H3-5":46.0435667604848,"H6-10":83.8253470359313,"H11-17":70.017281106745,"H18-24":25.9323267501506,"H25-39":155.632229096203,"H40-54":143.993732455817,"H55-64":78.8173029522235,"H65-79":72.5665275608445,"H80+":21.2270790817517},"Analyse":{"Votes décisifs":414,"tour décisif":1,"majeurs":991.9628891629002,"Non votants de 18-24":24.693766670939755}}