{"id":5388,"slug":"56-240-sarzeau","nom_standard":"Sarzeau","code_postal":"56","code_departement":"56","libelle_departement":"Morbihan","code_commune":"240","Tour 1":{"Inscrits":7783,"Abstentions":3917,"% Abs/Ins":50.33,"Votants":3866,"% Vot/Ins":49.67,"Blancs":49,"% Blancs/Ins":0.63,"% Blancs/Vot":1.27,"Nuls":61,"% Nuls/Ins":0.78,"% Nuls/Vot":1.58,"Exprimés":3756,"% Exp/Ins":48.26,"% Exp/Vot":97.15,"resultats":[{"N.Pan.":null,"Code Nuance":"LDVG","Sexe":"M","Nom":"GOUPIL","Prénom":"Didier","Liste":"OSONS SARZEAU DE DEMAIN","Sièges / Elu":"4","Sièges Secteur":0,"Sièges CC":0,"Voix":1139,"% Voix/Ins":14.63,"% Voix/Exp":30.32},{"N.Pan.":2,"Code Nuance":"LDVD","Sexe":"M","Nom":"LAPPARTIENT","Prénom":"David","Liste":"SARZEAU EN MOUVEMENT","Sièges / Elu":"25","Sièges Secteur":0,"Sièges CC":4,"Voix":2617,"% Voix/Ins":33.62,"% Voix/Exp":69.68}]},"population":{"F0-2":67.5911487080697,"F3-5":72.4975594882391,"F6-10":157.701705476516,"F11-17":267.447971768442,"F18-24":132.433152798238,"F25-39":421.537689831207,"F40-54":685.951558632436,"F55-64":788.723453576052,"F65-79":1453.92981399127,"F80+":625.426546977269,"H0-2":75.5066384389316,"H3-5":77.4726509182364,"H6-10":141.797901952229,"H11-17":258.216260141847,"H18-24":160.124786268602,"H25-39":422.109627409155,"H40-54":619.174487023477,"H55-64":713.821187098888,"H65-79":1304.86046568774,"H80+":419.675393813155},"Analyse":{"Votes décisifs":1479,"tour décisif":1,"majeurs":7747.76816310749,"Non votants de 18-24":146.57667470505666}}