{"id":5244,"slug":"56-21-branderion","nom_standard":"Brandérion","code_postal":"56","code_departement":"56","libelle_departement":"Morbihan","code_commune":"21","Tour 1":{"Inscrits":1065,"Abstentions":654,"% Abs/Ins":61.41,"Votants":411,"% Vot/Ins":38.59,"Blancs":31,"% Blancs/Ins":2.91,"% Blancs/Vot":7.54,"Nuls":44,"% Nuls/Ins":4.13,"% Nuls/Vot":10.71,"Exprimés":336,"% Exp/Ins":31.55,"% Exp/Vot":81.75,"resultats":[{"N.Pan.":null,"Code Nuance":"LNC","Sexe":"M","Nom":"CARRIO","Prénom":"Jean-Yves","Liste":"Ensemble pour de nouveaux projets","Sièges / Elu":"15","Sièges Secteur":0,"Sièges CC":1,"Voix":336,"% Voix/Ins":31.55,"% Voix/Exp":100}]},"population":{"F0-2":15.5111013117515,"F3-5":28.2233985686216,"F6-10":81.6544723448418,"F11-17":74.73930449697,"F18-24":31.2119014741065,"F25-39":149.469308728713,"F40-54":171.736477259433,"F55-64":57.9978017540172,"F65-79":98.0164109974575,"F80+":20.1003426874509,"H0-2":16.4984901619968,"H3-5":43.3619330862354,"H6-10":76.5545175853415,"H11-17":97.5305990204074,"H18-24":42.78631420906,"H25-39":132.474094070028,"H40-54":171.171098027177,"H55-64":57.772086713052,"H65-79":83.0302600142776,"H80+":16.1600874890621},"Analyse":{"Votes décisifs":337,"tour décisif":1,"majeurs":1031.9261834238348,"Non votants de 18-24":44.52588797763911}}