{"id":5250,"slug":"56-29-calan","nom_standard":"Calan","code_postal":"56","code_departement":"56","libelle_departement":"Morbihan","code_commune":"29","Tour 1":{"Inscrits":926,"Abstentions":496,"% Abs/Ins":53.56,"Votants":430,"% Vot/Ins":46.44,"Blancs":5,"% Blancs/Ins":0.54,"% Blancs/Vot":1.16,"Nuls":24,"% Nuls/Ins":2.59,"% Nuls/Vot":5.58,"Exprimés":401,"% Exp/Ins":43.3,"% Exp/Vot":93.26,"resultats":[{"N.Pan.":null,"Code Nuance":"LNC","Sexe":"M","Nom":"LE DOUSSAL","Prénom":"Pascal","Liste":"Construisons ensemble","Sièges / Elu":"15","Sièges Secteur":0,"Sièges CC":1,"Voix":401,"% Voix/Ins":43.3,"% Voix/Exp":100}]},"population":{"F0-2":31.312894982237,"F3-5":28.8809809220377,"F6-10":41.6864484821124,"F11-17":64.3250933128689,"F18-24":25.9953098177757,"F25-39":137.608709019847,"F40-54":130.204827048182,"F55-64":80.0738464326962,"F65-79":59.5866241020485,"F80+":10.5730706038556,"H0-2":22.5833016456389,"H3-5":34.1915398831868,"H6-10":64.554625280452,"H11-17":71.0999142386742,"H18-24":40.9154239881036,"H25-39":113.605610308035,"H40-54":149.912282656331,"H55-64":72.595515788531,"H65-79":56.4552190722647,"H80+":10.8387624151228},"Analyse":{"Votes décisifs":402,"tour décisif":1,"majeurs":888.3652012527932,"Non votants de 18-24":34.52358548449784}}