{"id":5382,"slug":"56-231-saint-nolff","nom_standard":"Saint-Nolff","code_postal":"56","code_departement":"56","libelle_departement":"Morbihan","code_commune":"231","Tour 1":{"Inscrits":3326,"Abstentions":1409,"% Abs/Ins":42.36,"Votants":1917,"% Vot/Ins":57.64,"Blancs":10,"% Blancs/Ins":0.3,"% Blancs/Vot":0.52,"Nuls":20,"% Nuls/Ins":0.6,"% Nuls/Vot":1.04,"Exprimés":1887,"% Exp/Ins":56.73,"% Exp/Vot":98.44,"resultats":[{"N.Pan.":null,"Code Nuance":"LDIV","Sexe":"F","Nom":"LE GOFF-CARNEC","Prénom":"Nadine","Liste":"VISION D'AVENIR","Sièges / Elu":"21","Sièges Secteur":0,"Sièges CC":2,"Voix":1019,"% Voix/Ins":30.64,"% Voix/Exp":54},{"N.Pan.":2,"Code Nuance":"LDVG","Sexe":"M","Nom":"VIEILLE-CESSAY","Prénom":"Thaddée","Liste":"SAINT-NOLFF, AGIR ENSEMBLE POUR DEMAIN","Sièges / Elu":"6","Sièges Secteur":0,"Sièges CC":0,"Voix":868,"% Voix/Ins":26.1,"% Voix/Exp":46}]},"population":{"F0-2":72.5664015427625,"F3-5":60.3691304930205,"F6-10":116.942291173449,"F11-17":174.670732012916,"F18-24":98.4806251213352,"F25-39":288.634232462378,"F40-54":429.943198530062,"F55-64":311.21203898243,"F65-79":334.483916591627,"F80+":66.6913692495015,"H0-2":54.627826412649,"H3-5":57.1739342794635,"H6-10":124.457920047992,"H11-17":221.536268393134,"H18-24":100.657129669245,"H25-39":274.416244228146,"H40-54":440.946134046417,"H55-64":279.851468422316,"H65-79":325.115598161928,"H80+":59.2235401792275},"Analyse":{"Votes décisifs":152,"tour décisif":1,"majeurs":3009.6554956446134,"Non votants de 18-24":72.29696637277527}}