{"id":5258,"slug":"56-40-cleguer","nom_standard":"Cléguer","code_postal":"56","code_departement":"56","libelle_departement":"Morbihan","code_commune":"40","Tour 1":{"Inscrits":2598,"Abstentions":1387,"% Abs/Ins":53.39,"Votants":1211,"% Vot/Ins":46.61,"Blancs":13,"% Blancs/Ins":0.5,"% Blancs/Vot":1.07,"Nuls":20,"% Nuls/Ins":0.77,"% Nuls/Vot":1.65,"Exprimés":1178,"% Exp/Ins":45.34,"% Exp/Vot":97.27,"resultats":[{"N.Pan.":null,"Code Nuance":"LNC","Sexe":"M","Nom":"QUERO","Prénom":"Anthony","Liste":"Parole aux Cléguerois","Sièges / Elu":"3","Sièges Secteur":0,"Sièges CC":0,"Voix":323,"% Voix/Ins":12.43,"% Voix/Exp":27.42},{"N.Pan.":2,"Code Nuance":"LNC","Sexe":"M","Nom":"NICOLAZO","Prénom":"Alain","Liste":"CLEGUER DEMAIN...","Sièges / Elu":"20","Sièges Secteur":0,"Sièges CC":1,"Voix":855,"% Voix/Ins":32.91,"% Voix/Exp":72.58}]},"population":{"F0-2":47.3471138197962,"F3-5":61.5677162309241,"F6-10":104.61757183351,"F11-17":160.240930162672,"F18-24":63.1436519815483,"F25-39":268.063554570964,"F40-54":338.082459236308,"F55-64":260.117184741391,"F65-79":265.085531521608,"F80+":98.9517978642969,"H0-2":58.2158649065785,"H3-5":62.0390816473686,"H6-10":112.014980832167,"H11-17":161.833506071013,"H18-24":92.4221741118886,"H25-39":248.706644650913,"H40-54":365.690025220261,"H55-64":255.410838049095,"H65-79":224.942525756258,"H80+":61.5068467914412},"Analyse":{"Votes décisifs":533,"tour décisif":1,"majeurs":2542.123234495973,"Non votants de 18-24":81.45839776630302}}