{"id":5267,"slug":"56-57-le-faouet","nom_standard":"Le Faouët","code_postal":"56","code_departement":"56","libelle_departement":"Morbihan","code_commune":"57","Tour 1":{"Inscrits":2200,"Abstentions":986,"% Abs/Ins":44.82,"Votants":1214,"% Vot/Ins":55.18,"Blancs":19,"% Blancs/Ins":0.86,"% Blancs/Vot":1.57,"Nuls":55,"% Nuls/Ins":2.5,"% Nuls/Vot":4.53,"Exprimés":1140,"% Exp/Ins":51.82,"% Exp/Vot":93.9,"resultats":[{"N.Pan.":null,"Code Nuance":"LNC","Sexe":"M","Nom":"WEBER","Prénom":"Gwendal","Liste":"RENOUVEAU CITOYEN","Sièges / Elu":"4","Sièges Secteur":0,"Sièges CC":1,"Voix":458,"% Voix/Ins":20.82,"% Voix/Exp":40.18},{"N.Pan.":2,"Code Nuance":"LNC","Sexe":"M","Nom":"FAIVRET","Prénom":"Christian","Liste":"ENSEMBLE POUR L'AVENIR DU FAOUET","Sièges / Elu":"19","Sièges Secteur":0,"Sièges CC":3,"Voix":682,"% Voix/Ins":31,"% Voix/Exp":59.82}]},"population":{"F0-2":25.4183449870988,"F3-5":29.0839928612228,"F6-10":66.2860154782626,"F11-17":100.945742716676,"F18-24":59.8930945263295,"F25-39":141.835456866235,"F40-54":264.61888639626,"F55-64":202.925246732865,"F65-79":311.831240278839,"F80+":286.749094732017,"H0-2":24.7414661303881,"H3-5":29.2413895044357,"H6-10":50.0458129009461,"H11-17":118.348131622779,"H18-24":69.3612391622832,"H25-39":177.260249088133,"H40-54":232.163052752075,"H55-64":205.548842219524,"H65-79":276.006762953561,"H80+":127.695938090069},"Analyse":{"Votes décisifs":225,"tour décisif":1,"majeurs":2355.8891037981903,"Non votants de 18-24":62.64900797739984}}