{"id":5273,"slug":"56-69-groix","nom_standard":"Groix","code_postal":"56","code_departement":"56","libelle_departement":"Morbihan","code_commune":"69","Tour 1":{"Inscrits":2185,"Abstentions":730,"% Abs/Ins":33.41,"Votants":1455,"% Vot/Ins":66.59,"Blancs":32,"% Blancs/Ins":1.46,"% Blancs/Vot":2.2,"Nuls":30,"% Nuls/Ins":1.37,"% Nuls/Vot":2.06,"Exprimés":1393,"% Exp/Ins":63.75,"% Exp/Vot":95.74,"resultats":[{"N.Pan.":null,"Code Nuance":"LNC","Sexe":"M","Nom":"JAILLETTE","Prénom":"Jean-Claude","Liste":"Changer pour l'avenir de Groix","Sièges / Elu":"3","Sièges Secteur":0,"Sièges CC":0,"Voix":454,"% Voix/Ins":20.78,"% Voix/Exp":32.59},{"N.Pan.":2,"Code Nuance":"LNC","Sexe":"M","Nom":"YVON","Prénom":"Dominique","Liste":"Pour Groix, continuons ensemble","Sièges / Elu":"16","Sièges Secteur":0,"Sièges CC":1,"Voix":939,"% Voix/Ins":42.97,"% Voix/Exp":67.41}]},"population":{"F0-2":14.6905774901955,"F3-5":17.6401214306433,"F6-10":37.2244094661757,"F11-17":54.8168631575277,"F18-24":31.2469048159565,"F25-39":119.197911264919,"F40-54":179.628723332655,"F55-64":201.659246960921,"F65-79":366.490660210097,"F80+":167.759055709589,"H0-2":21.5498216137797,"H3-5":20.5706179013453,"H6-10":32.3403122483605,"H11-17":72.3903214216569,"H18-24":39.1161885369736,"H25-39":108.426555010962,"H40-54":166.894470272066,"H55-64":175.621594465746,"H65-79":334.24301123907,"H80+":94.4926334513614},"Analyse":{"Votes décisifs":486,"tour décisif":1,"majeurs":1984.7769552703166,"Non votants de 18-24":18.781327171767504}}