{"id":5278,"slug":"56-76-guern","nom_standard":"Guern","code_postal":"56","code_departement":"56","libelle_departement":"Morbihan","code_commune":"76","Tour 1":{"Inscrits":991,"Abstentions":570,"% Abs/Ins":57.52,"Votants":421,"% Vot/Ins":42.48,"Blancs":43,"% Blancs/Ins":4.34,"% Blancs/Vot":10.21,"Nuls":60,"% Nuls/Ins":6.05,"% Nuls/Vot":14.25,"Exprimés":318,"% Exp/Ins":32.09,"% Exp/Vot":75.53,"resultats":[{"N.Pan.":null,"Code Nuance":"LNC","Sexe":"M","Nom":"LE BOUËDEC","Prénom":"Joseph","Liste":"CONTINUONS D'AGIR POUR GUERN","Sièges / Elu":"15","Sièges Secteur":0,"Sièges CC":2,"Voix":318,"% Voix/Ins":32.09,"% Voix/Exp":100}]},"population":{"F0-2":14.1248820496616,"F3-5":20.2526295983378,"F6-10":43.6417663009131,"F11-17":51.7511035633036,"F18-24":30.2317513159517,"F25-39":88.7666980192692,"F40-54":113.850604723537,"F55-64":92.1896635937902,"F65-79":123.174423262453,"F80+":73.9535104826972,"H0-2":22.2205107138584,"H3-5":21.2861858350522,"H6-10":38.483541615008,"H11-17":56.7872673093086,"H18-24":33.3770203795518,"H25-39":92.578338997207,"H40-54":142.951905518875,"H55-64":110.177594574013,"H65-79":103.179811851379,"H80+":41.0207902958311},"Analyse":{"Votes décisifs":319,"tour décisif":1,"majeurs":1045.4521130145552,"Non votants de 18-24":37.99373629556631}}