{"id":5609,"slug":"58-104-dornes","nom_standard":"Dornes","code_postal":"58","code_departement":"58","libelle_departement":"Nièvre","code_commune":"104","Tour 1":{"Inscrits":1009,"Abstentions":350,"% Abs/Ins":34.69,"Votants":659,"% Vot/Ins":65.31,"Blancs":3,"% Blancs/Ins":0.3,"% Blancs/Vot":0.46,"Nuls":25,"% Nuls/Ins":2.48,"% Nuls/Vot":3.79,"Exprimés":631,"% Exp/Ins":62.54,"% Exp/Vot":95.75,"resultats":[{"N.Pan.":null,"Code Nuance":"LNC","Sexe":"M","Nom":"LAPREVOTTE","Prénom":"Dominique","Liste":"BIEN VIVRE A DORNES","Sièges / Elu":"2","Sièges Secteur":0,"Sièges CC":0,"Voix":182,"% Voix/Ins":18.04,"% Voix/Exp":28.84},{"N.Pan.":2,"Code Nuance":"LNC","Sexe":"M","Nom":"GAUTHIER","Prénom":"Jean-Luc","Liste":"ENSEMBLE POUR DORNES","Sièges / Elu":"13","Sièges Secteur":0,"Sièges CC":2,"Voix":449,"% Voix/Ins":44.5,"% Voix/Exp":71.16}]},"population":{"F0-2":27.6421966525611,"F3-5":23.5607737111488,"F6-10":45.162970664138,"F11-17":65.5512157554076,"F18-24":25.444437989611,"F25-39":131.540952822253,"F40-54":138.468433904928,"F55-64":85.0431067398679,"F65-79":112.199373022551,"F80+":79.5942324074081,"H0-2":25.5632079496446,"H3-5":36.9360155700609,"H6-10":45.1468269915437,"H11-17":74.8186811463075,"H18-24":35.6203050150598,"H25-39":136.3699031868,"H40-54":153.592509519448,"H55-64":87.1700071230712,"H65-79":106.212445791692,"H80+":37.3624040364976},"Analyse":{"Votes décisifs":268,"tour décisif":1,"majeurs":1128.6181115591874,"Non votants de 18-24":25.40904580477017}}