{"id":5614,"slug":"58-145-lormes","nom_standard":"Lormes","code_postal":"58","code_departement":"58","libelle_departement":"Nièvre","code_commune":"145","Tour 1":{"Inscrits":962,"Abstentions":508,"% Abs/Ins":52.81,"Votants":454,"% Vot/Ins":47.19,"Blancs":15,"% Blancs/Ins":1.56,"% Blancs/Vot":3.3,"Nuls":80,"% Nuls/Ins":8.32,"% Nuls/Vot":17.62,"Exprimés":359,"% Exp/Ins":37.32,"% Exp/Vot":79.07,"resultats":[{"N.Pan.":null,"Code Nuance":"LNC","Sexe":"M","Nom":"BAZIN","Prénom":"Fabien","Liste":"Lormes, on l'aime !","Sièges / Elu":"15","Sièges Secteur":0,"Sièges CC":4,"Voix":359,"% Voix/Ins":37.32,"% Voix/Exp":100}]},"population":{"F0-2":8.82675010825077,"F3-5":7.87852313374431,"F6-10":20.5649943556642,"F11-17":38.2602653713485,"F18-24":14.9485998079292,"F25-39":65.3969750859876,"F40-54":97.9844393532944,"F55-64":99.0439890820374,"F65-79":164.118583776047,"F80+":138.276285619203,"H0-2":11.8388862812795,"H3-5":16.6715108314127,"H6-10":25.4729386716068,"H11-17":37.2370034064454,"H18-24":30.8687905730973,"H25-39":67.4923715300781,"H40-54":99.2940347211771,"H55-64":102.958589789136,"H65-79":166.873272007674,"H80+":52.9931964945865},"Analyse":{"Votes décisifs":360,"tour décisif":1,"majeurs":1100.2491278402476,"Non votants de 18-24":26.911585589508157}}