{"id":5618,"slug":"58-160-marzy","nom_standard":"Marzy","code_postal":"58","code_departement":"58","libelle_departement":"Nièvre","code_commune":"160","Tour 1":{"Inscrits":3079,"Abstentions":1697,"% Abs/Ins":55.12,"Votants":1382,"% Vot/Ins":44.88,"Blancs":22,"% Blancs/Ins":0.71,"% Blancs/Vot":1.59,"Nuls":22,"% Nuls/Ins":0.71,"% Nuls/Vot":1.59,"Exprimés":1338,"% Exp/Ins":43.46,"% Exp/Vot":96.82,"resultats":[{"N.Pan.":null,"Code Nuance":"LDVG","Sexe":"M","Nom":"MARTIN","Prénom":"Louis-François","Liste":"MARZY, L'ENNGAGEMENT DURABLE","Sièges / Elu":"23","Sièges Secteur":0,"Sièges CC":2,"Voix":930,"% Voix/Ins":30.2,"% Voix/Exp":69.51},{"N.Pan.":2,"Code Nuance":"LDVG","Sexe":"M","Nom":"BARBIER","Prénom":"Pascal","Liste":"MARZY EN MODE PROJET","Sièges / Elu":"4","Sièges Secteur":0,"Sièges CC":0,"Voix":408,"% Voix/Ins":13.25,"% Voix/Exp":30.49}]},"population":{"F0-2":42.2179501111695,"F3-5":60.2989932748557,"F6-10":143.255432855392,"F11-17":191.190553157916,"F18-24":67.1293948514456,"F25-39":252.262721816707,"F40-54":402.249911935391,"F55-64":291.601242966798,"F65-79":339.493372603933,"F80+":116.208508793603,"H0-2":33.8522820868667,"H3-5":59.268324092993,"H6-10":101.228541863589,"H11-17":179.366874069457,"H18-24":108.79767005393,"H25-39":231.521643100106,"H40-54":383.831343660326,"H55-64":273.030962469277,"H65-79":326.506096291701,"H80+":97.6881799445437},"Analyse":{"Votes décisifs":523,"tour décisif":1,"majeurs":2890.3210484877613,"Non votants de 18-24":91.80796546262087}}