{"id":5633,"slug":"58-278-sermoise-sur-loire","nom_standard":"Sermoise-sur-Loire","code_postal":"58","code_departement":"58","libelle_departement":"Nièvre","code_commune":"278","Tour 1":{"Inscrits":1077,"Abstentions":518,"% Abs/Ins":48.1,"Votants":559,"% Vot/Ins":51.9,"Blancs":12,"% Blancs/Ins":1.11,"% Blancs/Vot":2.15,"Nuls":13,"% Nuls/Ins":1.21,"% Nuls/Vot":2.33,"Exprimés":534,"% Exp/Ins":49.58,"% Exp/Vot":95.53,"resultats":[{"N.Pan.":null,"Code Nuance":"LNC","Sexe":"M","Nom":"DE JESUS","Prénom":"Manuel","Liste":"SERMOISE PROCHE DE VOUS","Sièges / Elu":"15","Sièges Secteur":0,"Sièges CC":1,"Voix":277,"% Voix/Ins":25.72,"% Voix/Exp":51.87},{"N.Pan.":2,"Code Nuance":"LNC","Sexe":"M","Nom":"BOURGEOIS","Prénom":"Daniel","Liste":"IDEES POUR SERMOISE","Sièges / Elu":"4","Sièges Secteur":0,"Sièges CC":0,"Voix":257,"% Voix/Ins":23.86,"% Voix/Exp":48.13}]},"population":{"F0-2":20.2820406972235,"F3-5":17.4047208964734,"F6-10":39.1545590916578,"F11-17":71.8020473313745,"F18-24":34.4500729576302,"F25-39":105.90997826951,"F40-54":161.179104963889,"F55-64":152.799575329457,"F65-79":123.185772649891,"F80+":41.2935917442008,"H0-2":13.7158505055449,"H3-5":18.6704509254799,"H6-10":33.2895149908149,"H11-17":75.1309434275176,"H18-24":31.97474990284,"H25-39":97.5411651238658,"H40-54":168.263219571898,"H55-64":137.566296053402,"H65-79":120.882599490795,"H80+":15.5037460765346},"Analyse":{"Votes décisifs":21,"tour décisif":1,"majeurs":1190.5498721339134,"Non votants de 18-24":35.236313375815634}}