{"id":5644,"slug":"59-13-anstaing","nom_standard":"Anstaing","code_postal":"59","code_departement":"59","libelle_departement":"Nord","code_commune":"13","Tour 1":{"Inscrits":1179,"Abstentions":741,"% Abs/Ins":62.85,"Votants":438,"% Vot/Ins":37.15,"Blancs":6,"% Blancs/Ins":0.51,"% Blancs/Vot":1.37,"Nuls":17,"% Nuls/Ins":1.44,"% Nuls/Vot":3.88,"Exprimés":415,"% Exp/Ins":35.2,"% Exp/Vot":94.75,"resultats":[{"N.Pan.":null,"Code Nuance":"LNC","Sexe":"M","Nom":"DUMOULIN","Prénom":"Etienne","Liste":"Liste d'union Solidaire, Républicaine et Laïque","Sièges / Elu":"15","Sièges Secteur":0,"Sièges CC":1,"Voix":415,"% Voix/Ins":35.2,"% Voix/Exp":100}]},"population":{"F0-2":20.0158720284352,"F3-5":33.0926131174811,"F6-10":61.1033757953687,"F11-17":82.747258315124,"F18-24":50.3536253568167,"F25-39":149.242352331825,"F40-54":185.224458721382,"F55-64":81.7550833107828,"F65-79":96.0335353523202,"F80+":29.3255343980454,"H0-2":27.4754984052105,"H3-5":36.9299016716079,"H6-10":59.2289448759059,"H11-17":73.1401489000159,"H18-24":68.624175077374,"H25-39":135.250639543599,"H40-54":171.350321721955,"H55-64":86.8798656380802,"H65-79":95.4243904534717,"H80+":15.8024049851987},"Analyse":{"Votes décisifs":416,"tour décisif":1,"majeurs":1165.2663868908508,"Non votants de 18-24":74.25645845055993}}