{"id":5650,"slug":"59-19-artres","nom_standard":"Artres","code_postal":"59","code_departement":"59","libelle_departement":"Nord","code_commune":"19","Tour 1":{"Inscrits":736,"Abstentions":466,"% Abs/Ins":63.32,"Votants":270,"% Vot/Ins":36.68,"Blancs":7,"% Blancs/Ins":0.95,"% Blancs/Vot":2.59,"Nuls":34,"% Nuls/Ins":4.62,"% Nuls/Vot":12.59,"Exprimés":229,"% Exp/Ins":31.11,"% Exp/Vot":84.81,"resultats":[{"N.Pan.":null,"Code Nuance":"LNC","Sexe":"F","Nom":"ANDRE","Prénom":"Liliane","Liste":"Bien vivre à Artres","Sièges / Elu":"15","Sièges Secteur":0,"Sièges CC":1,"Voix":229,"% Voix/Ins":31.11,"% Voix/Exp":100}]},"population":{"F0-2":14.7622558242796,"F3-5":20.4761833096627,"F6-10":30.0633981632884,"F11-17":51.1018248162113,"F18-24":30.8308960918188,"F25-39":95.976711591638,"F40-54":107.370118478525,"F55-64":74.8310878946649,"F65-79":66.3195882834532,"F80+":16.5258752679111,"H0-2":21.5080482084186,"H3-5":30.440899278998,"H6-10":46.838551183705,"H11-17":45.6505327424605,"H18-24":36.6051786692639,"H25-39":102.083484030547,"H40-54":109.092052437966,"H55-64":84.6447811746026,"H65-79":61.715395693498,"H80+":8.16313685908702},"Analyse":{"Votes décisifs":230,"tour décisif":1,"majeurs":794.1583064729755,"Non votants de 18-24":44.508983226453104}}