{"id":5651,"slug":"59-21-assevent","nom_standard":"Assevent","code_postal":"59","code_departement":"59","libelle_departement":"Nord","code_commune":"21","Tour 1":{"Inscrits":1244,"Abstentions":616,"% Abs/Ins":49.52,"Votants":628,"% Vot/Ins":50.48,"Blancs":20,"% Blancs/Ins":1.61,"% Blancs/Vot":3.18,"Nuls":35,"% Nuls/Ins":2.81,"% Nuls/Vot":5.57,"Exprimés":573,"% Exp/Ins":46.06,"% Exp/Vot":91.24,"resultats":[{"N.Pan.":null,"Code Nuance":"LNC","Sexe":"F","Nom":"MAHIEUX","Prénom":"Marjorie","Liste":"UNIS POUR ASSEVENT","Sièges / Elu":"19","Sièges Secteur":0,"Sièges CC":1,"Voix":573,"% Voix/Ins":46.06,"% Voix/Exp":100}]},"population":{"F0-2":25.1936939054494,"F3-5":35.8976756985515,"F6-10":73.5854058957178,"F11-17":73.1117654694064,"F18-24":64.3852477158004,"F25-39":174.258761361973,"F40-54":197.907995187371,"F55-64":132.154147568952,"F65-79":152.989108166804,"F80+":54.5149705825743,"H0-2":33.0360654479637,"H3-5":46.4149577076482,"H6-10":58.8856280236526,"H11-17":73.1647519270111,"H18-24":44.3223005425803,"H25-39":146.651506299868,"H40-54":175.307060993987,"H55-64":100.914158979473,"H65-79":124.735962995591,"H80+":22.5688355296256},"Analyse":{"Votes décisifs":574,"tour décisif":1,"majeurs":1390.7100559245998,"Non votants de 18-24":59.618710498538995}}