{"id":5654,"slug":"59-25-aubers","nom_standard":"Aubers","code_postal":"59","code_departement":"59","libelle_departement":"Nord","code_commune":"25","Tour 1":{"Inscrits":1421,"Abstentions":647,"% Abs/Ins":45.53,"Votants":774,"% Vot/Ins":54.47,"Blancs":6,"% Blancs/Ins":0.42,"% Blancs/Vot":0.78,"Nuls":4,"% Nuls/Ins":0.28,"% Nuls/Vot":0.52,"Exprimés":764,"% Exp/Ins":53.76,"% Exp/Vot":98.71,"resultats":[{"N.Pan.":null,"Code Nuance":"LNC","Sexe":"F","Nom":"WALLART-DUFLOS","Prénom":"Murièle","Liste":"Ensemble, préservons le village","Sièges / Elu":"2","Sièges Secteur":0,"Sièges CC":0,"Voix":174,"% Voix/Ins":12.24,"% Voix/Exp":22.77},{"N.Pan.":2,"Code Nuance":"LNC","Sexe":"M","Nom":"LECLERCQ","Prénom":"Alain","Liste":"BIEN VIVRE A AUBERS","Sièges / Elu":"17","Sièges Secteur":0,"Sièges CC":1,"Voix":590,"% Voix/Ins":41.52,"% Voix/Exp":77.23}]},"population":{"F0-2":27.583165194281,"F3-5":34.5346189238742,"F6-10":60.3384894584713,"F11-17":81.8986340041583,"F18-24":44.1256668380879,"F25-39":145.560344631308,"F40-54":159.290322987049,"F55-64":113.154461558837,"F65-79":153.753709205945,"F80+":38.1507921820142,"H0-2":29.4520573012918,"H3-5":33.5625370482766,"H6-10":64.2247658968403,"H11-17":74.9455788581615,"H18-24":43.2281885880346,"H25-39":128.670867321614,"H40-54":177.079145512881,"H55-64":119.071486380323,"H65-79":136.882272598996,"H80+":32.4928955095566},"Analyse":{"Votes décisifs":417,"tour décisif":1,"majeurs":1291.4601533146463,"Non votants de 18-24":35.00080068704522}}