{"id":5664,"slug":"59-37-avesnes-les-aubert","nom_standard":"Avesnes-les-Aubert","code_postal":"59","code_departement":"59","libelle_departement":"Nord","code_commune":"37","Tour 1":{"Inscrits":2638,"Abstentions":1069,"% Abs/Ins":40.52,"Votants":1569,"% Vot/Ins":59.48,"Blancs":11,"% Blancs/Ins":0.42,"% Blancs/Vot":0.7,"Nuls":24,"% Nuls/Ins":0.91,"% Nuls/Vot":1.53,"Exprimés":1534,"% Exp/Ins":58.15,"% Exp/Vot":97.77,"resultats":[{"N.Pan.":null,"Code Nuance":"LDVG","Sexe":"M","Nom":"BASQUIN","Prénom":"Alexandre","Liste":"LISTE AVESNES AU COEUR CONDUITE PAR ALEXANDRE BASQUIN","Sièges / Elu":"25","Sièges Secteur":0,"Sièges CC":3,"Voix":1239,"% Voix/Ins":46.97,"% Voix/Exp":80.77},{"N.Pan.":2,"Code Nuance":"LDVC","Sexe":"M","Nom":"RUELLE","Prénom":"Didier","Liste":"AVESNES GENERATION(S) 2030 !","Sièges / Elu":"2","Sièges Secteur":0,"Sièges CC":0,"Voix":295,"% Voix/Ins":11.18,"% Voix/Exp":19.23}]},"population":{"F0-2":51.3606420615263,"F3-5":63.1138541837398,"F6-10":125.788841531486,"F11-17":166.465387103761,"F18-24":112.385729137724,"F25-39":336.593092558698,"F40-54":320.458678413854,"F55-64":244.738394095999,"F65-79":264.528675769068,"F80+":163.653040131976,"H0-2":53.3552609114661,"H3-5":68.945713924812,"H6-10":132.803060283283,"H11-17":161.468079430671,"H18-24":135.921215967112,"H25-39":340.542425973134,"H40-54":370.663110007834,"H55-64":239.20656834179,"H65-79":198.402158342922,"H80+":77.6060718291446},"Analyse":{"Votes décisifs":945,"tour décisif":1,"majeurs":2804.6991605692556,"Non votants de 18-24":109.39949922018938}}