{"id":5670,"slug":"59-51-la-bassee","nom_standard":"La Bassée","code_postal":"59","code_departement":"59","libelle_departement":"Nord","code_commune":"51","Tour 1":{"Inscrits":4460,"Abstentions":2286,"% Abs/Ins":51.26,"Votants":2174,"% Vot/Ins":48.74,"Blancs":21,"% Blancs/Ins":0.47,"% Blancs/Vot":0.97,"Nuls":34,"% Nuls/Ins":0.76,"% Nuls/Vot":1.56,"Exprimés":2119,"% Exp/Ins":47.51,"% Exp/Vot":97.47,"resultats":[{"N.Pan.":null,"Code Nuance":"LDVC","Sexe":"M","Nom":"VANDOOLAEGHE","Prénom":"Ludovic","Liste":"LES CITOYENS PROCHES ET ENGAGES","Sièges / Elu":"7","Sièges Secteur":0,"Sièges CC":0,"Voix":1050,"% Voix/Ins":23.54,"% Voix/Exp":49.55},{"N.Pan.":2,"Code Nuance":"LDVD","Sexe":"M","Nom":"CAUDERLIER","Prénom":"Frédéric","Liste":"J'AIME MA VILLE","Sièges / Elu":"22","Sièges Secteur":0,"Sièges CC":1,"Voix":1069,"% Voix/Ins":23.97,"% Voix/Exp":50.45}]},"population":{"F0-2":120.691782879127,"F3-5":108.499275950154,"F6-10":214.786958808248,"F11-17":305.459636510925,"F18-24":272.129840096021,"F25-39":659.459731842172,"F40-54":643.180903514883,"F55-64":352.691847861114,"F65-79":501.828841586033,"F80+":241.480161479653,"H0-2":120.649130604067,"H3-5":122.764510957935,"H6-10":208.724076995509,"H11-17":298.369701179017,"H18-24":290.151991764206,"H25-39":612.933447937941,"H40-54":667.076636571878,"H55-64":326.835926523645,"H65-79":388.931901899223,"H80+":108.353695038253},"Analyse":{"Votes décisifs":20,"tour décisif":1,"majeurs":5065.054926115022,"Non votants de 18-24":320.94176343144596}}