{"id":5673,"slug":"59-58-beaufort","nom_standard":"Beaufort","code_postal":"59","code_departement":"59","libelle_departement":"Nord","code_commune":"58","Tour 1":{"Inscrits":779,"Abstentions":467,"% Abs/Ins":59.95,"Votants":312,"% Vot/Ins":40.05,"Blancs":3,"% Blancs/Ins":0.39,"% Blancs/Vot":0.96,"Nuls":59,"% Nuls/Ins":7.57,"% Nuls/Vot":18.91,"Exprimés":250,"% Exp/Ins":32.09,"% Exp/Vot":80.13,"resultats":[{"N.Pan.":null,"Code Nuance":"LNC","Sexe":"F","Nom":"PECHER","Prénom":"Thérèse","Liste":"UNIS POUR BEAUFORT","Sièges / Elu":"15","Sièges Secteur":0,"Sièges CC":2,"Voix":250,"% Voix/Ins":32.09,"% Voix/Exp":100}]},"population":{"F0-2":20.9484608654242,"F3-5":18.9393545756759,"F6-10":26.9014917498198,"F11-17":32.8700367661844,"F18-24":29.929312169672,"F25-39":86.877404292053,"F40-54":97.9418813308912,"F55-64":87.2657364124708,"F65-79":74.2607881847478,"F80+":30.1280728794224,"H0-2":13.9708312372331,"H3-5":20.9083406091188,"H6-10":36.8140187632829,"H11-17":40.8847361802947,"H18-24":31.9908847402143,"H25-39":95.9420973004583,"H40-54":93.9822545474698,"H55-64":85.1816426285508,"H65-79":71.2081401548932,"H80+":16.0545146121227},"Analyse":{"Votes décisifs":251,"tour décisif":1,"majeurs":800.7627292529663,"Non votants de 18-24":37.794322003211555}}