{"id":5687,"slug":"59-90-bondues","nom_standard":"Bondues","code_postal":"59","code_departement":"59","libelle_departement":"Nord","code_commune":"90","Tour 1":{"Inscrits":8545,"Abstentions":5440,"% Abs/Ins":63.66,"Votants":3105,"% Vot/Ins":36.34,"Blancs":23,"% Blancs/Ins":0.27,"% Blancs/Vot":0.74,"Nuls":68,"% Nuls/Ins":0.8,"% Nuls/Vot":2.19,"Exprimés":3014,"% Exp/Ins":35.27,"% Exp/Vot":97.07,"resultats":[{"N.Pan.":null,"Code Nuance":"LDVC","Sexe":"M","Nom":"FRETE","Prénom":"Dominique","Liste":"OUVRONS NOS HORIZONS","Sièges / Elu":"3","Sièges Secteur":0,"Sièges CC":0,"Voix":556,"% Voix/Ins":6.51,"% Voix/Exp":18.45},{"N.Pan.":2,"Code Nuance":"LDVD","Sexe":"M","Nom":"HIBON","Prénom":"André","Liste":"BIEN VIVRE A BONDUES","Sièges / Elu":"2","Sièges Secteur":0,"Sièges CC":0,"Voix":413,"% Voix/Ins":4.83,"% Voix/Exp":13.7},{"N.Pan.":3,"Code Nuance":"LDVD","Sexe":"M","Nom":"DELEBARRE","Prénom":"Patrick","Liste":"Ensemble pour Bondues","Sièges / Elu":28,"Sièges CC":1,"Voix":2045,"% Voix/Ins":23.93,"% Voix/Exp":67.85}]},"population":{"F0-2":130.928414274035,"F3-5":158.920843862253,"F6-10":338.604049708044,"F11-17":470.286245802291,"F18-24":313.082837493744,"F25-39":650.632146669484,"F40-54":1085.57942675753,"F55-64":641.874166796108,"F65-79":912.398417313526,"F80+":412.478468006394,"H0-2":130.233584305364,"H3-5":141.54704921608,"H6-10":340.889221376956,"H11-17":509.812972058542,"H18-24":324.446215729706,"H25-39":563.149784862263,"H40-54":979.770192169038,"H55-64":640.646144143853,"H65-79":738.651755576439,"H80+":275.068063878348},"Analyse":{"Votes décisifs":1077,"tour décisif":1,"majeurs":7537.777619396432,"Non votants de 18-24":374.91481727610227}}