{"id":5694,"slug":"59-105-bouvignies","nom_standard":"Bouvignies","code_postal":"59","code_departement":"59","libelle_departement":"Nord","code_commune":"105","Tour 1":{"Inscrits":1251,"Abstentions":500,"% Abs/Ins":39.97,"Votants":751,"% Vot/Ins":60.03,"Blancs":6,"% Blancs/Ins":0.48,"% Blancs/Vot":0.8,"Nuls":7,"% Nuls/Ins":0.56,"% Nuls/Vot":0.93,"Exprimés":738,"% Exp/Ins":58.99,"% Exp/Vot":98.27,"resultats":[{"N.Pan.":null,"Code Nuance":"LNC","Sexe":"M","Nom":"FEVRIER","Prénom":"Gilles","Liste":"BOUVIGNIES AUTREMENT","Sièges / Elu":"4","Sièges Secteur":0,"Sièges CC":0,"Voix":340,"% Voix/Ins":27.18,"% Voix/Exp":46.07},{"N.Pan.":2,"Code Nuance":"LNC","Sexe":"M","Nom":"PRADALIER","Prénom":"Frédéric","Liste":"BIEN VIVRE A BOUVIGNIES","Sièges / Elu":"15","Sièges Secteur":0,"Sièges CC":1,"Voix":398,"% Voix/Ins":31.81,"% Voix/Exp":53.93}]},"population":{"F0-2":15.5149301040548,"F3-5":29.718780521156,"F6-10":49.7820331917836,"F11-17":64.7303683482469,"F18-24":41.5033211049083,"F25-39":136.562447186556,"F40-54":154.38429465598,"F55-64":113.327216260879,"F65-79":112.269665965196,"F80+":37.6204940521547,"H0-2":32.160267167168,"H3-5":24.164502120444,"H6-10":64.508785760011,"H11-17":75.4200123026366,"H18-24":43.2289952894756,"H25-39":135.196138875189,"H40-54":154.636416541604,"H55-64":114.72445724863,"H65-79":97.2621356541397,"H80+":35.2847376497876},"Analyse":{"Votes décisifs":59,"tour décisif":1,"majeurs":1176.0003204845,"Non votants de 18-24":30.621812762917394}}