{"id":5696,"slug":"59-110-brouckerque","nom_standard":"Brouckerque","code_postal":"59","code_departement":"59","libelle_departement":"Nord","code_commune":"110","Tour 1":{"Inscrits":1160,"Abstentions":688,"% Abs/Ins":59.31,"Votants":472,"% Vot/Ins":40.69,"Blancs":22,"% Blancs/Ins":1.9,"% Blancs/Vot":4.66,"Nuls":28,"% Nuls/Ins":2.41,"% Nuls/Vot":5.93,"Exprimés":422,"% Exp/Ins":36.38,"% Exp/Vot":89.41,"resultats":[{"N.Pan.":null,"Code Nuance":"LNC","Sexe":"F","Nom":"LERMYTTE","Prénom":"Marie-Claude","Liste":"Agir pour et avec les brouckerquois","Sièges / Elu":"15","Sièges Secteur":0,"Sièges CC":2,"Voix":422,"% Voix/Ins":36.38,"% Voix/Exp":100}]},"population":{"F0-2":21.907818073702,"F3-5":28.9150263052381,"F6-10":48.8705435742115,"F11-17":58.7432499840005,"F18-24":41.6118127311421,"F25-39":133.824614935484,"F40-54":141.17036232699,"F55-64":101.604982408239,"F65-79":106.124216660481,"F80+":27.143541157181,"H0-2":28.8902186009011,"H3-5":39.7792961287596,"H6-10":60.8677752339678,"H11-17":57.6510003485673,"H18-24":47.5772500690839,"H25-39":110.730490351502,"H40-54":150.282868409948,"H55-64":113.346799952813,"H65-79":97.4040743637151,"H80+":17.5540583840724},"Analyse":{"Votes décisifs":423,"tour décisif":1,"majeurs":1088.3750717506516,"Non votants de 18-24":50.51008279198927}}