{"id":5431,"slug":"57-102-bousse","nom_standard":"Bousse","code_postal":"57","code_departement":"57","libelle_departement":"Moselle","code_commune":"102","Tour 1":{"Inscrits":2581,"Abstentions":1963,"% Abs/Ins":76.06,"Votants":618,"% Vot/Ins":23.94,"Blancs":13,"% Blancs/Ins":0.5,"% Blancs/Vot":2.1,"Nuls":43,"% Nuls/Ins":1.67,"% Nuls/Vot":6.96,"Exprimés":562,"% Exp/Ins":21.77,"% Exp/Vot":90.94,"resultats":[{"N.Pan.":null,"Code Nuance":"LNC","Sexe":"M","Nom":"KOWALCZYK","Prénom":"Pierre","Liste":"BOUSSE,POURSUIVRE ENSEMBLE","Sièges / Elu":"23","Sièges Secteur":0,"Sièges CC":4,"Voix":562,"% Voix/Ins":21.77,"% Voix/Exp":100}]},"population":{"F0-2":67.7521659612753,"F3-5":55.6629267987578,"F6-10":105.25156981024,"F11-17":119.084141481022,"F18-24":59.9270627754848,"F25-39":324.106908580574,"F40-54":333.650705217928,"F55-64":187.580489662474,"F65-79":263.527049035546,"F80+":86.9637538041621,"H0-2":47.8919287901632,"H3-5":60.6285531280518,"H6-10":114.297394275326,"H11-17":167.795959550153,"H18-24":79.8344158157871,"H25-39":284.56160451951,"H40-54":399.94152984821,"H55-64":169.199883302882,"H65-79":214.769571829722,"H80+":66.5723858127334},"Analyse":{"Votes décisifs":563,"tour décisif":1,"majeurs":2470.635360205013,"Non votants de 18-24":104.80180985155192}}