{"id":5435,"slug":"57-123-carling","nom_standard":"Carling","code_postal":"57","code_departement":"57","libelle_departement":"Moselle","code_commune":"123","Tour 1":{"Inscrits":2435,"Abstentions":1799,"% Abs/Ins":73.88,"Votants":636,"% Vot/Ins":26.12,"Blancs":13,"% Blancs/Ins":0.53,"% Blancs/Vot":2.04,"Nuls":62,"% Nuls/Ins":2.55,"% Nuls/Vot":9.75,"Exprimés":561,"% Exp/Ins":23.04,"% Exp/Vot":88.21,"resultats":[{"N.Pan.":null,"Code Nuance":"LNC","Sexe":"M","Nom":"ADIER","Prénom":"Gaston","Liste":"entente et avenir communal","Sièges / Elu":"23","Sièges Secteur":0,"Sièges CC":4,"Voix":561,"% Voix/Ins":23.04,"% Voix/Exp":100}]},"population":{"F0-2":42.3597377677919,"F3-5":51.645697091693,"F6-10":100.754603930514,"F11-17":138.54672599191,"F18-24":98.727399424056,"F25-39":307.182413581728,"F40-54":334.239801083142,"F55-64":303.045837966658,"F65-79":238.186930677979,"F80+":177.500960885786,"H0-2":39.5364093635291,"H3-5":60.0903893291775,"H6-10":98.027720099056,"H11-17":157.656287106055,"H18-24":91.5276580074034,"H25-39":275.446216239334,"H40-54":309.264160346849,"H55-64":304.033170569128,"H65-79":218.112697967046,"H80+":68.1151825711637},"Analyse":{"Votes décisifs":562,"tour décisif":1,"majeurs":2725.3824293202733,"Non votants de 18-24":145.8568051991711}}