{"id":5458,"slug":"57-208-farschviller","nom_standard":"Farschviller","code_postal":"57","code_departement":"57","libelle_departement":"Moselle","code_commune":"208","Tour 1":{"Inscrits":1109,"Abstentions":772,"% Abs/Ins":69.61,"Votants":337,"% Vot/Ins":30.39,"Blancs":14,"% Blancs/Ins":1.26,"% Blancs/Vot":4.15,"Nuls":30,"% Nuls/Ins":2.71,"% Nuls/Vot":8.9,"Exprimés":293,"% Exp/Ins":26.42,"% Exp/Vot":86.94,"resultats":[{"N.Pan.":null,"Code Nuance":"LNC","Sexe":"M","Nom":"MULLER","Prénom":"Christophe","Liste":"farschviller demain avec vous","Sièges / Elu":"15","Sièges Secteur":0,"Sièges CC":2,"Voix":293,"% Voix/Ins":26.42,"% Voix/Exp":100}]},"population":{"F0-2":15.9577640044496,"F3-5":18.5235459052051,"F6-10":29.5890354964265,"F11-17":55.5882908295119,"F18-24":31.2744441778952,"F25-39":102.737694284845,"F40-54":152.871599414517,"F55-64":99.479024849741,"F65-79":110.756747873137,"F80+":60.9312198049313,"H0-2":16.6638950127161,"H3-5":30.7713826923938,"H6-10":25.51925791879,"H11-17":52.6579445866756,"H18-24":36.0863100312312,"H25-39":119.227123334035,"H40-54":144.917544110816,"H55-64":91.754695605609,"H65-79":113.404298947603,"H80+":31.2881811194705},"Analyse":{"Votes décisifs":294,"tour décisif":1,"majeurs":1094.728883553831,"Non votants de 18-24":46.62450205618926}}