{"id":5411,"slug":"57-21-ancy-dornot","nom_standard":"Ancy-Dornot","code_postal":"57","code_departement":"57","libelle_departement":"Moselle","code_commune":"21","Tour 1":{"Inscrits":1223,"Abstentions":495,"% Abs/Ins":40.47,"Votants":728,"% Vot/Ins":59.53,"Blancs":13,"% Blancs/Ins":1.06,"% Blancs/Vot":1.79,"Nuls":9,"% Nuls/Ins":0.74,"% Nuls/Vot":1.24,"Exprimés":706,"% Exp/Ins":57.73,"% Exp/Vot":96.98,"resultats":[{"N.Pan.":null,"Code Nuance":"LNC","Sexe":"M","Nom":"SOULIER","Prénom":"Gilles","Liste":"ANCY-DORNOT, VILLAGE VIVANT","Sièges / Elu":"20","Sièges Secteur":0,"Sièges CC":4,"Voix":475,"% Voix/Ins":38.84,"% Voix/Exp":67.28},{"N.Pan.":2,"Code Nuance":"LNC","Sexe":"F","Nom":"GAUNARD-ANDERSON","Prénom":"Marie-France","Liste":"ANCY-DORNOT ENSEMBLE POUR LE RENOUVEAU","Sièges / Elu":"3","Sièges Secteur":0,"Sièges CC":0,"Voix":231,"% Voix/Ins":18.89,"% Voix/Exp":32.72}]},"population":{"F0-2":22.5080462433882,"F3-5":26.2557872612356,"F6-10":40.6771496521726,"F11-17":60.3431885212166,"F18-24":37.6046014120074,"F25-39":122.576541466161,"F40-54":146.355993879383,"F55-64":135.844094055019,"F65-79":133.45767996518,"F80+":55.1242580860249,"H0-2":11.7310001628129,"H3-5":27.1590109980999,"H6-10":31.0126691543135,"H11-17":57.4623715204331,"H18-24":50.0053733084914,"H25-39":112.351076951828,"H40-54":148.635782191001,"H55-64":144.608833942059,"H65-79":123.987866541583,"H80+":21.2986746875886},"Analyse":{"Votes décisifs":245,"tour décisif":1,"majeurs":1231.8507764863261,"Non votants de 18-24":35.83417296434258}}