{"id":5493,"slug":"57-370-koenigsmacker","nom_standard":"Koenigsmacker","code_postal":"57","code_departement":"57","libelle_departement":"Moselle","code_commune":"370","Tour 1":{"Inscrits":1735,"Abstentions":1267,"% Abs/Ins":73.03,"Votants":468,"% Vot/Ins":26.97,"Blancs":37,"% Blancs/Ins":2.13,"% Blancs/Vot":7.91,"Nuls":62,"% Nuls/Ins":3.57,"% Nuls/Vot":13.25,"Exprimés":369,"% Exp/Ins":21.27,"% Exp/Vot":78.85,"resultats":[{"N.Pan.":null,"Code Nuance":"LNC","Sexe":"M","Nom":"ZENNER","Prénom":"Pierre","Liste":"LISTE D'UNION","Sièges / Elu":"19","Sièges Secteur":0,"Sièges CC":3,"Voix":369,"% Voix/Ins":21.27,"% Voix/Exp":100}]},"population":{"F0-2":35.267539384499,"F3-5":41.1744870722742,"F6-10":77.3655741913064,"F11-17":99.507376253809,"F18-24":60.7892136508003,"F25-39":244.879514172969,"F40-54":225.111019517909,"F55-64":160.898103755366,"F65-79":139.786372535857,"F80+":56.6067100144264,"H0-2":47.4096835704328,"H3-5":53.275333837397,"H6-10":77.2110294345678,"H11-17":85.2932186000998,"H18-24":77.054208580452,"H25-39":244.560793375558,"H40-54":249.502786515646,"H55-64":139.075130738661,"H65-79":128.282887165927,"H80+":34.9490176320402},"Analyse":{"Votes décisifs":370,"tour décisif":1,"majeurs":1761.4957576556121,"Non votants de 18-24":101.22072738577401}}