{"id":5483,"slug":"57-332-hombourg-haut","nom_standard":"Hombourg-Haut","code_postal":"57","code_departement":"57","libelle_departement":"Moselle","code_commune":"332","Tour 1":{"Inscrits":4413,"Abstentions":2625,"% Abs/Ins":59.48,"Votants":1788,"% Vot/Ins":40.52,"Blancs":21,"% Blancs/Ins":0.48,"% Blancs/Vot":1.17,"Nuls":33,"% Nuls/Ins":0.75,"% Nuls/Vot":1.85,"Exprimés":1734,"% Exp/Ins":39.29,"% Exp/Vot":96.98,"resultats":[{"N.Pan.":null,"Code Nuance":"LDVD","Sexe":"F","Nom":"SCHLICKLING","Prénom":"Brigitte","Liste":"hombourg vivre ensemble","Sièges / Elu":"4","Sièges Secteur":0,"Sièges CC":1,"Voix":486,"% Voix/Ins":11.01,"% Voix/Exp":28.03},{"N.Pan.":2,"Code Nuance":"LUDI","Sexe":"M","Nom":"MULLER","Prénom":"Laurent","Liste":"ENSEMBLE, MAINTENONS LE CAP POUR HOMBOURG","Sièges / Elu":"24","Sièges Secteur":0,"Sièges CC":7,"Voix":1039,"% Voix/Ins":23.54,"% Voix/Exp":59.92},{"N.Pan.":3,"Code Nuance":"LDVD","Sexe":"F","Nom":"FRISTOT","Prénom":"Cassandre","Liste":"hombourg a coeur, le respect des valeurs","Sièges / Elu":1,"Sièges CC":0,"Voix":209,"% Voix/Ins":4.74,"% Voix/Exp":12.05}]},"population":{"F0-2":108.080871512337,"F3-5":117.015569875277,"F6-10":199.039935683767,"F11-17":213.261238912705,"F18-24":202.961333378011,"F25-39":502.232505100841,"F40-54":562.556770699287,"F55-64":527.278542716896,"F65-79":550.011028715472,"F80+":300.044556352935,"H0-2":92.1546222960473,"H3-5":109.960183781356,"H6-10":156.443756003408,"H11-17":224.547244740018,"H18-24":241.86615888911,"H25-39":498.711471099155,"H40-54":540.85171365106,"H55-64":461.495960472979,"H65-79":501.180382132336,"H80+":165.306153987003},"Analyse":{"Votes décisifs":345,"tour décisif":1,"majeurs":5054.496577195085,"Non votants de 18-24":287.4722455028665}}