{"id":5487,"slug":"57-350-jouy-aux-arches","nom_standard":"Jouy-aux-Arches","code_postal":"57","code_departement":"57","libelle_departement":"Moselle","code_commune":"350","Tour 1":{"Inscrits":1156,"Abstentions":805,"% Abs/Ins":69.64,"Votants":351,"% Vot/Ins":30.36,"Blancs":17,"% Blancs/Ins":1.47,"% Blancs/Vot":4.84,"Nuls":18,"% Nuls/Ins":1.56,"% Nuls/Vot":5.13,"Exprimés":316,"% Exp/Ins":27.34,"% Exp/Vot":90.03,"resultats":[{"N.Pan.":null,"Code Nuance":"LNC","Sexe":"M","Nom":"BOLAY","Prénom":"Patrick","Liste":"ENSEMBLE POUR JOUY","Sièges / Elu":"15","Sièges Secteur":0,"Sièges CC":3,"Voix":316,"% Voix/Ins":27.34,"% Voix/Exp":100}]},"population":{"F0-2":14.1583605126645,"F3-5":16.1012675980385,"F6-10":28.6033334548515,"F11-17":57.3832790295948,"F18-24":60.0206966288157,"F25-39":94.8029894139765,"F40-54":175.661265644874,"F55-64":111.134352187451,"F65-79":118.962346755224,"F80+":104.143089317268,"H0-2":14.7173313627278,"H3-5":13.0798236722027,"H6-10":29.0970435216782,"H11-17":47.3632887094604,"H18-24":38.2957728680812,"H25-39":97.1360063709088,"H40-54":137.157237024103,"H55-64":111.738769927668,"H65-79":104.209107305925,"H80+":50.2346386944864},"Analyse":{"Votes décisifs":317,"tour décisif":1,"majeurs":1203.4962721387817,"Non votants de 18-24":69.64244566125731}}