{"id":5510,"slug":"57-474-mondelange","nom_standard":"Mondelange","code_postal":"57","code_departement":"57","libelle_departement":"Moselle","code_commune":"474","Tour 1":{"Inscrits":4236,"Abstentions":2607,"% Abs/Ins":61.54,"Votants":1629,"% Vot/Ins":38.46,"Blancs":26,"% Blancs/Ins":0.61,"% Blancs/Vot":1.6,"Nuls":28,"% Nuls/Ins":0.66,"% Nuls/Vot":1.72,"Exprimés":1575,"% Exp/Ins":37.18,"% Exp/Vot":96.69,"resultats":[{"N.Pan.":null,"Code Nuance":"LDVG","Sexe":"M","Nom":"SOLVER","Prénom":"Rémi","Liste":"TON IDEE POUR MONDELANGE","Sièges / Elu":"4","Sièges Secteur":0,"Sièges CC":0,"Voix":505,"% Voix/Ins":11.92,"% Voix/Exp":32.06},{"N.Pan.":2,"Code Nuance":"LDVC","Sexe":"M","Nom":"SADOCCO","Prénom":"Rémy","Liste":"MONDELANGE UNIE MONDELANGE AU COEUR","Sièges / Elu":"25","Sièges Secteur":0,"Sièges CC":5,"Voix":1070,"% Voix/Ins":25.26,"% Voix/Exp":67.94}]},"population":{"F0-2":88.1931543973974,"F3-5":89.5982789972528,"F6-10":151.457711907998,"F11-17":213.670479083394,"F18-24":215.065285249112,"F25-39":589.676005993998,"F40-54":554.080522334345,"F55-64":378.855593054482,"F65-79":420.766515873137,"F80+":185.983849656005,"H0-2":84.2148805043596,"H3-5":96.6814013388186,"H6-10":173.101477671446,"H11-17":247.395300355467,"H18-24":234.545013550043,"H25-39":591.969600756386,"H40-54":506.892030948189,"H55-64":405.375438818141,"H65-79":339.976299085987,"H80+":133.501160424043},"Analyse":{"Votes décisifs":566,"tour décisif":1,"majeurs":4556.687315743868,"Non votants de 18-24":288.87616762161144}}