{"id":5497,"slug":"57-412-longeville-les-metz","nom_standard":"Longeville-lès-Metz","code_postal":"57","code_departement":"57","libelle_departement":"Moselle","code_commune":"412","Tour 1":{"Inscrits":2924,"Abstentions":1870,"% Abs/Ins":63.95,"Votants":1054,"% Vot/Ins":36.05,"Blancs":21,"% Blancs/Ins":0.72,"% Blancs/Vot":1.99,"Nuls":17,"% Nuls/Ins":0.58,"% Nuls/Vot":1.61,"Exprimés":1016,"% Exp/Ins":34.75,"% Exp/Vot":96.39,"resultats":[{"N.Pan.":null,"Code Nuance":"LDVD","Sexe":"M","Nom":"WEIZMAN","Prénom":"Thierry","Liste":"LISTE D'ENTENTE MUNICIPALE","Sièges / Elu":"5","Sièges Secteur":0,"Sièges CC":0,"Voix":433,"% Voix/Ins":14.81,"% Voix/Exp":42.62},{"N.Pan.":2,"Code Nuance":"LDVD","Sexe":"M","Nom":"BROCART","Prénom":"Manuel","Liste":"Agir ensemble pour Longeville","Sièges / Elu":"22","Sièges Secteur":0,"Sièges CC":1,"Voix":583,"% Voix/Ins":19.94,"% Voix/Exp":57.38}]},"population":{"F0-2":50.7599271817782,"F3-5":49.6716507130969,"F6-10":76.6715770383451,"F11-17":119.045861655392,"F18-24":177.978172481448,"F25-39":400.577492861026,"F40-54":356.251804899479,"F55-64":318.788502444452,"F65-79":318.072726690237,"F80+":180.998065993286,"H0-2":46.7698180596012,"H3-5":41.8738400607353,"H6-10":70.975655330398,"H11-17":117.944519206689,"H18-24":194.693922032954,"H25-39":460.863590344123,"H40-54":340.736861970098,"H55-64":262.233368397811,"H65-79":245.949126183133,"H80+":95.143516455917},"Analyse":{"Votes décisifs":151,"tour décisif":1,"majeurs":3352.287150753964,"Non votants de 18-24":255.49943896494057}}