{"id":5507,"slug":"57-460-merten","nom_standard":"Merten","code_postal":"57","code_departement":"57","libelle_departement":"Moselle","code_commune":"460","Tour 1":{"Inscrits":990,"Abstentions":730,"% Abs/Ins":73.74,"Votants":260,"% Vot/Ins":26.26,"Blancs":28,"% Blancs/Ins":2.83,"% Blancs/Vot":10.77,"Nuls":26,"% Nuls/Ins":2.63,"% Nuls/Vot":10,"Exprimés":206,"% Exp/Ins":20.81,"% Exp/Vot":79.23,"resultats":[{"N.Pan.":null,"Code Nuance":"LNC","Sexe":"F","Nom":"HOFFMANN","Prénom":"Joëlle","Liste":"Agir ensemble pour Merten","Sièges / Elu":"19","Sièges Secteur":0,"Sièges CC":3,"Voix":206,"% Voix/Ins":20.81,"% Voix/Exp":100}]},"population":{"F0-2":22.9995428322931,"F3-5":16.0873798562389,"F6-10":43.5111418253704,"F11-17":45.2211973569952,"F18-24":19.8098191942018,"F25-39":103.705386336211,"F40-54":164.967087696663,"F55-64":124.632655634726,"F65-79":154.45152672224,"F80+":65.5548246263382,"H0-2":12.5864298420563,"H3-5":12.6885029936271,"H6-10":21.3021180635343,"H11-17":53.1985945421729,"H18-24":34.0063091779729,"H25-39":108.993911112963,"H40-54":168.205828345088,"H55-64":126.686453935429,"H65-79":131.59572650349,"H80+":40.7955634023881},"Analyse":{"Votes décisifs":207,"tour décisif":1,"majeurs":1243.405092687711,"Non votants de 18-24":42.5630030158033}}