{"id":5538,"slug":"57-566-reding","nom_standard":"Réding","code_postal":"57","code_departement":"57","libelle_departement":"Moselle","code_commune":"566","Tour 1":{"Inscrits":1894,"Abstentions":872,"% Abs/Ins":46.04,"Votants":1022,"% Vot/Ins":53.96,"Blancs":13,"% Blancs/Ins":0.69,"% Blancs/Vot":1.27,"Nuls":14,"% Nuls/Ins":0.74,"% Nuls/Vot":1.37,"Exprimés":995,"% Exp/Ins":52.53,"% Exp/Vot":97.36,"resultats":[{"N.Pan.":null,"Code Nuance":"LNC","Sexe":"M","Nom":"LOUTRE","Prénom":"Denis","Liste":"REDING AGIR ENSEMBLE","Sièges / Elu":"15","Sièges Secteur":0,"Sièges CC":3,"Voix":543,"% Voix/Ins":28.67,"% Voix/Exp":54.57},{"N.Pan.":2,"Code Nuance":"LNC","Sexe":"M","Nom":"UNTEREINER","Prénom":"Alexis","Liste":"BIEN VIVRE A REDING","Sièges / Elu":"4","Sièges Secteur":0,"Sièges CC":1,"Voix":452,"% Voix/Ins":23.86,"% Voix/Exp":45.43}]},"population":{"F0-2":31.2933231158898,"F3-5":36.9953538980917,"F6-10":79.1754668121237,"F11-17":100.517764041715,"F18-24":70.4954550323397,"F25-39":179.366265197073,"F40-54":242.680603344702,"F55-64":183.519555769945,"F65-79":224.585868609095,"F80+":57.7734498362873,"H0-2":25.4855062206045,"H3-5":54.8387179774863,"H6-10":72.2781453728006,"H11-17":90.9967381571986,"H18-24":75.2132606802847,"H25-39":171.432218682491,"H40-54":261.279109603555,"H55-64":149.86698452164,"H65-79":192.795734668939,"H80+":48.4104784577385},"Analyse":{"Votes décisifs":92,"tour décisif":1,"majeurs":1857.4189844040905,"Non votants de 18-24":65.53600901119171}}