{"id":5527,"slug":"57-521-oeting","nom_standard":"OEting","code_postal":"57","code_departement":"57","libelle_departement":"Moselle","code_commune":"521","Tour 1":{"Inscrits":1845,"Abstentions":921,"% Abs/Ins":49.92,"Votants":924,"% Vot/Ins":50.08,"Blancs":10,"% Blancs/Ins":0.54,"% Blancs/Vot":1.08,"Nuls":16,"% Nuls/Ins":0.87,"% Nuls/Vot":1.73,"Exprimés":898,"% Exp/Ins":48.67,"% Exp/Vot":97.19,"resultats":[{"N.Pan.":null,"Code Nuance":"LNC","Sexe":"M","Nom":"DERUDDER","Prénom":"Germain","Liste":"AGIR ENSEMBLE POUR OETING","Sièges / Elu":"19","Sièges Secteur":0,"Sièges CC":2,"Voix":529,"% Voix/Ins":28.67,"% Voix/Exp":58.91},{"N.Pan.":2,"Code Nuance":"LNC","Sexe":"M","Nom":"LAPP","Prénom":"Bernard","Liste":"bien vivre a oeting","Sièges / Elu":"4","Sièges Secteur":0,"Sièges CC":0,"Voix":369,"% Voix/Ins":20,"% Voix/Exp":41.09}]},"population":{"F0-2":29.107609196956,"F3-5":51.141080572852,"F6-10":77.1982617361535,"F11-17":108.43127865953,"F18-24":68.4806618049128,"F25-39":229.203199696529,"F40-54":346.977868955451,"F55-64":195.499199390513,"F65-79":184.627750484477,"F80+":69.5750738535889,"H0-2":31.1166607629001,"H3-5":48.221661381532,"H6-10":73.2754576018796,"H11-17":114.509437129076,"H18-24":77.6161862863101,"H25-39":212.325858154816,"H40-54":367.267738252494,"H55-64":217.514001529631,"H65-79":173.171491819468,"H80+":35.7395227309299},"Analyse":{"Votes décisifs":161,"tour décisif":1,"majeurs":2177.998552959121,"Non votants de 18-24":84.11632590360156}}