{"id":5423,"slug":"57-61-bening-les-saint-avold","nom_standard":"Béning-lès-Saint-Avold","code_postal":"57","code_departement":"57","libelle_departement":"Moselle","code_commune":"61","Tour 1":{"Inscrits":1044,"Abstentions":820,"% Abs/Ins":78.54,"Votants":224,"% Vot/Ins":21.46,"Blancs":15,"% Blancs/Ins":1.44,"% Blancs/Vot":6.7,"Nuls":13,"% Nuls/Ins":1.25,"% Nuls/Vot":5.8,"Exprimés":196,"% Exp/Ins":18.77,"% Exp/Vot":87.5,"resultats":[{"N.Pan.":null,"Code Nuance":"LNC","Sexe":"F","Nom":"RAMSAIER","Prénom":"Simone","Liste":"ALLONS DE L'AVANT","Sièges / Elu":"15","Sièges Secteur":0,"Sièges CC":2,"Voix":196,"% Voix/Ins":18.77,"% Voix/Exp":100}]},"population":{"F0-2":12.8049741546643,"F3-5":8.85389664837177,"F6-10":20.4801318664619,"F11-17":56.6522848982862,"F18-24":41.6067488591119,"F25-39":84.9123310628031,"F40-54":133.149017089474,"F55-64":98.3905017327814,"F65-79":89.4632494262671,"F80+":38.4204302476909,"H0-2":18.5860345023971,"H3-5":19.4524343832974,"H6-10":23.4282741032789,"H11-17":33.2483270989105,"H18-24":41.3039337989818,"H25-39":90.4895692589571,"H40-54":137.064316405128,"H55-64":81.2146220250646,"H65-79":96.3723540586367,"H80+":19.1065683794356},"Analyse":{"Votes décisifs":197,"tour décisif":1,"majeurs":951.4936423443323,"Non votants de 18-24":63.39190492915955}}