{"id":5570,"slug":"57-659-spicheren","nom_standard":"Spicheren","code_postal":"57","code_departement":"57","libelle_departement":"Moselle","code_commune":"659","Tour 1":{"Inscrits":2062,"Abstentions":830,"% Abs/Ins":40.25,"Votants":1232,"% Vot/Ins":59.75,"Blancs":18,"% Blancs/Ins":0.87,"% Blancs/Vot":1.46,"Nuls":26,"% Nuls/Ins":1.26,"% Nuls/Vot":2.11,"Exprimés":1188,"% Exp/Ins":57.61,"% Exp/Vot":96.43,"resultats":[{"N.Pan.":null,"Code Nuance":"LNC","Sexe":"M","Nom":"JUNG","Prénom":"Jean","Liste":"spicheren, cultivons l'avenir","Sièges / Elu":"5","Sièges Secteur":0,"Sièges CC":1,"Voix":549,"% Voix/Ins":26.62,"% Voix/Exp":46.21},{"N.Pan.":2,"Code Nuance":"LNC","Sexe":"M","Nom":"KLEIN","Prénom":"Claude","Liste":"UNE EQUIPE POUR SPICHEREN . Aujourd'hui et demain","Sièges / Elu":"18","Sièges Secteur":0,"Sièges CC":2,"Voix":639,"% Voix/Ins":30.99,"% Voix/Exp":53.79}]},"population":{"F0-2":48.0470983298433,"F3-5":48.4324622094525,"F6-10":90.2128072938026,"F11-17":99.1705332394434,"F18-24":68.0430693408864,"F25-39":287.330816073574,"F40-54":361.824799727039,"F55-64":268.413889955648,"F65-79":252.332180977508,"F80+":99.9590253120838,"H0-2":49.7584636617705,"H3-5":47.6700800575077,"H6-10":80.793448569009,"H11-17":98.5095670935727,"H18-24":79.2744257594513,"H25-39":291.835213651017,"H40-54":361.035053404751,"H55-64":271.78324958818,"H65-79":257.079820128051,"H80+":65.4939956274088},"Analyse":{"Votes décisifs":91,"tour décisif":1,"majeurs":2664.4055395455985,"Non votants de 18-24":79.19905319281592}}