{"id":5561,"slug":"57-633-sarreinsming","nom_standard":"Sarreinsming","code_postal":"57","code_departement":"57","libelle_departement":"Moselle","code_commune":"633","Tour 1":{"Inscrits":973,"Abstentions":676,"% Abs/Ins":69.48,"Votants":297,"% Vot/Ins":30.52,"Blancs":4,"% Blancs/Ins":0.41,"% Blancs/Vot":1.35,"Nuls":27,"% Nuls/Ins":2.77,"% Nuls/Vot":9.09,"Exprimés":266,"% Exp/Ins":27.34,"% Exp/Vot":89.56,"resultats":[{"N.Pan.":null,"Code Nuance":"LNC","Sexe":"M","Nom":"ZINS","Prénom":"Yves","Liste":"SARREINSMING 2020","Sièges / Elu":"15","Sièges Secteur":0,"Sièges CC":2,"Voix":266,"% Voix/Ins":27.34,"% Voix/Exp":100}]},"population":{"F0-2":11.2659222629893,"F3-5":13.2428330550028,"F6-10":25.5428459917167,"F11-17":54.2423230347749,"F18-24":29.1791774741742,"F25-39":89.7167603146205,"F40-54":158.031254907859,"F55-64":109.768609927566,"F65-79":102.49433658385,"F80+":50.4913703265624,"H0-2":14.2705822169926,"H3-5":18.8884141539347,"H6-10":26.902930896449,"H11-17":41.4247900781874,"H18-24":39.6600191360388,"H25-39":75.0328168901057,"H40-54":146.356542484786,"H55-64":104.404731194459,"H65-79":110.332260531876,"H80+":39.7514785380559},"Analyse":{"Votes décisifs":267,"tour décisif":1,"majeurs":1055.2193583099536,"Non votants de 18-24":49.46384945397953}}