{"id":5551,"slug":"57-601-rozerieulles","nom_standard":"Rozérieulles","code_postal":"57","code_departement":"57","libelle_departement":"Moselle","code_commune":"601","Tour 1":{"Inscrits":1216,"Abstentions":924,"% Abs/Ins":75.99,"Votants":292,"% Vot/Ins":24.01,"Blancs":7,"% Blancs/Ins":0.58,"% Blancs/Vot":2.4,"Nuls":26,"% Nuls/Ins":2.14,"% Nuls/Vot":8.9,"Exprimés":259,"% Exp/Ins":21.3,"% Exp/Vot":88.7,"resultats":[{"N.Pan.":null,"Code Nuance":"LNC","Sexe":"M","Nom":"PEULTIER","Prénom":"Roger","Liste":"ROZERIEULLES, NOTRE PASSION COMMUNE...","Sièges / Elu":"15","Sièges Secteur":0,"Sièges CC":1,"Voix":259,"% Voix/Ins":21.3,"% Voix/Exp":100}]},"population":{"F0-2":14.8174594637363,"F3-5":21.4168441536423,"F6-10":35.1941539318636,"F11-17":51.9843340994953,"F18-24":42.4038029587649,"F25-39":105.84191198305,"F40-54":166.70201208015,"F55-64":126.680737314861,"F65-79":103.036052422823,"F80+":29.2853087270292,"H0-2":22.5374519268069,"H3-5":15.3012247801608,"H6-10":28.7562786245284,"H11-17":48.0888650310984,"H18-24":39.9249653909564,"H25-39":98.400712627139,"H40-54":139.434093707444,"H55-64":117.441083184766,"H65-79":95.2350861750209,"H80+":19.5176214166632},"Analyse":{"Votes décisifs":260,"tour décisif":1,"majeurs":1083.9033879886674,"Non votants de 18-24":60.14966952549107}}