{"id":5575,"slug":"57-668-teting-sur-nied","nom_standard":"Teting-sur-Nied","code_postal":"57","code_departement":"57","libelle_departement":"Moselle","code_commune":"668","Tour 1":{"Inscrits":1081,"Abstentions":523,"% Abs/Ins":48.38,"Votants":558,"% Vot/Ins":51.62,"Blancs":7,"% Blancs/Ins":0.65,"% Blancs/Vot":1.25,"Nuls":9,"% Nuls/Ins":0.83,"% Nuls/Vot":1.61,"Exprimés":542,"% Exp/Ins":50.14,"% Exp/Vot":97.13,"resultats":[{"N.Pan.":null,"Code Nuance":"LNC","Sexe":"M","Nom":"JACQUES","Prénom":"Guy","Liste":"Engagement, disponibilité pour Téting","Sièges / Elu":"12","Sièges Secteur":0,"Sièges CC":2,"Voix":332,"% Voix/Ins":30.71,"% Voix/Exp":61.25},{"N.Pan.":2,"Code Nuance":"LNC","Sexe":"F","Nom":"MELONI","Prénom":"Emilie","Liste":"Agir pour l'avenir","Sièges / Elu":"3","Sièges Secteur":0,"Sièges CC":0,"Voix":210,"% Voix/Ins":19.43,"% Voix/Exp":38.75}]},"population":{"F0-2":10.6926609596615,"F3-5":12.2944210224106,"F6-10":25.0144992910258,"F11-17":58.01765212642,"F18-24":48.6649672318457,"F25-39":89.4267350736176,"F40-54":164.430322072767,"F55-64":105.752400100588,"F65-79":91.4382852081852,"F80+":33.4743168673206,"H0-2":17.9518293919093,"H3-5":14.1631288566489,"H6-10":33.048127412337,"H11-17":68.7170933899077,"H18-24":48.2933297734073,"H25-39":89.6924644982753,"H40-54":140.235357209196,"H55-64":92.9291935937537,"H65-79":85.8759606061454,"H80+":33.8872553145778},"Analyse":{"Votes décisifs":123,"tour décisif":1,"majeurs":1024.1005875496796,"Non votants de 18-24":44.128789448402166}}