{"id":5583,"slug":"57-708-verny","nom_standard":"Verny","code_postal":"57","code_departement":"57","libelle_departement":"Moselle","code_commune":"708","Tour 1":{"Inscrits":1568,"Abstentions":635,"% Abs/Ins":40.5,"Votants":933,"% Vot/Ins":59.5,"Blancs":14,"% Blancs/Ins":0.89,"% Blancs/Vot":1.5,"Nuls":9,"% Nuls/Ins":0.57,"% Nuls/Vot":0.96,"Exprimés":910,"% Exp/Ins":58.04,"% Exp/Vot":97.53,"resultats":[{"N.Pan.":null,"Code Nuance":"LNC","Sexe":"F","Nom":"NEUSCHWANDER","Prénom":"Anne-Francoise","Liste":"VIVRE VERNY 2020","Sièges / Elu":"4","Sièges Secteur":0,"Sièges CC":1,"Voix":393,"% Voix/Ins":25.06,"% Voix/Exp":43.19},{"N.Pan.":2,"Code Nuance":"LNC","Sexe":"M","Nom":"NICOLAS","Prénom":"Victorien","Liste":"Ensemble pour Verny","Sièges / Elu":"15","Sièges Secteur":0,"Sièges CC":5,"Voix":517,"% Voix/Ins":32.97,"% Voix/Exp":56.81}]},"population":{"F0-2":18.1157201662691,"F3-5":29.1809624074185,"F6-10":71.4560151646705,"F11-17":114.978279856496,"F18-24":54.5020610918705,"F25-39":157.831893772574,"F40-54":257.57290618346,"F55-64":121.592257263679,"F65-79":151.745408763104,"F80+":35.9620124690439,"H0-2":29.2751682995561,"H3-5":33.2475738087452,"H6-10":74.3709455614205,"H11-17":100.663567385343,"H18-24":77.8027852115056,"H25-39":143.957710072792,"H40-54":250.273553928355,"H55-64":111.160089438405,"H65-79":120.680758733341,"H80+":26.6303304219512},"Analyse":{"Votes décisifs":125,"tour décisif":1,"majeurs":1509.7117673500813,"Non votants de 18-24":50.54061536165239}}