{"id":570,"slug":"8-43-balan","nom_standard":"Balan","code_postal":"8","code_departement":"8","libelle_departement":"Ardennes","code_commune":"43","Tour 1":{"Inscrits":1211,"Abstentions":552,"% Abs/Ins":45.58,"Votants":659,"% Vot/Ins":54.42,"Blancs":11,"% Blancs/Ins":0.91,"% Blancs/Vot":1.67,"Nuls":9,"% Nuls/Ins":0.74,"% Nuls/Vot":1.37,"Exprimés":639,"% Exp/Ins":52.77,"% Exp/Vot":96.97,"resultats":[{"N.Pan.":null,"Code Nuance":"LNC","Sexe":"M","Nom":"RAYNAUD","Prénom":"Jacky","Liste":"POUR BALAN UN NOUVEL HORIZON","Sièges / Elu":"3","Sièges Secteur":0,"Sièges CC":0,"Voix":238,"% Voix/Ins":19.65,"% Voix/Exp":37.25},{"N.Pan.":2,"Code Nuance":"LNC","Sexe":"M","Nom":"COLLINET","Prénom":"Alban","Liste":"AVEC VOUS, UN ELAN POUR BALAN","Sièges / Elu":"16","Sièges Secteur":0,"Sièges CC":1,"Voix":401,"% Voix/Ins":33.11,"% Voix/Exp":62.75}]},"population":{"F0-2":17.8405499172948,"F3-5":27.8287224552767,"F6-10":46.4194794545977,"F11-17":67.4722690959842,"F18-24":37.1883171390125,"F25-39":134.902429016496,"F40-54":171.998479214069,"F55-64":137.511014288864,"F65-79":133.828603949375,"F80+":64.623351584781,"H0-2":27.8439883232972,"H3-5":16.7104826487808,"H6-10":47.4390642968001,"H11-17":75.8508770499916,"H18-24":43.1441477326225,"H25-39":120.47833483388,"H40-54":160.537761323883,"H55-64":136.231192997816,"H65-79":118.250048310427,"H80+":42.9008863667507},"Analyse":{"Votes décisifs":164,"tour décisif":1,"majeurs":1301.5945667579767,"Non votants de 18-24":39.6599730662423}}