{"id":5726,"slug":"59-158-coutiches","nom_standard":"Coutiches","code_postal":"59","code_departement":"59","libelle_departement":"Nord","code_commune":"158","Tour 1":{"Inscrits":2292,"Abstentions":1150,"% Abs/Ins":50.17,"Votants":1142,"% Vot/Ins":49.83,"Blancs":6,"% Blancs/Ins":0.26,"% Blancs/Vot":0.53,"Nuls":29,"% Nuls/Ins":1.27,"% Nuls/Vot":2.54,"Exprimés":1107,"% Exp/Ins":48.3,"% Exp/Vot":96.94,"resultats":[{"N.Pan.":null,"Code Nuance":"LNC","Sexe":"F","Nom":"DEBARGE","Prénom":"Anne","Liste":"COUTICHES VERT DEMAIN","Sièges / Elu":"4","Sièges Secteur":0,"Sièges CC":0,"Voix":425,"% Voix/Ins":18.54,"% Voix/Exp":38.39},{"N.Pan.":2,"Code Nuance":"LNC","Sexe":"M","Nom":"FROMONT","Prénom":"Pascal","Liste":"BIEN VIVRE A COUTICHES","Sièges / Elu":"19","Sièges Secteur":0,"Sièges CC":1,"Voix":682,"% Voix/Ins":29.76,"% Voix/Exp":61.61}]},"population":{"F0-2":40.6246952444854,"F3-5":65.0415668997521,"F6-10":116.667981111006,"F11-17":153.80385328693,"F18-24":93.6553360621016,"F25-39":290.044879639585,"F40-54":353.733020222279,"F55-64":238.600276762981,"F65-79":171.302484506342,"F80+":56.0964872128609,"H0-2":64.8575060972043,"H3-5":71.7412555654231,"H6-10":113.746162570658,"H11-17":160.381051264073,"H18-24":120.087026083319,"H25-39":261.05901595104,"H40-54":369.937823113068,"H55-64":219.213546474898,"H65-79":163.868664496703,"H80+":26.5373674352912},"Analyse":{"Votes décisifs":258,"tour décisif":1,"majeurs":2364.135927960469,"Non votants de 18-24":110.49373981233457}}