{"id":5730,"slug":"59-166-curgies","nom_standard":"Curgies","code_postal":"59","code_departement":"59","libelle_departement":"Nord","code_commune":"166","Tour 1":{"Inscrits":1070,"Abstentions":413,"% Abs/Ins":38.6,"Votants":657,"% Vot/Ins":61.4,"Blancs":8,"% Blancs/Ins":0.75,"% Blancs/Vot":1.22,"Nuls":8,"% Nuls/Ins":0.75,"% Nuls/Vot":1.22,"Exprimés":641,"% Exp/Ins":59.91,"% Exp/Vot":97.56,"resultats":[{"N.Pan.":null,"Code Nuance":"LNC","Sexe":"M","Nom":"VANESSE","Prénom":"Didier","Liste":"UNIS POUR CURGIES","Sièges / Elu":"13","Sièges Secteur":0,"Sièges CC":1,"Voix":402,"% Voix/Ins":37.57,"% Voix/Exp":62.71},{"N.Pan.":2,"Code Nuance":"LNC","Sexe":"F","Nom":"BARDIAUX","Prénom":"Elsa","Liste":"LISTE D'UNION POUR LA DEFENSE DES INTERETS COMMUNAUX","Sièges / Elu":"2","Sièges Secteur":0,"Sièges CC":0,"Voix":239,"% Voix/Ins":22.34,"% Voix/Exp":37.29}]},"population":{"F0-2":24.1816228199107,"F3-5":30.2301538664468,"F6-10":49.3548453365756,"F11-17":45.3165830959153,"F18-24":36.2880922000393,"F25-39":134.061443206576,"F40-54":137.124837513022,"F55-64":98.8838441426924,"F65-79":104.975175920165,"F80+":22.2183161167698,"H0-2":23.168155428882,"H3-5":35.2422965588656,"H6-10":50.3610195479718,"H11-17":61.4466960227326,"H18-24":33.2622505322689,"H25-39":129.03786753407,"H40-54":136.076942842721,"H55-64":79.7038937281376,"H65-79":104.956374246231,"H80+":12.1095893400063},"Analyse":{"Votes décisifs":164,"tour décisif":1,"majeurs":1028.6986273226992,"Non votants de 18-24":25.1305545052629}}