{"id":5796,"slug":"59-289-haussy","nom_standard":"Haussy","code_postal":"59","code_departement":"59","libelle_departement":"Nord","code_commune":"289","Tour 1":{"Inscrits":1148,"Abstentions":814,"% Abs/Ins":70.91,"Votants":334,"% Vot/Ins":29.09,"Blancs":28,"% Blancs/Ins":2.44,"% Blancs/Vot":8.38,"Nuls":58,"% Nuls/Ins":5.05,"% Nuls/Vot":17.37,"Exprimés":248,"% Exp/Ins":21.6,"% Exp/Vot":74.25,"resultats":[{"N.Pan.":null,"Code Nuance":"LNC","Sexe":"M","Nom":"BOUCLY","Prénom":"Jean-Marc","Liste":"TOUS UNIS POUR HAUSSY","Sièges / Elu":"19","Sièges Secteur":0,"Sièges CC":3,"Voix":248,"% Voix/Ins":21.6,"% Voix/Exp":100}]},"population":{"F0-2":27.2052660225693,"F3-5":21.3114455300378,"F6-10":53.0292206404174,"F11-17":68.8345094994167,"F18-24":40.9462003083542,"F25-39":134.625979951052,"F40-54":151.929628514978,"F55-64":87.5795535249492,"F65-79":123.539108712302,"F80+":53.0161707928442,"H0-2":28.1798526369973,"H3-5":28.1442830222706,"H6-10":54.1490915734876,"H11-17":63.7807671936505,"H18-24":46.1082840759532,"H25-39":136.211537589608,"H40-54":145.727206737346,"H55-64":107.488625413881,"H65-79":106.764314239415,"H80+":35.4289540204704},"Analyse":{"Votes décisifs":249,"tour décisif":1,"majeurs":1169.365563881153,"Non votants de 18-24":62.18955019909499}}