{"id":5613,"slug":"58-134-imphy","nom_standard":"Imphy","code_postal":"58","code_departement":"58","libelle_departement":"Nièvre","code_commune":"134","Tour 1":{"Inscrits":2393,"Abstentions":1398,"% Abs/Ins":58.42,"Votants":995,"% Vot/Ins":41.58,"Blancs":25,"% Blancs/Ins":1.04,"% Blancs/Vot":2.51,"Nuls":30,"% Nuls/Ins":1.25,"% Nuls/Vot":3.02,"Exprimés":940,"% Exp/Ins":39.28,"% Exp/Vot":94.47,"resultats":[{"N.Pan.":null,"Code Nuance":"LNC","Sexe":"M","Nom":"DAGUIN","Prénom":"Gérard","Liste":"Changer et construisons l'avenir ensemble","Sièges / Elu":"5","Sièges Secteur":0,"Sièges CC":1,"Voix":425,"% Voix/Ins":17.76,"% Voix/Exp":45.21},{"N.Pan.":2,"Code Nuance":"LNC","Sexe":"F","Nom":"ROY","Prénom":"Régine","Liste":"IMPHY VERS DEMAIN","Sièges / Elu":"18","Sièges Secteur":0,"Sièges CC":6,"Voix":515,"% Voix/Ins":21.52,"% Voix/Exp":54.79}]},"population":{"F0-2":25.6349530042253,"F3-5":24.6773778984536,"F6-10":74.197793123124,"F11-17":94.6760908724985,"F18-24":96.3788160698967,"F25-39":199.514412263394,"F40-54":300.060608406269,"F55-64":240.581965632332,"F65-79":335.24884353858,"F80+":225.1878781823,"H0-2":21.7742454672411,"H3-5":44.3843797901971,"H6-10":87.7597939452808,"H11-17":133.523872501825,"H18-24":88.4227862285242,"H25-39":191.131155741274,"H40-54":350.16594605012,"H55-64":250.637188389547,"H65-79":294.6951251729,"H80+":116.346767722018},"Analyse":{"Votes décisifs":91,"tour décisif":1,"majeurs":2688.371493397155,"Non votants de 18-24":116.4042120052467}}