{"id":5611,"slug":"58-121-garchizy","nom_standard":"Garchizy","code_postal":"58","code_departement":"58","libelle_departement":"Nièvre","code_commune":"121","Tour 1":{"Inscrits":2780,"Abstentions":1492,"% Abs/Ins":53.67,"Votants":1288,"% Vot/Ins":46.33,"Blancs":8,"% Blancs/Ins":0.29,"% Blancs/Vot":0.62,"Nuls":20,"% Nuls/Ins":0.72,"% Nuls/Vot":1.55,"Exprimés":1260,"% Exp/Ins":45.32,"% Exp/Vot":97.83,"resultats":[{"N.Pan.":null,"Code Nuance":"LDVG","Sexe":"M","Nom":"CENTELLES","Prénom":"Christophe","Liste":"2020 ENSEMBLE POUR GARCHIZY","Sièges / Elu":"2","Sièges Secteur":0,"Sièges CC":0,"Voix":261,"% Voix/Ins":9.39,"% Voix/Exp":20.71},{"N.Pan.":2,"Code Nuance":"LRN","Sexe":"F","Nom":"BEAULIEU","Prénom":"Valérie","Liste":"RASSEMBLEMENT NATIONAL","Sièges / Elu":"2","Sièges Secteur":0,"Sièges CC":0,"Voix":189,"% Voix/Ins":6.8,"% Voix/Exp":15},{"N.Pan.":3,"Code Nuance":"LDVG","Sexe":"M","Nom":"MONET","Prénom":"Michel","Liste":"GARCHIZY DEMAIN","Sièges / Elu":23,"Sièges CC":2,"Voix":810,"% Voix/Ins":29.14,"% Voix/Exp":64.29}]},"population":{"F0-2":59.0567760107573,"F3-5":68.9146572433022,"F6-10":114.73183324198,"F11-17":148.900095566551,"F18-24":107.148242937654,"F25-39":328.115049674574,"F40-54":369.335027538865,"F55-64":318.811660454471,"F65-79":279.989786922246,"F80+":106.793518875162,"H0-2":56.0107629118262,"H3-5":71.0399139175493,"H6-10":150.793734204016,"H11-17":181.789623022264,"H18-24":123.34555941136,"H25-39":295.451266500946,"H40-54":360.18174755639,"H55-64":284.23404605751,"H65-79":256.342356537773,"H80+":69.0143414148015},"Analyse":{"Votes décisifs":361,"tour décisif":1,"majeurs":2898.7626038817525,"Non votants de 18-24":128.0790626845857}}