{"id":5608,"slug":"58-102-donzy","nom_standard":"Donzy","code_postal":"58","code_departement":"58","libelle_departement":"Nièvre","code_commune":"102","Tour 1":{"Inscrits":1195,"Abstentions":491,"% Abs/Ins":41.09,"Votants":704,"% Vot/Ins":58.91,"Blancs":24,"% Blancs/Ins":2.01,"% Blancs/Vot":3.41,"Nuls":23,"% Nuls/Ins":1.92,"% Nuls/Vot":3.27,"Exprimés":657,"% Exp/Ins":54.98,"% Exp/Vot":93.32,"resultats":[{"N.Pan.":null,"Code Nuance":"LNC","Sexe":"F","Nom":"LURIER","Prénom":"Marie-France","Liste":"DONZY, NOTRE COEUR D'ACTIONS !","Sièges / Elu":"16","Sièges Secteur":0,"Sièges CC":3,"Voix":398,"% Voix/Ins":33.31,"% Voix/Exp":60.58},{"N.Pan.":2,"Code Nuance":"LNC","Sexe":"M","Nom":"PHILY","Prénom":"Alain","Liste":"DÉCIDONS ENSEMBLE","Sièges / Elu":"3","Sièges Secteur":0,"Sièges CC":0,"Voix":259,"% Voix/Ins":21.67,"% Voix/Exp":39.42}]},"population":{"F0-2":13.5268860676708,"F3-5":22.1882667341311,"F6-10":25.0191499575536,"F11-17":50.2106582418835,"F18-24":28.6373393529012,"F25-39":87.287813844855,"F40-54":138.800938785997,"F55-64":129.411964736804,"F65-79":192.060163085838,"F80+":149.816639144269,"H0-2":14.4035164774579,"H3-5":24.0220657564481,"H6-10":38.4183458501393,"H11-17":44.1968882568638,"H18-24":35.3904894967601,"H25-39":96.9152588779822,"H40-54":131.755179589225,"H55-64":117.238299463038,"H65-79":164.384804319707,"H80+":67.3153319604739},"Analyse":{"Votes décisifs":140,"tour décisif":1,"majeurs":1339.0142226578503,"Non votants de 18-24":30.364563181960147}}