{"id":5598,"slug":"58-51-challuy","nom_standard":"Challuy","code_postal":"58","code_departement":"58","libelle_departement":"Nièvre","code_commune":"51","Tour 1":{"Inscrits":1134,"Abstentions":513,"% Abs/Ins":45.24,"Votants":621,"% Vot/Ins":54.76,"Blancs":5,"% Blancs/Ins":0.44,"% Blancs/Vot":0.81,"Nuls":12,"% Nuls/Ins":1.06,"% Nuls/Vot":1.93,"Exprimés":604,"% Exp/Ins":53.26,"% Exp/Vot":97.26,"resultats":[{"N.Pan.":null,"Code Nuance":"LNC","Sexe":"M","Nom":"PELLETIER","Prénom":"Jean Patrick","Liste":"TOUS UNIS POUR CHALLUY","Sièges / Elu":"3","Sièges Secteur":0,"Sièges CC":0,"Voix":190,"% Voix/Ins":16.75,"% Voix/Exp":31.46},{"N.Pan.":2,"Code Nuance":"LNC","Sexe":"M","Nom":"BERGER","Prénom":"Fabrice","Liste":"CHALLUY ENSEMBLE, AGISSONS POUR DEMAIN","Sièges / Elu":"16","Sièges Secteur":0,"Sièges CC":1,"Voix":414,"% Voix/Ins":36.51,"% Voix/Exp":68.54}]},"population":{"F0-2":12.6676828983668,"F3-5":26.2316980659693,"F6-10":26.041148859178,"F11-17":51.410629982167,"F18-24":107.995681750887,"F25-39":82.5494370518887,"F40-54":159.481199609096,"F55-64":105.852394204254,"F65-79":132.823338301316,"F80+":60.2196255177049,"H0-2":15.4931145592553,"H3-5":12.630926276967,"H6-10":30.8471996925608,"H11-17":71.5702183309506,"H18-24":104.494511615615,"H25-39":105.719283448958,"H40-54":154.39720853663,"H55-64":113.856815895873,"H65-79":112.358933323575,"H80+":35.3589520787863},"Analyse":{"Votes décisifs":225,"tour décisif":1,"majeurs":1275.107381334584,"Non votants de 18-24":109.00368547531069}}