{"id":582,"slug":"8-173-flize","nom_standard":"Flize","code_postal":"8","code_departement":"8","libelle_departement":"Ardennes","code_commune":"173","Tour 1":{"Inscrits":1252,"Abstentions":762,"% Abs/Ins":60.86,"Votants":490,"% Vot/Ins":39.14,"Blancs":20,"% Blancs/Ins":1.6,"% Blancs/Vot":4.08,"Nuls":55,"% Nuls/Ins":4.39,"% Nuls/Vot":11.22,"Exprimés":415,"% Exp/Ins":33.15,"% Exp/Vot":84.69,"resultats":[{"N.Pan.":null,"Code Nuance":"LNC","Sexe":"M","Nom":"BRANZ","Prénom":"Cédric","Liste":"UNIS POUR REUSSIR","Sièges / Elu":"23","Sièges Secteur":0,"Sièges CC":1,"Voix":415,"% Voix/Ins":33.15,"% Voix/Exp":100}]},"population":{"F0-2":17.4956629482301,"F3-5":18.6847554170717,"F6-10":48.7599467893765,"F11-17":92.3727203545215,"F18-24":63.5288433173195,"F25-39":135.073267944923,"F40-54":182.362514879203,"F55-64":138.660871825951,"F65-79":127.238128044008,"F80+":37.3816709875012,"H0-2":28.9062422293942,"H3-5":30.1836978276914,"H6-10":58.0261995057211,"H11-17":74.5336788386717,"H18-24":63.0091166746355,"H25-39":126.271066805301,"H40-54":167.295332766856,"H55-64":137.088875765384,"H65-79":130.247043028399,"H80+":30.8803640498409},"Analyse":{"Votes décisifs":416,"tour décisif":1,"majeurs":1339.0370960893222,"Non votants de 18-24":80.23334260895614}}