{"id":5864,"slug":"59-401-meteren","nom_standard":"Méteren","code_postal":"59","code_departement":"59","libelle_departement":"Nord","code_commune":"401","Tour 1":{"Inscrits":1733,"Abstentions":1037,"% Abs/Ins":59.84,"Votants":696,"% Vot/Ins":40.16,"Blancs":23,"% Blancs/Ins":1.33,"% Blancs/Vot":3.3,"Nuls":81,"% Nuls/Ins":4.67,"% Nuls/Vot":11.64,"Exprimés":592,"% Exp/Ins":34.16,"% Exp/Vot":85.06,"resultats":[{"N.Pan.":null,"Code Nuance":"LNC","Sexe":"F","Nom":"BOULET","Prénom":"Elizabeth","Liste":"Demain Agir Ensemble","Sièges / Elu":"19","Sièges Secteur":0,"Sièges CC":1,"Voix":592,"% Voix/Ins":34.16,"% Voix/Exp":100}]},"population":{"F0-2":43.2282943829467,"F3-5":35.0865674417105,"F6-10":78.4145505136863,"F11-17":100.513066943242,"F18-24":65.7884662870035,"F25-39":196.398274537447,"F40-54":216.57594267726,"F55-64":151.448218810746,"F65-79":182.086643962127,"F80+":75.1460510794844,"H0-2":37.8624907726434,"H3-5":46.218580239216,"H6-10":87.4607012139891,"H11-17":91.8984877584278,"H18-24":79.3305936753826,"H25-39":209.588412541128,"H40-54":231.851755990917,"H55-64":148.678717916426,"H65-79":158.05647849569,"H80+":45.3677047605256},"Analyse":{"Votes décisifs":593,"tour décisif":1,"majeurs":1760.3172607341373,"Non votants de 18-24":87.74141106533577}}