{"id":5871,"slug":"59-418-mortagne-du-nord","nom_standard":"Mortagne-du-Nord","code_postal":"59","code_departement":"59","libelle_departement":"Nord","code_commune":"418","Tour 1":{"Inscrits":1063,"Abstentions":731,"% Abs/Ins":68.77,"Votants":332,"% Vot/Ins":31.23,"Blancs":23,"% Blancs/Ins":2.16,"% Blancs/Vot":6.93,"Nuls":24,"% Nuls/Ins":2.26,"% Nuls/Vot":7.23,"Exprimés":285,"% Exp/Ins":26.81,"% Exp/Vot":85.84,"resultats":[{"N.Pan.":null,"Code Nuance":"LNC","Sexe":"M","Nom":"QUIEVY","Prénom":"Michel","Liste":"LISTE D'UNION MORTAGNE @UTREMENT","Sièges / Elu":"19","Sièges Secteur":0,"Sièges CC":1,"Voix":285,"% Voix/Ins":26.81,"% Voix/Exp":100}]},"population":{"F0-2":21.7150801943828,"F3-5":34.5767520071255,"F6-10":47.3229078183926,"F11-17":88.685313945169,"F18-24":78.2779152197495,"F25-39":144.81435301965,"F40-54":152.862443372782,"F55-64":95.0035340476028,"F65-79":94.330312210241,"F80+":50.187976622512,"H0-2":35.542707904675,"H3-5":32.5868792568892,"H6-10":61.0995670366782,"H11-17":84.6685156536489,"H18-24":67.2374787838016,"H25-39":154.963504244267,"H40-54":169.102158578133,"H55-64":81.9632590204258,"H65-79":69.0589498652703,"H80+":20.0003911986039},"Analyse":{"Votes décisifs":286,"tour décisif":1,"majeurs":1177.8022761830389,"Non votants de 18-24":104.49737953193443}}