{"id":5873,"slug":"59-421-mouvaux","nom_standard":"Mouvaux","code_postal":"59","code_departement":"59","libelle_departement":"Nord","code_commune":"421","Tour 1":{"Inscrits":10362,"Abstentions":6683,"% Abs/Ins":64.5,"Votants":3679,"% Vot/Ins":35.5,"Blancs":78,"% Blancs/Ins":0.75,"% Blancs/Vot":2.12,"Nuls":55,"% Nuls/Ins":0.53,"% Nuls/Vot":1.49,"Exprimés":3546,"% Exp/Ins":34.22,"% Exp/Vot":96.38,"resultats":[{"N.Pan.":null,"Code Nuance":"LDVD","Sexe":"M","Nom":"HALLE","Prénom":"Guy","Liste":"MOUVAUX AVEC VOUS","Sièges / Elu":"4","Sièges Secteur":0,"Sièges CC":0,"Voix":995,"% Voix/Ins":9.6,"% Voix/Exp":28.06},{"N.Pan.":2,"Code Nuance":"LUD","Sexe":"M","Nom":"DURAND","Prénom":"Eric","Liste":"MOUVAUX A DE L'AVENIR AVEC ERIC DURAND","Sièges / Elu":"29","Sièges Secteur":0,"Sièges CC":1,"Voix":2551,"% Voix/Ins":24.62,"% Voix/Exp":71.94}]},"population":{"F0-2":185.917430341106,"F3-5":247.053426313561,"F6-10":375.554707402164,"F11-17":591.114257474621,"F18-24":444.660916433844,"F25-39":1140.40838077084,"F40-54":1339.75919221926,"F55-64":849.234108799201,"F65-79":1219.32249893146,"F80+":614.769614775104,"H0-2":272.80083029107,"H3-5":211.852776310879,"H6-10":477.967759299174,"H11-17":600.066029990382,"H18-24":376.794637890994,"H25-39":1020.73674729834,"H40-54":1221.17921155021,"H55-64":682.110522667505,"H65-79":855.003491714787,"H80+":293.693459525496},"Analyse":{"Votes décisifs":1557,"tour décisif":1,"majeurs":10057.67278257704,"Non votants de 18-24":520.9750107942968}}