{"id":5895,"slug":"59-471-preseau","nom_standard":"Préseau","code_postal":"59","code_departement":"59","libelle_departement":"Nord","code_commune":"471","Tour 1":{"Inscrits":1622,"Abstentions":666,"% Abs/Ins":41.06,"Votants":956,"% Vot/Ins":58.94,"Blancs":7,"% Blancs/Ins":0.43,"% Blancs/Vot":0.73,"Nuls":5,"% Nuls/Ins":0.31,"% Nuls/Vot":0.52,"Exprimés":944,"% Exp/Ins":58.2,"% Exp/Vot":98.74,"resultats":[{"N.Pan.":null,"Code Nuance":"LNC","Sexe":"F","Nom":"FRANCOIS-LAGNY","Prénom":"Sandrine","Liste":"PRESEAU NATURELLEMENT","Sièges / Elu":"16","Sièges Secteur":0,"Sièges CC":1,"Voix":547,"% Voix/Ins":33.72,"% Voix/Exp":57.94},{"N.Pan.":2,"Code Nuance":"LNC","Sexe":"M","Nom":"ROYER","Prénom":"Michel","Liste":"ENSEMBLE POUR PRESEAU","Sièges / Elu":"1","Sièges Secteur":0,"Sièges CC":0,"Voix":174,"% Voix/Ins":10.73,"% Voix/Exp":18.43},{"N.Pan.":3,"Code Nuance":"LNC","Sexe":"M","Nom":"RICHARD","Prénom":"Jean-Marc","Liste":"EXPERIENCE ET RENOUVEAU","Sièges / Elu":2,"Sièges CC":0,"Voix":223,"% Voix/Ins":13.75,"% Voix/Exp":23.62}]},"population":{"F0-2":47.7821631404944,"F3-5":49.945755389122,"F6-10":59.5446863739012,"F11-17":76.5689412395655,"F18-24":58.3567798970951,"F25-39":194.163301781578,"F40-54":218.405864244438,"F55-64":142.805366002528,"F65-79":151.124942126578,"F80+":53.8616850429224,"H0-2":25.4836487234798,"H3-5":47.8282721017897,"H6-10":72.2622119542979,"H11-17":74.3667911320878,"H18-24":66.8215326133556,"H25-39":198.33955676743,"H40-54":199.341093563953,"H55-64":148.156500597165,"H65-79":137.456805991644,"H80+":25.3841013165748},"Analyse":{"Votes décisifs":151,"tour décisif":1,"majeurs":1594.2175299452615,"Non votants de 18-24":50.112981392118414}}