{"id":5714,"slug":"59-135-cassel","nom_standard":"Cassel","code_postal":"59","code_departement":"59","libelle_departement":"Nord","code_commune":"135","Tour 1":{"Inscrits":1712,"Abstentions":783,"% Abs/Ins":45.74,"Votants":929,"% Vot/Ins":54.26,"Blancs":10,"% Blancs/Ins":0.58,"% Blancs/Vot":1.08,"Nuls":14,"% Nuls/Ins":0.82,"% Nuls/Vot":1.51,"Exprimés":905,"% Exp/Ins":52.86,"% Exp/Vot":97.42,"resultats":[{"N.Pan.":null,"Code Nuance":"LNC","Sexe":"M","Nom":"JOLY","Prénom":"Dominique","Liste":"Vous et Nous portons Cassel toujours plus Haut toujours plus Fort","Sièges / Elu":"16","Sièges Secteur":0,"Sièges CC":2,"Voix":553,"% Voix/Ins":32.3,"% Voix/Exp":61.1},{"N.Pan.":2,"Code Nuance":"LNC","Sexe":"M","Nom":"CATTOEN","Prénom":"José","Liste":"Construisons Ensemble Notre Avenir","Sièges / Elu":"3","Sièges Secteur":0,"Sièges CC":0,"Voix":352,"% Voix/Ins":20.56,"% Voix/Exp":38.9}]},"population":{"F0-2":22.7636282938183,"F3-5":27.6923830111949,"F6-10":64.7521480094333,"F11-17":93.5278437311543,"F18-24":63.1062493183915,"F25-39":173.825948053294,"F40-54":226.341764471242,"F55-64":152.725051077169,"F65-79":177.062318095439,"F80+":105.699163840901,"H0-2":39.4525686917478,"H3-5":44.0148545781166,"H6-10":59.7515569960054,"H11-17":161.420952069396,"H18-24":67.5872519178444,"H25-39":176.982713496234,"H40-54":230.821162201233,"H55-64":143.275013165457,"H65-79":165.446473290963,"H80+":52.750955690966},"Analyse":{"Votes décisifs":202,"tour décisif":1,"majeurs":1735.6240646191338,"Non votants de 18-24":60.739261073573516}}