{"id":5724,"slug":"59-156-courchelettes","nom_standard":"Courchelettes","code_postal":"59","code_departement":"59","libelle_departement":"Nord","code_commune":"156","Tour 1":{"Inscrits":2069,"Abstentions":1002,"% Abs/Ins":48.43,"Votants":1067,"% Vot/Ins":51.57,"Blancs":13,"% Blancs/Ins":0.63,"% Blancs/Vot":1.22,"Nuls":18,"% Nuls/Ins":0.87,"% Nuls/Vot":1.69,"Exprimés":1036,"% Exp/Ins":50.07,"% Exp/Vot":97.09,"resultats":[{"N.Pan.":null,"Code Nuance":"LNC","Sexe":"M","Nom":"AIX","Prénom":"Raphaël","Liste":"COURCHELETTES AVEC VOUS POUR DEMAIN","Sièges / Elu":"18","Sièges Secteur":0,"Sièges CC":1,"Voix":543,"% Voix/Ins":26.24,"% Voix/Exp":52.41},{"N.Pan.":2,"Code Nuance":"LNC","Sexe":"M","Nom":"BLOCQUET","Prénom":"Yves-Marie","Liste":"ENSEMBLE POUR L'AVENIR DE COURCHELETTES","Sièges / Elu":"5","Sièges Secteur":0,"Sièges CC":0,"Voix":493,"% Voix/Ins":23.83,"% Voix/Exp":47.59}]},"population":{"F0-2":38.0438382165514,"F3-5":51.5848457251604,"F6-10":86.2617327448045,"F11-17":107.152713371199,"F18-24":95.2304807822435,"F25-39":235.958093351534,"F40-54":283.337361692095,"F55-64":197.282392853405,"F65-79":302.638518818355,"F80+":133.969828409384,"H0-2":45.1211024918817,"H3-5":44.2439569566006,"H6-10":86.9354906483246,"H11-17":142.942921001268,"H18-24":117.676030754325,"H25-39":220.435873677349,"H40-54":257.664074787247,"H55-64":170.397248305463,"H65-79":229.651212816384,"H80+":65.4722825964249},"Analyse":{"Votes décisifs":51,"tour décisif":1,"majeurs":2309.7133988442097,"Non votants de 18-24":114.55177716857462}}