{"id":5731,"slug":"59-168-cysoing","nom_standard":"Cysoing","code_postal":"59","code_departement":"59","libelle_departement":"Nord","code_commune":"168","Tour 1":{"Inscrits":3886,"Abstentions":1959,"% Abs/Ins":50.41,"Votants":1927,"% Vot/Ins":49.59,"Blancs":22,"% Blancs/Ins":0.57,"% Blancs/Vot":1.14,"Nuls":29,"% Nuls/Ins":0.75,"% Nuls/Vot":1.5,"Exprimés":1876,"% Exp/Ins":48.28,"% Exp/Vot":97.35,"resultats":[{"N.Pan.":null,"Code Nuance":"LDVD","Sexe":"M","Nom":"DUFOUR","Prénom":"Amaury","Liste":"POUR CYSOING","Sièges / Elu":"3","Sièges Secteur":0,"Sièges CC":0,"Voix":505,"% Voix/Ins":13,"% Voix/Exp":26.92},{"N.Pan.":2,"Code Nuance":"LDVD","Sexe":"M","Nom":"DUMORTIER","Prénom":"Benjamin","Liste":"VIVONS CYSOING","Sièges / Elu":"24","Sièges Secteur":0,"Sièges CC":3,"Voix":1371,"% Voix/Ins":35.28,"% Voix/Exp":73.08}]},"population":{"F0-2":46.4523140110673,"F3-5":70.2913595430465,"F6-10":146.305901470028,"F11-17":232.815334902229,"F18-24":174.345070728332,"F25-39":392.973793385692,"F40-54":559.508746466454,"F55-64":323.693228556736,"F65-79":358.616920914923,"F80+":222.293475791946,"H0-2":75.736275984589,"H3-5":79.0562487282487,"H6-10":145.171129334097,"H11-17":228.445416589416,"H18-24":208.54286589864,"H25-39":389.396110529175,"H40-54":461.94943203987,"H55-64":308.851671608201,"H65-79":285.301746148091,"H80+":88.2529573692187},"Analyse":{"Votes décisifs":867,"tour décisif":1,"majeurs":3773.7260194372784,"Non votants de 18-24":187.37160871130726}}