{"id":5776,"slug":"59-260-ghyvelde","nom_standard":"Ghyvelde","code_postal":"59","code_departement":"59","libelle_departement":"Nord","code_commune":"260","Tour 1":{"Inscrits":3374,"Abstentions":1431,"% Abs/Ins":42.41,"Votants":1943,"% Vot/Ins":57.59,"Blancs":26,"% Blancs/Ins":0.77,"% Blancs/Vot":1.34,"Nuls":37,"% Nuls/Ins":1.1,"% Nuls/Vot":1.9,"Exprimés":1880,"% Exp/Ins":55.72,"% Exp/Vot":96.76,"resultats":[{"N.Pan.":null,"Code Nuance":"LDVC","Sexe":"M","Nom":"LOEUIL","Prénom":"André","Liste":"Bien vivre ensemble Ghyvelde Les Moëres 2020","Sièges / Elu":"6","Sièges Secteur":0,"Sièges CC":0,"Voix":863,"% Voix/Ins":25.58,"% Voix/Exp":45.9},{"N.Pan.":2,"Code Nuance":"LDIV","Sexe":"M","Nom":"THEODON","Prénom":"Patrick","Liste":"Unis pour notre village GHYVELDE LES MOERES","Sièges / Elu":"23","Sièges Secteur":0,"Sièges CC":1,"Voix":1017,"% Voix/Ins":30.14,"% Voix/Exp":54.1}]},"population":{"F0-2":59.1111075394197,"F3-5":76.9532030779461,"F6-10":109.952516780257,"F11-17":208.705454540843,"F18-24":116.370448322226,"F25-39":347.770243798433,"F40-54":451.694275741645,"F55-64":331.633492738114,"F65-79":303.352578263124,"F80+":78.9527153875868,"H0-2":70.7162687761182,"H3-5":73.2815410930488,"H6-10":132.38820206602,"H11-17":207.875976298506,"H18-24":130.098493228781,"H25-39":335.594370061339,"H40-54":468.013014387026,"H55-64":291.283319522968,"H65-79":276.244064642749,"H80+":41.0087137338475},"Analyse":{"Votes décisifs":155,"tour décisif":1,"majeurs":3172.015729827839,"Non votants de 18-24":95.49580830629945}}