{"id":5754,"slug":"59-220-faches-thumesnil","nom_standard":"Faches-Thumesnil","code_postal":"59","code_departement":"59","libelle_departement":"Nord","code_commune":"220","Tour 1":{"Inscrits":11942,"Abstentions":7797,"% Abs/Ins":65.29,"Votants":4145,"% Vot/Ins":34.71,"Blancs":82,"% Blancs/Ins":0.69,"% Blancs/Vot":1.98,"Nuls":59,"% Nuls/Ins":0.49,"% Nuls/Vot":1.42,"Exprimés":4004,"% Exp/Ins":33.53,"% Exp/Vot":96.6,"resultats":[{"N.Pan.":null,"Code Nuance":"LUG","Sexe":"M","Nom":"PROISY","Prénom":"Patrick","Liste":"FACHES THUMESNIL EN COMMUN","Sièges / Elu":"26","Sièges Secteur":0,"Sièges CC":2,"Voix":2123,"% Voix/Ins":17.78,"% Voix/Exp":53.02},{"N.Pan.":2,"Code Nuance":"LDVD","Sexe":"M","Nom":"MAZURIER","Prénom":"Nicolas","Liste":"Une nouvelle page à écrire ensemble","Sièges / Elu":"7","Sièges Secteur":0,"Sièges CC":0,"Voix":1881,"% Voix/Ins":15.75,"% Voix/Exp":46.98}]},"population":{"F0-2":366.277365038549,"F3-5":400.027489843541,"F6-10":685.325606567012,"F11-17":863.99692011205,"F18-24":648.689459319004,"F25-39":1989.03078803752,"F40-54":1788.01086525786,"F55-64":975.476571303685,"F65-79":1180.86066620509,"F80+":743.227141997728,"H0-2":399.11593992165,"H3-5":355.711942213354,"H6-10":701.455887189967,"H11-17":864.626147476342,"H18-24":700.112924088823,"H25-39":1733.35093618568,"H40-54":1611.23153452066,"H55-64":861.715089196873,"H65-79":880.615285385267,"H80+":411.141440139342},"Analyse":{"Votes décisifs":243,"tour décisif":1,"majeurs":13523.46270163753,"Non votants de 18-24":935.3886000763978}}