{"id":5655,"slug":"59-26-aubigny-au-bac","nom_standard":"Aubigny-au-Bac","code_postal":"59","code_departement":"59","libelle_departement":"Nord","code_commune":"26","Tour 1":{"Inscrits":842,"Abstentions":553,"% Abs/Ins":65.68,"Votants":289,"% Vot/Ins":34.32,"Blancs":21,"% Blancs/Ins":2.49,"% Blancs/Vot":7.27,"Nuls":36,"% Nuls/Ins":4.28,"% Nuls/Vot":12.46,"Exprimés":232,"% Exp/Ins":27.55,"% Exp/Vot":80.28,"resultats":[{"N.Pan.":null,"Code Nuance":"LNC","Sexe":"M","Nom":"BOULANGER","Prénom":"Alain","Liste":"AUBIGNY 2026","Sièges / Elu":"15","Sièges Secteur":0,"Sièges CC":1,"Voix":232,"% Voix/Ins":27.55,"% Voix/Exp":100}]},"population":{"F0-2":9.90697080737586,"F3-5":22.7195719929824,"F6-10":29.5823588293612,"F11-17":62.2572077591417,"F18-24":37.664076339917,"F25-39":88.3983516802299,"F40-54":140.305168010017,"F55-64":78.2180701019414,"F65-79":70.2895788873132,"F80+":42.3029001649437,"H0-2":16.8321408446937,"H3-5":22.7334085899205,"H6-10":28.6762331196945,"H11-17":60.2300350655827,"H18-24":54.5940939675939,"H25-39":88.4973174961066,"H40-54":138.299369391544,"H55-64":85.213402635904,"H65-79":69.2157013444334,"H80+":15.064042971303},"Analyse":{"Votes décisifs":233,"tour décisif":1,"majeurs":908.0620729912471,"Non votants de 18-24":62.896068297192}}