{"id":5801,"slug":"59-297-helesmes","nom_standard":"Hélesmes","code_postal":"59","code_departement":"59","libelle_departement":"Nord","code_commune":"297","Tour 1":{"Inscrits":1369,"Abstentions":574,"% Abs/Ins":41.93,"Votants":795,"% Vot/Ins":58.07,"Blancs":10,"% Blancs/Ins":0.73,"% Blancs/Vot":1.26,"Nuls":9,"% Nuls/Ins":0.66,"% Nuls/Vot":1.13,"Exprimés":776,"% Exp/Ins":56.68,"% Exp/Vot":97.61,"resultats":[{"N.Pan.":null,"Code Nuance":"LNC","Sexe":"M","Nom":"BARALLE","Prénom":"Marius","Liste":"CONTINUONS ENSEMBLE POUR HELESMES AVEC MARIUS BARALLE","Sièges / Elu":"4","Sièges Secteur":0,"Sièges CC":0,"Voix":344,"% Voix/Ins":25.13,"% Voix/Exp":44.33},{"N.Pan.":2,"Code Nuance":"LNC","Sexe":"F","Nom":"HUGUES","Prénom":"Stéphanie","Liste":"Hélesmes a du talent, allons de l'avant !","Sièges / Elu":"15","Sièges Secteur":0,"Sièges CC":1,"Voix":432,"% Voix/Ins":31.56,"% Voix/Exp":55.67}]},"population":{"F0-2":38.7032738403567,"F3-5":31.029299146262,"F6-10":77.0855036065855,"F11-17":106.736371473129,"F18-24":77.518138817232,"F25-39":191.058029199093,"F40-54":180.150422163741,"F55-64":116.947862609806,"F65-79":128.923759653369,"F80+":43.6517783151112,"H0-2":30.8789722061533,"H3-5":39.2574738454842,"H6-10":79.6821038653922,"H11-17":104.925682479569,"H18-24":60.0748748084335,"H25-39":168.307005911681,"H40-54":207.137425243616,"H55-64":125.607052410131,"H65-79":98.5814992318795,"H80+":30.7434711729739},"Analyse":{"Votes décisifs":89,"tour décisif":1,"majeurs":1428.701319537067,"Non votants de 18-24":61.029462982450674}}