{"id":5848,"slug":"59-377-marcoing","nom_standard":"Marcoing","code_postal":"59","code_departement":"59","libelle_departement":"Nord","code_commune":"377","Tour 1":{"Inscrits":1493,"Abstentions":534,"% Abs/Ins":35.77,"Votants":959,"% Vot/Ins":64.23,"Blancs":9,"% Blancs/Ins":0.6,"% Blancs/Vot":0.94,"Nuls":8,"% Nuls/Ins":0.54,"% Nuls/Vot":0.83,"Exprimés":942,"% Exp/Ins":63.09,"% Exp/Vot":98.23,"resultats":[{"N.Pan.":null,"Code Nuance":"LNC","Sexe":"M","Nom":"GUINET","Prénom":"Jean-Claude","Liste":"ENSEMBLE DYNAMISONS MARCOING","Sièges / Elu":"15","Sièges Secteur":0,"Sièges CC":1,"Voix":482,"% Voix/Ins":32.28,"% Voix/Exp":51.17},{"N.Pan.":2,"Code Nuance":"LNC","Sexe":"M","Nom":"DRIEUX","Prénom":"Didier","Liste":"LISTE D'INTERET COMMUNAL","Sièges / Elu":"4","Sièges Secteur":0,"Sièges CC":0,"Voix":460,"% Voix/Ins":30.81,"% Voix/Exp":48.83}]},"population":{"F0-2":34.3575714318266,"F3-5":28.3827677192714,"F6-10":67.2758657035365,"F11-17":86.056000246023,"F18-24":68.8092124020229,"F25-39":157.029253930617,"F40-54":205.814800113498,"F55-64":120.585785299187,"F65-79":161.448586758554,"F80+":58.1856791769836,"H0-2":32.608426476571,"H3-5":26.4627986031743,"H6-10":54.6964595219269,"H11-17":102.828794949047,"H18-24":73.230309546015,"H25-39":159.92846690901,"H40-54":198.408405102985,"H55-64":109.139095730883,"H65-79":119.797904083228,"H80+":31.9538162956406},"Analyse":{"Votes décisifs":23,"tour décisif":1,"majeurs":1464.331315348624,"Non votants de 18-24":49.01692513514488}}