{"id":5814,"slug":"59-322-iwuy","nom_standard":"Iwuy","code_postal":"59","code_departement":"59","libelle_departement":"Nord","code_commune":"322","Tour 1":{"Inscrits":2366,"Abstentions":1013,"% Abs/Ins":42.81,"Votants":1353,"% Vot/Ins":57.19,"Blancs":13,"% Blancs/Ins":0.55,"% Blancs/Vot":0.96,"Nuls":23,"% Nuls/Ins":0.97,"% Nuls/Vot":1.7,"Exprimés":1317,"% Exp/Ins":55.66,"% Exp/Vot":97.34,"resultats":[{"N.Pan.":null,"Code Nuance":"LNC","Sexe":"M","Nom":"GUSTIN","Prénom":"Pascal","Liste":"AVEC VOUS, IWUY AUTREMENT","Sièges / Elu":"4","Sièges Secteur":0,"Sièges CC":0,"Voix":461,"% Voix/Ins":19.48,"% Voix/Exp":35},{"N.Pan.":2,"Code Nuance":"LNC","Sexe":"M","Nom":"POTEAU","Prénom":"Daniel","Liste":"ENTENTE ET PROGRES SOCIAL","Sièges / Elu":"19","Sièges Secteur":0,"Sièges CC":3,"Voix":856,"% Voix/Ins":36.18,"% Voix/Exp":65}]},"population":{"F0-2":60.4273078967234,"F3-5":74.1824614932225,"F6-10":126.700533271949,"F11-17":165.07881316282,"F18-24":129.469597245945,"F25-39":337.144752820629,"F40-54":302.638744296008,"F55-64":216.599967644478,"F65-79":222.849762900732,"F80+":77.4589325616362,"H0-2":58.4568621634685,"H3-5":77.3028385940068,"H6-10":133.606038839879,"H11-17":140.416019447629,"H18-24":113.158108120447,"H25-39":344.929787117511,"H40-54":340.645897287792,"H55-64":203.325442513553,"H65-79":198.506852512685,"H80+":35.1012801088875},"Analyse":{"Votes décisifs":396,"tour décisif":1,"majeurs":2521.8291251303035,"Non votants de 18-24":112.45422053769002}}