{"id":5817,"slug":"59-326-killem","nom_standard":"Killem","code_postal":"59","code_departement":"59","libelle_departement":"Nord","code_commune":"326","Tour 1":{"Inscrits":831,"Abstentions":524,"% Abs/Ins":63.06,"Votants":307,"% Vot/Ins":36.94,"Blancs":12,"% Blancs/Ins":1.44,"% Blancs/Vot":3.91,"Nuls":32,"% Nuls/Ins":3.85,"% Nuls/Vot":10.42,"Exprimés":263,"% Exp/Ins":31.65,"% Exp/Vot":85.67,"resultats":[{"N.Pan.":null,"Code Nuance":"LNC","Sexe":"M","Nom":"VANBAELINGHEM","Prénom":"Jean-Luc","Liste":"KILLEM COMME ON L'AIME","Sièges / Elu":"15","Sièges Secteur":0,"Sièges CC":3,"Voix":263,"% Voix/Ins":31.65,"% Voix/Exp":100}]},"population":{"F0-2":27.7935122025004,"F3-5":39.1591045712398,"F6-10":54.7272922886668,"F11-17":44.3166415832269,"F18-24":38.8448815465906,"F25-39":128.521380081107,"F40-54":87.9469252504815,"F55-64":76.1160192843332,"F65-79":71.8865940731978,"F80+":25.2420209147212,"H0-2":24.70070146693,"H3-5":29.931537980382,"H6-10":57.8205731384164,"H11-17":51.5313388608056,"H18-24":35.7741375674178,"H25-39":135.386478972294,"H40-54":107.330387325271,"H55-64":63.9912850228726,"H65-79":60.8187505355068,"H80+":13.1604373340385},"Analyse":{"Votes décisifs":264,"tour décisif":1,"majeurs":845.019297907832,"Non votants de 18-24":47.50953306473335}}