{"id":5866,"slug":"59-409-monchecourt","nom_standard":"Monchecourt","code_postal":"59","code_departement":"59","libelle_departement":"Nord","code_commune":"409","Tour 1":{"Inscrits":1823,"Abstentions":982,"% Abs/Ins":53.87,"Votants":841,"% Vot/Ins":46.13,"Blancs":10,"% Blancs/Ins":0.55,"% Blancs/Vot":1.19,"Nuls":10,"% Nuls/Ins":0.55,"% Nuls/Vot":1.19,"Exprimés":821,"% Exp/Ins":45.04,"% Exp/Vot":97.62,"resultats":[{"N.Pan.":null,"Code Nuance":"LNC","Sexe":"M","Nom":"MOINE","Prénom":"Philippe","Liste":"A L'ÉCOUTE ET AU SERVICE DE TOUS","Sièges / Elu":"2","Sièges Secteur":0,"Sièges CC":0,"Voix":139,"% Voix/Ins":7.62,"% Voix/Exp":16.93},{"N.Pan.":2,"Code Nuance":"LNC","Sexe":"M","Nom":"SAVARY","Prénom":"Jean","Liste":"Bien Vivre à Monchecourt","Sièges / Elu":"18","Sièges Secteur":0,"Sièges CC":2,"Voix":476,"% Voix/Ins":26.11,"% Voix/Exp":57.98},{"N.Pan.":3,"Code Nuance":"LNC","Sexe":"F","Nom":"BODART","Prénom":"Pascale","Liste":"MONCHECOURT ET VOUS","Sièges / Elu":3,"Sièges CC":0,"Voix":206,"% Voix/Ins":11.3,"% Voix/Exp":25.09}]},"population":{"F0-2":45.3397576092093,"F3-5":49.340583292924,"F6-10":92.4653111450198,"F11-17":127.688310827874,"F18-24":84.2957866663901,"F25-39":212.119183878747,"F40-54":246.620533141111,"F55-64":195.101699725051,"F65-79":156.263281299795,"F80+":58.6389427759124,"H0-2":45.468453712588,"H3-5":44.3167605516227,"H6-10":116.046415881833,"H11-17":129.098142942725,"H18-24":88.7785871679601,"H25-39":222.558401171823,"H40-54":238.917769093947,"H55-64":181.789130448349,"H65-79":138.881284103968,"H80+":34.271664563152},"Analyse":{"Votes décisifs":132,"tour décisif":1,"majeurs":1858.2362640362055,"Non votants de 18-24":94.74442666254507}}