{"id":5876,"slug":"59-426-neuville-en-ferrain","nom_standard":"Neuville-en-Ferrain","code_postal":"59","code_departement":"59","libelle_departement":"Nord","code_commune":"426","Tour 1":{"Inscrits":8437,"Abstentions":6428,"% Abs/Ins":76.19,"Votants":2009,"% Vot/Ins":23.81,"Blancs":145,"% Blancs/Ins":1.72,"% Blancs/Vot":7.22,"Nuls":124,"% Nuls/Ins":1.47,"% Nuls/Vot":6.17,"Exprimés":1740,"% Exp/Ins":20.62,"% Exp/Vot":86.61,"resultats":[{"N.Pan.":null,"Code Nuance":"LDVD","Sexe":"F","Nom":"TONNERRE-DESMET","Prénom":"Marie","Liste":"NEUVILLE àVENIR","Sièges / Elu":"33","Sièges Secteur":0,"Sièges CC":1,"Voix":1740,"% Voix/Ins":20.62,"% Voix/Exp":100}]},"population":{"F0-2":140.683701242605,"F3-5":190.946705846442,"F6-10":296.546169435079,"F11-17":482.931534651884,"F18-24":367.225833371256,"F25-39":864.947046087325,"F40-54":1111.47534708077,"F55-64":575.47932954662,"F65-79":815.567315387647,"F80+":336.684763412267,"H0-2":148.929070471702,"H3-5":199.343626654237,"H6-10":370.690920038343,"H11-17":544.356211229054,"H18-24":413.748369297042,"H25-39":786.110725092539,"H40-54":1075.32828237367,"H55-64":538.529278484569,"H65-79":663.368496366483,"H80+":203.107273930461},"Analyse":{"Votes décisifs":1741,"tour décisif":1,"majeurs":7751.572060430648,"Non votants de 18-24":578.5665928403834}}