{"id":5879,"slug":"59-430-neuvilly","nom_standard":"Neuvilly","code_postal":"59","code_departement":"59","libelle_departement":"Nord","code_commune":"430","Tour 1":{"Inscrits":771,"Abstentions":241,"% Abs/Ins":31.26,"Votants":530,"% Vot/Ins":68.74,"Blancs":2,"% Blancs/Ins":0.26,"% Blancs/Vot":0.38,"Nuls":7,"% Nuls/Ins":0.91,"% Nuls/Vot":1.32,"Exprimés":521,"% Exp/Ins":67.57,"% Exp/Vot":98.3,"resultats":[{"N.Pan.":null,"Code Nuance":"LNC","Sexe":"M","Nom":"LEFEVRE","Prénom":"Hubert","Liste":"NEUVILLY DEMAIN","Sièges / Elu":"3","Sièges Secteur":0,"Sièges CC":0,"Voix":239,"% Voix/Ins":31,"% Voix/Exp":45.87},{"N.Pan.":2,"Code Nuance":"LNC","Sexe":"M","Nom":"HAVART","Prénom":"Ludovic","Liste":"ENSEMBLE POUR NEUVILLY","Sièges / Elu":"12","Sièges Secteur":0,"Sièges CC":1,"Voix":282,"% Voix/Ins":36.58,"% Voix/Exp":54.13}]},"population":{"F0-2":28.7488464387533,"F3-5":28.7111607937374,"F6-10":40.6334886839541,"F11-17":47.5995892345152,"F18-24":25.8215139361635,"F25-39":117.33695129844,"F40-54":81.7219921892474,"F55-64":62.0965625440695,"F65-79":78.2433977755483,"F80+":37.1785205758663,"H0-2":19.8579238789377,"H3-5":30.7491961964116,"H6-10":49.5338660090645,"H11-17":49.4820092522294,"H18-24":33.8233858711434,"H25-39":115.507739567986,"H40-54":91.643971288726,"H55-64":60.1150110865786,"H65-79":61.0984299767393,"H80+":24.0964434018889},"Analyse":{"Votes décisifs":44,"tour décisif":1,"majeurs":788.6839195123973,"Non votants de 18-24":19.56319392262676}}