{"id":5894,"slug":"59-470-premesques","nom_standard":"Prémesques","code_postal":"59","code_departement":"59","libelle_departement":"Nord","code_commune":"470","Tour 1":{"Inscrits":1623,"Abstentions":941,"% Abs/Ins":57.98,"Votants":682,"% Vot/Ins":42.02,"Blancs":25,"% Blancs/Ins":1.54,"% Blancs/Vot":3.67,"Nuls":31,"% Nuls/Ins":1.91,"% Nuls/Vot":4.55,"Exprimés":626,"% Exp/Ins":38.57,"% Exp/Vot":91.79,"resultats":[{"N.Pan.":null,"Code Nuance":"LNC","Sexe":"M","Nom":"HUTCHINSON","Prénom":"Yvan","Liste":"ENSEMBLE POUR PREMESQUES 2020","Sièges / Elu":"19","Sièges Secteur":0,"Sièges CC":1,"Voix":626,"% Voix/Ins":38.57,"% Voix/Exp":100}]},"population":{"F0-2":39.7616950074411,"F3-5":38.2458804426749,"F6-10":68.931874198102,"F11-17":95.2316614395598,"F18-24":69.9695508849043,"F25-39":155.092339135571,"F40-54":263.427470848784,"F55-64":126.431090010775,"F65-79":153.941549344764,"F80+":43.6718118857587,"H0-2":26.9052430382771,"H3-5":31.6783616388695,"H6-10":72.364100916368,"H11-17":121.199419824587,"H18-24":84.3579126579507,"H25-39":160.682960904339,"H40-54":232.912469878309,"H55-64":146.694765423747,"H65-79":144.609012110372,"H80+":15.8908304088452},"Analyse":{"Votes décisifs":627,"tour décisif":1,"majeurs":1597.6817634941199,"Non votants de 18-24":88.44993239670039}}