{"id":5881,"slug":"59-434-nivelle","nom_standard":"Nivelle","code_postal":"59","code_departement":"59","libelle_departement":"Nord","code_commune":"434","Tour 1":{"Inscrits":1062,"Abstentions":380,"% Abs/Ins":35.78,"Votants":682,"% Vot/Ins":64.22,"Blancs":10,"% Blancs/Ins":0.94,"% Blancs/Vot":1.47,"Nuls":11,"% Nuls/Ins":1.04,"% Nuls/Vot":1.61,"Exprimés":661,"% Exp/Ins":62.24,"% Exp/Vot":96.92,"resultats":[{"N.Pan.":null,"Code Nuance":"LNC","Sexe":"F","Nom":"LECOEUVRE","Prénom":"Francine","Liste":"BIEN VIVRE ENSEMBLE A NIVELLE","Sièges / Elu":"2","Sièges Secteur":0,"Sièges CC":0,"Voix":195,"% Voix/Ins":18.36,"% Voix/Exp":29.5},{"N.Pan.":2,"Code Nuance":"LNC","Sexe":"M","Nom":"DUBOIS","Prénom":"Jacques","Liste":"AGISSONS ENSEMBLE POUR NIVELLE !","Sièges / Elu":"13","Sièges Secteur":0,"Sièges CC":1,"Voix":466,"% Voix/Ins":43.88,"% Voix/Exp":70.5}]},"population":{"F0-2":21.0364143126277,"F3-5":25.9702575622921,"F6-10":41.854351023011,"F11-17":69.775510146109,"F18-24":34.0387552269965,"F25-39":122.747004285493,"F40-54":133.603697788438,"F55-64":103.579587742436,"F65-79":95.6732917657883,"F80+":30.6265884906516,"H0-2":22.0199180456387,"H3-5":29.0883747120409,"H6-10":27.9193151335757,"H11-17":60.9236841874811,"H18-24":50.1088323123204,"H25-39":122.874065705963,"H40-54":150.752703426468,"H55-64":96.3309795085269,"H65-79":104.78479048057,"H80+":17.2918781435728},"Analyse":{"Votes décisifs":272,"tour décisif":1,"majeurs":1062.4121748772245,"Non votants de 18-24":30.130271041182713}}