{"id":5872,"slug":"59-419-mouchin","nom_standard":"Mouchin","code_postal":"59","code_departement":"59","libelle_departement":"Nord","code_commune":"419","Tour 1":{"Inscrits":1018,"Abstentions":446,"% Abs/Ins":43.81,"Votants":572,"% Vot/Ins":56.19,"Blancs":8,"% Blancs/Ins":0.79,"% Blancs/Vot":1.4,"Nuls":12,"% Nuls/Ins":1.18,"% Nuls/Vot":2.1,"Exprimés":552,"% Exp/Ins":54.22,"% Exp/Vot":96.5,"resultats":[{"N.Pan.":null,"Code Nuance":"LNC","Sexe":"M","Nom":"DEVAUX","Prénom":"Christian","Liste":"DEFENSE DES INTERETS COMMUNAUX","Sièges / Elu":"12","Sièges Secteur":0,"Sièges CC":1,"Voix":323,"% Voix/Ins":31.73,"% Voix/Exp":58.51},{"N.Pan.":2,"Code Nuance":"LNC","Sexe":"M","Nom":"MORGAN","Prénom":"Quentin","Liste":"MOUCHIN DEMAIN","Sièges / Elu":"3","Sièges Secteur":0,"Sièges CC":0,"Voix":229,"% Voix/Ins":22.5,"% Voix/Exp":41.49}]},"population":{"F0-2":33.0716592851351,"F3-5":17.9873101881816,"F6-10":43.8817535721941,"F11-17":57.9826478253068,"F18-24":49.6904496376421,"F25-39":121.267646400797,"F40-54":136.799902849029,"F55-64":105.447368369788,"F65-79":108.918111371702,"F80+":41.8401849637654,"H0-2":20.0572990188657,"H3-5":32.0035969242693,"H6-10":42.829572911977,"H11-17":61.8358363736265,"H18-24":59.6692968830792,"H25-39":104.196775657668,"H40-54":145.830852148003,"H55-64":103.150946614952,"H65-79":108.742193132454,"H80+":20.796595871563},"Analyse":{"Votes décisifs":95,"tour décisif":1,"majeurs":1106.3503239004426,"Non votants de 18-24":52.81908877560581}}