{"id":5934,"slug":"59-541-saint-python","nom_standard":"Saint-Python","code_postal":"59","code_departement":"59","libelle_departement":"Nord","code_commune":"541","Tour 1":{"Inscrits":776,"Abstentions":430,"% Abs/Ins":55.41,"Votants":346,"% Vot/Ins":44.59,"Blancs":9,"% Blancs/Ins":1.16,"% Blancs/Vot":2.6,"Nuls":50,"% Nuls/Ins":6.44,"% Nuls/Vot":14.45,"Exprimés":287,"% Exp/Ins":36.98,"% Exp/Vot":82.95,"resultats":[{"N.Pan.":null,"Code Nuance":"LNC","Sexe":"M","Nom":"FLAMENGT","Prénom":"Georges","Liste":"UNIS POUR NOTRE VILLAGE : SAINT PYTHON","Sièges / Elu":"15","Sièges Secteur":0,"Sièges CC":2,"Voix":287,"% Voix/Ins":36.98,"% Voix/Exp":100}]},"population":{"F0-2":12.9443789676367,"F3-5":16.3150313427401,"F6-10":29.3825527534412,"F11-17":49.4150249974177,"F18-24":31.0973057588342,"F25-39":73.1335912188826,"F40-54":109.607927852148,"F55-64":71.9844836339221,"F65-79":85.5449088715624,"F80+":29.7268870592436,"H0-2":13.8413599462233,"H3-5":17.342191238596,"H6-10":31.7330714428355,"H11-17":53.6628185237796,"H18-24":45.5927957316265,"H25-39":68.3448566668073,"H40-54":115.322111270498,"H55-64":69.4963654080062,"H65-79":78.9757600657337,"H80+":9.53657725006517},"Analyse":{"Votes décisifs":288,"tour décisif":1,"majeurs":788.3635707873298,"Non votants de 18-24":43.03205829955143}}