{"id":5918,"slug":"59-508-roncq","nom_standard":"Roncq","code_postal":"59","code_departement":"59","libelle_departement":"Nord","code_commune":"508","Tour 1":{"Inscrits":10783,"Abstentions":7228,"% Abs/Ins":67.03,"Votants":3555,"% Vot/Ins":32.97,"Blancs":59,"% Blancs/Ins":0.55,"% Blancs/Vot":1.66,"Nuls":69,"% Nuls/Ins":0.64,"% Nuls/Vot":1.94,"Exprimés":3427,"% Exp/Ins":31.78,"% Exp/Vot":96.4,"resultats":[{"N.Pan.":null,"Code Nuance":"LDVD","Sexe":"M","Nom":"DESMET","Prénom":"Rodrigue","Liste":"Ensemble pour Roncq avec Rodrigue DESMET","Sièges / Elu":"29","Sièges Secteur":0,"Sièges CC":1,"Voix":2464,"% Voix/Ins":22.85,"% Voix/Exp":71.9},{"N.Pan.":2,"Code Nuance":"LECO","Sexe":"M","Nom":"ZAJDA","Prénom":"Eric","Liste":"Roncq Autrement","Sièges / Elu":"4","Sièges Secteur":0,"Sièges CC":0,"Voix":963,"% Voix/Ins":8.93,"% Voix/Exp":28.1}]},"population":{"F0-2":204.552782848949,"F3-5":204.046575010362,"F6-10":496.962738676657,"F11-17":702.362603443649,"F18-24":552.556177537158,"F25-39":1223.94920262007,"F40-54":1426.67354245289,"F55-64":871.932151672617,"F65-79":1074.81534987572,"F80+":459.258313330129,"H0-2":184.196917652056,"H3-5":209.184790405697,"H6-10":457.871162182875,"H11-17":689.066638172137,"H18-24":508.075078635249,"H25-39":1095.21113498183,"H40-54":1406.07801608553,"H55-64":723.33677858429,"H65-79":850.790815247534,"H80+":219.079230584611},"Analyse":{"Votes décisifs":1502,"tour décisif":1,"majeurs":10411.755791607628,"Non votants de 18-24":698.4882909357324}}