{"id":6000,"slug":"59-660-willems","nom_standard":"Willems","code_postal":"59","code_departement":"59","libelle_departement":"Nord","code_commune":"660","Tour 1":{"Inscrits":2363,"Abstentions":980,"% Abs/Ins":41.47,"Votants":1383,"% Vot/Ins":58.53,"Blancs":16,"% Blancs/Ins":0.68,"% Blancs/Vot":1.16,"Nuls":14,"% Nuls/Ins":0.59,"% Nuls/Vot":1.01,"Exprimés":1353,"% Exp/Ins":57.26,"% Exp/Vot":97.83,"resultats":[{"N.Pan.":null,"Code Nuance":"LNC","Sexe":"M","Nom":"ROLLAND","Prénom":"Thierry","Liste":"POUR MIEUX VIVRE A WILLEMS NOTRE PASSION COMMUNE 2020","Sièges / Elu":"19","Sièges Secteur":0,"Sièges CC":1,"Voix":794,"% Voix/Ins":33.6,"% Voix/Exp":58.68},{"N.Pan.":2,"Code Nuance":"LNC","Sexe":"M","Nom":"D'HULST","Prénom":"Thierry","Liste":"J'AIME WILLEMS","Sièges / Elu":"4","Sièges Secteur":0,"Sièges CC":0,"Voix":559,"% Voix/Ins":23.66,"% Voix/Exp":41.32}]},"population":{"F0-2":39.7519565111933,"F3-5":61.1153654022344,"F6-10":111.266224843438,"F11-17":140.549303004301,"F18-24":109.416463073687,"F25-39":231.837977632811,"F40-54":326.163660988945,"F55-64":194.420500274116,"F65-79":239.491221289786,"F80+":80.096233794553,"H0-2":46.4949682082826,"H3-5":58.232179660087,"H6-10":104.788231726359,"H11-17":178.253868055205,"H18-24":129.644234796081,"H25-39":228.644734026975,"H40-54":307.124970058122,"H55-64":191.126087573339,"H65-79":208.579395140574,"H80+":36.0024239399116},"Analyse":{"Votes décisifs":236,"tour décisif":1,"majeurs":2282.547902588901,"Non votants de 18-24":94.21337844269539}}