{"id":5966,"slug":"59-601-trelon","nom_standard":"Trélon","code_postal":"59","code_departement":"59","libelle_departement":"Nord","code_commune":"601","Tour 1":{"Inscrits":1927,"Abstentions":959,"% Abs/Ins":49.77,"Votants":968,"% Vot/Ins":50.23,"Blancs":16,"% Blancs/Ins":0.83,"% Blancs/Vot":1.65,"Nuls":20,"% Nuls/Ins":1.04,"% Nuls/Vot":2.07,"Exprimés":932,"% Exp/Ins":48.37,"% Exp/Vot":96.28,"resultats":[{"N.Pan.":null,"Code Nuance":"LNC","Sexe":"M","Nom":"PAVOT","Prénom":"Luc","Liste":"AGIR AUTREMENT","Sièges / Elu":"0","Sièges Secteur":0,"Sièges CC":0,"Voix":224,"% Voix/Ins":11.62,"% Voix/Exp":24.03},{"N.Pan.":2,"Code Nuance":"LNC","Sexe":"M","Nom":"REGHEM","Prénom":"Thierry","Liste":"ENSEMBLE POUR TRELON","Sièges / Elu":"0","Sièges Secteur":0,"Sièges CC":0,"Voix":444,"% Voix/Ins":23.04,"% Voix/Exp":47.64},{"N.Pan.":3,"Code Nuance":"LNC","Sexe":"M","Nom":"BONGIBAULT","Prénom":"Eric","Liste":"TRÉLON LE RENOUVEAU","Sièges / Elu":0,"Sièges CC":0,"Voix":264,"% Voix/Ins":13.7,"% Voix/Exp":28.33}]},"Tour 2":{"Inscrits":1929,"Abstentions":959,"% Abs/Ins":49.71,"Votants":970,"% Vot/Ins":50.29,"Blancs":18,"% Blancs/Ins":0.93,"% Blancs/Vot":1.86,"Nuls":11,"% Nuls/Ins":0.57,"% Nuls/Vot":1.13,"Exprimés":941,"% Exp/Ins":48.78,"% Exp/Vot":97.01,"resultats":[{"N.Pan.":2,"Code Nuance":"LNC","Sexe":"M","Nom":"REGHEM","Prénom":"Thierry","Liste":"ENSEMBLE POUR TRELON","Sièges / Elu":19,"Sièges Secteur":0,"Sièges CC":4,"Voix":588,"% Voix/Ins":30.48,"% Voix/Exp":62.49},{"N.Pan.":3,"Code Nuance":"LNC","Sexe":"M","Nom":"BONGIBAULT","Prénom":"Eric","Liste":"TRÉLON LE RENOUVEAU","Sièges / Elu":4,"Sièges Secteur":0,"Sièges CC":1,"Voix":353,"% Voix/Ins":18.3,"% Voix/Exp":37.51}]},"population":{"F0-2":42.3898108249121,"F3-5":43.1486431265397,"F6-10":91.3866266032614,"F11-17":139.775585642906,"F18-24":80.0658032758944,"F25-39":238.01792669835,"F40-54":266.744617588232,"F55-64":182.170916254873,"F65-79":202.547449860472,"F80+":147.612113613248,"H0-2":35.104763332706,"H3-5":50.2684371490615,"H6-10":110.712613300868,"H11-17":136.469389354321,"H18-24":108.038512382337,"H25-39":225.095436909014,"H40-54":262.7384080504,"H55-64":187.332121832631,"H65-79":150.760000352207,"H80+":43.6208238477654},"Analyse":{"Votes décisifs":235,"tour décisif":2,"majeurs":2094.7441306654237,"Non votants de 18-24":101.00003236300947}}