{"id":5976,"slug":"59-614-viesly","nom_standard":"Viesly","code_postal":"59","code_departement":"59","libelle_departement":"Nord","code_commune":"614","Tour 1":{"Inscrits":1061,"Abstentions":483,"% Abs/Ins":45.52,"Votants":578,"% Vot/Ins":54.48,"Blancs":19,"% Blancs/Ins":1.79,"% Blancs/Vot":3.29,"Nuls":28,"% Nuls/Ins":2.64,"% Nuls/Vot":4.84,"Exprimés":531,"% Exp/Ins":50.05,"% Exp/Vot":91.87,"resultats":[{"N.Pan.":null,"Code Nuance":"LNC","Sexe":"M","Nom":"QUARRÉ","Prénom":"Gilles","Liste":"TOUS POUR VIESLY","Sièges / Elu":"4","Sièges Secteur":0,"Sièges CC":1,"Voix":231,"% Voix/Ins":21.77,"% Voix/Exp":43.5},{"N.Pan.":2,"Code Nuance":"LNC","Sexe":"M","Nom":"DELSART","Prénom":"Denis","Liste":"VIESLY EN ROUTE VERS L'AVENIR","Sièges / Elu":"15","Sièges Secteur":0,"Sièges CC":2,"Voix":300,"% Voix/Ins":28.28,"% Voix/Exp":56.5}]},"population":{"F0-2":20.3891668189724,"F3-5":21.4208079971058,"F6-10":40.5385718561467,"F11-17":72.5890921737316,"F18-24":46.9627313095255,"F25-39":107.639043459371,"F40-54":127.509529147653,"F55-64":105.054932605868,"F65-79":114.718744541594,"F80+":70.7611762659802,"H0-2":11.6745868115411,"H3-5":31.8863971520733,"H6-10":36.6998442048883,"H11-17":58.7655313404631,"H18-24":50.6914536161336,"H25-39":134.900955830057,"H40-54":131.721309672739,"H55-64":95.7918176770265,"H65-79":83.1157432866526,"H80+":31.1685642324784},"Analyse":{"Votes décisifs":70,"tour décisif":1,"majeurs":1100.036001645079,"Non votants de 18-24":46.343028924746356}}