{"id":5974,"slug":"59-611-verlinghem","nom_standard":"Verlinghem","code_postal":"59","code_departement":"59","libelle_departement":"Nord","code_commune":"611","Tour 1":{"Inscrits":1990,"Abstentions":967,"% Abs/Ins":48.59,"Votants":1023,"% Vot/Ins":51.41,"Blancs":12,"% Blancs/Ins":0.6,"% Blancs/Vot":1.17,"Nuls":14,"% Nuls/Ins":0.7,"% Nuls/Vot":1.37,"Exprimés":997,"% Exp/Ins":50.1,"% Exp/Vot":97.46,"resultats":[{"N.Pan.":null,"Code Nuance":"LNC","Sexe":"M","Nom":"BONTE","Prénom":"Thierry","Liste":"Vivement Verlinghem","Sièges / Elu":"15","Sièges Secteur":0,"Sièges CC":1,"Voix":505,"% Voix/Ins":25.38,"% Voix/Exp":50.65},{"N.Pan.":2,"Code Nuance":"LNC","Sexe":"M","Nom":"DERVYN","Prénom":"Olivier","Liste":"VIVRE ENSEMBLE A VERLINGHEM","Sièges / Elu":"4","Sièges Secteur":0,"Sièges CC":0,"Voix":492,"% Voix/Ins":24.72,"% Voix/Exp":49.35}]},"population":{"F0-2":37.403087631435,"F3-5":46.4344658666031,"F6-10":102.02669179722,"F11-17":145.592744129529,"F18-24":86.6660615047891,"F25-39":218.238135005565,"F40-54":277.030936388278,"F55-64":200.501978787609,"F65-79":178.994451650776,"F80+":62.9662915326182,"H0-2":36.4782862160247,"H3-5":43.2813791014615,"H6-10":88.453784946317,"H11-17":99.3234309548551,"H18-24":103.687421175356,"H25-39":200.292101445576,"H40-54":286.235351678941,"H55-64":183.570915727632,"H65-79":159.080344064259,"H80+":50.7421403951556},"Analyse":{"Votes décisifs":14,"tour décisif":1,"majeurs":2008.0061293565545,"Non votants de 18-24":93.37588388955363}}