{"id":5683,"slug":"59-84-blaringhem","nom_standard":"Blaringhem","code_postal":"59","code_departement":"59","libelle_departement":"Nord","code_commune":"84","Tour 1":{"Inscrits":1636,"Abstentions":678,"% Abs/Ins":41.44,"Votants":958,"% Vot/Ins":58.56,"Blancs":26,"% Blancs/Ins":1.59,"% Blancs/Vot":2.71,"Nuls":30,"% Nuls/Ins":1.83,"% Nuls/Vot":3.13,"Exprimés":902,"% Exp/Ins":55.13,"% Exp/Vot":94.15,"resultats":[{"N.Pan.":null,"Code Nuance":"LNC","Sexe":"M","Nom":"DUQUENOY","Prénom":"Régis","Liste":"ENSEMBLE POUR BLARINGHEM","Sièges / Elu":"17","Sièges Secteur":0,"Sièges CC":1,"Voix":662,"% Voix/Ins":40.46,"% Voix/Exp":73.39},{"N.Pan.":2,"Code Nuance":"LNC","Sexe":"M","Nom":"DEVOS","Prénom":"Sébastien","Liste":"BLARINGHEM DU RENOUVEAU","Sièges / Elu":"2","Sièges Secteur":0,"Sièges CC":0,"Voix":240,"% Voix/Ins":14.67,"% Voix/Exp":26.61}]},"population":{"F0-2":26.807212195327,"F3-5":45.5732176759158,"F6-10":72.185863793417,"F11-17":91.1207318713818,"F18-24":52.7496958699646,"F25-39":188.220211186765,"F40-54":215.523193007641,"F55-64":128.642202808972,"F65-79":142.852329548966,"F80+":62.5727408600293,"H0-2":42.690607310026,"H3-5":41.6557403068893,"H6-10":81.305820631156,"H11-17":107.010102432357,"H18-24":61.6640226527981,"H25-39":194.485958411925,"H40-54":216.567387039005,"H55-64":138.510562567531,"H65-79":115.676405780226,"H80+":29.1859940497074},"Analyse":{"Votes décisifs":423,"tour décisif":1,"majeurs":1546.6507037835306,"Non votants de 18-24":43.54552438127058}}