{"id":5900,"slug":"59-478-quaedypre","nom_standard":"Quaëdypre","code_postal":"59","code_departement":"59","libelle_departement":"Nord","code_commune":"478","Tour 1":{"Inscrits":949,"Abstentions":525,"% Abs/Ins":55.32,"Votants":424,"% Vot/Ins":44.68,"Blancs":18,"% Blancs/Ins":1.9,"% Blancs/Vot":4.25,"Nuls":30,"% Nuls/Ins":3.16,"% Nuls/Vot":7.08,"Exprimés":376,"% Exp/Ins":39.62,"% Exp/Vot":88.68,"resultats":[{"N.Pan.":null,"Code Nuance":"LNC","Sexe":"M","Nom":"DEKEISTER","Prénom":"Jean-Claude","Liste":"QUAEDYPRE, VERS UNE RURALITE DYNAMIQUE","Sièges / Elu":"15","Sièges Secteur":0,"Sièges CC":3,"Voix":376,"% Voix/Ins":39.62,"% Voix/Exp":100}]},"population":{"F0-2":16.7777567523095,"F3-5":20.6572587682717,"F6-10":45.3240328407182,"F11-17":49.16098110304,"F18-24":31.7662341978729,"F25-39":108.11457150646,"F40-54":107.322840749061,"F55-64":88.3023915820773,"F65-79":68.3598275100041,"F80+":17.1594327576789,"H0-2":18.7963938473262,"H3-5":26.5634608695232,"H6-10":41.4009596604966,"H11-17":43.3054727703246,"H18-24":36.6503282555505,"H25-39":110.452138565862,"H40-54":111.229339742223,"H55-64":85.2060888297161,"H65-79":82.3692071779656,"H80+":14.0812825135183},"Analyse":{"Votes décisifs":377,"tour décisif":1,"majeurs":861.0136833879897,"Non votants de 18-24":34.72531800524467}}