{"id":5903,"slug":"59-482-quesnoy-sur-deule","nom_standard":"Quesnoy-sur-Deûle","code_postal":"59","code_departement":"59","libelle_departement":"Nord","code_commune":"482","Tour 1":{"Inscrits":5437,"Abstentions":3038,"% Abs/Ins":55.88,"Votants":2399,"% Vot/Ins":44.12,"Blancs":30,"% Blancs/Ins":0.55,"% Blancs/Vot":1.25,"Nuls":16,"% Nuls/Ins":0.29,"% Nuls/Vot":0.67,"Exprimés":2353,"% Exp/Ins":43.28,"% Exp/Vot":98.08,"resultats":[{"N.Pan.":null,"Code Nuance":"LDVD","Sexe":"M","Nom":"CROIN","Prénom":"Alexandre","Liste":"QUESNOY AVENIR","Sièges / Elu":"6","Sièges Secteur":0,"Sièges CC":0,"Voix":1096,"% Voix/Ins":20.16,"% Voix/Exp":46.58},{"N.Pan.":2,"Code Nuance":"LDVG","Sexe":"F","Nom":"HALLYNCK","Prénom":"Rose-Marie","Liste":"QUESNOY POUR TOUS NATURELLEMENT","Sièges / Elu":"23","Sièges Secteur":0,"Sièges CC":1,"Voix":1257,"% Voix/Ins":23.12,"% Voix/Exp":53.42}]},"population":{"F0-2":103.161036713576,"F3-5":131.40762217056,"F6-10":236.328031585774,"F11-17":362.804392658694,"F18-24":240.72072812789,"F25-39":598.896929253594,"F40-54":750.652931099692,"F55-64":440.102563953307,"F65-79":460.282249585065,"F80+":250.854747673936,"H0-2":113.396221716312,"H3-5":145.523859100748,"H6-10":246.126745380946,"H11-17":360.165676552488,"H18-24":277.82525897687,"H25-39":575.559843756057,"H40-54":731.739830088266,"H55-64":455.983090694789,"H65-79":380.628477096834,"H80+":122.839763814603},"Analyse":{"Votes décisifs":162,"tour décisif":1,"majeurs":5286.086414120903,"Non votants de 18-24":283.2127508297719}}