{"id":5904,"slug":"59-484-quievrechain","nom_standard":"Quiévrechain","code_postal":"59","code_departement":"59","libelle_departement":"Nord","code_commune":"484","Tour 1":{"Inscrits":3790,"Abstentions":1989,"% Abs/Ins":52.48,"Votants":1801,"% Vot/Ins":47.52,"Blancs":16,"% Blancs/Ins":0.42,"% Blancs/Vot":0.89,"Nuls":46,"% Nuls/Ins":1.21,"% Nuls/Vot":2.55,"Exprimés":1739,"% Exp/Ins":45.88,"% Exp/Vot":96.56,"resultats":[{"N.Pan.":null,"Code Nuance":"LFI","Sexe":"M","Nom":"KOLEBACKI","Prénom":"Patrick","Liste":"DECIDEZ POUR QUIEVRECHAIN","Sièges / Elu":"2","Sièges Secteur":0,"Sièges CC":0,"Voix":255,"% Voix/Ins":6.73,"% Voix/Exp":14.66},{"N.Pan.":2,"Code Nuance":"LDIV","Sexe":"M","Nom":"GRINER","Prénom":"Pierre","Liste":"QUIEVRECHAIN AVEC PASSION ET AMBITION","Sièges / Elu":"24","Sièges Secteur":0,"Sièges CC":3,"Voix":1032,"% Voix/Ins":27.23,"% Voix/Exp":59.34},{"N.Pan.":3,"Code Nuance":"LDVG","Sexe":"F","Nom":"GUISGAND-CHEVAL","Prénom":"Fernande","Liste":"AVEC VOUS, RELEVONS QUIEVRECHAIN","Sièges / Elu":3,"Sièges CC":0,"Voix":366,"% Voix/Ins":9.66,"% Voix/Exp":21.05},{"N.Pan.":4,"Code Nuance":"LDIV","Sexe":"F","Nom":"KAMINSKI","Prénom":"Laurence Géraldine","Liste":"TOUTES NOS FORCES POUR QUIEVRECHAIN","Sièges / Elu":0,"Sièges CC":0,"Voix":86,"% Voix/Ins":2.27,"% Voix/Exp":4.95}]},"population":{"F0-2":152.217697512017,"F3-5":149.234337591817,"F6-10":249.455434279447,"F11-17":314.159076685941,"F18-24":223.372059587169,"F25-39":599.370635248517,"F40-54":587.095174890113,"F55-64":370.831332207753,"F65-79":436.512529303167,"F80+":214.776385709094,"H0-2":158.277658719235,"H3-5":161.206946720734,"H6-10":281.165053376368,"H11-17":362.030088264193,"H18-24":273.067953366568,"H25-39":589.93594910356,"H40-54":550.986841779571,"H55-64":293.428941983207,"H65-79":305.661264677238,"H80+":81.2146389942906},"Analyse":{"Votes décisifs":326,"tour décisif":1,"majeurs":4526.253706850248,"Non votants de 18-24":298.90613146217936}}