{"id":5913,"slug":"59-499-rexpoede","nom_standard":"Rexpoëde","code_postal":"59","code_departement":"59","libelle_departement":"Nord","code_commune":"499","Tour 1":{"Inscrits":1480,"Abstentions":997,"% Abs/Ins":67.36,"Votants":483,"% Vot/Ins":32.64,"Blancs":32,"% Blancs/Ins":2.16,"% Blancs/Vot":6.63,"Nuls":65,"% Nuls/Ins":4.39,"% Nuls/Vot":13.46,"Exprimés":386,"% Exp/Ins":26.08,"% Exp/Vot":79.92,"resultats":[{"N.Pan.":null,"Code Nuance":"LNC","Sexe":"M","Nom":"BRONGNIART","Prénom":"Bruno","Liste":"Rexpoëde Naturellement","Sièges / Elu":"19","Sièges Secteur":0,"Sièges CC":2,"Voix":386,"% Voix/Ins":26.08,"% Voix/Exp":100}]},"population":{"F0-2":34.2399919499948,"F3-5":38.7178813351049,"F6-10":85.1682644948296,"F11-17":108.819889032603,"F18-24":59.5448976184698,"F25-39":169.677589103809,"F40-54":216.773325109151,"F55-64":122.959503822088,"F65-79":100.522923702385,"F80+":57.2225938287119,"H0-2":31.9261151625796,"H3-5":37.6851861801976,"H6-10":90.901126883531,"H11-17":120.038567778682,"H18-24":65.2924026403301,"H25-39":173.308959383221,"H40-54":220.298067822398,"H55-64":105.945259308475,"H65-79":120.066666710475,"H80+":40.8907881329643},"Analyse":{"Votes décisifs":387,"tour décisif":1,"majeurs":1452.502977182478,"Non votants de 18-24":83.3252228502141}}