{"id":5914,"slug":"59-501-rieulay","nom_standard":"Rieulay","code_postal":"59","code_departement":"59","libelle_departement":"Nord","code_commune":"501","Tour 1":{"Inscrits":1023,"Abstentions":529,"% Abs/Ins":51.71,"Votants":494,"% Vot/Ins":48.29,"Blancs":8,"% Blancs/Ins":0.78,"% Blancs/Vot":1.62,"Nuls":6,"% Nuls/Ins":0.59,"% Nuls/Vot":1.21,"Exprimés":480,"% Exp/Ins":46.92,"% Exp/Vot":97.17,"resultats":[{"N.Pan.":null,"Code Nuance":"LNC","Sexe":"M","Nom":"DUPUICH","Prénom":"Luc","Liste":"UNION DEMOCRATIQUE POUR L'AVENIR DE RIEULAY","Sièges / Elu":"2","Sièges Secteur":0,"Sièges CC":0,"Voix":160,"% Voix/Ins":15.64,"% Voix/Exp":33.33},{"N.Pan.":2,"Code Nuance":"LNC","Sexe":"M","Nom":"DELECLUSE","Prénom":"Marc","Liste":"ENSEMBLE POUR RIEULAY,NOTRE VILLAGE","Sièges / Elu":"13","Sièges Secteur":0,"Sièges CC":1,"Voix":320,"% Voix/Ins":31.28,"% Voix/Exp":66.67}]},"population":{"F0-2":12.7133461715636,"F3-5":13.6726290339055,"F6-10":35.208119228656,"F11-17":45.635533711148,"F18-24":32.6855013647745,"F25-39":87.9699020441037,"F40-54":111.121108162146,"F55-64":105.384882661189,"F65-79":120.939719180178,"F80+":90.1581631626447,"H0-2":15.6263941019535,"H3-5":16.543691600045,"H6-10":42.8942249108266,"H11-17":44.622563767205,"H18-24":49.59384577761,"H25-39":89.4432189763697,"H40-54":116.011292609521,"H55-64":99.1232877034672,"H65-79":89.1872567576706,"H80+":39.4653190750226},"Analyse":{"Votes décisifs":161,"tour décisif":1,"majeurs":1031.083497474697,"Non votants de 18-24":42.85868180549659}}