{"id":594,"slug":"8-282-maubert-fontaine","nom_standard":"Maubert-Fontaine","code_postal":"8","code_departement":"8","libelle_departement":"Ardennes","code_commune":"282","Tour 1":{"Inscrits":683,"Abstentions":363,"% Abs/Ins":53.15,"Votants":320,"% Vot/Ins":46.85,"Blancs":11,"% Blancs/Ins":1.61,"% Blancs/Vot":3.44,"Nuls":100,"% Nuls/Ins":14.64,"% Nuls/Vot":31.25,"Exprimés":209,"% Exp/Ins":30.6,"% Exp/Vot":65.31,"resultats":[{"N.Pan.":null,"Code Nuance":"LNC","Sexe":"M","Nom":"BRESSY","Prénom":"Dany","Liste":"MAUBERT-FONTAINE 2020","Sièges / Elu":"15","Sièges Secteur":0,"Sièges CC":5,"Voix":209,"% Voix/Ins":30.6,"% Voix/Exp":100}]},"population":{"F0-2":21.3107381484468,"F3-5":20.5009344178301,"F6-10":29.0056869148759,"F11-17":50.585063507357,"F18-24":36.561808062483,"F25-39":91.8498876272211,"F40-54":94.9925536692607,"F55-64":70.9669665361012,"F65-79":71.0071800693907,"F80+":34.4658997867462,"H0-2":26.4358453752974,"H3-5":27.4366504359875,"H6-10":35.9708465521613,"H11-17":53.4232590149466,"H18-24":26.7626404526833,"H25-39":96.6675483818786,"H40-54":91.0959329794135,"H55-64":57.3624485587498,"H65-79":73.0583463767184,"H80+":21.5397631324508},"Analyse":{"Votes décisifs":210,"tour décisif":1,"majeurs":766.3309756330973,"Non votants de 18-24":36.881796228910424}}