{"id":5957,"slug":"59-581-steenwerck","nom_standard":"Steenwerck","code_postal":"59","code_departement":"59","libelle_departement":"Nord","code_commune":"581","Tour 1":{"Inscrits":2768,"Abstentions":1852,"% Abs/Ins":66.91,"Votants":916,"% Vot/Ins":33.09,"Blancs":36,"% Blancs/Ins":1.3,"% Blancs/Vot":3.93,"Nuls":64,"% Nuls/Ins":2.31,"% Nuls/Vot":6.99,"Exprimés":816,"% Exp/Ins":29.48,"% Exp/Vot":89.08,"resultats":[{"N.Pan.":null,"Code Nuance":"LDVC","Sexe":"M","Nom":"DEVOS","Prénom":"Joël","Liste":"Liste conduite par M. Joël DEVOS","Sièges / Elu":"27","Sièges Secteur":0,"Sièges CC":3,"Voix":816,"% Voix/Ins":29.48,"% Voix/Exp":100}]},"population":{"F0-2":52.2226478964056,"F3-5":69.2131572454701,"F6-10":107.837143506371,"F11-17":178.116718527634,"F18-24":115.680746954578,"F25-39":290.361935177491,"F40-54":378.001803360785,"F55-64":240.594869683579,"F65-79":233.980076118162,"F80+":146.284964217838,"H0-2":51.826850003505,"H3-5":53.1045428283402,"H6-10":126.15239026449,"H11-17":177.003754745254,"H18-24":145.790268320127,"H25-39":298.515216086103,"H40-54":357.525578723741,"H55-64":260.187632817479,"H65-79":231.101087817773,"H80+":92.4986157048734},"Analyse":{"Votes décisifs":817,"tour décisif":1,"majeurs":2790.5227949825294,"Non votants de 18-24":175.6421338829193}}