{"id":597,"slug":"8-311-mouzon","nom_standard":"Mouzon","code_postal":"8","code_departement":"8","libelle_departement":"Ardennes","code_commune":"311","Tour 1":{"Inscrits":1652,"Abstentions":864,"% Abs/Ins":52.3,"Votants":788,"% Vot/Ins":47.7,"Blancs":9,"% Blancs/Ins":0.54,"% Blancs/Vot":1.14,"Nuls":20,"% Nuls/Ins":1.21,"% Nuls/Vot":2.54,"Exprimés":759,"% Exp/Ins":45.94,"% Exp/Vot":96.32,"resultats":[{"N.Pan.":null,"Code Nuance":"LNC","Sexe":"M","Nom":"BIHIN","Prénom":"Lionel","Liste":"VIVONS NOTRE CITE","Sièges / Elu":"5","Sièges Secteur":0,"Sièges CC":1,"Voix":330,"% Voix/Ins":19.98,"% Voix/Exp":43.48},{"N.Pan.":2,"Code Nuance":"LNC","Sexe":"M","Nom":"RENARD","Prénom":"Alain","Liste":"ENERGIE ET ACTIONS POUR MOUZON","Sièges / Elu":"18","Sièges Secteur":0,"Sièges CC":5,"Voix":429,"% Voix/Ins":25.97,"% Voix/Exp":56.52}]},"population":{"F0-2":27.8727970349045,"F3-5":39.8350240657324,"F6-10":57.7480649089824,"F11-17":88.5353330962192,"F18-24":63.0171929249783,"F25-39":149.610640110665,"F40-54":208.005850950582,"F55-64":148.502004820198,"F65-79":220.957612386857,"F80+":153.631079395365,"H0-2":31.8589747748186,"H3-5":27.8842746365039,"H6-10":67.6049910726748,"H11-17":89.62628581236,"H18-24":65.958255127449,"H25-39":169.944142088311,"H40-54":201.048989095197,"H55-64":162.466416209665,"H65-79":173.651837861829,"H80+":79.2402336267068},"Analyse":{"Votes décisifs":100,"tour décisif":1,"majeurs":1796.0342545978028,"Non votants de 18-24":72.38819042906312}}