{"id":5972,"slug":"59-609-vendeville","nom_standard":"Vendeville","code_postal":"59","code_departement":"59","libelle_departement":"Nord","code_commune":"609","Tour 1":{"Inscrits":1377,"Abstentions":651,"% Abs/Ins":47.28,"Votants":726,"% Vot/Ins":52.72,"Blancs":11,"% Blancs/Ins":0.8,"% Blancs/Vot":1.52,"Nuls":10,"% Nuls/Ins":0.73,"% Nuls/Vot":1.38,"Exprimés":705,"% Exp/Ins":51.2,"% Exp/Vot":97.11,"resultats":[{"N.Pan.":null,"Code Nuance":"LNC","Sexe":"M","Nom":"DUCHEMIN","Prénom":"Jean-François","Liste":"VIVRE ENSEMBLE VENDEVILLE","Sièges / Elu":"3","Sièges Secteur":0,"Sièges CC":0,"Voix":260,"% Voix/Ins":18.88,"% Voix/Exp":36.88},{"N.Pan.":2,"Code Nuance":"LNC","Sexe":"M","Nom":"PROISY","Prénom":"Ludovic","Liste":"AVPV","Sièges / Elu":"16","Sièges Secteur":0,"Sièges CC":1,"Voix":445,"% Voix/Ins":32.32,"% Voix/Exp":63.12}]},"population":{"F0-2":19.7285649180883,"F3-5":25.4977370077381,"F6-10":34.2201685348548,"F11-17":74.3549235293342,"F18-24":54.3790103639128,"F25-39":130.571535245033,"F40-54":188.603706081094,"F55-64":140.175793825474,"F65-79":103.794322671235,"F80+":32.3976868158831,"H0-2":24.7737191147538,"H3-5":20.1675182847477,"H6-10":37.1150425336131,"H11-17":74.5712415837604,"H18-24":50.1023401992867,"H25-39":129.829735826634,"H40-54":173.560851681982,"H55-64":121.85116137123,"H65-79":101.942896223214,"H80+":10.3620441881305},"Analyse":{"Votes décisifs":186,"tour décisif":1,"majeurs":1237.5710844931093,"Non votants de 18-24":43.189145647187516}}