{"id":5975,"slug":"59-613-vicq","nom_standard":"Vicq","code_postal":"59","code_departement":"59","libelle_departement":"Nord","code_commune":"613","Tour 1":{"Inscrits":952,"Abstentions":676,"% Abs/Ins":71.01,"Votants":276,"% Vot/Ins":28.99,"Blancs":8,"% Blancs/Ins":0.84,"% Blancs/Vot":2.9,"Nuls":34,"% Nuls/Ins":3.57,"% Nuls/Vot":12.32,"Exprimés":234,"% Exp/Ins":24.58,"% Exp/Vot":84.78,"resultats":[{"N.Pan.":null,"Code Nuance":"LNC","Sexe":"M","Nom":"DULION","Prénom":"Jean-Charles","Liste":"VICQ ENSEMBLE","Sièges / Elu":"15","Sièges Secteur":0,"Sièges CC":1,"Voix":234,"% Voix/Ins":24.58,"% Voix/Exp":100}]},"population":{"F0-2":21.9429576046842,"F3-5":32.9285192557269,"F6-10":62.8124755415059,"F11-17":72.7504078438591,"F18-24":54.9637481054068,"F25-39":141.949054051685,"F40-54":153.058378723088,"F55-64":92.430882207269,"F65-79":90.5511732130103,"F80+":26.1596014070542,"H0-2":32.9355078725895,"H3-5":28.9385624209322,"H6-10":57.8134937948623,"H11-17":79.7741904535053,"H18-24":54.9845388389901,"H25-39":112.026320508905,"H40-54":167.124520932894,"H55-64":90.3559141843116,"H65-79":79.4272335167571,"H80+":12.0725195229639},"Analyse":{"Votes décisifs":235,"tour décisif":1,"majeurs":1075.103885212335,"Non votants de 18-24":81.72243117915593}}