{"id":5993,"slug":"59-648-wattignies","nom_standard":"Wattignies","code_postal":"59","code_departement":"59","libelle_departement":"Nord","code_commune":"648","Tour 1":{"Inscrits":9528,"Abstentions":6139,"% Abs/Ins":64.43,"Votants":3389,"% Vot/Ins":35.57,"Blancs":43,"% Blancs/Ins":0.45,"% Blancs/Vot":1.27,"Nuls":58,"% Nuls/Ins":0.61,"% Nuls/Vot":1.71,"Exprimés":3288,"% Exp/Ins":34.51,"% Exp/Vot":97.02,"resultats":[{"N.Pan.":null,"Code Nuance":"LDVG","Sexe":"M","Nom":"NIMAL","Prénom":"Jean-Claude","Liste":"Wattignies : l'avenir en commun","Sièges / Elu":"1","Sièges Secteur":0,"Sièges CC":0,"Voix":345,"% Voix/Ins":3.62,"% Voix/Exp":10.49},{"N.Pan.":2,"Code Nuance":"LECO","Sexe":"F","Nom":"HERBAUT","Prénom":"Francine","Liste":"AVEC VOUS WATTIGNIES AUTREMENT","Sièges / Elu":"4","Sièges Secteur":0,"Sièges CC":0,"Voix":804,"% Voix/Ins":8.44,"% Voix/Exp":24.45},{"N.Pan.":3,"Code Nuance":"LDVD","Sexe":"M","Nom":"PLUSS","Prénom":"Alain","Liste":"WATTIGNIES C'EST VOUS","Sièges / Elu":27,"Sièges CC":2,"Voix":1822,"% Voix/Ins":19.12,"% Voix/Exp":55.41},{"N.Pan.":4,"Code Nuance":"LREM","Sexe":"M","Nom":"PLANQUART","Prénom":"Christophe","Liste":"VIVRE WATTIGNIES","Sièges / Elu":1,"Sièges CC":0,"Voix":317,"% Voix/Ins":3.33,"% Voix/Exp":9.64}]},"population":{"F0-2":266.880616248403,"F3-5":280.009134440017,"F6-10":516.837281644778,"F11-17":730.00422935403,"F18-24":731.292235895251,"F25-39":1624.25335164768,"F40-54":1338.66687432709,"F55-64":952.705150685984,"F65-79":1175.86307193847,"F80+":569.101725569804,"H0-2":350.132341953808,"H3-5":303.779935317062,"H6-10":592.928873743609,"H11-17":625.540688187052,"H18-24":704.784284596662,"H25-39":1440.43078218971,"H40-54":1325.12719437557,"H55-64":761.893814369651,"H65-79":868.841413730731,"H80+":212.926999784625},"Analyse":{"Votes décisifs":357,"tour décisif":1,"majeurs":11705.886899111232,"Non votants de 18-24":1020.3144881151429}}