{"id":452,"slug":"6-120-saint-etienne-de-tinee","nom_standard":"Saint-Etienne-de-Tinée","code_postal":"6","code_departement":"6","libelle_departement":"Alpes-Maritimes","code_commune":"120","Tour 1":{"Inscrits":1406,"Abstentions":439,"% Abs/Ins":31.22,"Votants":967,"% Vot/Ins":68.78,"Blancs":135,"% Blancs/Ins":9.6,"% Blancs/Vot":13.96,"Nuls":150,"% Nuls/Ins":10.67,"% Nuls/Vot":15.51,"Exprimés":682,"% Exp/Ins":48.51,"% Exp/Vot":70.53,"resultats":[{"N.Pan.":null,"Code Nuance":"LNC","Sexe":"F","Nom":"FABRON","Prénom":"Colette","Liste":"\"Ensemble, allons plus loin\"","Sièges / Elu":"19","Sièges Secteur":0,"Sièges CC":1,"Voix":682,"% Voix/Ins":48.51,"% Voix/Exp":100}]},"population":{"F0-2":12.1997080348469,"F3-5":13.6943229503584,"F6-10":20.3299443879411,"F11-17":45.1272005552854,"F18-24":29.2885491137971,"F25-39":121.252620705653,"F40-54":125.94323008431,"F55-64":118.884729014693,"F65-79":127.838056208652,"F80+":66.5024886409974,"H0-2":15.6643428390182,"H3-5":25.4498734012761,"H6-10":30.2553358822294,"H11-17":53.6320629175601,"H18-24":25.9123030937955,"H25-39":118.868349407378,"H40-54":144.191660157093,"H55-64":122.196994493428,"H65-79":150.074558199636,"H80+":45.6936699120509},"Analyse":{"Votes décisifs":683,"tour décisif":1,"majeurs":1196.6472090314837,"Non votants de 18-24":10.59353295604397}}