{"id":459,"slug":"6-130-saint-vallier-de-thiey","nom_standard":"Saint-Vallier-de-Thiey","code_postal":"6","code_departement":"6","libelle_departement":"Alpes-Maritimes","code_commune":"130","Tour 1":{"Inscrits":2867,"Abstentions":1839,"% Abs/Ins":64.14,"Votants":1028,"% Vot/Ins":35.86,"Blancs":36,"% Blancs/Ins":1.26,"% Blancs/Vot":3.5,"Nuls":41,"% Nuls/Ins":1.43,"% Nuls/Vot":3.99,"Exprimés":951,"% Exp/Ins":33.17,"% Exp/Vot":92.51,"resultats":[{"N.Pan.":null,"Code Nuance":"LDVD","Sexe":"M","Nom":"DELIA","Prénom":"Jean-Marc","Liste":"Saint-Vallier-de-Thiey naturellement","Sièges / Elu":"27","Sièges Secteur":0,"Sièges CC":2,"Voix":951,"% Voix/Ins":33.17,"% Voix/Exp":100}]},"population":{"F0-2":49.1478582194503,"F3-5":71.9145772772299,"F6-10":111.664388097118,"F11-17":190.413099693081,"F18-24":109.575930441035,"F25-39":298.676253487261,"F40-54":437.582786920317,"F55-64":270.407066758715,"F65-79":216.631142807833,"F80+":75.5156620930465,"H0-2":47.2670103147768,"H3-5":71.2034274617725,"H6-10":146.759358730167,"H11-17":215.49297178631,"H18-24":106.351956896483,"H25-39":302.128679653628,"H40-54":441.560000363709,"H55-64":247.195613644759,"H65-79":196.478855047651,"H80+":65.0333603056591},"Analyse":{"Votes décisifs":952,"tour décisif":1,"majeurs":2767.137308420097,"Non votants de 18-24":135.71001469797594}}