{"id":472,"slug":"6-161-villeneuve-loubet","nom_standard":"Villeneuve-Loubet","code_postal":"6","code_departement":"6","libelle_departement":"Alpes-Maritimes","code_commune":"161","Tour 1":{"Inscrits":11854,"Abstentions":7041,"% Abs/Ins":59.4,"Votants":4813,"% Vot/Ins":40.6,"Blancs":319,"% Blancs/Ins":2.69,"% Blancs/Vot":6.63,"Nuls":0,"% Nuls/Ins":0,"% Nuls/Vot":0,"Exprimés":4494,"% Exp/Ins":37.91,"% Exp/Vot":93.37,"resultats":[{"N.Pan.":null,"Code Nuance":"LLR","Sexe":"M","Nom":"LUCA","Prénom":"Lionnel","Liste":"TOUS POUR VILLENVEUVE-LOUBET","Sièges / Elu":"32","Sièges Secteur":0,"Sièges CC":6,"Voix":3977,"% Voix/Ins":33.55,"% Voix/Exp":88.5},{"N.Pan.":2,"Code Nuance":"LRN","Sexe":"M","Nom":"VINCENDET","Prénom":"Jean-Pierre","Liste":"RASSEMBLEMENT VILLENEUVOIS","Sièges / Elu":"1","Sièges Secteur":0,"Sièges CC":0,"Voix":517,"% Voix/Ins":4.36,"% Voix/Exp":11.5}]},"population":{"F0-2":255.289281640991,"F3-5":281.505402551459,"F6-10":391.449141965491,"F11-17":614.671735946462,"F18-24":423.046359326968,"F25-39":1554.68106296449,"F40-54":1847.17107611406,"F55-64":1214.63850890826,"F65-79":1366.30903386426,"F80+":593.570828184163,"H0-2":230.907228336111,"H3-5":300.428308444137,"H6-10":468.573003964666,"H11-17":625.269397158063,"H18-24":539.739722592381,"H25-39":1378.50718331904,"H40-54":1637.69872195913,"H55-64":923.084457568034,"H65-79":1261.630111234,"H80+":420.829433957841},"Analyse":{"Votes décisifs":3461,"tour décisif":1,"majeurs":13160.906499992629,"Non votants de 18-24":610.6910790196307}}