{"id":403,"slug":"6-18-biot","nom_standard":"Biot","code_postal":"6","code_departement":"6","libelle_departement":"Alpes-Maritimes","code_commune":"18","Tour 1":{"Inscrits":7445,"Abstentions":3650,"% Abs/Ins":49.03,"Votants":3795,"% Vot/Ins":50.97,"Blancs":24,"% Blancs/Ins":0.32,"% Blancs/Vot":0.63,"Nuls":67,"% Nuls/Ins":0.9,"% Nuls/Vot":1.77,"Exprimés":3704,"% Exp/Ins":49.75,"% Exp/Vot":97.6,"resultats":[{"N.Pan.":null,"Code Nuance":"LLR","Sexe":"M","Nom":"DERMIT","Prénom":"Jean-Pierre","Liste":"AIMER BIOT DEMAIN, C'EST MAINTENANT !","Sièges / Elu":"23","Sièges Secteur":0,"Sièges CC":3,"Voix":1959,"% Voix/Ins":26.31,"% Voix/Exp":52.89},{"N.Pan.":2,"Code Nuance":"LDIV","Sexe":"F","Nom":"DESCHAINTRES","Prénom":"Sophie","Liste":"ADN BIOT","Sièges / Elu":"2","Sièges Secteur":0,"Sièges CC":0,"Voix":619,"% Voix/Ins":8.31,"% Voix/Exp":16.71},{"N.Pan.":3,"Code Nuance":"LDIV","Sexe":"F","Nom":"DEBRAS","Prénom":"Guilaine","Liste":"GUILAINE DEBRAS, L'AVENIR AU COEUR","Sièges / Elu":4,"Sièges CC":1,"Voix":1126,"% Voix/Ins":15.12,"% Voix/Exp":30.4}]},"population":{"F0-2":112.311607734275,"F3-5":136.474041136796,"F6-10":260.712780400289,"F11-17":437.409042950135,"F18-24":378.918954881322,"F25-39":714.539339398594,"F40-54":1182.65941561573,"F55-64":706.529781379522,"F65-79":650.810024249659,"F80+":261.125129447196,"H0-2":105.440674193023,"H3-5":138.484939851615,"H6-10":295.279736445811,"H11-17":433.469576318301,"H18-24":557.262546420314,"H25-39":720.909681686711,"H40-54":1065.39629839403,"H55-64":625.586650539386,"H65-79":610.781368292758,"H80+":180.898410664527},"Analyse":{"Votes décisifs":215,"tour décisif":1,"majeurs":7655.4176009697485,"Non votants de 18-24":472.09071192527887}}