{"id":407,"slug":"6-26-cabris","nom_standard":"Cabris","code_postal":"6","code_departement":"6","libelle_departement":"Alpes-Maritimes","code_commune":"26","Tour 1":{"Inscrits":1232,"Abstentions":634,"% Abs/Ins":51.46,"Votants":598,"% Vot/Ins":48.54,"Blancs":2,"% Blancs/Ins":0.16,"% Blancs/Vot":0.33,"Nuls":23,"% Nuls/Ins":1.87,"% Nuls/Vot":3.85,"Exprimés":573,"% Exp/Ins":46.51,"% Exp/Vot":95.82,"resultats":[{"N.Pan.":null,"Code Nuance":"LNC","Sexe":"M","Nom":"REPELLIN VILLARD","Prénom":"Christian","Liste":"Pour Cabris avec vous","Sièges / Elu":"2","Sièges Secteur":0,"Sièges CC":0,"Voix":149,"% Voix/Ins":12.09,"% Voix/Exp":26},{"N.Pan.":2,"Code Nuance":"LNC","Sexe":"M","Nom":"BORNET","Prénom":"Pierre","Liste":"CABRIS ENCORE PASSIONNEMENT","Sièges / Elu":"13","Sièges Secteur":0,"Sièges CC":1,"Voix":424,"% Voix/Ins":34.42,"% Voix/Exp":74}]},"population":{"F0-2":15.1147816792848,"F3-5":13.0863744278141,"F6-10":33.2288829986302,"F11-17":55.3935248856309,"F18-24":36.2155524101507,"F25-39":81.4628462437297,"F40-54":128.63508871163,"F55-64":125.376619337464,"F65-79":160.363945171247,"F80+":63.1233153981669,"H0-2":17.0903889875162,"H3-5":16.1131315747069,"H6-10":42.2817302150705,"H11-17":61.4068361016673,"H18-24":35.2003089625068,"H25-39":85.4437639764911,"H40-54":123.622175802957,"H55-64":96.3371986059836,"H65-79":148.383440935893,"H80+":48.1200935734596},"Analyse":{"Votes décisifs":276,"tour décisif":1,"majeurs":1132.2843491296796,"Non votants de 18-24":33.698582021692964}}