{"id":411,"slug":"6-31-cantaron","nom_standard":"Cantaron","code_postal":"6","code_departement":"6","libelle_departement":"Alpes-Maritimes","code_commune":"31","Tour 1":{"Inscrits":1132,"Abstentions":760,"% Abs/Ins":67.14,"Votants":372,"% Vot/Ins":32.86,"Blancs":20,"% Blancs/Ins":1.77,"% Blancs/Vot":5.38,"Nuls":23,"% Nuls/Ins":2.03,"% Nuls/Vot":6.18,"Exprimés":329,"% Exp/Ins":29.06,"% Exp/Vot":88.44,"resultats":[{"N.Pan.":null,"Code Nuance":"LNC","Sexe":"M","Nom":"BRANDA","Prénom":"Gérard","Liste":"@venir Cantaron","Sièges / Elu":"15","Sièges Secteur":0,"Sièges CC":2,"Voix":329,"% Voix/Ins":29.06,"% Voix/Exp":100}]},"population":{"F0-2":7.80687803728379,"F3-5":16.3595174053248,"F6-10":28.8619122676503,"F11-17":57.8532196007782,"F18-24":29.399769944825,"F25-39":77.6687662155198,"F40-54":126.794499417021,"F55-64":117.570705854251,"F65-79":133.353596750191,"F80+":39.7340866807539,"H0-2":7.71731055831722,"H3-5":22.139489520022,"H6-10":36.4461954619864,"H11-17":58.7741565267653,"H18-24":38.9082279212948,"H25-39":69.8624344849468,"H40-54":137.429422583165,"H55-64":122.779011644592,"H65-79":137.151842350017,"H80+":26.3889567752946},"Analyse":{"Votes décisifs":330,"tour décisif":1,"majeurs":1057.041320621872,"Non votants de 18-24":44.26865833372842}}