{"id":412,"slug":"6-32-cap-d-ail","nom_standard":"Cap-d'Ail","code_postal":"6","code_departement":"6","libelle_departement":"Alpes-Maritimes","code_commune":"32","Tour 1":{"Inscrits":3270,"Abstentions":1820,"% Abs/Ins":55.66,"Votants":1450,"% Vot/Ins":44.34,"Blancs":21,"% Blancs/Ins":0.64,"% Blancs/Vot":1.45,"Nuls":17,"% Nuls/Ins":0.52,"% Nuls/Vot":1.17,"Exprimés":1412,"% Exp/Ins":43.18,"% Exp/Vot":97.38,"resultats":[{"N.Pan.":null,"Code Nuance":"LLR","Sexe":"M","Nom":"BECK","Prénom":"Xavier","Liste":"CAP D'AIL AVENIR","Sièges / Elu":"23","Sièges Secteur":0,"Sièges CC":1,"Voix":953,"% Voix/Ins":29.14,"% Voix/Exp":67.49},{"N.Pan.":2,"Code Nuance":"LDIV","Sexe":"M","Nom":"POMMERET","Prénom":"Romain","Liste":"CAP D'AIL DE DEMAIN","Sièges / Elu":"4","Sièges Secteur":0,"Sièges CC":0,"Voix":459,"% Voix/Ins":14.04,"% Voix/Exp":32.51}]},"population":{"F0-2":57.6052280802728,"F3-5":61.5974549574118,"F6-10":118.098862967378,"F11-17":173.807135590648,"F18-24":120.507289502432,"F25-39":421.639390394078,"F40-54":547.350516008369,"F55-64":318.029576319003,"F65-79":353.50187680579,"F80+":216.433220627279,"H0-2":66.581641088694,"H3-5":63.5548576090294,"H6-10":145.890435408895,"H11-17":198.629153716001,"H18-24":157.383680644954,"H25-39":380.987045027162,"H40-54":472.540058644425,"H55-64":284.675413827151,"H65-79":256.053069964347,"H80+":102.134092816681},"Analyse":{"Votes décisifs":495,"tour décisif":1,"majeurs":3631.2352305816703,"Non votants de 18-24":166.9254498417339}}