{"id":416,"slug":"6-38-chateauneuf-grasse","nom_standard":"Châteauneuf-Grasse","code_postal":"6","code_departement":"6","libelle_departement":"Alpes-Maritimes","code_commune":"38","Tour 1":{"Inscrits":2393,"Abstentions":1632,"% Abs/Ins":68.2,"Votants":761,"% Vot/Ins":31.8,"Blancs":43,"% Blancs/Ins":1.8,"% Blancs/Vot":5.65,"Nuls":29,"% Nuls/Ins":1.21,"% Nuls/Vot":3.81,"Exprimés":689,"% Exp/Ins":28.79,"% Exp/Vot":90.54,"resultats":[{"N.Pan.":null,"Code Nuance":"LDIV","Sexe":"M","Nom":"DELMOTTE","Prénom":"Emmanuel","Liste":"Un avenir durable pour Châteaneuf","Sièges / Elu":"27","Sièges Secteur":0,"Sièges CC":2,"Voix":689,"% Voix/Ins":28.79,"% Voix/Exp":100}]},"population":{"F0-2":48.852421075763,"F3-5":77.4502050959606,"F6-10":123.118337850885,"F11-17":136.284678892532,"F18-24":80.2335553345291,"F25-39":281.998805953412,"F40-54":415.436775525009,"F55-64":235.210728640479,"F65-79":323.313684773368,"F80+":234.690279977894,"H0-2":51.8810117552505,"H3-5":60.1094165877696,"H6-10":85.5435087205022,"H11-17":175.994337324482,"H18-24":96.4105144810282,"H25-39":265.408131692682,"H40-54":376.901693296832,"H55-64":249.346210198882,"H65-79":265.271373264733,"H80+":106.544329558007},"Analyse":{"Votes décisifs":690,"tour décisif":1,"majeurs":2930.7660826968554,"Non votants de 18-24":130.77683465022406}}