{"id":419,"slug":"6-48-contes","nom_standard":"Contes","code_postal":"6","code_departement":"6","libelle_departement":"Alpes-Maritimes","code_commune":"48","Tour 1":{"Inscrits":5483,"Abstentions":2528,"% Abs/Ins":46.11,"Votants":2955,"% Vot/Ins":53.89,"Blancs":64,"% Blancs/Ins":1.17,"% Blancs/Vot":2.17,"Nuls":56,"% Nuls/Ins":1.02,"% Nuls/Vot":1.9,"Exprimés":2835,"% Exp/Ins":51.71,"% Exp/Vot":95.94,"resultats":[{"N.Pan.":null,"Code Nuance":"LDVG","Sexe":"M","Nom":"TUJAGUE","Prénom":"Francis","Liste":"CONTES ENSEMBLE","Sièges / Elu":"27","Sièges Secteur":0,"Sièges CC":9,"Voix":2313,"% Voix/Ins":42.18,"% Voix/Exp":81.59},{"N.Pan.":2,"Code Nuance":"LDVD","Sexe":"M","Nom":"CERAGIOLI","Prénom":"Christophe","Liste":"LISTE D'UNION ET DE RASSEMBLEMENT DE L'OLIVIER - CONTES AVENIR","Sièges / Elu":"1","Sièges Secteur":0,"Sièges CC":0,"Voix":214,"% Voix/Ins":3.9,"% Voix/Exp":7.55},{"N.Pan.":3,"Code Nuance":"LLR","Sexe":"F","Nom":"WOIGNIER","Prénom":"Kareen","Liste":"VIVRE CONTES","Sièges / Elu":1,"Sièges CC":0,"Voix":308,"% Voix/Ins":5.62,"% Voix/Exp":10.86}]},"population":{"F0-2":105.339731934756,"F3-5":119.990464145591,"F6-10":198.979917662226,"F11-17":317.158770829276,"F18-24":234.486585323533,"F25-39":589.894176499992,"F40-54":799.41606838587,"F55-64":510.205876904774,"F65-79":622.873531302127,"F80+":428.205573277223,"H0-2":103.131517899813,"H3-5":123.085546130889,"H6-10":222.238802597563,"H11-17":311.735062487304,"H18-24":233.877289718269,"H25-39":542.388525190667,"H40-54":754.099364194238,"H55-64":547.063621184641,"H65-79":557.567649272669,"H80+":212.261925058578},"Analyse":{"Votes décisifs":1792,"tour décisif":1,"majeurs":6032.34018631258,"Non votants de 18-24":238.9313152055937}}