{"id":423,"slug":"6-60-falicon","nom_standard":"Falicon","code_postal":"6","code_departement":"6","libelle_departement":"Alpes-Maritimes","code_commune":"60","Tour 1":{"Inscrits":1728,"Abstentions":592,"% Abs/Ins":34.26,"Votants":1136,"% Vot/Ins":65.74,"Blancs":21,"% Blancs/Ins":1.22,"% Blancs/Vot":1.85,"Nuls":9,"% Nuls/Ins":0.52,"% Nuls/Vot":0.79,"Exprimés":1106,"% Exp/Ins":64,"% Exp/Vot":97.36,"resultats":[{"N.Pan.":null,"Code Nuance":"LNC","Sexe":"F","Nom":"KRUPPERT","Prénom":"Gisèle","Liste":"VIVRE FALICON 2020","Sièges / Elu":"4","Sièges Secteur":0,"Sièges CC":0,"Voix":478,"% Voix/Ins":27.66,"% Voix/Exp":43.22},{"N.Pan.":2,"Code Nuance":"LNC","Sexe":"F","Nom":"TOSEL","Prénom":"Anaïs","Liste":"FALICON AVENIR","Sièges / Elu":"15","Sièges Secteur":0,"Sièges CC":1,"Voix":628,"% Voix/Ins":36.34,"% Voix/Exp":56.78}]},"population":{"F0-2":19.6691543772386,"F3-5":26.1570211993355,"F6-10":64.6570133906431,"F11-17":81.9013818504621,"F18-24":53.3467877718403,"F25-39":118.267780231361,"F40-54":224.379648832812,"F55-64":165.450803697835,"F65-79":178.555104979908,"F80+":126.808657662418,"H0-2":17.8673195431906,"H3-5":27.3248751370494,"H6-10":63.8003073786616,"H11-17":90.2412649682116,"H18-24":47.5864029737542,"H25-39":130.704946081386,"H40-54":188.704072768476,"H55-64":182.946959706732,"H65-79":179.008510512773,"H80+":65.6219869359129},"Analyse":{"Votes décisifs":151,"tour décisif":1,"majeurs":1661.3816621552085,"Non votants de 18-24":31.91828146926732}}