{"id":6061,"slug":"60-196-la-drenne","nom_standard":"La Drenne","code_postal":"60","code_departement":"60","libelle_departement":"Oise","code_commune":"196","Tour 1":{"Inscrits":785,"Abstentions":195,"% Abs/Ins":24.84,"Votants":590,"% Vot/Ins":75.16,"Blancs":3,"% Blancs/Ins":0.38,"% Blancs/Vot":0.51,"Nuls":11,"% Nuls/Ins":1.4,"% Nuls/Vot":1.86,"Exprimés":576,"% Exp/Ins":73.38,"% Exp/Vot":97.63,"resultats":[{"N.Pan.":null,"Code Nuance":"LNC","Sexe":"M","Nom":"CHORIER","Prénom":"Christian","Liste":"Tous pour la Drenne forte et unie","Sièges / Elu":"4","Sièges Secteur":0,"Sièges CC":0,"Voix":236,"% Voix/Ins":30.06,"% Voix/Exp":40.97},{"N.Pan.":2,"Code Nuance":"LNC","Sexe":"M","Nom":"DELAVILLE","Prénom":"Jean-Sebastien","Liste":"ENSEMBLE POUR L'AVENIR DE LA DRENNE","Sièges / Elu":"15","Sièges Secteur":0,"Sièges CC":1,"Voix":340,"% Voix/Ins":43.31,"% Voix/Exp":59.03}]},"population":{"F0-2":15.4651720549335,"F3-5":35.1401153585477,"F6-10":41.3612066057086,"F11-17":41.3539743652049,"F18-24":29.9068236989838,"F25-39":99.9611195225445,"F40-54":113.260271768493,"F55-64":67.6820729911616,"F65-79":63.422233822047,"F80+":13.2796630752342,"H0-2":16.5086085816951,"H3-5":21.710188866758,"H6-10":38.2506300761373,"H11-17":66.1778731540458,"H18-24":28.8555701057574,"H25-39":117.394369241714,"H40-54":99.8977588893081,"H55-64":71.7885738155179,"H65-79":54.323844924359,"H80+":11.2599290818491},"Analyse":{"Votes décisifs":105,"tour décisif":1,"majeurs":771.0322309369698,"Non votants de 18-24":13.796942357055231}}