{"id":6072,"slug":"60-282-gouvieux","nom_standard":"Gouvieux","code_postal":"60","code_departement":"60","libelle_departement":"Oise","code_commune":"282","Tour 1":{"Inscrits":6799,"Abstentions":3639,"% Abs/Ins":53.52,"Votants":3160,"% Vot/Ins":46.48,"Blancs":29,"% Blancs/Ins":0.43,"% Blancs/Vot":0.92,"Nuls":36,"% Nuls/Ins":0.53,"% Nuls/Vot":1.14,"Exprimés":3095,"% Exp/Ins":45.52,"% Exp/Vot":97.94,"resultats":[{"N.Pan.":null,"Code Nuance":"LDVC","Sexe":"M","Nom":"MARCHAND","Prénom":"Patrice","Liste":"HEUREUX A GOUVIEUX","Sièges / Elu":"24","Sièges Secteur":0,"Sièges CC":7,"Voix":1835,"% Voix/Ins":26.99,"% Voix/Exp":59.29},{"N.Pan.":2,"Code Nuance":"LDVD","Sexe":"M","Nom":"DUYCK","Prénom":"Sylvain","Liste":"ENSEMBLE POUR GOUVIEUX","Sièges / Elu":"1","Sièges Secteur":0,"Sièges CC":0,"Voix":374,"% Voix/Ins":5.5,"% Voix/Exp":12.08},{"N.Pan.":3,"Code Nuance":"LLR","Sexe":"F","Nom":"MARTIN","Prénom":"Manoëlle","Liste":"GOUVIEUX AVEC VOUS","Sièges / Elu":4,"Sièges CC":1,"Voix":886,"% Voix/Ins":13.03,"% Voix/Exp":28.63}]},"population":{"F0-2":100.929892451823,"F3-5":132.233612148405,"F6-10":287.111069246986,"F11-17":401.118843518167,"F18-24":258.557737379683,"F25-39":641.041049019164,"F40-54":1026.53647291699,"F55-64":612.442950450272,"F65-79":772.514416617528,"F80+":401.140178596739,"H0-2":109.813634088165,"H3-5":135.274142649246,"H6-10":262.434194401992,"H11-17":454.319663902569,"H18-24":262.341366755217,"H25-39":632.951074188342,"H40-54":980.625127934647,"H55-64":557.845646398391,"H65-79":677.085235641395,"H80+":239.683691694275},"Analyse":{"Votes décisifs":576,"tour décisif":1,"majeurs":7062.764947592644,"Non votants de 18-24":287.84007112441594}}