{"id":6070,"slug":"60-256-montchevreuil","nom_standard":"Montchevreuil","code_postal":"60","code_departement":"60","libelle_departement":"Oise","code_commune":"256","Tour 1":{"Inscrits":986,"Abstentions":670,"% Abs/Ins":67.95,"Votants":316,"% Vot/Ins":32.05,"Blancs":41,"% Blancs/Ins":4.16,"% Blancs/Vot":12.97,"Nuls":34,"% Nuls/Ins":3.45,"% Nuls/Vot":10.76,"Exprimés":241,"% Exp/Ins":24.44,"% Exp/Vot":76.27,"resultats":[{"N.Pan.":null,"Code Nuance":"LNC","Sexe":"M","Nom":"GOUSPY","Prénom":"Christian","Liste":"UNIS POUR MONTCHEVREUIL","Sièges / Elu":"19","Sièges Secteur":0,"Sièges CC":1,"Voix":241,"% Voix/Ins":24.44,"% Voix/Exp":100}]},"population":{"F0-2":23.7689167559643,"F3-5":30.0476139168733,"F6-10":52.839121695507,"F11-17":69.8523725522078,"F18-24":25.1407703022417,"F25-39":129.017895552046,"F40-54":148.528349477453,"F55-64":94.9206445087548,"F65-79":66.5652073130732,"F80+":16.1070997178593,"H0-2":26.946022890083,"H3-5":31.8766756791457,"H6-10":58.2317292005909,"H11-17":71.3426244417048,"H18-24":33.3062378906246,"H25-39":133.20561813145,"H40-54":146.554055791353,"H55-64":85.1823072703279,"H65-79":70.1902141003221,"H80+":10.3765228124176},"Analyse":{"Votes décisifs":242,"tour décisif":1,"majeurs":959.0949228679232,"Non votants de 18-24":39.19004608350777}}