{"id":6076,"slug":"60-313-hermes","nom_standard":"Hermes","code_postal":"60","code_departement":"60","libelle_departement":"Oise","code_commune":"313","Tour 1":{"Inscrits":1710,"Abstentions":1119,"% Abs/Ins":65.44,"Votants":591,"% Vot/Ins":34.56,"Blancs":20,"% Blancs/Ins":1.17,"% Blancs/Vot":3.38,"Nuls":40,"% Nuls/Ins":2.34,"% Nuls/Vot":6.77,"Exprimés":531,"% Exp/Ins":31.05,"% Exp/Vot":89.85,"resultats":[{"N.Pan.":null,"Code Nuance":"LNC","Sexe":"M","Nom":"PALANDRE","Prénom":"Grégory","Liste":"HERMES, ENSEMBLE DANS L'ACTION","Sièges / Elu":"19","Sièges Secteur":0,"Sièges CC":2,"Voix":531,"% Voix/Ins":31.05,"% Voix/Exp":100}]},"population":{"F0-2":43.8350609552674,"F3-5":50.7184415710814,"F6-10":93.2743256758431,"F11-17":125.177469103348,"F18-24":84.9585960384921,"F25-39":244.691953098716,"F40-54":268.880102624238,"F55-64":140.108696481761,"F65-79":165.484256527881,"F80+":57.6867802061255,"H0-2":34.7984233535567,"H3-5":64.6217152998336,"H6-10":96.3470013806945,"H11-17":137.035981137119,"H18-24":93.6698277336342,"H25-39":229.092573411498,"H40-54":260.227371722761,"H55-64":139.86289829838,"H65-79":146.228991407269,"H80+":33.2995339725002},"Analyse":{"Votes décisifs":532,"tour décisif":1,"majeurs":1864.1915815232562,"Non votants de 18-24":121.99830083000656}}