{"id":6095,"slug":"60-395-meru","nom_standard":"Méru","code_postal":"60","code_departement":"60","libelle_departement":"Oise","code_commune":"395","Tour 1":{"Inscrits":7666,"Abstentions":5900,"% Abs/Ins":76.96,"Votants":1766,"% Vot/Ins":23.04,"Blancs":102,"% Blancs/Ins":1.33,"% Blancs/Vot":5.78,"Nuls":108,"% Nuls/Ins":1.41,"% Nuls/Vot":6.12,"Exprimés":1556,"% Exp/Ins":20.3,"% Exp/Vot":88.11,"resultats":[{"N.Pan.":null,"Code Nuance":"LDVD","Sexe":"F","Nom":"RAVIER","Prénom":"Nathalie","Liste":"Toujours unis pour Méru","Sièges / Elu":"33","Sièges Secteur":0,"Sièges CC":16,"Voix":1556,"% Voix/Ins":20.3,"% Voix/Exp":100}]},"population":{"F0-2":283.275128018284,"F3-5":350.098273451592,"F6-10":543.260582879454,"F11-17":940.752852544054,"F18-24":627.084370043522,"F25-39":1374.13150492105,"F40-54":1445.80771431634,"F55-64":798.738366379581,"F65-79":756.893114438224,"F80+":323.419007419707,"H0-2":247.780615623455,"H3-5":337.279361548718,"H6-10":627.337784418029,"H11-17":875.256729037909,"H18-24":628.759036962335,"H25-39":1179.78157254281,"H40-54":1485.72054424168,"H55-64":736.347781770052,"H65-79":628.772967126243,"H80+":163.502692316968},"Analyse":{"Votes décisifs":1557,"tour décisif":1,"majeurs":10148.958672478511,"Non votants de 18-24":1037.316607523805}}