{"id":6083,"slug":"60-342-laigneville","nom_standard":"Laigneville","code_postal":"60","code_departement":"60","libelle_departement":"Oise","code_commune":"342","Tour 1":{"Inscrits":3157,"Abstentions":1526,"% Abs/Ins":48.34,"Votants":1631,"% Vot/Ins":51.66,"Blancs":20,"% Blancs/Ins":0.63,"% Blancs/Vot":1.23,"Nuls":29,"% Nuls/Ins":0.92,"% Nuls/Vot":1.78,"Exprimés":1582,"% Exp/Ins":50.11,"% Exp/Vot":97,"resultats":[{"N.Pan.":null,"Code Nuance":"LDVD","Sexe":"M","Nom":"DIETRICH","Prénom":"Christophe","Liste":"Bien vivre à Laigneville : on continue","Sièges / Elu":"26","Sièges Secteur":0,"Sièges CC":6,"Voix":1380,"% Voix/Ins":43.71,"% Voix/Exp":87.23},{"N.Pan.":2,"Code Nuance":"LDVG","Sexe":"M","Nom":"DELAPORTE","Prénom":"Jean-Marie","Liste":"LAIGNEVILLE L'AVENIR ENSEMBLE","Sièges / Elu":"1","Sièges Secteur":0,"Sièges CC":0,"Voix":202,"% Voix/Ins":6.4,"% Voix/Exp":12.77}]},"population":{"F0-2":86.3612553740934,"F3-5":106.865973992258,"F6-10":155.453197398827,"F11-17":180.127229925005,"F18-24":195.943299553662,"F25-39":536.349721570597,"F40-54":439.382074040651,"F55-64":297.739984867697,"F65-79":304.4524040173,"F80+":83.8906256519209,"H0-2":98.5390022117396,"H3-5":115.845255586854,"H6-10":199.007553323824,"H11-17":225.64278894268,"H18-24":146.098395074756,"H25-39":538.218937068545,"H40-54":415.975624726293,"H55-64":296.434990703868,"H65-79":247.096817815865,"H80+":52.5748681535655},"Analyse":{"Votes décisifs":1179,"tour décisif":1,"majeurs":3554.1577432447207,"Non votants de 18-24":185.07904855586358}}