{"id":6093,"slug":"60-382-margny-les-compiegne","nom_standard":"Margny-lès-Compiègne","code_postal":"60","code_departement":"60","libelle_departement":"Oise","code_commune":"382","Tour 1":{"Inscrits":5025,"Abstentions":3033,"% Abs/Ins":60.36,"Votants":1992,"% Vot/Ins":39.64,"Blancs":18,"% Blancs/Ins":0.36,"% Blancs/Vot":0.9,"Nuls":69,"% Nuls/Ins":1.37,"% Nuls/Vot":3.46,"Exprimés":1905,"% Exp/Ins":37.91,"% Exp/Vot":95.63,"resultats":[{"N.Pan.":null,"Code Nuance":"LDVC","Sexe":"M","Nom":"HELLAL","Prénom":"Bernard","Liste":"Continuer ensemble pour Margny","Sièges / Elu":"24","Sièges Secteur":0,"Sièges CC":4,"Voix":1124,"% Voix/Ins":22.37,"% Voix/Exp":59},{"N.Pan.":2,"Code Nuance":"LEXG","Sexe":"M","Nom":"MAUDET","Prénom":"Gwec'Hen","Liste":"Lutte ouvrière - Faire entendre le camp des travailleurs","Sièges / Elu":"0","Sièges Secteur":0,"Sièges CC":0,"Voix":120,"% Voix/Ins":2.39,"% Voix/Exp":6.3},{"N.Pan.":3,"Code Nuance":"LDVC","Sexe":"F","Nom":"GUILLAUME-MONNERY","Prénom":"Emmanuelle","Liste":"Margny avec vous","Sièges / Elu":5,"Sièges CC":1,"Voix":661,"% Voix/Ins":13.15,"% Voix/Exp":34.7}]},"population":{"F0-2":204.710801870907,"F3-5":186.313546117177,"F6-10":279.523976365058,"F11-17":356.131252228661,"F18-24":362.08205045963,"F25-39":1000.625839985,"F40-54":846.318826371868,"F55-64":476.75353361759,"F65-79":476.264027786944,"F80+":289.454289398241,"H0-2":190.29325288246,"H3-5":196.542655524845,"H6-10":280.467533239936,"H11-17":360.107677903022,"H18-24":437.818055807537,"H25-39":976.692408692432,"H40-54":835.024880417027,"H55-64":432.902397800604,"H65-79":385.663067422945,"H80+":130.309926108118},"Analyse":{"Votes décisifs":344,"tour décisif":1,"majeurs":6649.9093038679375,"Non votants de 18-24":560.2876636196576}}