{"id":6097,"slug":"60-402-le-meux","nom_standard":"Le Meux","code_postal":"60","code_departement":"60","libelle_departement":"Oise","code_commune":"402","Tour 1":{"Inscrits":1555,"Abstentions":1033,"% Abs/Ins":66.43,"Votants":522,"% Vot/Ins":33.57,"Blancs":33,"% Blancs/Ins":2.12,"% Blancs/Vot":6.32,"Nuls":31,"% Nuls/Ins":1.99,"% Nuls/Vot":5.94,"Exprimés":458,"% Exp/Ins":29.45,"% Exp/Vot":87.74,"resultats":[{"N.Pan.":null,"Code Nuance":"LNC","Sexe":"F","Nom":"LE CHAPELLIER","Prénom":"Evelyne","Liste":"Unis pour l'intérêt communal","Sièges / Elu":"19","Sièges Secteur":0,"Sièges CC":1,"Voix":458,"% Voix/Ins":29.45,"% Voix/Exp":100}]},"population":{"F0-2":39.7880453955855,"F3-5":43.3700994208736,"F6-10":107.89772655508,"F11-17":122.40871699296,"F18-24":62.3139145628637,"F25-39":233.781123322865,"F40-54":261.88333714912,"F55-64":143.97157097337,"F65-79":134.766138028798,"F80+":37.4908887465494,"H0-2":31.460300579267,"H3-5":43.350048957059,"H6-10":78.3631072686853,"H11-17":134.137671123261,"H18-24":81.2267190167895,"H25-39":205.833940721865,"H40-54":273.750196556855,"H55-64":133.56916039205,"H65-79":138.968170847661,"H80+":22.6691233884442},"Analyse":{"Votes décisifs":459,"tour décisif":1,"majeurs":1730.2242837072306,"Non votants de 18-24":100.23514339890305}}