{"id":6131,"slug":"60-567-saint-aubin-en-bray","nom_standard":"Saint-Aubin-en-Bray","code_postal":"60","code_departement":"60","libelle_departement":"Oise","code_commune":"567","Tour 1":{"Inscrits":786,"Abstentions":367,"% Abs/Ins":46.69,"Votants":419,"% Vot/Ins":53.31,"Blancs":6,"% Blancs/Ins":0.76,"% Blancs/Vot":1.43,"Nuls":5,"% Nuls/Ins":0.64,"% Nuls/Vot":1.19,"Exprimés":408,"% Exp/Ins":51.91,"% Exp/Vot":97.37,"resultats":[{"N.Pan.":null,"Code Nuance":"LNC","Sexe":"F","Nom":"DOISNEAU","Prénom":"Marie","Liste":"SAINT-AUBIN AVEC MARIE DOISNEAU","Sièges / Elu":"12","Sièges Secteur":0,"Sièges CC":2,"Voix":218,"% Voix/Ins":27.74,"% Voix/Exp":53.43},{"N.Pan.":2,"Code Nuance":"LNC","Sexe":"M","Nom":"FOURNIER","Prénom":"Gerard","Liste":"S'UNIR POUR AGIR","Sièges / Elu":"2","Sièges Secteur":0,"Sièges CC":0,"Voix":95,"% Voix/Ins":12.09,"% Voix/Exp":23.28},{"N.Pan.":3,"Code Nuance":"LNC","Sexe":"M","Nom":"PHILIPPET","Prénom":"Norbert","Liste":"ENSEMBLE POUR SAINT AUBIN","Sièges / Elu":1,"Sièges CC":0,"Voix":95,"% Voix/Ins":12.09,"% Voix/Exp":23.28}]},"population":{"F0-2":25.3885277015236,"F3-5":26.3949797496568,"F6-10":49.7981756016237,"F11-17":59.8478531728148,"F18-24":32.2793820619655,"F25-39":111.345563554554,"F40-54":119.86475612751,"F55-64":69.0069968329394,"F65-79":71.88765510617,"F80+":21.9318059455614,"H0-2":20.3573771340546,"H3-5":39.5604242230025,"H6-10":50.7702356724102,"H11-17":67.989306677151,"H18-24":34.3481120285088,"H25-39":104.119476003868,"H40-54":119.957281162748,"H55-64":75.1906461588272,"H65-79":63.9749789947052,"H80+":10.9864660904062},"Analyse":{"Votes décisifs":29,"tour décisif":1,"majeurs":834.8931200677638,"Non votants de 18-24":33.18977691100723}}