{"id":6136,"slug":"60-581-saint-just-en-chaussee","nom_standard":"Saint-Just-en-Chaussée","code_postal":"60","code_departement":"60","libelle_departement":"Oise","code_commune":"581","Tour 1":{"Inscrits":4005,"Abstentions":2717,"% Abs/Ins":67.84,"Votants":1288,"% Vot/Ins":32.16,"Blancs":36,"% Blancs/Ins":0.9,"% Blancs/Vot":2.8,"Nuls":124,"% Nuls/Ins":3.1,"% Nuls/Vot":9.63,"Exprimés":1128,"% Exp/Ins":28.16,"% Exp/Vot":87.58,"resultats":[{"N.Pan.":null,"Code Nuance":"LDVD","Sexe":"M","Nom":"DESMEDT","Prénom":"Frans","Liste":"ST JUST AVENIR","Sièges / Elu":"29","Sièges Secteur":0,"Sièges CC":14,"Voix":1128,"% Voix/Ins":28.16,"% Voix/Exp":100}]},"population":{"F0-2":132.87303446751,"F3-5":117.706276071079,"F6-10":191.372181422405,"F11-17":265.093736204587,"F18-24":256.851307352034,"F25-39":563.344979335168,"F40-54":561.003237992336,"F55-64":390.21703289316,"F65-79":379.844990278904,"F80+":261.610577028021,"H0-2":96.8952613950066,"H3-5":139.665205578375,"H6-10":183.365484923373,"H11-17":268.263650376391,"H18-24":260.562578772678,"H25-39":604.621628856534,"H40-54":560.500589800665,"H55-64":374.230746969386,"H65-79":332.012474043015,"H80+":115.965026239374},"Analyse":{"Votes décisifs":1129,"tour décisif":1,"majeurs":4660.765169561275,"Non votants de 18-24":374.4268311919785}}