{"id":6142,"slug":"60-591-saint-paul","nom_standard":"Saint-Paul","code_postal":"60","code_departement":"60","libelle_departement":"Oise","code_commune":"591","Tour 1":{"Inscrits":1303,"Abstentions":698,"% Abs/Ins":53.57,"Votants":605,"% Vot/Ins":46.43,"Blancs":29,"% Blancs/Ins":2.23,"% Blancs/Vot":4.79,"Nuls":50,"% Nuls/Ins":3.84,"% Nuls/Vot":8.26,"Exprimés":526,"% Exp/Ins":40.37,"% Exp/Vot":86.94,"resultats":[{"N.Pan.":null,"Code Nuance":"LNC","Sexe":"M","Nom":"HÉDIN","Prénom":"Gérard","Liste":"Bien Vivre à Saint-Paul","Sièges / Elu":"19","Sièges Secteur":0,"Sièges CC":1,"Voix":526,"% Voix/Ins":40.37,"% Voix/Exp":100}]},"population":{"F0-2":25.9145003491153,"F3-5":26.1100452304129,"F6-10":36.5789315024197,"F11-17":62.2737698190404,"F18-24":52.16096169674,"F25-39":119.80122060106,"F40-54":191.721126172304,"F55-64":120.202323016585,"F65-79":116.367870281625,"F80+":37.8039405518665,"H0-2":20.7857060359564,"H3-5":23.2951143172995,"H6-10":49.7030181818293,"H11-17":61.3035015882628,"H18-24":49.7389639781287,"H25-39":136.282950341024,"H40-54":177.886527099669,"H55-64":126.385577513302,"H65-79":104.441801635687,"H80+":32.2421500876722},"Analyse":{"Votes décisifs":527,"tour décisif":1,"majeurs":1265.0354129756631,"Non votants de 18-24":53.16654287708486}}