{"id":6120,"slug":"60-504-ponchon","nom_standard":"Ponchon","code_postal":"60","code_departement":"60","libelle_departement":"Oise","code_commune":"504","Tour 1":{"Inscrits":781,"Abstentions":296,"% Abs/Ins":37.9,"Votants":485,"% Vot/Ins":62.1,"Blancs":1,"% Blancs/Ins":0.13,"% Blancs/Vot":0.21,"Nuls":7,"% Nuls/Ins":0.9,"% Nuls/Vot":1.44,"Exprimés":477,"% Exp/Ins":61.08,"% Exp/Vot":98.35,"resultats":[{"N.Pan.":null,"Code Nuance":"LNC","Sexe":"M","Nom":"GIRET","Prénom":"Jean-Claude","Liste":"Préparer Ponchon de demain","Sièges / Elu":"3","Sièges Secteur":0,"Sièges CC":0,"Voix":234,"% Voix/Ins":29.96,"% Voix/Exp":49.06},{"N.Pan.":2,"Code Nuance":"LNC","Sexe":"M","Nom":"JOYOT","Prénom":"Robert","Liste":"LA LISTE PONCHONNAISE","Sièges / Elu":"12","Sièges Secteur":0,"Sièges CC":1,"Voix":243,"% Voix/Ins":31.11,"% Voix/Exp":50.94}]},"population":{"F0-2":17.8946960551479,"F3-5":18.9701238022522,"F6-10":30.7352567560919,"F11-17":46.7018960797445,"F18-24":40.4312322619446,"F25-39":100.731525961243,"F40-54":126.44151151986,"F55-64":77.2599534668176,"F65-79":62.0406362340934,"F80+":25.9297049769158,"H0-2":20.0183443117597,"H3-5":19.9866230998579,"H6-10":50.7978042142231,"H11-17":62.0572036040175,"H18-24":40.1144167341222,"H25-39":94.0087914342664,"H40-54":136.657310401334,"H55-64":77.7903148851832,"H65-79":55.6923019886416,"H80+":22.7403522124835},"Analyse":{"Votes décisifs":10,"tour décisif":1,"majeurs":859.8380520769052,"Non votants de 18-24":35.11309379717407}}