{"id":6168,"slug":"60-685-villers-saint-sepulcre","nom_standard":"Villers-Saint-Sépulcre","code_postal":"60","code_departement":"60","libelle_departement":"Oise","code_commune":"685","Tour 1":{"Inscrits":666,"Abstentions":181,"% Abs/Ins":27.18,"Votants":485,"% Vot/Ins":72.82,"Blancs":5,"% Blancs/Ins":0.75,"% Blancs/Vot":1.03,"Nuls":13,"% Nuls/Ins":1.95,"% Nuls/Vot":2.68,"Exprimés":467,"% Exp/Ins":70.12,"% Exp/Vot":96.29,"resultats":[{"N.Pan.":null,"Code Nuance":"LNC","Sexe":"M","Nom":"RICHERMOZ","Prénom":"Eric","Liste":"RÉ-UNIR VILLERS","Sièges / Elu":"0","Sièges Secteur":0,"Sièges CC":0,"Voix":50,"% Voix/Ins":7.51,"% Voix/Exp":10.71},{"N.Pan.":2,"Code Nuance":"LNC","Sexe":"M","Nom":"WAWRIN","Prénom":"Pascal","Liste":"ENSEMBLE CONTINUONS A AGIR POUR VILLERS ST SEPULCRE","Sièges / Elu":"15","Sièges Secteur":0,"Sièges CC":1,"Voix":417,"% Voix/Ins":62.61,"% Voix/Exp":89.29}]},"population":{"F0-2":16.8871297286504,"F3-5":17.9481083547155,"F6-10":45.4120650154578,"F11-17":56.5466408256709,"F18-24":28.5886269947326,"F25-39":101.513652711547,"F40-54":104.557083519335,"F55-64":56.8444193902012,"F65-79":50.5785279634165,"F80+":24.575627875182,"H0-2":22.7880147670763,"H3-5":25.137077389104,"H6-10":38.0012012256278,"H11-17":69.3418385639801,"H18-24":30.8143199116194,"H25-39":103.025630218076,"H40-54":108.662516357985,"H55-64":67.0235766721352,"H65-79":48.9121831130666,"H80+":10.8417594024213},"Analyse":{"Votes décisifs":368,"tour décisif":1,"majeurs":735.9379241297178,"Non votants de 18-24":20.255040126509872}}