{"id":6153,"slug":"60-636-thourotte","nom_standard":"Thourotte","code_postal":"60","code_departement":"60","libelle_departement":"Oise","code_commune":"636","Tour 1":{"Inscrits":3371,"Abstentions":1778,"% Abs/Ins":52.74,"Votants":1593,"% Vot/Ins":47.26,"Blancs":24,"% Blancs/Ins":0.71,"% Blancs/Vot":1.51,"Nuls":53,"% Nuls/Ins":1.57,"% Nuls/Vot":3.33,"Exprimés":1516,"% Exp/Ins":44.97,"% Exp/Vot":95.17,"resultats":[{"N.Pan.":null,"Code Nuance":"LCOM","Sexe":"M","Nom":"CARVALHO","Prénom":"Patrice","Liste":"Coeurs battants pour Thourotte","Sièges / Elu":"24","Sièges Secteur":0,"Sièges CC":6,"Voix":1123,"% Voix/Ins":33.31,"% Voix/Exp":74.08},{"N.Pan.":2,"Code Nuance":"LDVD","Sexe":"M","Nom":"DUBRENAT","Prénom":"Emile","Liste":"L'équipe du renouveau","Sièges / Elu":"3","Sièges Secteur":0,"Sièges CC":1,"Voix":393,"% Voix/Ins":11.66,"% Voix/Exp":25.92}]},"population":{"F0-2":54.5260011770459,"F3-5":69.8125401575442,"F6-10":126.646725084713,"F11-17":200.111510378776,"F18-24":125.381657852832,"F25-39":362.600320786884,"F40-54":438.082565728903,"F55-64":339.019628981608,"F65-79":402.925029114922,"F80+":232.658739059768,"H0-2":67.6128152935599,"H3-5":82.5178723368962,"H6-10":126.897076583617,"H11-17":171.001221877407,"H18-24":164.01587926829,"H25-39":336.577194044798,"H40-54":421.409089678037,"H55-64":294.337620356657,"H65-79":336.011371404868,"H80+":102.855140832874},"Analyse":{"Votes décisifs":731,"tour décisif":1,"majeurs":3555.8742371104413,"Non votants de 18-24":159.750017019688}}