{"id":6154,"slug":"60-639-tille","nom_standard":"Tillé","code_postal":"60","code_departement":"60","libelle_departement":"Oise","code_commune":"639","Tour 1":{"Inscrits":884,"Abstentions":457,"% Abs/Ins":51.7,"Votants":427,"% Vot/Ins":48.3,"Blancs":13,"% Blancs/Ins":1.47,"% Blancs/Vot":3.04,"Nuls":40,"% Nuls/Ins":4.52,"% Nuls/Vot":9.37,"Exprimés":374,"% Exp/Ins":42.31,"% Exp/Vot":87.59,"resultats":[{"N.Pan.":null,"Code Nuance":"LNC","Sexe":"F","Nom":"MARTIN","Prénom":"Catherine","Liste":"TILLÉ : NOS ENVIES COMMUNES POUR NOTRE VILLAGE","Sièges / Elu":"15","Sièges Secteur":0,"Sièges CC":1,"Voix":374,"% Voix/Ins":42.31,"% Voix/Exp":100}]},"population":{"F0-2":21.9011448192326,"F3-5":20.6680580766681,"F6-10":37.8004120932221,"F11-17":59.5070693009985,"F18-24":47.516162137811,"F25-39":108.50878367867,"F40-54":124.700323489362,"F55-64":77.2919978813984,"F65-79":114.4856868232,"F80+":27.414696090469,"H0-2":31.0278181732304,"H3-5":20.8883544831892,"H6-10":40.7084758565177,"H11-17":50.0160994054473,"H18-24":57.1038020949626,"H25-39":94.8469880091354,"H40-54":118.248545247049,"H55-64":82.4751211844946,"H65-79":94.1122758409942,"H80+":21.7781853139482},"Analyse":{"Votes décisifs":375,"tour décisif":1,"majeurs":968.4825677914946,"Non votants de 18-24":58.49345022719375}}