{"id":6021,"slug":"60-64-berneuil-sur-aisne","nom_standard":"Berneuil-sur-Aisne","code_postal":"60","code_departement":"60","libelle_departement":"Oise","code_commune":"64","Tour 1":{"Inscrits":702,"Abstentions":403,"% Abs/Ins":57.41,"Votants":299,"% Vot/Ins":42.59,"Blancs":5,"% Blancs/Ins":0.71,"% Blancs/Vot":1.67,"Nuls":36,"% Nuls/Ins":5.13,"% Nuls/Vot":12.04,"Exprimés":258,"% Exp/Ins":36.75,"% Exp/Vot":86.29,"resultats":[{"N.Pan.":null,"Code Nuance":"LNC","Sexe":"M","Nom":"FRERE","Prénom":"Etienne","Liste":"Bernreuil-sur-Aisne, une nouvelle dynamique","Sièges / Elu":"15","Sièges Secteur":0,"Sièges CC":2,"Voix":258,"% Voix/Ins":36.75,"% Voix/Exp":100}]},"population":{"F0-2":20.1247956285733,"F3-5":17.5117807057026,"F6-10":32.8914382666486,"F11-17":45.0006229029779,"F18-24":27.7640104707319,"F25-39":93.0543206695089,"F40-54":105.423202287446,"F55-64":73.9759975916612,"F65-79":64.9861701061072,"F80+":26.5871501170792,"H0-2":14.2523934519797,"H3-5":16.2768343710487,"H6-10":38.4098149200681,"H11-17":39.2984294778008,"H18-24":30.2036879163316,"H25-39":90.920814884581,"H40-54":102.303179242244,"H55-64":68.4855422274547,"H65-79":63.7030339108947,"H80+":17.8267808511595},"Analyse":{"Votes décisifs":259,"tour décisif":1,"majeurs":765.2338902752,"Non votants de 18-24":35.317967320528034}}