{"id":6151,"slug":"60-631-thiers-sur-theve","nom_standard":"Thiers-sur-Thève","code_postal":"60","code_departement":"60","libelle_departement":"Oise","code_commune":"631","Tour 1":{"Inscrits":858,"Abstentions":330,"% Abs/Ins":38.46,"Votants":528,"% Vot/Ins":61.54,"Blancs":4,"% Blancs/Ins":0.47,"% Blancs/Vot":0.76,"Nuls":3,"% Nuls/Ins":0.35,"% Nuls/Vot":0.57,"Exprimés":521,"% Exp/Ins":60.72,"% Exp/Vot":98.67,"resultats":[{"N.Pan.":null,"Code Nuance":"LNC","Sexe":"M","Nom":"BOUFFLET","Prénom":"Pierre","Liste":"POUR QUE THIERS RESTE UN VILLAGE","Sièges / Elu":"13","Sièges Secteur":0,"Sièges CC":2,"Voix":344,"% Voix/Ins":40.09,"% Voix/Exp":66.03},{"N.Pan.":2,"Code Nuance":"LNC","Sexe":"M","Nom":"JEUDON","Prénom":"Didier","Liste":"CONTINUONS D'AGIR POUR THIERS","Sièges / Elu":"2","Sièges Secteur":0,"Sièges CC":0,"Voix":177,"% Voix/Ins":20.63,"% Voix/Exp":33.97}]},"population":{"F0-2":14.9450490684548,"F3-5":17.8366027358864,"F6-10":33.6761856544843,"F11-17":58.6371248955047,"F18-24":27.1169077886216,"F25-39":101.767852455397,"F40-54":122.654043511223,"F55-64":65.5528326205499,"F65-79":76.3191260920289,"F80+":32.0971630101075,"H0-2":15.8566948999201,"H3-5":18.825989545633,"H6-10":28.5360931353631,"H11-17":54.5043869790213,"H18-24":30.0132400750749,"H25-39":91.8618518420017,"H40-54":132.772085862953,"H55-64":77.8427133919353,"H65-79":63.6912591108999,"H80+":15.4927973249406},"Analyse":{"Votes décisifs":168,"tour décisif":1,"majeurs":837.1818730857333,"Non votants de 18-24":21.09888746283654}}