{"id":6011,"slug":"60-13-angicourt","nom_standard":"Angicourt","code_postal":"60","code_departement":"60","libelle_departement":"Oise","code_commune":"13","Tour 1":{"Inscrits":1112,"Abstentions":610,"% Abs/Ins":54.86,"Votants":502,"% Vot/Ins":45.14,"Blancs":7,"% Blancs/Ins":0.63,"% Blancs/Vot":1.39,"Nuls":5,"% Nuls/Ins":0.45,"% Nuls/Vot":1,"Exprimés":490,"% Exp/Ins":44.06,"% Exp/Vot":97.61,"resultats":[{"N.Pan.":null,"Code Nuance":"LNC","Sexe":"M","Nom":"DELAGRANGE","Prénom":"Michel","Liste":"Bien vivre à Angicourt","Sièges / Elu":"12","Sièges Secteur":0,"Sièges CC":2,"Voix":251,"% Voix/Ins":22.57,"% Voix/Exp":51.22},{"N.Pan.":2,"Code Nuance":"LNC","Sexe":"M","Nom":"DELHOMMEAU","Prénom":"Jean-Marc","Liste":"TOUS ENSEMBLE POUR L'AVENIR D'ANGICOURT","Sièges / Elu":"3","Sièges Secteur":0,"Sièges CC":0,"Voix":239,"% Voix/Ins":21.49,"% Voix/Exp":48.78}]},"population":{"F0-2":27.2490918895084,"F3-5":30.1987746275309,"F6-10":39.8032438552218,"F11-17":43.808053868226,"F18-24":25.2513466011742,"F25-39":111.777872689041,"F40-54":124.977761792193,"F55-64":119.470533784746,"F65-79":122.094249706984,"F80+":33.921802280976,"H0-2":18.2134160481602,"H3-5":19.8078467036909,"H6-10":41.9304520504304,"H11-17":59.4070083420002,"H18-24":23.2891596660211,"H25-39":110.225391260573,"H40-54":136.614945302117,"H55-64":131.391278492401,"H65-79":131.320241152314,"H80+":23.2475298866899},"Analyse":{"Votes décisifs":13,"tour décisif":1,"majeurs":1093.58211261523,"Non votants de 18-24":26.258380521869093}}