{"id":6013,"slug":"60-17-ansauvillers","nom_standard":"Ansauvillers","code_postal":"60","code_departement":"60","libelle_departement":"Oise","code_commune":"17","Tour 1":{"Inscrits":733,"Abstentions":464,"% Abs/Ins":63.3,"Votants":269,"% Vot/Ins":36.7,"Blancs":10,"% Blancs/Ins":1.36,"% Blancs/Vot":3.72,"Nuls":17,"% Nuls/Ins":2.32,"% Nuls/Vot":6.32,"Exprimés":242,"% Exp/Ins":33.02,"% Exp/Vot":89.96,"resultats":[{"N.Pan.":null,"Code Nuance":"LNC","Sexe":"M","Nom":"DUFRESNES","Prénom":"Dominique","Liste":"VIVRE ENSEMBE A ANSAUVILLERS","Sièges / Elu":"15","Sièges Secteur":0,"Sièges CC":3,"Voix":242,"% Voix/Ins":33.02,"% Voix/Exp":100}]},"population":{"F0-2":23.3841209246245,"F3-5":16.60247886489,"F6-10":45.0994488350373,"F11-17":70.5174253359628,"F18-24":43.8751268542382,"F25-39":118.730628027441,"F40-54":112.165933638339,"F55-64":73.1615777988669,"F65-79":67.9418159115526,"F80+":18.2569715564964,"H0-2":17.6224887518555,"H3-5":17.6926154910186,"H6-10":46.450843968954,"H11-17":56.4878635789495,"H18-24":45.9847575777845,"H25-39":119.653034317009,"H40-54":130.577076359495,"H55-64":85.2411626673495,"H65-79":63.1359963413052,"H80+":12.4186331988315},"Analyse":{"Votes décisifs":243,"tour décisif":1,"majeurs":891.1427142487087,"Non votants de 18-24":62.73481397392784}}