{"id":6018,"slug":"60-42-bailleval","nom_standard":"Bailleval","code_postal":"60","code_departement":"60","libelle_departement":"Oise","code_commune":"42","Tour 1":{"Inscrits":1187,"Abstentions":702,"% Abs/Ins":59.14,"Votants":485,"% Vot/Ins":40.86,"Blancs":10,"% Blancs/Ins":0.84,"% Blancs/Vot":2.06,"Nuls":26,"% Nuls/Ins":2.19,"% Nuls/Vot":5.36,"Exprimés":449,"% Exp/Ins":37.83,"% Exp/Vot":92.58,"resultats":[{"N.Pan.":null,"Code Nuance":"LNC","Sexe":"M","Nom":"FERREIRA","Prénom":"Olivier","Liste":"BAILLEVAL, SOLIDAIRE ET ECO-RESPONSABLE","Sièges / Elu":"15","Sièges Secteur":0,"Sièges CC":2,"Voix":449,"% Voix/Ins":37.83,"% Voix/Exp":100}]},"population":{"F0-2":21.3216523154403,"F3-5":24.1457860102702,"F6-10":45.2622325504711,"F11-17":56.1902008266696,"F18-24":42.653952338304,"F25-39":129.917185239467,"F40-54":173.876872199963,"F55-64":114.056725899554,"F65-79":111.084259467312,"F80+":29.9869265792242,"H0-2":21.4814948168228,"H3-5":26.2068400518252,"H6-10":55.011372037704,"H11-17":52.8722451209963,"H18-24":46.5638761248905,"H25-39":119.703970703327,"H40-54":160.682164267523,"H55-64":123.3732376104,"H65-79":108.295145484585,"H80+":23.3138603552509},"Analyse":{"Votes décisifs":450,"tour décisif":1,"majeurs":1183.5081762698005,"Non votants de 18-24":52.65648679081972}}