{"id":6032,"slug":"60-104-breteuil","nom_standard":"Breteuil","code_postal":"60","code_departement":"60","libelle_departement":"Oise","code_commune":"104","Tour 1":{"Inscrits":3044,"Abstentions":2096,"% Abs/Ins":68.86,"Votants":948,"% Vot/Ins":31.14,"Blancs":28,"% Blancs/Ins":0.92,"% Blancs/Vot":2.95,"Nuls":83,"% Nuls/Ins":2.73,"% Nuls/Vot":8.76,"Exprimés":837,"% Exp/Ins":27.5,"% Exp/Vot":88.29,"resultats":[{"N.Pan.":null,"Code Nuance":"LLR","Sexe":"M","Nom":"CAUWEL","Prénom":"Jean","Liste":"CONTINUONS ENSEMBLE POUR L'AVENIR DE BRETEUIL","Sièges / Elu":"27","Sièges Secteur":0,"Sièges CC":13,"Voix":837,"% Voix/Ins":27.5,"% Voix/Exp":100}]},"population":{"F0-2":77.0166904826037,"F3-5":61.2332610650114,"F6-10":116.531121642705,"F11-17":206.343649120104,"F18-24":158.718771561955,"F25-39":347.136779758359,"F40-54":410.912318026884,"F55-64":242.750512205819,"F65-79":327.891959029047,"F80+":245.217594391072,"H0-2":64.7069440817625,"H3-5":81.3305004415118,"H6-10":140.724713971702,"H11-17":197.156735224355,"H18-24":193.958643496114,"H25-39":330.966082429563,"H40-54":379.260138785065,"H55-64":240.601886504854,"H65-79":250.315908389375,"H80+":119.225789392138},"Analyse":{"Votes décisifs":838,"tour décisif":1,"majeurs":3246.956383970245,"Non votants de 18-24":249.7076951303149}}