{"id":6064,"slug":"60-218-esches","nom_standard":"Esches","code_postal":"60","code_departement":"60","libelle_departement":"Oise","code_commune":"218","Tour 1":{"Inscrits":963,"Abstentions":587,"% Abs/Ins":60.96,"Votants":376,"% Vot/Ins":39.04,"Blancs":16,"% Blancs/Ins":1.66,"% Blancs/Vot":4.26,"Nuls":33,"% Nuls/Ins":3.43,"% Nuls/Vot":8.78,"Exprimés":327,"% Exp/Ins":33.96,"% Exp/Vot":86.97,"resultats":[{"N.Pan.":null,"Code Nuance":"LNC","Sexe":"M","Nom":"VANHOUTTE","Prénom":"Denis","Liste":"LISTE D'UNION COMMUNALE","Sièges / Elu":"19","Sièges Secteur":0,"Sièges CC":1,"Voix":327,"% Voix/Ins":33.96,"% Voix/Exp":100}]},"population":{"F0-2":25.4008540145029,"F3-5":46.7265350183406,"F6-10":64.9348094309348,"F11-17":78.1471733394685,"F18-24":64.7805017438507,"F25-39":160.616875698865,"F40-54":176.926393616711,"F55-64":83.3554127562239,"F65-79":71.2104405069026,"F80+":75.999982199726,"H0-2":32.3974997214759,"H3-5":20.2732052770146,"H6-10":77.0585857564327,"H11-17":92.2895057865683,"H18-24":51.7240461575101,"H25-39":147.440351879897,"H40-54":175.879892563491,"H55-64":99.5511454672909,"H65-79":63.2387166953001,"H80+":18.0480723694941},"Analyse":{"Votes décisifs":328,"tour décisif":1,"majeurs":1188.7718316552625,"Non votants de 18-24":79.65499540993277}}