{"id":6071,"slug":"60-277-goincourt","nom_standard":"Goincourt","code_postal":"60","code_departement":"60","libelle_departement":"Oise","code_commune":"277","Tour 1":{"Inscrits":1021,"Abstentions":602,"% Abs/Ins":58.96,"Votants":419,"% Vot/Ins":41.04,"Blancs":18,"% Blancs/Ins":1.76,"% Blancs/Vot":4.3,"Nuls":65,"% Nuls/Ins":6.37,"% Nuls/Vot":15.51,"Exprimés":336,"% Exp/Ins":32.91,"% Exp/Vot":80.19,"resultats":[{"N.Pan.":null,"Code Nuance":"LNC","Sexe":"M","Nom":"LEVOIR","Prénom":"Jean","Liste":"ACCUEILLONS LA BIODIVERSITE AU COEUR DU VILLAGE","Sièges / Elu":"15","Sièges Secteur":0,"Sièges CC":1,"Voix":336,"% Voix/Ins":32.91,"% Voix/Exp":100}]},"population":{"F0-2":21.3359528708026,"F3-5":27.4691254668181,"F6-10":46.8297149382947,"F11-17":65.110860849205,"F18-24":57.6984738827698,"F25-39":132.602060752229,"F40-54":167.851410986185,"F55-64":98.368241080842,"F65-79":127.356148917501,"F80+":50.0426869865724,"H0-2":21.3224272201324,"H3-5":31.5240390609189,"H6-10":70.2511610125273,"H11-17":84.5045731217605,"H18-24":38.5562573687478,"H25-39":119.430454231082,"H40-54":148.764586653502,"H55-64":75.3340715214331,"H65-79":127.551684181309,"H80+":48.0960688973675},"Analyse":{"Votes décisifs":337,"tour décisif":1,"majeurs":1191.6521454595406,"Non votants de 18-24":62.41034759639229}}