{"id":6202,"slug":"61-232-lonlay-l-abbaye","nom_standard":"Lonlay-l'Abbaye","code_postal":"61","code_departement":"61","libelle_departement":"Orne","code_commune":"232","Tour 1":{"Inscrits":945,"Abstentions":480,"% Abs/Ins":50.79,"Votants":465,"% Vot/Ins":49.21,"Blancs":9,"% Blancs/Ins":0.95,"% Blancs/Vot":1.94,"Nuls":56,"% Nuls/Ins":5.93,"% Nuls/Vot":12.04,"Exprimés":400,"% Exp/Ins":42.33,"% Exp/Vot":86.02,"resultats":[{"N.Pan.":null,"Code Nuance":"LNC","Sexe":"M","Nom":"DEROUET","Prénom":"Christian","Liste":"TOUJOURS DANS L'ACTION","Sièges / Elu":"15","Sièges Secteur":0,"Sièges CC":2,"Voix":400,"% Voix/Ins":42.33,"% Voix/Exp":100}]},"population":{"F0-2":15.5011217975108,"F3-5":23.3697275467069,"F6-10":20.3209920270873,"F11-17":51.7021421505204,"F18-24":27.8400546652495,"F25-39":75.9100305290492,"F40-54":104.053572177049,"F55-64":80.8750637451968,"F65-79":98.4914540358599,"F80+":72.535061660468,"H0-2":17.587611015075,"H3-5":12.667203111191,"H6-10":34.6773469995196,"H11-17":51.5769753178413,"H18-24":24.8236441118701,"H25-39":83.9535162630429,"H40-54":102.4287723275,"H55-64":85.8558186374456,"H65-79":88.2013527695647,"H80+":44.6285391122524},"Analyse":{"Votes décisifs":401,"tour décisif":1,"majeurs":889.5968800345481,"Non votants de 18-24":25.13592695039109}}