{"id":6214,"slug":"61-345-remalard-en-perche","nom_standard":"Rémalard en Perche","code_postal":"61","code_departement":"61","libelle_departement":"Orne","code_commune":"345","Tour 1":{"Inscrits":1534,"Abstentions":800,"% Abs/Ins":52.15,"Votants":734,"% Vot/Ins":47.85,"Blancs":11,"% Blancs/Ins":0.72,"% Blancs/Vot":1.5,"Nuls":25,"% Nuls/Ins":1.63,"% Nuls/Vot":3.41,"Exprimés":698,"% Exp/Ins":45.5,"% Exp/Vot":95.1,"resultats":[{"N.Pan.":null,"Code Nuance":"LNC","Sexe":"M","Nom":"RODHAIN","Prénom":"Patrick","Liste":"L'ESSENTIEL, C'EST VOUS, ENSEMBLE POUR REMALARD EN PERCHE","Sièges / Elu":"21","Sièges Secteur":0,"Sièges CC":6,"Voix":555,"% Voix/Ins":36.18,"% Voix/Exp":79.51},{"N.Pan.":2,"Code Nuance":"LNC","Sexe":"F","Nom":"BANSARD","Prénom":"Muriel","Liste":"PROJET CITOYEN POUR RÉMALARD EN PERCHE","Sièges / Elu":"2","Sièges Secteur":0,"Sièges CC":0,"Voix":143,"% Voix/Ins":9.32,"% Voix/Exp":20.49}]},"population":{"F0-2":20.8496016788314,"F3-5":16.8735846558202,"F6-10":51.5392789816245,"F11-17":73.242837169805,"F18-24":43.8460982341289,"F25-39":93.4749057941941,"F40-54":193.335770613295,"F55-64":154.050425415274,"F65-79":206.16690322171,"F80+":121.277320448508,"H0-2":24.8064238722355,"H3-5":22.7837343676198,"H6-10":51.5702212401343,"H11-17":74.2628743605186,"H18-24":51.8216882121081,"H25-39":114.569049528869,"H40-54":174.373971996037,"H55-64":132.979818541226,"H65-79":206.116208868836,"H80+":70.0592827992238},"Analyse":{"Votes décisifs":413,"tour décisif":1,"majeurs":1562.07144367341,"Non votants de 18-24":50.71455749122434}}