{"id":6183,"slug":"61-75-ceauce","nom_standard":"Ceaucé","code_postal":"61","code_departement":"61","libelle_departement":"Orne","code_commune":"75","Tour 1":{"Inscrits":901,"Abstentions":498,"% Abs/Ins":55.27,"Votants":403,"% Vot/Ins":44.73,"Blancs":10,"% Blancs/Ins":1.11,"% Blancs/Vot":2.48,"Nuls":112,"% Nuls/Ins":12.43,"% Nuls/Vot":27.79,"Exprimés":281,"% Exp/Ins":31.19,"% Exp/Vot":69.73,"resultats":[{"N.Pan.":null,"Code Nuance":"LNC","Sexe":"M","Nom":"DARGENT","Prénom":"Michel","Liste":"CEAUCÉ OBJECTIF COHÉSION","Sièges / Elu":"15","Sièges Secteur":0,"Sièges CC":3,"Voix":281,"% Voix/Ins":31.19,"% Voix/Exp":100}]},"population":{"F0-2":16.2340146587165,"F3-5":14.2632647147192,"F6-10":21.470933527447,"F11-17":35.5006686740937,"F18-24":12.6374297487036,"F25-39":70.3366627118606,"F40-54":92.3459609266396,"F55-64":88.4873584308644,"F65-79":139.781127400226,"F80+":102.097753188928,"H0-2":10.9913608181107,"H3-5":15.5348262989307,"H6-10":25.8506882243064,"H11-17":44.3168729642791,"H18-24":20.2596729950928,"H25-39":62.5254693172568,"H40-54":112.2462762877,"H55-64":85.8692201513236,"H65-79":121.462476800811,"H80+":68.7879621599906},"Analyse":{"Votes décisifs":282,"tour décisif":1,"majeurs":976.837370119397,"Non votants de 18-24":19.325209600386554}}