{"id":61,"slug":"1-170-beard-geovreissiat","nom_standard":"Beard-Géovreissiat","code_postal":"1","code_departement":"1","libelle_departement":"Ain","code_commune":"170","Tour 1":{"Inscrits":700,"Abstentions":446,"% Abs/Ins":63.71,"Votants":254,"% Vot/Ins":36.29,"Blancs":5,"% Blancs/Ins":0.71,"% Blancs/Vot":1.97,"Nuls":11,"% Nuls/Ins":1.57,"% Nuls/Vot":4.33,"Exprimés":238,"% Exp/Ins":34,"% Exp/Vot":93.7,"resultats":[{"N.Pan.":null,"Code Nuance":"LNC","Sexe":"M","Nom":"COMTET","Prénom":"Laurent","Liste":"ENSEMBLE BEARD-GEOVREISSIAT","Sièges / Elu":"15","Sièges Secteur":0,"Sièges CC":1,"Voix":238,"% Voix/Ins":34,"% Voix/Exp":100}]},"population":{"F0-2":18.2140393448492,"F3-5":22.6422362098837,"F6-10":37.8759239422443,"F11-17":65.9720126499978,"F18-24":19.573938589213,"F25-39":86.4601597496447,"F40-54":149.364275031707,"F55-64":57.2679006689375,"F65-79":30.9060796429784,"F80+":13.5013767167102,"H0-2":23.0586170999168,"H3-5":21.793483485725,"H6-10":42.8646508994556,"H11-17":69.694553602806,"H18-24":41.6530122698366,"H25-39":79.9304779536643,"H40-54":129.711666316314,"H55-64":82.988978013825,"H65-79":41.1638964710307,"H80+":9.36272134126031},"Analyse":{"Votes décisifs":239,"tour décisif":1,"majeurs":741.8844827651218,"Non votants de 18-24":40.264596369257426}}