{"id":6138,"slug":"60-586-saint-martin-le-noeud","nom_standard":"Saint-Martin-le-Noeud","code_postal":"60","code_departement":"60","libelle_departement":"Oise","code_commune":"586","Tour 1":{"Inscrits":858,"Abstentions":359,"% Abs/Ins":41.84,"Votants":499,"% Vot/Ins":58.16,"Blancs":10,"% Blancs/Ins":1.17,"% Blancs/Vot":2,"Nuls":3,"% Nuls/Ins":0.35,"% Nuls/Vot":0.6,"Exprimés":486,"% Exp/Ins":56.64,"% Exp/Vot":97.39,"resultats":[{"N.Pan.":null,"Code Nuance":"LNC","Sexe":"M","Nom":"HENNEQUIN","Prénom":"Philippe","Liste":"SAINT MARTIN, CE LIEN QUI NOUS UNIT","Sièges / Elu":"3","Sièges Secteur":0,"Sièges CC":0,"Voix":195,"% Voix/Ins":22.73,"% Voix/Exp":40.12},{"N.Pan.":2,"Code Nuance":"LNC","Sexe":"M","Nom":"DURIEZ","Prénom":"Jean-Marie","Liste":"CONSTRUISONS L'AVENIR ENSEMBLE","Sièges / Elu":"12","Sièges Secteur":0,"Sièges CC":1,"Voix":291,"% Voix/Ins":33.92,"% Voix/Exp":59.88}]},"population":{"F0-2":11.4448542876947,"F3-5":20.1084242268102,"F6-10":22.8941432116099,"F11-17":45.1197024139022,"F18-24":20.8305698880975,"F25-39":77.5563515684838,"F40-54":117.057076262408,"F55-64":95.2838352047379,"F65-79":81.61511474592,"F80+":22.5784399892063,"H0-2":15.5937540466811,"H3-5":14.420826547447,"H6-10":26.0913464234498,"H11-17":38.9788194959569,"H18-24":20.8510486732509,"H25-39":84.102387432183,"H40-54":116.978682595815,"H55-64":94.4396870938407,"H65-79":79.6510137676084,"H80+":19.4039221248975},"Analyse":{"Votes décisifs":97,"tour décisif":1,"majeurs":830.348129346449,"Non votants de 18-24":16.63293485023624}}