{"id":6139,"slug":"60-587-saint-martin-longueau","nom_standard":"Saint-Martin-Longueau","code_postal":"60","code_departement":"60","libelle_departement":"Oise","code_commune":"587","Tour 1":{"Inscrits":1102,"Abstentions":465,"% Abs/Ins":42.2,"Votants":637,"% Vot/Ins":57.8,"Blancs":1,"% Blancs/Ins":0.09,"% Blancs/Vot":0.16,"Nuls":18,"% Nuls/Ins":1.63,"% Nuls/Vot":2.83,"Exprimés":618,"% Exp/Ins":56.08,"% Exp/Vot":97.02,"resultats":[{"N.Pan.":null,"Code Nuance":"LNC","Sexe":"M","Nom":"PARROT","Prénom":"Mederic","Liste":"Agissons Ensemble Pour Saint-Martin-Longueau","Sièges / Elu":"3","Sièges Secteur":0,"Sièges CC":0,"Voix":307,"% Voix/Ins":27.86,"% Voix/Exp":49.68},{"N.Pan.":2,"Code Nuance":"LNC","Sexe":"M","Nom":"MESSIO","Prénom":"Denis","Liste":"UNE EQUIPE ENGAGEE POUR VOTRE AVENIR","Sièges / Elu":"12","Sièges Secteur":0,"Sièges CC":2,"Voix":311,"% Voix/Ins":28.22,"% Voix/Exp":50.32}]},"population":{"F0-2":24.4514134466344,"F3-5":24.4017113243093,"F6-10":49.391858661883,"F11-17":57.2715597635976,"F18-24":55.5111433262915,"F25-39":122.986981029962,"F40-54":171.616157920257,"F55-64":106.411798357283,"F65-79":98.2658220511837,"F80+":35.6613760245629,"H0-2":22.2686990204593,"H3-5":19.3378456683276,"H6-10":52.5098804656221,"H11-17":64.2536580174913,"H18-24":48.3173690322571,"H25-39":120.142758885864,"H40-54":164.845442531164,"H55-64":111.407515508789,"H65-79":86.8203038993099,"H80+":14.1267050647503},"Analyse":{"Votes décisifs":5,"tour décisif":1,"majeurs":1136.1133736316744,"Non votants de 18-24":45.6135807263491}}