{"id":6141,"slug":"60-590-saint-omer-en-chaussee","nom_standard":"Saint-Omer-en-Chaussée","code_postal":"60","code_departement":"60","libelle_departement":"Oise","code_commune":"590","Tour 1":{"Inscrits":665,"Abstentions":402,"% Abs/Ins":60.45,"Votants":263,"% Vot/Ins":39.55,"Blancs":6,"% Blancs/Ins":0.9,"% Blancs/Vot":2.28,"Nuls":46,"% Nuls/Ins":6.92,"% Nuls/Vot":17.49,"Exprimés":211,"% Exp/Ins":31.73,"% Exp/Vot":80.23,"resultats":[{"N.Pan.":null,"Code Nuance":"LNC","Sexe":"M","Nom":"SOLEWYN","Prénom":"André","Liste":"ENSEMBLE POUR SAINT OMER EN CHAUSSEE","Sièges / Elu":"15","Sièges Secteur":0,"Sièges CC":3,"Voix":211,"% Voix/Ins":31.73,"% Voix/Exp":100}]},"population":{"F0-2":19.0333444789173,"F3-5":16.0097591620275,"F6-10":39.0154918953259,"F11-17":41.9601606146948,"F18-24":28.0839378123403,"F25-39":108.403781338004,"F40-54":106.477406289224,"F55-64":88.7438419756817,"F65-79":81.6302678166962,"F80+":30.1593119736938,"H0-2":16.0285655982326,"H3-5":21.0101353348584,"H6-10":31.9933447883594,"H11-17":52.9849566203097,"H18-24":30.1138861041934,"H25-39":123.411483589161,"H40-54":197.559088979945,"H55-64":90.558648257289,"H65-79":95.6986480725872,"H80+":26.1239392984591},"Analyse":{"Votes décisifs":212,"tour décisif":1,"majeurs":1006.9642415072744,"Non votants de 18-24":42.997653881560524}}