{"id":619,"slug":"8-490-vouziers","nom_standard":"Vouziers","code_postal":"8","code_departement":"8","libelle_departement":"Ardennes","code_commune":"490","Tour 1":{"Inscrits":2882,"Abstentions":1315,"% Abs/Ins":45.63,"Votants":1567,"% Vot/Ins":54.37,"Blancs":30,"% Blancs/Ins":1.04,"% Blancs/Vot":1.91,"Nuls":52,"% Nuls/Ins":1.8,"% Nuls/Vot":3.32,"Exprimés":1485,"% Exp/Ins":51.53,"% Exp/Vot":94.77,"resultats":[{"N.Pan.":null,"Code Nuance":"LDVG","Sexe":"M","Nom":"COURVOISIER","Prénom":"Frédéric","Liste":"Elan Vouzinois","Sièges / Elu":"7","Sièges Secteur":0,"Sièges CC":5,"Voix":736,"% Voix/Ins":25.54,"% Voix/Exp":49.56},{"N.Pan.":2,"Code Nuance":"LDVD","Sexe":"M","Nom":"DUGARD","Prénom":"Yann","Liste":"PACTE6-2020 ENSEMBLE POURSUIVONS","Sièges / Elu":"22","Sièges Secteur":0,"Sièges CC":16,"Voix":749,"% Voix/Ins":25.99,"% Voix/Exp":50.44}]},"population":{"F0-2":55.1448512480028,"F3-5":49.7795280769033,"F6-10":90.7738721713383,"F11-17":138.623861755818,"F18-24":97.8300547326181,"F25-39":277.913707837029,"F40-54":353.77261571635,"F55-64":320.065276636532,"F65-79":450.302105935518,"F80+":353.13119877292,"H0-2":38.5475549281886,"H3-5":53.4698746237318,"H6-10":105.123153721615,"H11-17":126.160215297445,"H18-24":135.02262825892,"H25-39":320.324557658183,"H40-54":336.549219457642,"H55-64":305.218460458758,"H65-79":382.122727418942,"H80+":179.124535293544},"Analyse":{"Votes décisifs":14,"tour décisif":1,"majeurs":3511.3770881769556,"Non votants de 18-24":128.9389918427531}}