{"id":6273,"slug":"62-132-billy-berclau","nom_standard":"Billy-Berclau","code_postal":"62","code_departement":"62","libelle_departement":"Pas-de-Calais","code_commune":"132","Tour 1":{"Inscrits":3766,"Abstentions":2238,"% Abs/Ins":59.43,"Votants":1528,"% Vot/Ins":40.57,"Blancs":23,"% Blancs/Ins":0.61,"% Blancs/Vot":1.51,"Nuls":74,"% Nuls/Ins":1.96,"% Nuls/Vot":4.84,"Exprimés":1431,"% Exp/Ins":38,"% Exp/Vot":93.65,"resultats":[{"N.Pan.":null,"Code Nuance":"LDVC","Sexe":"M","Nom":"BOSSART","Prénom":"Steve","Liste":"Billy-Berclau horizon 2026","Sièges / Elu":"27","Sièges Secteur":0,"Sièges CC":2,"Voix":1431,"% Voix/Ins":38,"% Voix/Exp":100}]},"population":{"F0-2":85.1524689878652,"F3-5":92.7919737035964,"F6-10":178.100399419645,"F11-17":218.530808581819,"F18-24":176.578441439978,"F25-39":491.575352098231,"F40-54":521.787542400167,"F55-64":344.173356102996,"F65-79":334.005648026578,"F80+":115.869975381175,"H0-2":98.2024740496162,"H3-5":117.936280135503,"H6-10":194.464586626615,"H11-17":258.898708797143,"H18-24":161.348080360869,"H25-39":454.314448191124,"H40-54":531.498023401911,"H55-64":305.163461511898,"H65-79":298.37840349258,"H80+":55.2295672906911},"Analyse":{"Votes décisifs":1432,"tour décisif":1,"majeurs":3789.922299698198,"Non votants de 18-24":201.68316785324424}}