{"id":6278,"slug":"62-170-bouvigny-boyeffles","nom_standard":"Bouvigny-Boyeffles","code_postal":"62","code_departement":"62","libelle_departement":"Pas-de-Calais","code_commune":"170","Tour 1":{"Inscrits":1969,"Abstentions":1208,"% Abs/Ins":61.35,"Votants":761,"% Vot/Ins":38.65,"Blancs":15,"% Blancs/Ins":0.76,"% Blancs/Vot":1.97,"Nuls":75,"% Nuls/Ins":3.81,"% Nuls/Vot":9.86,"Exprimés":671,"% Exp/Ins":34.08,"% Exp/Vot":88.17,"resultats":[{"N.Pan.":null,"Code Nuance":"LNC","Sexe":"M","Nom":"VISEUX","Prénom":"Maurice","Liste":"LISTE D UNION ET DE RASSEMBLEMENT","Sièges / Elu":"19","Sièges Secteur":0,"Sièges CC":1,"Voix":671,"% Voix/Ins":34.08,"% Voix/Exp":100}]},"population":{"F0-2":31.3745321699524,"F3-5":37.1247778588052,"F6-10":67.853403446146,"F11-17":94.371544905901,"F18-24":67.3411315118304,"F25-39":191.435158011038,"F40-54":249.885429252237,"F55-64":193.929153341949,"F65-79":194.103985506442,"F80+":103.958434860012,"H0-2":32.3262585978534,"H3-5":40.9092298719436,"H6-10":74.6064530536188,"H11-17":107.818250624721,"H18-24":81.9466393033709,"H25-39":176.931199672629,"H40-54":237.438166394443,"H55-64":196.977600143,"H65-79":158.219950492994,"H80+":37.4487009811137},"Analyse":{"Votes décisifs":672,"tour décisif":1,"majeurs":1889.615549471059,"Non votants de 18-24":89.16549164462117}}