{"id":6268,"slug":"62-100-beaurainville","nom_standard":"Beaurainville","code_postal":"62","code_departement":"62","libelle_departement":"Pas-de-Calais","code_commune":"100","Tour 1":{"Inscrits":1617,"Abstentions":632,"% Abs/Ins":39.08,"Votants":985,"% Vot/Ins":60.92,"Blancs":8,"% Blancs/Ins":0.49,"% Blancs/Vot":0.81,"Nuls":32,"% Nuls/Ins":1.98,"% Nuls/Vot":3.25,"Exprimés":945,"% Exp/Ins":58.44,"% Exp/Vot":95.94,"resultats":[{"N.Pan.":null,"Code Nuance":"LNC","Sexe":"F","Nom":"SERGENT","Prénom":"Jeannie","Liste":"Agir et vivre ensemble","Sièges / Elu":"15","Sièges Secteur":0,"Sièges CC":4,"Voix":541,"% Voix/Ins":33.46,"% Voix/Exp":57.25},{"N.Pan.":2,"Code Nuance":"LNC","Sexe":"M","Nom":"BERNARD","Prénom":"Philippe","Liste":"Génération 2020","Sièges / Elu":"4","Sièges Secteur":0,"Sièges CC":1,"Voix":404,"% Voix/Ins":24.98,"% Voix/Exp":42.75}]},"population":{"F0-2":26.2987888054909,"F3-5":35.0298730364367,"F6-10":61.1033604248532,"F11-17":92.4363418808716,"F18-24":67.7053514115861,"F25-39":135.496579329739,"F40-54":204.772486394088,"F55-64":152.779068282541,"F65-79":195.582842475878,"F80+":79.5799639868254,"H0-2":34.7447820251713,"H3-5":32.7221417846563,"H6-10":77.013764697298,"H11-17":108.536487127375,"H18-24":73.9463401869266,"H25-39":148.816005758147,"H40-54":199.62915828676,"H55-64":126.634330176408,"H65-79":175.469024323861,"H80+":42.7033096050859},"Analyse":{"Votes décisifs":138,"tour décisif":1,"majeurs":1603.114460217846,"Non votants de 18-24":54.616785678211286}}