{"id":6356,"slug":"62-440-hermies","nom_standard":"Hermies","code_postal":"62","code_departement":"62","libelle_departement":"Pas-de-Calais","code_commune":"440","Tour 1":{"Inscrits":842,"Abstentions":326,"% Abs/Ins":38.72,"Votants":516,"% Vot/Ins":61.28,"Blancs":2,"% Blancs/Ins":0.24,"% Blancs/Vot":0.39,"Nuls":11,"% Nuls/Ins":1.31,"% Nuls/Vot":2.13,"Exprimés":503,"% Exp/Ins":59.74,"% Exp/Vot":97.48,"resultats":[{"N.Pan.":null,"Code Nuance":"LNC","Sexe":"M","Nom":"NAWROCKI","Prénom":"Eric","Liste":"Ensemble, à votre écoute pour Hermies Demicourt","Sièges / Elu":"3","Sièges Secteur":0,"Sièges CC":1,"Voix":216,"% Voix/Ins":25.65,"% Voix/Exp":42.94},{"N.Pan.":2,"Code Nuance":"LNC","Sexe":"F","Nom":"LETURCQ","Prénom":"Françoise","Liste":"Continuons ensemble pour l'avenir d'Hermies","Sièges / Elu":"12","Sièges Secteur":0,"Sièges CC":2,"Voix":287,"% Voix/Ins":34.09,"% Voix/Exp":57.06}]},"population":{"F0-2":5.51022733081444,"F3-5":13.0774532981713,"F6-10":32.897097659911,"F11-17":64.085260568449,"F18-24":37.138799357252,"F25-39":95.6604381500601,"F40-54":115.744567272818,"F55-64":72.7703607329802,"F65-79":93.6426545655151,"F80+":68.8796037144431,"H0-2":15.3298337120449,"H3-5":18.4579694697397,"H6-10":32.4843594629426,"H11-17":58.7016018446381,"H18-24":55.3317727442818,"H25-39":70.5460483002774,"H40-54":121.645328498108,"H55-64":88.9325400082205,"H65-79":73.4162637677451,"H80+":24.7478195415881},"Analyse":{"Votes décisifs":72,"tour décisif":1,"majeurs":918.4561966532896,"Non votants de 18-24":40.519466127991734}}