{"id":6475,"slug":"62-863-violaines","nom_standard":"Violaines","code_postal":"62","code_departement":"62","libelle_departement":"Pas-de-Calais","code_commune":"863","Tour 1":{"Inscrits":2979,"Abstentions":1453,"% Abs/Ins":48.77,"Votants":1526,"% Vot/Ins":51.23,"Blancs":15,"% Blancs/Ins":0.5,"% Blancs/Vot":0.98,"Nuls":41,"% Nuls/Ins":1.38,"% Nuls/Vot":2.69,"Exprimés":1470,"% Exp/Ins":49.35,"% Exp/Vot":96.33,"resultats":[{"N.Pan.":null,"Code Nuance":"LDIV","Sexe":"M","Nom":"CASTELL","Prénom":"Jean-François","Liste":"Violaines à vivre","Sièges / Elu":"27","Sièges Secteur":0,"Sièges CC":1,"Voix":1470,"% Voix/Ins":49.35,"% Voix/Exp":100}]},"population":{"F0-2":61.4987173039541,"F3-5":75.4757314373132,"F6-10":136.700851056956,"F11-17":160.793949554715,"F18-24":134.205736244449,"F25-39":348.382151126514,"F40-54":413.337569363079,"F55-64":259.182430065597,"F65-79":276.764955047276,"F80+":93.558419841431,"H0-2":69.4119942131875,"H3-5":72.3835893749646,"H6-10":123.660647185572,"H11-17":198.065614367243,"H18-24":145.142765218426,"H25-39":348.56195314533,"H40-54":405.191323021472,"H55-64":223.3712391423,"H65-79":214.395461870923,"H80+":53.914901419297},"Analyse":{"Votes décisifs":1471,"tour décisif":1,"majeurs":2916.008905506094,"Non votants de 18-24":133.16039743225224}}