{"id":6209,"slug":"61-324-passais-villages","nom_standard":"Passais Villages","code_postal":"61","code_departement":"61","libelle_departement":"Orne","code_commune":"324","Tour 1":{"Inscrits":792,"Abstentions":253,"% Abs/Ins":31.94,"Votants":539,"% Vot/Ins":68.06,"Blancs":5,"% Blancs/Ins":0.63,"% Blancs/Vot":0.93,"Nuls":12,"% Nuls/Ins":1.52,"% Nuls/Vot":2.23,"Exprimés":522,"% Exp/Ins":65.91,"% Exp/Vot":96.85,"resultats":[{"N.Pan.":null,"Code Nuance":"LNC","Sexe":"F","Nom":"DE VALLAMBRAS","Prénom":"Marie-Thérèse","Liste":"PASSAIS VILLAGES  \"L'ENERGIE DU RENOUVEAU\"","Sièges / Elu":"3","Sièges Secteur":0,"Sièges CC":1,"Voix":198,"% Voix/Ins":25,"% Voix/Exp":37.93},{"N.Pan.":2,"Code Nuance":"LNC","Sexe":"F","Nom":"MOREL GILLOT","Prénom":"Dominique","Liste":"ENSEMBLE POUR L'AVENIR DE NOS VILLAGES","Sièges / Elu":"16","Sièges Secteur":0,"Sièges CC":2,"Voix":324,"% Voix/Ins":40.91,"% Voix/Exp":62.07}]},"population":{"F0-2":14.9537176453371,"F3-5":17.9495942032961,"F6-10":15.9468968750991,"F11-17":43.8749861463769,"F18-24":19.9780385688456,"F25-39":56.9357892456163,"F40-54":96.022462241786,"F55-64":98.2612715421928,"F65-79":110.312579086364,"F80+":119.273454779131,"H0-2":7.98044729251408,"H3-5":6.99426965768857,"H6-10":33.9104833339744,"H11-17":49.8690585906339,"H18-24":26.9886745841789,"H25-39":58.9502032639424,"H40-54":83.9968646114518,"H55-64":110.298733384016,"H65-79":118.328191776922,"H80+":72.1742831706328},"Analyse":{"Votes décisifs":127,"tour décisif":1,"majeurs":971.5205462550796,"Non votants de 18-24":20.909561312991713}}