{"id":6215,"slug":"61-369-saint-bomer-les-forges","nom_standard":"Saint-Bômer-les-Forges","code_postal":"61","code_departement":"61","libelle_departement":"Orne","code_commune":"369","Tour 1":{"Inscrits":774,"Abstentions":421,"% Abs/Ins":54.39,"Votants":353,"% Vot/Ins":45.61,"Blancs":9,"% Blancs/Ins":1.16,"% Blancs/Vot":2.55,"Nuls":72,"% Nuls/Ins":9.3,"% Nuls/Vot":20.4,"Exprimés":272,"% Exp/Ins":35.14,"% Exp/Vot":77.05,"resultats":[{"N.Pan.":null,"Code Nuance":"LNC","Sexe":"M","Nom":"LERALLU","Prénom":"Didier","Liste":"ENSEMBLE À SAINT BOMER AUJOURD'HUI POUR DEMAIN","Sièges / Elu":"15","Sièges Secteur":0,"Sièges CC":2,"Voix":272,"% Voix/Ins":35.14,"% Voix/Exp":100}]},"population":{"F0-2":18.9458302461864,"F3-5":15.9619311539099,"F6-10":39.829549952331,"F11-17":56.7737453130282,"F18-24":26.9988411268224,"F25-39":79.9193196981325,"F40-54":98.026763098643,"F55-64":68.3276211404214,"F65-79":71.3834813243873,"F80+":43.2859636802269,"H0-2":8.98564132252181,"H3-5":21.8995870779583,"H6-10":39.8859623767513,"H11-17":48.8415603588699,"H18-24":21.9902278037667,"H25-39":83.0431108051963,"H40-54":109.041035677424,"H55-64":72.3313457954967,"H65-79":75.3871343231549,"H80+":26.1413477247706},"Analyse":{"Votes décisifs":273,"tour décisif":1,"majeurs":775.8761921984428,"Non votants de 18-24":26.70053693749122}}