{"id":6222,"slug":"61-456-saint-sulpice-sur-risle","nom_standard":"Saint-Sulpice-sur-Risle","code_postal":"61","code_departement":"61","libelle_departement":"Orne","code_commune":"456","Tour 1":{"Inscrits":1243,"Abstentions":697,"% Abs/Ins":56.07,"Votants":546,"% Vot/Ins":43.93,"Blancs":10,"% Blancs/Ins":0.8,"% Blancs/Vot":1.83,"Nuls":10,"% Nuls/Ins":0.8,"% Nuls/Vot":1.83,"Exprimés":526,"% Exp/Ins":42.32,"% Exp/Vot":96.34,"resultats":[{"N.Pan.":null,"Code Nuance":"LNC","Sexe":"M","Nom":"SELLIER","Prénom":"Jean","Liste":"TOUS UNIS POUR SAINT SULPICE","Sièges / Elu":"17","Sièges Secteur":0,"Sièges CC":3,"Voix":372,"% Voix/Ins":29.93,"% Voix/Exp":70.72},{"N.Pan.":2,"Code Nuance":"LNC","Sexe":"M","Nom":"PAÏS DE ALMEIDA","Prénom":"Philippe","Liste":"PRÉPARONS L'AVENIR","Sièges / Elu":"2","Sièges Secteur":0,"Sièges CC":0,"Voix":154,"% Voix/Ins":12.39,"% Voix/Exp":29.28}]},"population":{"F0-2":14.953416171318,"F3-5":20.0149016044541,"F6-10":47.5705884342185,"F11-17":86.1528715408089,"F18-24":54.8876642768346,"F25-39":118.169695072104,"F40-54":177.361268489872,"F55-64":129.650665834856,"F65-79":140.589713246189,"F80+":64.2748696048553,"H0-2":16.1970707929525,"H3-5":35.1726801838862,"H6-10":41.8389022530801,"H11-17":84.603508214222,"H18-24":47.4438710386623,"H25-39":104.149883959387,"H40-54":158.500653247841,"H55-64":134.748427503841,"H65-79":133.318641088281,"H80+":32.4007074423359},"Analyse":{"Votes décisifs":219,"tour décisif":1,"majeurs":1295.4960608050594,"Non votants de 18-24":59.20286825684126}}