{"id":6252,"slug":"62-43-les-attaques","nom_standard":"Les Attaques","code_postal":"62","code_departement":"62","libelle_departement":"Pas-de-Calais","code_commune":"43","Tour 1":{"Inscrits":1499,"Abstentions":654,"% Abs/Ins":43.63,"Votants":845,"% Vot/Ins":56.37,"Blancs":9,"% Blancs/Ins":0.6,"% Blancs/Vot":1.07,"Nuls":17,"% Nuls/Ins":1.13,"% Nuls/Vot":2.01,"Exprimés":819,"% Exp/Ins":54.64,"% Exp/Vot":96.92,"resultats":[{"N.Pan.":null,"Code Nuance":"LNC","Sexe":"F","Nom":"DENIÈLE-VANPOUILLE","Prénom":"Nadine","Liste":"Unissons nos talents pour Les Attaques","Sièges / Elu":"16","Sièges Secteur":0,"Sièges CC":1,"Voix":535,"% Voix/Ins":35.69,"% Voix/Exp":65.32},{"N.Pan.":2,"Code Nuance":"LNC","Sexe":"F","Nom":"KRASINSKI","Prénom":"Eliane","Liste":"Un nouveau souffle pour Les Attaques","Sièges / Elu":"3","Sièges Secteur":0,"Sièges CC":0,"Voix":284,"% Voix/Ins":18.95,"% Voix/Exp":34.68}]},"population":{"F0-2":35.855374173796,"F3-5":38.0507352365266,"F6-10":75.1830523039598,"F11-17":89.192949060227,"F18-24":61.6566197892377,"F25-39":181.881353368681,"F40-54":199.974023844206,"F55-64":136.762703602023,"F65-79":143.221049991526,"F80+":69.7520099335757,"H0-2":29.9198744063272,"H3-5":31.999470054937,"H6-10":64.2199007984522,"H11-17":108.265568428949,"H18-24":64.7097430800435,"H25-39":175.410603293194,"H40-54":226.127729974152,"H55-64":147.814121745154,"H65-79":130.756736769585,"H80+":29.2463801454481},"Analyse":{"Votes décisifs":252,"tour décisif":1,"majeurs":1567.313075536826,"Non votants de 18-24":58.23729644905169}}