{"id":6271,"slug":"62-126-beuvry","nom_standard":"Beuvry","code_postal":"62","code_departement":"62","libelle_departement":"Pas-de-Calais","code_commune":"126","Tour 1":{"Inscrits":6850,"Abstentions":3956,"% Abs/Ins":57.75,"Votants":2894,"% Vot/Ins":42.25,"Blancs":22,"% Blancs/Ins":0.32,"% Blancs/Vot":0.76,"Nuls":46,"% Nuls/Ins":0.67,"% Nuls/Vot":1.59,"Exprimés":2826,"% Exp/Ins":41.26,"% Exp/Vot":97.65,"resultats":[{"N.Pan.":null,"Code Nuance":"LDVG","Sexe":"F","Nom":"LEFEBVRE","Prénom":"Nadine","Liste":"Toujours ensemble","Sièges / Elu":"24","Sièges Secteur":0,"Sièges CC":4,"Voix":1786,"% Voix/Ins":26.07,"% Voix/Exp":63.2},{"N.Pan.":2,"Code Nuance":"LDIV","Sexe":"M","Nom":"DELBARRE","Prénom":"Guillaume","Liste":"Mieux vivre à Beuvry","Sièges / Elu":"2","Sièges Secteur":0,"Sièges CC":0,"Voix":437,"% Voix/Ins":6.38,"% Voix/Exp":15.46},{"N.Pan.":3,"Code Nuance":"LRN","Sexe":"M","Nom":"BRICHE","Prénom":"Boris","Liste":"beuvry renouveau","Sièges / Elu":3,"Sièges CC":0,"Voix":603,"% Voix/Ins":8.8,"% Voix/Exp":21.34}]},"population":{"F0-2":117.390528450925,"F3-5":194.708092217005,"F6-10":272.763122434096,"F11-17":389.895432720793,"F18-24":299.717405204267,"F25-39":847.937138185647,"F40-54":855.926172132042,"F55-64":621.024443676793,"F65-79":704.697378657092,"F80+":424.475904510113,"H0-2":136.107297971659,"H3-5":160.297219150101,"H6-10":305.469374180825,"H11-17":455.465551979536,"H18-24":388.64586757656,"H25-39":829.259591991425,"H40-54":852.48728760906,"H55-64":579.150707568819,"H65-79":554.014667441395,"H80+":174.566816341847},"Analyse":{"Votes décisifs":747,"tour décisif":1,"majeurs":7131.903380895059,"Non votants de 18-24":409.0376558965303}}