{"id":6525,"slug":"63-126-le-crest","nom_standard":"Le Crest","code_postal":"63","code_departement":"63","libelle_departement":"Puy-de-Dôme","code_commune":"126","Tour 1":{"Inscrits":1003,"Abstentions":604,"% Abs/Ins":60.22,"Votants":399,"% Vot/Ins":39.78,"Blancs":19,"% Blancs/Ins":1.89,"% Blancs/Vot":4.76,"Nuls":86,"% Nuls/Ins":8.57,"% Nuls/Vot":21.55,"Exprimés":294,"% Exp/Ins":29.31,"% Exp/Vot":73.68,"resultats":[{"N.Pan.":null,"Code Nuance":"LNC","Sexe":"M","Nom":"PERRODIN","Prénom":"Gerard","Liste":"LE CREST EN NOUS","Sièges / Elu":"15","Sièges Secteur":0,"Sièges CC":1,"Voix":294,"% Voix/Ins":29.31,"% Voix/Exp":100}]},"population":{"F0-2":17.9955630862733,"F3-5":21.9683604682914,"F6-10":39.0480046092882,"F11-17":45.7971162985023,"F18-24":35.5817098323324,"F25-39":96.8857204059708,"F40-54":135.367338360624,"F55-64":98.4330616293539,"F65-79":126.162287614752,"F80+":23.0927037482929,"H0-2":17.9967734513963,"H3-5":16.0802096387492,"H6-10":39.0474008437282,"H11-17":59.7472124937912,"H18-24":34.567353151091,"H25-39":101.4549477467,"H40-54":135.261138687559,"H55-64":101.501270988251,"H65-79":105.919500283983,"H80+":27.0923266610685},"Analyse":{"Votes décisifs":295,"tour décisif":1,"majeurs":1021.3193591099784,"Non votants de 18-24":42.743848462886774}}