{"id":6488,"slug":"63-1-aigueperse","nom_standard":"Aigueperse","code_postal":"63","code_departement":"63","libelle_departement":"Puy-de-Dôme","code_commune":"1","Tour 1":{"Inscrits":1617,"Abstentions":671,"% Abs/Ins":41.5,"Votants":946,"% Vot/Ins":58.5,"Blancs":10,"% Blancs/Ins":0.62,"% Blancs/Vot":1.06,"Nuls":16,"% Nuls/Ins":0.99,"% Nuls/Vot":1.69,"Exprimés":920,"% Exp/Ins":56.9,"% Exp/Vot":97.25,"resultats":[{"N.Pan.":null,"Code Nuance":"LNC","Sexe":"M","Nom":"CHAPUT","Prénom":"Luc","Liste":"AIGUEPERSE ENSEMBLE","Sièges / Elu":"18","Sièges Secteur":0,"Sièges CC":4,"Voix":532,"% Voix/Ins":32.9,"% Voix/Exp":57.83},{"N.Pan.":2,"Code Nuance":"LNC","Sexe":"F","Nom":"CUZIN","Prénom":"Catherine","Liste":"ENSEMBLE REINVENTONS AIGUEPERSE","Sièges / Elu":"5","Sièges Secteur":0,"Sièges CC":1,"Voix":388,"% Voix/Ins":24,"% Voix/Exp":42.17}]},"population":{"F0-2":38.392139509022,"F3-5":42.5019098635736,"F6-10":72.8794144256532,"F11-17":101.102785426819,"F18-24":69.0518869300013,"F25-39":225.204246725505,"F40-54":257.975439338356,"F55-64":151.852489201504,"F65-79":238.108677433949,"F80+":284.709271726538,"H0-2":49.5401547063448,"H3-5":41.4248057747684,"H6-10":86.9072758559376,"H11-17":106.171439537544,"H18-24":83.2390351174243,"H25-39":215.292437643445,"H40-54":255.963509317142,"H55-64":144.713117768454,"H65-79":193.967262841453,"H80+":111.002700856564},"Analyse":{"Votes décisifs":145,"tour décisif":1,"majeurs":2231.0800749003356,"Non votants de 18-24":87.71806611203286}}