{"id":6534,"slug":"63-178-issoire","nom_standard":"Issoire","code_postal":"63","code_departement":"63","libelle_departement":"Puy-de-Dôme","code_commune":"178","Tour 1":{"Inscrits":10159,"Abstentions":5502,"% Abs/Ins":54.16,"Votants":4657,"% Vot/Ins":45.84,"Blancs":55,"% Blancs/Ins":0.54,"% Blancs/Vot":1.18,"Nuls":87,"% Nuls/Ins":0.86,"% Nuls/Vot":1.87,"Exprimés":4515,"% Exp/Ins":44.44,"% Exp/Vot":96.95,"resultats":[{"N.Pan.":null,"Code Nuance":"LDVG","Sexe":"M","Nom":"LAVILLE","Prénom":"Philippe","Liste":"LA GAUCHE EN A.C.T.E.S","Sièges / Elu":"2","Sièges Secteur":0,"Sièges CC":1,"Voix":517,"% Voix/Ins":5.09,"% Voix/Exp":11.45},{"N.Pan.":2,"Code Nuance":"LDVC","Sexe":"M","Nom":"PRADIER","Prénom":"Laurent","Liste":"CHANGEONS D'AIR","Sièges / Elu":"2","Sièges Secteur":0,"Sièges CC":1,"Voix":586,"% Voix/Ins":5.77,"% Voix/Exp":12.98},{"N.Pan.":3,"Code Nuance":"LREM","Sexe":"M","Nom":"RKINA","Prénom":"Mohammed","Liste":"ISSOIRE AUTREMENT","Sièges / Elu":1,"Sièges CC":1,"Voix":399,"% Voix/Ins":3.93,"% Voix/Exp":8.84},{"N.Pan.":4,"Code Nuance":"LLR","Sexe":"M","Nom":"BARRAUD","Prénom":"Bertrand","Liste":"NOTRE PARTI, C'EST ISSOIRE","Sièges / Elu":28,"Sièges CC":20,"Voix":3013,"% Voix/Ins":29.66,"% Voix/Exp":66.73}]},"population":{"F0-2":206.24802191869,"F3-5":210.840868953479,"F6-10":337.592940459981,"F11-17":621.299988014384,"F18-24":581.412132524359,"F25-39":1298.22748466687,"F40-54":1506.09091005482,"F55-64":1067.32673004549,"F65-79":1403.43073543823,"F80+":858.696415222062,"H0-2":245.839262573813,"H3-5":216.36397197274,"H6-10":373.741932260021,"H11-17":728.245356809973,"H18-24":717.561934646913,"H25-39":1314.44692591773,"H40-54":1468.97226675042,"H55-64":779.526211528711,"H65-79":1008.51223638507,"H80+":352.623673856248},"Analyse":{"Votes décisifs":1512,"tour décisif":1,"majeurs":12356.827657036922,"Non votants de 18-24":809.4210525371586}}