{"id":6553,"slug":"63-229-moissat","nom_standard":"Moissat","code_postal":"63","code_departement":"63","libelle_departement":"Puy-de-Dôme","code_commune":"229","Tour 1":{"Inscrits":991,"Abstentions":572,"% Abs/Ins":57.72,"Votants":419,"% Vot/Ins":42.28,"Blancs":10,"% Blancs/Ins":1.01,"% Blancs/Vot":2.39,"Nuls":46,"% Nuls/Ins":4.64,"% Nuls/Vot":10.98,"Exprimés":363,"% Exp/Ins":36.63,"% Exp/Vot":86.63,"resultats":[{"N.Pan.":null,"Code Nuance":"LNC","Sexe":"M","Nom":"JEANVOINE","Prénom":"Olivier","Liste":"POUR UN AVENIR COMMUN","Sièges / Elu":"15","Sièges Secteur":0,"Sièges CC":2,"Voix":363,"% Voix/Ins":36.63,"% Voix/Exp":100}]},"population":{"F0-2":22.4107401301215,"F3-5":29.5388013349903,"F6-10":44.7954845037183,"F11-17":65.1921908693806,"F18-24":19.3367437884,"F25-39":118.180555861662,"F40-54":147.737106874543,"F55-64":67.2757610866299,"F65-79":66.2644130975882,"F80+":32.6252657479412,"H0-2":23.4079276424902,"H3-5":28.4813685174827,"H6-10":49.9044413845428,"H11-17":62.1272888276547,"H18-24":36.6564988047027,"H25-39":123.283799401478,"H40-54":151.813365671999,"H55-64":60.1417861859505,"H65-79":71.3596263361217,"H80+":24.4668339326025},"Analyse":{"Votes décisifs":364,"tour décisif":1,"majeurs":919.1417567896187,"Non votants de 18-24":30.468160664004756}}