{"id":6586,"slug":"63-393-saint-remy-sur-durolle","nom_standard":"Saint-Rémy-sur-Durolle","code_postal":"63","code_departement":"63","libelle_departement":"Puy-de-Dôme","code_commune":"393","Tour 1":{"Inscrits":1306,"Abstentions":461,"% Abs/Ins":35.3,"Votants":845,"% Vot/Ins":64.7,"Blancs":3,"% Blancs/Ins":0.23,"% Blancs/Vot":0.36,"Nuls":29,"% Nuls/Ins":2.22,"% Nuls/Vot":3.43,"Exprimés":813,"% Exp/Ins":62.25,"% Exp/Vot":96.21,"resultats":[{"N.Pan.":null,"Code Nuance":"LNC","Sexe":"M","Nom":"FOUR","Prénom":"Mathieu","Liste":"OBJECTIF 20/20","Sièges / Elu":"3","Sièges Secteur":0,"Sièges CC":0,"Voix":304,"% Voix/Ins":23.28,"% Voix/Exp":37.39},{"N.Pan.":2,"Code Nuance":"LNC","Sexe":"M","Nom":"CHONIER","Prénom":"Frédéric","Liste":"SAINT-RÉMY ENSEMBLE","Sièges / Elu":"16","Sièges Secteur":0,"Sièges CC":2,"Voix":509,"% Voix/Ins":38.97,"% Voix/Exp":62.61}]},"population":{"F0-2":24.9535949212081,"F3-5":26.9505518668546,"F6-10":60.9043398748373,"F11-17":87.8596883030224,"F18-24":47.9593447774496,"F25-39":122.848062125892,"F40-54":147.859687672158,"F55-64":138.025910119166,"F65-79":181.092597300662,"F80+":86.0559585673138,"H0-2":15.9760583278178,"H3-5":23.9533428218779,"H6-10":47.9161490903646,"H11-17":80.869704630342,"H18-24":51.9410200539819,"H25-39":108.905820156116,"H40-54":183.85368379037,"H55-64":116.008584957862,"H65-79":154.043882342242,"H80+":45.022018300463},"Analyse":{"Votes décisifs":206,"tour décisif":1,"majeurs":1383.6165701636764,"Non votants de 18-24":38.88938093393919}}