{"id":6592,"slug":"63-425-tallende","nom_standard":"Tallende","code_postal":"63","code_departement":"63","libelle_departement":"Puy-de-Dôme","code_commune":"425","Tour 1":{"Inscrits":1253,"Abstentions":809,"% Abs/Ins":64.57,"Votants":444,"% Vot/Ins":35.43,"Blancs":16,"% Blancs/Ins":1.28,"% Blancs/Vot":3.6,"Nuls":10,"% Nuls/Ins":0.8,"% Nuls/Vot":2.25,"Exprimés":418,"% Exp/Ins":33.36,"% Exp/Vot":94.14,"resultats":[{"N.Pan.":null,"Code Nuance":"LNC","Sexe":"M","Nom":"BRUN","Prénom":"Eric","Liste":"BIEN VIVRE ENSEMBLE","Sièges / Elu":"19","Sièges Secteur":0,"Sièges CC":2,"Voix":418,"% Voix/Ins":33.36,"% Voix/Exp":100}]},"population":{"F0-2":26.5582193949864,"F3-5":19.5878455204298,"F6-10":40.8349744703642,"F11-17":72.5476418532317,"F18-24":37.6342934087402,"F25-39":118.228429801608,"F40-54":186.664596042678,"F55-64":127.28694551373,"F65-79":100.954594652003,"F80+":21.8675609288025,"H0-2":22.5115489278212,"H3-5":33.0521069229286,"H6-10":46.4344993595868,"H11-17":83.9105231688767,"H18-24":47.6290820086049,"H25-39":108.659799596798,"H40-54":181.16304814132,"H55-64":109.260560721155,"H65-79":95.647577412544,"H80+":21.5661521537896},"Analyse":{"Votes décisifs":419,"tour décisif":1,"majeurs":1156.5626403817732,"Non votants de 18-24":52.53108979483448}}