{"id":6515,"slug":"63-92-charbonnieres-les-varennes","nom_standard":"Charbonnières-les-Varennes","code_postal":"63","code_departement":"63","libelle_departement":"Puy-de-Dôme","code_commune":"92","Tour 1":{"Inscrits":1344,"Abstentions":624,"% Abs/Ins":46.43,"Votants":720,"% Vot/Ins":53.57,"Blancs":40,"% Blancs/Ins":2.98,"% Blancs/Vot":5.56,"Nuls":69,"% Nuls/Ins":5.13,"% Nuls/Vot":9.58,"Exprimés":611,"% Exp/Ins":45.46,"% Exp/Vot":84.86,"resultats":[{"N.Pan.":null,"Code Nuance":"LNC","Sexe":"M","Nom":"CHANSARD","Prénom":"Gérard","Liste":"PLUS LOIN ENSEMBLE","Sièges / Elu":"19","Sièges Secteur":0,"Sièges CC":1,"Voix":611,"% Voix/Ins":45.46,"% Voix/Exp":100}]},"population":{"F0-2":38.1027656694418,"F3-5":44.2984229375192,"F6-10":70.107396027115,"F11-17":93.7946798122705,"F18-24":34.9789393290304,"F25-39":204.716855029266,"F40-54":190.336059531626,"F55-64":104.674659465888,"F65-79":93.3571458218191,"F80+":34.8425810057737,"H0-2":41.1983780812319,"H3-5":43.2679579209168,"H6-10":78.2945605839065,"H11-17":88.6316144466917,"H18-24":44.2898279242302,"H25-39":191.280080690549,"H40-54":221.165166743229,"H55-64":100.587476700491,"H65-79":102.600820993718,"H80+":19.4746112852862},"Analyse":{"Votes décisifs":612,"tour décisif":1,"majeurs":1342.3042245209067,"Non votants de 18-24":36.74970832478392}}