{"id":6312,"slug":"62-270-divion","nom_standard":"Divion","code_postal":"62","code_departement":"62","libelle_departement":"Pas-de-Calais","code_commune":"270","Tour 1":{"Inscrits":5123,"Abstentions":2775,"% Abs/Ins":54.17,"Votants":2348,"% Vot/Ins":45.83,"Blancs":16,"% Blancs/Ins":0.31,"% Blancs/Vot":0.68,"Nuls":38,"% Nuls/Ins":0.74,"% Nuls/Vot":1.62,"Exprimés":2294,"% Exp/Ins":44.78,"% Exp/Vot":97.7,"resultats":[{"N.Pan.":null,"Code Nuance":"LDVC","Sexe":"M","Nom":"PENET","Prénom":"Benoit","Liste":"Changeons Divion","Sièges / Elu":"1","Sièges Secteur":0,"Sièges CC":0,"Voix":218,"% Voix/Ins":4.26,"% Voix/Exp":9.5},{"N.Pan.":2,"Code Nuance":"LDVG","Sexe":"M","Nom":"LEMOINE","Prénom":"Jacky","Liste":"Ensemble plus loin","Sièges / Elu":"24","Sièges Secteur":0,"Sièges CC":2,"Voix":1376,"% Voix/Ins":26.86,"% Voix/Exp":59.98},{"N.Pan.":3,"Code Nuance":"LDVG","Sexe":"F","Nom":"SEUX","Prénom":"Danièle","Liste":"Divion naturellement","Sièges / Elu":4,"Sièges CC":1,"Voix":700,"% Voix/Ins":13.66,"% Voix/Exp":30.51}]},"population":{"F0-2":140.957144406761,"F3-5":124.306185307637,"F6-10":232.72339002422,"F11-17":322.859868639811,"F18-24":280.59068302657,"F25-39":678.885879206284,"F40-54":607.285878481797,"F55-64":472.855891945053,"F65-79":456.719739457501,"F80+":291.895638373693,"H0-2":138.171240855931,"H3-5":165.394995581987,"H6-10":263.392409977992,"H11-17":318.862403919965,"H18-24":302.599420785936,"H25-39":625.965112021102,"H40-54":622.961776035619,"H55-64":416.320526628797,"H65-79":372.686732406549,"H80+":121.565082916794},"Analyse":{"Votes décisifs":459,"tour décisif":1,"majeurs":5250.332361285695,"Non votants de 18-24":322.38178359095645}}