{"id":6328,"slug":"62-323-fampoux","nom_standard":"Fampoux","code_postal":"62","code_departement":"62","libelle_departement":"Pas-de-Calais","code_commune":"323","Tour 1":{"Inscrits":892,"Abstentions":494,"% Abs/Ins":55.38,"Votants":398,"% Vot/Ins":44.62,"Blancs":16,"% Blancs/Ins":1.79,"% Blancs/Vot":4.02,"Nuls":42,"% Nuls/Ins":4.71,"% Nuls/Vot":10.55,"Exprimés":340,"% Exp/Ins":38.12,"% Exp/Vot":85.43,"resultats":[{"N.Pan.":null,"Code Nuance":"LNC","Sexe":"M","Nom":"LEDHÉ","Prénom":"Didier","Liste":"Fampoux Passion \"commune\"","Sièges / Elu":"15","Sièges Secteur":0,"Sièges CC":1,"Voix":340,"% Voix/Ins":38.12,"% Voix/Exp":100}]},"population":{"F0-2":14.277757288255,"F3-5":22.4792679338908,"F6-10":49.288072541247,"F11-17":51.2337133134723,"F18-24":35.5690263773587,"F25-39":115.736380205566,"F40-54":123.625526450163,"F55-64":60.6784275934188,"F65-79":87.8380830997209,"F80+":37.2814870128533,"H0-2":29.6268421737374,"H3-5":22.5491647262144,"H6-10":49.338375014274,"H11-17":67.7099448656179,"H18-24":38.6240868312533,"H25-39":105.521490279872,"H40-54":133.844711327979,"H55-64":72.5945833725102,"H65-79":70.4330767742245,"H80+":20.7499828183716},"Analyse":{"Votes décisifs":341,"tour décisif":1,"majeurs":902.4968621432913,"Non votants de 18-24":41.47404204541585}}