{"id":6339,"slug":"62-371-givenchy-en-gohelle","nom_standard":"Givenchy-en-Gohelle","code_postal":"62","code_departement":"62","libelle_departement":"Pas-de-Calais","code_commune":"371","Tour 1":{"Inscrits":1720,"Abstentions":721,"% Abs/Ins":41.92,"Votants":999,"% Vot/Ins":58.08,"Blancs":4,"% Blancs/Ins":0.23,"% Blancs/Vot":0.4,"Nuls":19,"% Nuls/Ins":1.1,"% Nuls/Vot":1.9,"Exprimés":976,"% Exp/Ins":56.74,"% Exp/Vot":97.7,"resultats":[{"N.Pan.":null,"Code Nuance":"LNC","Sexe":"M","Nom":"SENECHAL","Prénom":"Pierre","Liste":"AVANCER ENSEMBLE POUR GIVENCHY","Sièges / Elu":"16","Sièges Secteur":0,"Sièges CC":1,"Voix":659,"% Voix/Ins":38.31,"% Voix/Exp":67.52},{"N.Pan.":2,"Code Nuance":"LNC","Sexe":"M","Nom":"WOUTS","Prénom":"Jean-Louis","Liste":"GIVENCHY NATURELLEMENT","Sièges / Elu":"3","Sièges Secteur":0,"Sièges CC":0,"Voix":317,"% Voix/Ins":18.43,"% Voix/Exp":32.48}]},"population":{"F0-2":31.3535088115573,"F3-5":43.6432792992228,"F6-10":53.7103644341823,"F11-17":94.0691453741941,"F18-24":55.8215882073309,"F25-39":165.511581409417,"F40-54":200.16228605246,"F55-64":171.373016899119,"F65-79":164.03408633458,"F80+":68.876133151586,"H0-2":29.5091037722981,"H3-5":17.5054081882993,"H6-10":56.311277983329,"H11-17":91.9983810216666,"H18-24":56.505999590266,"H25-39":158.489107752489,"H40-54":202.340691445842,"H55-64":148.006338287818,"H65-79":154.414180962718,"H80+":39.3645210216248},"Analyse":{"Votes décisifs":343,"tour décisif":1,"majeurs":1584.8995311152507,"Non votants de 18-24":41.524828375467166}}