{"id":6354,"slug":"62-423-helfaut","nom_standard":"Helfaut","code_postal":"62","code_departement":"62","libelle_departement":"Pas-de-Calais","code_commune":"423","Tour 1":{"Inscrits":1281,"Abstentions":410,"% Abs/Ins":32.01,"Votants":871,"% Vot/Ins":67.99,"Blancs":20,"% Blancs/Ins":1.56,"% Blancs/Vot":2.3,"Nuls":16,"% Nuls/Ins":1.25,"% Nuls/Vot":1.84,"Exprimés":835,"% Exp/Ins":65.18,"% Exp/Vot":95.87,"resultats":[{"N.Pan.":null,"Code Nuance":"LNC","Sexe":"F","Nom":"LEBLOND","Prénom":"Brigitte","Liste":"Ensemble pour l'avenir d'Helfaut","Sièges / Elu":"3","Sièges Secteur":0,"Sièges CC":0,"Voix":313,"% Voix/Ins":24.43,"% Voix/Exp":37.49},{"N.Pan.":2,"Code Nuance":"LNC","Sexe":"M","Nom":"MARQUANT","Prénom":"Francis","Liste":"Gardons le Cap pour Helfaut","Sièges / Elu":"16","Sièges Secteur":0,"Sièges CC":1,"Voix":522,"% Voix/Ins":40.75,"% Voix/Exp":62.51}]},"population":{"F0-2":28.1141034696438,"F3-5":25.9997612076601,"F6-10":44.9666577858879,"F11-17":53.1792318200967,"F18-24":35.6857834473639,"F25-39":137.963662127807,"F40-54":165.755073467906,"F55-64":134.961247906409,"F65-79":149.998376269816,"F80+":126.813740301858,"H0-2":26.2278326199927,"H3-5":39.9881540711983,"H6-10":45.7348903812616,"H11-17":74.4667186354808,"H18-24":52.5256984728274,"H25-39":140.052222804902,"H40-54":174.626604723649,"H55-64":112.520936726204,"H65-79":123.187108240333,"H80+":44.232195519703},"Analyse":{"Votes décisifs":210,"tour décisif":1,"majeurs":1398.3226500087783,"Non votants de 18-24":33.26550736131228}}