{"id":6363,"slug":"62-458-houlle","nom_standard":"Houlle","code_postal":"62","code_departement":"62","libelle_departement":"Pas-de-Calais","code_commune":"458","Tour 1":{"Inscrits":796,"Abstentions":393,"% Abs/Ins":49.37,"Votants":403,"% Vot/Ins":50.63,"Blancs":9,"% Blancs/Ins":1.13,"% Blancs/Vot":2.23,"Nuls":23,"% Nuls/Ins":2.89,"% Nuls/Vot":5.71,"Exprimés":371,"% Exp/Ins":46.61,"% Exp/Vot":92.06,"resultats":[{"N.Pan.":null,"Code Nuance":"LNC","Sexe":"M","Nom":"BERTELOOT","Prénom":"Hervé","Liste":"Partageons demain","Sièges / Elu":"15","Sièges Secteur":0,"Sièges CC":1,"Voix":371,"% Voix/Ins":46.61,"% Voix/Exp":100}]},"population":{"F0-2":18.5170303644703,"F3-5":13.3580763262626,"F6-10":32.929160306901,"F11-17":60.6957616231846,"F18-24":39.1531595862422,"F25-39":98.9493460589566,"F40-54":118.627952123029,"F55-64":82.8208638027828,"F65-79":77.7521443946329,"F80+":18.6862567382183,"H0-2":30.9286121855716,"H3-5":25.690791421162,"H6-10":37.9592354967331,"H11-17":52.3569815672625,"H18-24":51.5755824443641,"H25-39":111.433060208333,"H40-54":124.83050747588,"H55-64":83.8352710117701,"H65-79":71.495696577756,"H80+":11.4045102864876},"Analyse":{"Votes décisifs":372,"tour décisif":1,"majeurs":890.5643507084526,"Non votants de 18-24":49.671986267535864}}