{"id":6389,"slug":"62-540-maisnil-les-ruitz","nom_standard":"Maisnil-lès-Ruitz","code_postal":"62","code_departement":"62","libelle_departement":"Pas-de-Calais","code_commune":"540","Tour 1":{"Inscrits":1211,"Abstentions":665,"% Abs/Ins":54.91,"Votants":546,"% Vot/Ins":45.09,"Blancs":10,"% Blancs/Ins":0.83,"% Blancs/Vot":1.83,"Nuls":26,"% Nuls/Ins":2.15,"% Nuls/Vot":4.76,"Exprimés":510,"% Exp/Ins":42.11,"% Exp/Vot":93.41,"resultats":[{"N.Pan.":null,"Code Nuance":"LNC","Sexe":"M","Nom":"PRUVOST","Prénom":"Marcel","Liste":"Agir et bien vivre ensemble pour Maisnil Les Ruitz","Sièges / Elu":"19","Sièges Secteur":0,"Sièges CC":1,"Voix":510,"% Voix/Ins":42.11,"% Voix/Exp":100}]},"population":{"F0-2":25.9063802667137,"F3-5":35.8237876533224,"F6-10":73.2020074011088,"F11-17":92.5145676256597,"F18-24":46.5568237400421,"F25-39":184.081045921377,"F40-54":173.773791009566,"F55-64":76.4433370834076,"F65-79":110.302960150626,"F80+":59.5658793781515,"H0-2":25.9029655632836,"H3-5":34.8296671678909,"H6-10":72.6280010924077,"H11-17":98.1662753369212,"H18-24":50.8347431301251,"H25-39":167.536542849769,"H40-54":191.090625156534,"H55-64":74.258265602153,"H65-79":77.7196161558111,"H80+":26.8627177151301},"Analyse":{"Votes décisifs":511,"tour décisif":1,"majeurs":1239.0263478926927,"Non votants de 18-24":54.47416192429865}}