{"id":6399,"slug":"62-571-merlimont","nom_standard":"Merlimont","code_postal":"62","code_departement":"62","libelle_departement":"Pas-de-Calais","code_commune":"571","Tour 1":{"Inscrits":3078,"Abstentions":1941,"% Abs/Ins":63.06,"Votants":1137,"% Vot/Ins":36.94,"Blancs":52,"% Blancs/Ins":1.69,"% Blancs/Vot":4.57,"Nuls":78,"% Nuls/Ins":2.53,"% Nuls/Vot":6.86,"Exprimés":1007,"% Exp/Ins":32.72,"% Exp/Vot":88.57,"resultats":[{"N.Pan.":null,"Code Nuance":"LNC","Sexe":"F","Nom":"BONVOISIN","Prénom":"Mary","Liste":"Comme vous j'aime Merlimont","Sièges / Elu":"23","Sièges Secteur":0,"Sièges CC":3,"Voix":1007,"% Voix/Ins":32.72,"% Voix/Exp":100}]},"population":{"F0-2":38.2072013839287,"F3-5":45.0934362596433,"F6-10":93.5783604243747,"F11-17":139.965755230144,"F18-24":74.4524722602093,"F25-39":257.382586954343,"F40-54":323.679839271283,"F55-64":299.220079316972,"F65-79":370.276537924132,"F80+":103.533397140203,"H0-2":32.3395548897323,"H3-5":53.6973336964497,"H6-10":108.559255457064,"H11-17":118.413854630476,"H18-24":108.672680454742,"H25-39":238.083038906945,"H40-54":298.579421177975,"H55-64":265.344402152188,"H65-79":350.058420530338,"H80+":69.8623719388574},"Analyse":{"Votes décisifs":1008,"tour décisif":1,"majeurs":2759.1452480281882,"Non votants de 18-24":107.6621814249482}}