{"id":6660,"slug":"64-353-louvie-juzon","nom_standard":"Louvie-Juzon","code_postal":"64","code_departement":"64","libelle_departement":"Pyrénées-Atlantiques","code_commune":"353","Tour 1":{"Inscrits":886,"Abstentions":253,"% Abs/Ins":28.56,"Votants":633,"% Vot/Ins":71.44,"Blancs":6,"% Blancs/Ins":0.68,"% Blancs/Vot":0.95,"Nuls":14,"% Nuls/Ins":1.58,"% Nuls/Vot":2.21,"Exprimés":613,"% Exp/Ins":69.19,"% Exp/Vot":96.84,"resultats":[{"N.Pan.":null,"Code Nuance":"LNC","Sexe":"M","Nom":"LABERNADIE","Prénom":"Patrick","Liste":"Du Bourg aux Hameaux","Sièges / Elu":"12","Sièges Secteur":0,"Sièges CC":2,"Voix":350,"% Voix/Ins":39.5,"% Voix/Exp":57.1},{"N.Pan.":2,"Code Nuance":"LNC","Sexe":"M","Nom":"GABASTON","Prénom":"Jean-Pierre","Liste":"ENSEMBLE REDYNAMISONS LOUVIE","Sièges / Elu":"3","Sièges Secteur":0,"Sièges CC":1,"Voix":263,"% Voix/Ins":29.68,"% Voix/Exp":42.9}]},"population":{"F0-2":14.1265951382299,"F3-5":11.2169349484889,"F6-10":22.5370419192639,"F11-17":36.1223235645587,"F18-24":24.1040885680052,"F25-39":75.2327457867092,"F40-54":103.426777912463,"F55-64":91.3361567242979,"F65-79":88.829397258527,"F80+":54.6186503139355,"H0-2":10.1055148288808,"H3-5":18.6163547024393,"H6-10":17.3098313513786,"H11-17":39.9110488138377,"H18-24":26.1283935786354,"H25-39":74.2612292769684,"H40-54":110.522225655066,"H55-64":103.511350217816,"H65-79":96.4746281797468,"H80+":33.6087112607527},"Analyse":{"Votes décisifs":88,"tour décisif":1,"majeurs":882.054354732923,"Non votants de 18-24":14.183500552471891}}