{"id":6662,"slug":"64-373-mazeres-lezons","nom_standard":"Mazères-Lezons","code_postal":"64","code_departement":"64","libelle_departement":"Pyrénées-Atlantiques","code_commune":"373","Tour 1":{"Inscrits":1495,"Abstentions":632,"% Abs/Ins":42.27,"Votants":863,"% Vot/Ins":57.73,"Blancs":9,"% Blancs/Ins":0.6,"% Blancs/Vot":1.04,"Nuls":21,"% Nuls/Ins":1.4,"% Nuls/Vot":2.43,"Exprimés":833,"% Exp/Ins":55.72,"% Exp/Vot":96.52,"resultats":[{"N.Pan.":null,"Code Nuance":"LNC","Sexe":"F","Nom":"SEMAVOINE","Prénom":"Monique","Liste":"ENSEMBLE, NOTRE VILLAGE, DEMAIN","Sièges / Elu":"16","Sièges Secteur":0,"Sièges CC":1,"Voix":529,"% Voix/Ins":35.38,"% Voix/Exp":63.51},{"N.Pan.":2,"Code Nuance":"LNC","Sexe":"M","Nom":"GLORIEUX","Prénom":"Philippe","Liste":"MAZERES-LEZONS ÉCOLOGISTE SOLIDAIRE ET CITOYENNE","Sièges / Elu":"3","Sièges Secteur":0,"Sièges CC":0,"Voix":304,"% Voix/Ins":20.33,"% Voix/Exp":36.49}]},"population":{"F0-2":19.2746704826181,"F3-5":23.3543386099741,"F6-10":42.9852930524371,"F11-17":74.6568941851073,"F18-24":35.3457337855582,"F25-39":112.763927437286,"F40-54":163.000599568059,"F55-64":164.315305476804,"F65-79":230.22944651614,"F80+":106.300622057676,"H0-2":14.4051116475381,"H3-5":27.0667716909746,"H6-10":48.7748519505064,"H11-17":53.6144721308915,"H18-24":30.3310027231992,"H25-39":102.542319170768,"H40-54":166.842876441323,"H55-64":140.769315550928,"H65-79":192.939816715014,"H80+":67.4866308071965},"Analyse":{"Votes décisifs":226,"tour décisif":1,"majeurs":1512.867596249952,"Non votants de 18-24":28.212107252666655}}