{"id":6615,"slug":"64-94-bardos","nom_standard":"Bardos","code_postal":"64","code_departement":"64","libelle_departement":"Pyrénées-Atlantiques","code_commune":"94","Tour 1":{"Inscrits":1339,"Abstentions":594,"% Abs/Ins":44.36,"Votants":745,"% Vot/Ins":55.64,"Blancs":35,"% Blancs/Ins":2.61,"% Blancs/Vot":4.7,"Nuls":96,"% Nuls/Ins":7.17,"% Nuls/Vot":12.89,"Exprimés":614,"% Exp/Ins":45.86,"% Exp/Vot":82.42,"resultats":[{"N.Pan.":null,"Code Nuance":"LNC","Sexe":"F","Nom":"BEHOTEGUY","Prénom":"Maïder","Liste":"Unis pour Bardos","Sièges / Elu":"19","Sièges Secteur":0,"Sièges CC":1,"Voix":614,"% Voix/Ins":45.86,"% Voix/Exp":100}]},"population":{"F0-2":23.933458134172,"F3-5":29.7881746281653,"F6-10":43.7208514455519,"F11-17":83.5553637204636,"F18-24":47.1578725062712,"F25-39":147.337363304678,"F40-54":187.659417447184,"F55-64":125.867754613954,"F65-79":140.235104923949,"F80+":102.964239036067,"H0-2":36.8271113308468,"H3-5":36.7594139162207,"H6-10":59.5645127992962,"H11-17":78.5493249620043,"H18-24":52.1860480404019,"H25-39":147.772505246766,"H40-54":178.774717250083,"H55-64":131.79475338173,"H65-79":137.04020024,"H80+":46.511813072195},"Analyse":{"Votes décisifs":615,"tour décisif":1,"majeurs":1445.3017890632793,"Non votants de 18-24":48.13577746726878}}