{"id":640,"slug":"9-268-saint-lizier","nom_standard":"Saint-Lizier","code_postal":"9","code_departement":"9","libelle_departement":"Ariège","code_commune":"268","Tour 1":{"Inscrits":1036,"Abstentions":328,"% Abs/Ins":31.66,"Votants":708,"% Vot/Ins":68.34,"Blancs":11,"% Blancs/Ins":1.06,"% Blancs/Vot":1.55,"Nuls":16,"% Nuls/Ins":1.54,"% Nuls/Vot":2.26,"Exprimés":681,"% Exp/Ins":65.73,"% Exp/Vot":96.19,"resultats":[{"N.Pan.":null,"Code Nuance":"LNC","Sexe":"M","Nom":"PICHAN","Prénom":"Michel","Liste":"Bâtissons ensemble le Saint-Lizier de demain","Sièges / Elu":"14","Sièges Secteur":0,"Sièges CC":3,"Voix":529,"% Voix/Ins":51.06,"% Voix/Exp":77.68},{"N.Pan.":2,"Code Nuance":"LNC","Sexe":"M","Nom":"THUILIER","Prénom":"Jean","Liste":"TOUJOURS ENSEMBLE POUR LA CONTINUITÉ à SAINT-LIZIER","Sièges / Elu":"1","Sièges Secteur":0,"Sièges CC":0,"Voix":152,"% Voix/Ins":14.67,"% Voix/Exp":22.32}]},"population":{"F0-2":7.73014442514214,"F3-5":25.2456724567822,"F6-10":28.1592829099344,"F11-17":42.6966957963857,"F18-24":23.0474945189479,"F25-39":66.7074495140985,"F40-54":108.770074197162,"F55-64":108.150951375184,"F65-79":179.787991082573,"F80+":153.079926545529,"H0-2":13.565901330471,"H3-5":9.77752011612018,"H6-10":28.2556320786094,"H11-17":46.4373667580009,"H18-24":30.9705350093784,"H25-39":63.8412709399867,"H40-54":102.142933940807,"H55-64":105.634947668853,"H65-79":147.54849601044,"H80+":75.4497133255949},"Analyse":{"Votes décisifs":378,"tour décisif":1,"majeurs":1165.1317841285545,"Non votants de 18-24":21.193618223934916}}