{"id":6407,"slug":"62-606-neuve-chapelle","nom_standard":"Neuve-Chapelle","code_postal":"62","code_departement":"62","libelle_departement":"Pas-de-Calais","code_commune":"606","Tour 1":{"Inscrits":1182,"Abstentions":568,"% Abs/Ins":48.05,"Votants":614,"% Vot/Ins":51.95,"Blancs":5,"% Blancs/Ins":0.42,"% Blancs/Vot":0.81,"Nuls":5,"% Nuls/Ins":0.42,"% Nuls/Vot":0.81,"Exprimés":604,"% Exp/Ins":51.1,"% Exp/Vot":98.37,"resultats":[{"N.Pan.":null,"Code Nuance":"LNC","Sexe":"M","Nom":"ROBIQUET","Prénom":"Tanguy","Liste":"avec vous, pour vous, tout simplement","Sièges / Elu":"13","Sièges Secteur":0,"Sièges CC":1,"Voix":406,"% Voix/Ins":34.35,"% Voix/Exp":67.22},{"N.Pan.":2,"Code Nuance":"LNC","Sexe":"M","Nom":"LIEVEN","Prénom":"Ronald","Liste":"TOUS ENSEMBLE POUR NEUVE CHAPELLE","Sièges / Elu":"2","Sièges Secteur":0,"Sièges CC":0,"Voix":198,"% Voix/Ins":16.75,"% Voix/Exp":32.78}]},"population":{"F0-2":16.6168623529594,"F3-5":27.4569002144029,"F6-10":60.2172125506736,"F11-17":74.25712762579,"F18-24":58.4509417902229,"F25-39":110.339106571886,"F40-54":168.872954858519,"F55-64":113.370317197419,"F65-79":87.812443527391,"F80+":16.4551928510565,"H0-2":12.6001321551857,"H3-5":19.9711005781186,"H6-10":58.1822255710845,"H11-17":80.1463705849197,"H18-24":47.0043986515888,"H25-39":94.5406149404368,"H40-54":173.064121871792,"H55-64":112.22252820572,"H65-79":84.9022579772034,"H80+":18.5171899236304},"Analyse":{"Votes décisifs":209,"tour décisif":1,"majeurs":1085.5520683668658,"Non votants de 18-24":45.80865842803836}}