{"id":6415,"slug":"62-628-noyelles-sous-lens","nom_standard":"Noyelles-sous-Lens","code_postal":"62","code_departement":"62","libelle_departement":"Pas-de-Calais","code_commune":"628","Tour 1":{"Inscrits":4594,"Abstentions":2517,"% Abs/Ins":54.79,"Votants":2077,"% Vot/Ins":45.21,"Blancs":24,"% Blancs/Ins":0.52,"% Blancs/Vot":1.16,"Nuls":44,"% Nuls/Ins":0.96,"% Nuls/Vot":2.12,"Exprimés":2009,"% Exp/Ins":43.73,"% Exp/Vot":96.73,"resultats":[{"N.Pan.":null,"Code Nuance":"LDVG","Sexe":"M","Nom":"REPPERT","Prénom":"Philippe","Liste":"NOYELLES C'EST VOUS","Sièges / Elu":"4","Sièges Secteur":0,"Sièges CC":0,"Voix":632,"% Voix/Ins":13.76,"% Voix/Exp":31.46},{"N.Pan.":2,"Code Nuance":"LDVG","Sexe":"M","Nom":"ROGER","Prénom":"Alain","Liste":"L'ESSENTIEL C'EST NOYELLES","Sièges / Elu":"25","Sièges Secteur":0,"Sièges CC":2,"Voix":1377,"% Voix/Ins":29.97,"% Voix/Exp":68.54}]},"population":{"F0-2":107.994969603257,"F3-5":111.205152225641,"F6-10":201.613261735076,"F11-17":241.468085355409,"F18-24":260.667028720093,"F25-39":588.91366265847,"F40-54":619.242723981289,"F55-64":454.531950151457,"F65-79":530.421123485244,"F80+":416.442614031382,"H0-2":133.451138624722,"H3-5":129.381501788331,"H6-10":175.842274002897,"H11-17":268.344387700891,"H18-24":251.580752531418,"H25-39":555.131184513723,"H40-54":627.415278638036,"H55-64":406.587264528222,"H65-79":362.978898975746,"H80+":146.7867467487},"Analyse":{"Votes décisifs":746,"tour décisif":1,"majeurs":5220.69922896378,"Non votants de 18-24":308.4554164746261}}