{"id":6431,"slug":"62-713-robecq","nom_standard":"Robecq","code_postal":"62","code_departement":"62","libelle_departement":"Pas-de-Calais","code_commune":"713","Tour 1":{"Inscrits":1067,"Abstentions":559,"% Abs/Ins":52.39,"Votants":508,"% Vot/Ins":47.61,"Blancs":12,"% Blancs/Ins":1.12,"% Blancs/Vot":2.36,"Nuls":50,"% Nuls/Ins":4.69,"% Nuls/Vot":9.84,"Exprimés":446,"% Exp/Ins":41.8,"% Exp/Vot":87.8,"resultats":[{"N.Pan.":null,"Code Nuance":"LNC","Sexe":"M","Nom":"DEROUBAIX","Prénom":"Hervé","Liste":"réussir ensemble","Sièges / Elu":"15","Sièges Secteur":0,"Sièges CC":1,"Voix":446,"% Voix/Ins":41.8,"% Voix/Exp":100}]},"population":{"F0-2":21.5666982378262,"F3-5":15.5932054175691,"F6-10":37.0905563800442,"F11-17":64.7882049265973,"F18-24":42.6977877335028,"F25-39":100.948615202997,"F40-54":154.981725792962,"F55-64":87.5853758026191,"F65-79":94.0485680751278,"F80+":39.6519046950404,"H0-2":20.7134202859095,"H3-5":21.6301060580091,"H6-10":47.9548232949959,"H11-17":78.3261296407727,"H18-24":39.5455332182505,"H25-39":103.491753396485,"H40-54":160.032027259761,"H55-64":94.3320952793517,"H65-79":84.6786206605441,"H80+":25.3428486416346},"Analyse":{"Votes décisifs":447,"tour décisif":1,"majeurs":1027.336855758276,"Non votants de 18-24":41.57544574673771}}