{"id":6445,"slug":"62-755-saint-leonard","nom_standard":"Saint-Léonard","code_postal":"62","code_departement":"62","libelle_departement":"Pas-de-Calais","code_commune":"755","Tour 1":{"Inscrits":2829,"Abstentions":1373,"% Abs/Ins":48.53,"Votants":1456,"% Vot/Ins":51.47,"Blancs":16,"% Blancs/Ins":0.57,"% Blancs/Vot":1.1,"Nuls":22,"% Nuls/Ins":0.78,"% Nuls/Vot":1.51,"Exprimés":1418,"% Exp/Ins":50.12,"% Exp/Vot":97.39,"resultats":[{"N.Pan.":null,"Code Nuance":"LNC","Sexe":"F","Nom":"LOIRE","Prénom":"Gwénaëlle","Liste":"Avec vous, Saint Léonard, demain","Sièges / Elu":"18","Sièges Secteur":0,"Sièges CC":1,"Voix":790,"% Voix/Ins":27.93,"% Voix/Exp":55.71},{"N.Pan.":2,"Code Nuance":"LNC","Sexe":"F","Nom":"BRUNET","Prénom":"Annie","Liste":"Saint-Léonard : une ambition commune","Sièges / Elu":"5","Sièges Secteur":0,"Sièges CC":0,"Voix":628,"% Voix/Ins":22.2,"% Voix/Exp":44.29}]},"population":{"F0-2":40.2180492747145,"F3-5":55.4208729565444,"F6-10":86.8574497503322,"F11-17":146.217024967577,"F18-24":83.6244740707509,"F25-39":241.541529886664,"F40-54":365.515840533746,"F55-64":234.646381717278,"F65-79":363.190660671246,"F80+":168.997590205654,"H0-2":41.5935602173503,"H3-5":60.0303512787961,"H6-10":90.3250678612084,"H11-17":150.477400873046,"H18-24":120.042987127879,"H25-39":218.364506519113,"H40-54":342.431239045191,"H55-64":206.078422384136,"H65-79":299.690341840212,"H80+":61.7362488185619},"Analyse":{"Votes décisifs":163,"tour décisif":1,"majeurs":2705.8602228204318,"Non votants de 18-24":94.0757605615182}}