{"id":6447,"slug":"62-757-saint-martin-lez-tatinghem","nom_standard":"Saint-Martin-Lez-Tatinghem","code_postal":"62","code_departement":"62","libelle_departement":"Pas-de-Calais","code_commune":"757","Tour 1":{"Inscrits":5011,"Abstentions":2166,"% Abs/Ins":43.22,"Votants":2845,"% Vot/Ins":56.78,"Blancs":35,"% Blancs/Ins":0.7,"% Blancs/Vot":1.23,"Nuls":62,"% Nuls/Ins":1.24,"% Nuls/Vot":2.18,"Exprimés":2748,"% Exp/Ins":54.84,"% Exp/Vot":96.59,"resultats":[{"N.Pan.":null,"Code Nuance":"LDIV","Sexe":"M","Nom":"SANNIER","Prénom":"Alexandre","Liste":"Ensemble, pour un vent nouveau","Sièges / Elu":"5","Sièges Secteur":0,"Sièges CC":0,"Voix":885,"% Voix/Ins":17.66,"% Voix/Exp":32.21},{"N.Pan.":2,"Code Nuance":"LDVG","Sexe":"M","Nom":"PETIT","Prénom":"Bertrand","Liste":"Saint-Martin-lez-Tatinghem, évidemment  !","Sièges / Elu":"28","Sièges Secteur":0,"Sièges CC":4,"Voix":1863,"% Voix/Ins":37.18,"% Voix/Exp":67.79}]},"population":{"F0-2":82.6846094221358,"F3-5":117.522843047726,"F6-10":179.580830238713,"F11-17":276.438339231238,"F18-24":202.654648109023,"F25-39":469.386505422792,"F40-54":619.118404212572,"F55-64":456.47714644138,"F65-79":543.807459271911,"F80+":259.304461543177,"H0-2":89.746039770724,"H3-5":95.3062549731869,"H6-10":167.834586198785,"H11-17":286.552772120556,"H18-24":190.539963774924,"H25-39":399.672392462376,"H40-54":597.079248844588,"H55-64":404.152362546686,"H65-79":390.328287401007,"H80+":141.812844966499},"Analyse":{"Votes décisifs":979,"tour décisif":1,"majeurs":4674.333724996936,"Non votants de 18-24":153.8795058983207}}