{"id":6457,"slug":"62-792-serques","nom_standard":"Serques","code_postal":"62","code_departement":"62","libelle_departement":"Pas-de-Calais","code_commune":"792","Tour 1":{"Inscrits":971,"Abstentions":545,"% Abs/Ins":56.13,"Votants":426,"% Vot/Ins":43.87,"Blancs":13,"% Blancs/Ins":1.34,"% Blancs/Vot":3.05,"Nuls":51,"% Nuls/Ins":5.25,"% Nuls/Vot":11.97,"Exprimés":362,"% Exp/Ins":37.28,"% Exp/Vot":84.98,"resultats":[{"N.Pan.":null,"Code Nuance":"LNC","Sexe":"M","Nom":"DENIS","Prénom":"Philippe","Liste":"D'avenir et d'action","Sièges / Elu":"15","Sièges Secteur":0,"Sièges CC":1,"Voix":362,"% Voix/Ins":37.28,"% Voix/Exp":100}]},"population":{"F0-2":13.7530632390374,"F3-5":21.5311556199257,"F6-10":25.1706704577208,"F11-17":56.6930171154682,"F18-24":34.7035439535737,"F25-39":90.2759062341352,"F40-54":141.035842522765,"F55-64":76.839438078908,"F65-79":74.7710065052647,"F80+":27.6005866789421,"H0-2":10.9401319160086,"H3-5":20.7224302266528,"H6-10":37.1090608134555,"H11-17":53.822563407167,"H18-24":37.9734594020848,"H25-39":97.2199268166358,"H40-54":153.972643228929,"H55-64":79.5094194298512,"H65-79":81.8817300797977,"H80+":15.474404273677},"Analyse":{"Votes décisifs":363,"tour décisif":1,"majeurs":911.2579072045642,"Non votants de 18-24":38.701546808470084}}