{"id":6461,"slug":"62-811-therouanne","nom_standard":"Thérouanne","code_postal":"62","code_departement":"62","libelle_departement":"Pas-de-Calais","code_commune":"811","Tour 1":{"Inscrits":944,"Abstentions":539,"% Abs/Ins":57.1,"Votants":405,"% Vot/Ins":42.9,"Blancs":18,"% Blancs/Ins":1.91,"% Blancs/Vot":4.44,"Nuls":91,"% Nuls/Ins":9.64,"% Nuls/Vot":22.47,"Exprimés":296,"% Exp/Ins":31.36,"% Exp/Vot":73.09,"resultats":[{"N.Pan.":null,"Code Nuance":"LNC","Sexe":"M","Nom":"CHEVALIER","Prénom":"Alain","Liste":"Union pour Thérouanne","Sièges / Elu":"15","Sièges Secteur":0,"Sièges CC":1,"Voix":296,"% Voix/Ins":31.36,"% Voix/Exp":100}]},"population":{"F0-2":19.8734266841044,"F3-5":21.8471455878343,"F6-10":33.5327361560326,"F11-17":54.0356681143391,"F18-24":43.1488651621406,"F25-39":98.7485302559386,"F40-54":101.451170037437,"F55-64":71.3894681525564,"F65-79":91.2028260816692,"F80+":38.0589236363195,"H0-2":18.8699982740569,"H3-5":16.8095698592763,"H6-10":30.5649008456663,"H11-17":39.3768266829381,"H18-24":34.870123658423,"H25-39":98.1059673270222,"H40-54":107.420875692801,"H55-64":62.9978512698919,"H65-79":86.9323659163404,"H80+":31.7627606052129},"Analyse":{"Votes décisifs":297,"tour décisif":1,"majeurs":866.0897277957527,"Non votants de 18-24":41.53582840628855}}