{"id":6498,"slug":"63-35-beauregard-vendon","nom_standard":"Beauregard-Vendon","code_postal":"63","code_departement":"63","libelle_departement":"Puy-de-Dôme","code_commune":"35","Tour 1":{"Inscrits":882,"Abstentions":519,"% Abs/Ins":58.84,"Votants":363,"% Vot/Ins":41.16,"Blancs":3,"% Blancs/Ins":0.34,"% Blancs/Vot":0.83,"Nuls":82,"% Nuls/Ins":9.3,"% Nuls/Vot":22.59,"Exprimés":278,"% Exp/Ins":31.52,"% Exp/Vot":76.58,"resultats":[{"N.Pan.":null,"Code Nuance":"LNC","Sexe":"M","Nom":"GEORGES","Prénom":"Denis","Liste":"ENSEMBLE CONTINUONS D'AGIR POUR BEAUREGARD-VENDON","Sièges / Elu":"15","Sièges Secteur":0,"Sièges CC":3,"Voix":278,"% Voix/Ins":31.52,"% Voix/Exp":100}]},"population":{"F0-2":37.0365812629522,"F3-5":34.0010294133524,"F6-10":47.4392146475107,"F11-17":68.9710678179638,"F18-24":28.8007570782165,"F25-39":143.84613844656,"F40-54":128.187306546871,"F55-64":72.3344413707763,"F65-79":67.1151404376756,"F80+":23.347034727841,"H0-2":31.8909260696543,"H3-5":24.6910919227902,"H6-10":48.4199885216181,"H11-17":53.4846976253238,"H18-24":27.7572085255258,"H25-39":128.205808708881,"H40-54":153.749366026585,"H55-64":72.3962112374531,"H65-79":66.1339216710951,"H80+":11.192067941354},"Analyse":{"Votes décisifs":279,"tour décisif":1,"majeurs":923.0654027188344,"Non votants de 18-24":34.31626804505691}}