{"id":6713,"slug":"65-127-capvern","nom_standard":"Capvern","code_postal":"65","code_departement":"65","libelle_departement":"Hautes-Pyrénées","code_commune":"127","Tour 1":{"Inscrits":1045,"Abstentions":235,"% Abs/Ins":22.49,"Votants":810,"% Vot/Ins":77.51,"Blancs":15,"% Blancs/Ins":1.44,"% Blancs/Vot":1.85,"Nuls":20,"% Nuls/Ins":1.91,"% Nuls/Vot":2.47,"Exprimés":775,"% Exp/Ins":74.16,"% Exp/Vot":95.68,"resultats":[{"N.Pan.":null,"Code Nuance":"LNC","Sexe":"M","Nom":"LARAN","Prénom":"Jean-Paul","Liste":"capvern union citoyenne","Sièges / Elu":"12","Sièges Secteur":0,"Sièges CC":3,"Voix":388,"% Voix/Ins":37.13,"% Voix/Exp":50.06},{"N.Pan.":2,"Code Nuance":"LNC","Sexe":"M","Nom":"COLOMES","Prénom":"Jean Bernard","Liste":"ensemble, cap vers l'avenir","Sièges / Elu":"3","Sièges Secteur":0,"Sièges CC":1,"Voix":387,"% Voix/Ins":37.03,"% Voix/Exp":49.94}]},"population":{"F0-2":5.92338250341286,"F3-5":15.6510442635701,"F6-10":34.2461902844954,"F11-17":81.2338786638205,"F18-24":24.0071012774628,"F25-39":91.5158854516272,"F40-54":142.887283197435,"F55-64":91.6669435148838,"F65-79":115.160118912496,"F80+":56.7625474143806,"H0-2":8.8521368233038,"H3-5":15.6526143580829,"H6-10":36.1824827123977,"H11-17":67.0833692353531,"H18-24":15.9014166624309,"H25-39":71.7290408639795,"H40-54":147.421014400729,"H55-64":92.608172943699,"H65-79":98.9461103451085,"H80+":52.5692661713317},"Analyse":{"Votes décisifs":2,"tour décisif":1,"majeurs":1001.1749011555639,"Non votants de 18-24":7.62055357522266}}