{"id":6708,"slug":"65-62-barbazan-debat","nom_standard":"Barbazan-Debat","code_postal":"65","code_departement":"65","libelle_departement":"Hautes-Pyrénées","code_commune":"62","Tour 1":{"Inscrits":2639,"Abstentions":1616,"% Abs/Ins":61.24,"Votants":1023,"% Vot/Ins":38.76,"Blancs":30,"% Blancs/Ins":1.14,"% Blancs/Vot":2.93,"Nuls":63,"% Nuls/Ins":2.39,"% Nuls/Vot":6.16,"Exprimés":930,"% Exp/Ins":35.24,"% Exp/Vot":90.91,"resultats":[{"N.Pan.":null,"Code Nuance":"LNC","Sexe":"M","Nom":"PEDEBOY","Prénom":"Jean-Christian","Liste":"barbazan passionnement","Sièges / Elu":"23","Sièges Secteur":0,"Sièges CC":2,"Voix":930,"% Voix/Ins":35.24,"% Voix/Exp":100}]},"population":{"F0-2":57.5616736902145,"F3-5":55.5781569228769,"F6-10":95.1360585443123,"F11-17":132.899526398806,"F18-24":67.8054894946919,"F25-39":282.013587984005,"F40-54":337.451058865211,"F55-64":283.384945563427,"F65-79":390.580420781171,"F80+":136.085640429112,"H0-2":46.6766804491534,"H3-5":48.548565677885,"H6-10":95.0381381183898,"H11-17":157.598649031639,"H18-24":76.614666052736,"H25-39":258.276655275541,"H40-54":297.458694224205,"H55-64":235.701012225825,"H65-79":342.919309376085,"H80+":99.6710708947128},"Analyse":{"Votes décisifs":931,"tour décisif":1,"majeurs":2807.9625511667227,"Non votants de 18-24":91.80484589394578}}