{"id":6710,"slug":"65-72-bazet","nom_standard":"Bazet","code_postal":"65","code_departement":"65","libelle_departement":"Hautes-Pyrénées","code_commune":"72","Tour 1":{"Inscrits":1466,"Abstentions":824,"% Abs/Ins":56.21,"Votants":642,"% Vot/Ins":43.79,"Blancs":16,"% Blancs/Ins":1.09,"% Blancs/Vot":2.49,"Nuls":25,"% Nuls/Ins":1.71,"% Nuls/Vot":3.89,"Exprimés":601,"% Exp/Ins":41,"% Exp/Vot":93.61,"resultats":[{"N.Pan.":null,"Code Nuance":"LNC","Sexe":"M","Nom":"BURON","Prénom":"Jean","Liste":"HIER, AUJOURD'HUI, DEMAIN POUR BAZET","Sièges / Elu":"19","Sièges Secteur":0,"Sièges CC":1,"Voix":601,"% Voix/Ins":41,"% Voix/Exp":100}]},"population":{"F0-2":25.1875637049349,"F3-5":31.2057249407755,"F6-10":60.2937629688149,"F11-17":84.6156972579088,"F18-24":44.5753712083859,"F25-39":170.956022530122,"F40-54":173.251722211625,"F55-64":101.904565102841,"F65-79":211.157516923942,"F80+":76.6147326430918,"H0-2":30.1981648113967,"H3-5":39.19916029373,"H6-10":59.4510459360482,"H11-17":72.518387969757,"H18-24":56.6452900993091,"H25-39":142.595800042942,"H40-54":157.872169166054,"H55-64":87.5776856115533,"H65-79":163.022757070466,"H80+":60.1568595063013},"Analyse":{"Votes décisifs":602,"tour décisif":1,"majeurs":1446.3304921166334,"Non votants de 18-24":56.29063672912181}}