{"id":6500,"slug":"63-40-billom","nom_standard":"Billom","code_postal":"63","code_departement":"63","libelle_departement":"Puy-de-Dôme","code_commune":"40","Tour 1":{"Inscrits":3329,"Abstentions":1786,"% Abs/Ins":53.65,"Votants":1543,"% Vot/Ins":46.35,"Blancs":28,"% Blancs/Ins":0.84,"% Blancs/Vot":1.81,"Nuls":41,"% Nuls/Ins":1.23,"% Nuls/Vot":2.66,"Exprimés":1474,"% Exp/Ins":44.28,"% Exp/Vot":95.53,"resultats":[{"N.Pan.":null,"Code Nuance":"LDVD","Sexe":"M","Nom":"ROYET","Prénom":"Patrice","Liste":"BILLOM RASSEMBLÉE","Sièges / Elu":"4","Sièges Secteur":0,"Sièges CC":1,"Voix":430,"% Voix/Ins":12.92,"% Voix/Exp":29.17},{"N.Pan.":2,"Code Nuance":"LDVG","Sexe":"M","Nom":"CHARLAT","Prénom":"Jean-Michel","Liste":"ENSEMBLE POUR BILLOM","Sièges / Elu":"23","Sièges Secteur":0,"Sièges CC":8,"Voix":1044,"% Voix/Ins":31.36,"% Voix/Exp":70.83}]},"population":{"F0-2":50.9015972746072,"F3-5":65.5837908051382,"F6-10":136.968635725007,"F11-17":236.795035099758,"F18-24":112.129536506765,"F25-39":359.734107038888,"F40-54":498.130331879582,"F55-64":343.932789386329,"F65-79":421.726253388939,"F80+":321.581338522307,"H0-2":67.2840154849898,"H3-5":72.4053699715231,"H6-10":141.696955365973,"H11-17":240.745976028961,"H18-24":137.273283844536,"H25-39":327.043138724675,"H40-54":489.450971545068,"H55-64":302.029837019412,"H65-79":337.283644645571,"H80+":127.303391741971},"Analyse":{"Votes décisifs":615,"tour décisif":1,"majeurs":3777.6186242440426,"Non votants de 18-24":147.53214729492083}}