{"id":6523,"slug":"63-124-cournon-d-auvergne","nom_standard":"Cournon-d'Auvergne","code_postal":"63","code_departement":"63","libelle_departement":"Puy-de-Dôme","code_commune":"124","Tour 1":{"Inscrits":13457,"Abstentions":7580,"% Abs/Ins":56.33,"Votants":5877,"% Vot/Ins":43.67,"Blancs":65,"% Blancs/Ins":0.48,"% Blancs/Vot":1.11,"Nuls":153,"% Nuls/Ins":1.14,"% Nuls/Vot":2.6,"Exprimés":5659,"% Exp/Ins":42.05,"% Exp/Vot":96.29,"resultats":[{"N.Pan.":null,"Code Nuance":"LDVC","Sexe":"M","Nom":"HERMAN","Prénom":"Stéphane","Liste":"MOUVEMENT POUR COURNON","Sièges / Elu":"4","Sièges Secteur":0,"Sièges CC":0,"Voix":1287,"% Voix/Ins":9.56,"% Voix/Exp":22.74},{"N.Pan.":2,"Code Nuance":"LUG","Sexe":"M","Nom":"RAGE","Prénom":"François","Liste":"Réinventons Cournon 2020","Sièges / Elu":"27","Sièges Secteur":0,"Sièges CC":5,"Voix":2936,"% Voix/Ins":21.82,"% Voix/Exp":51.88},{"N.Pan.":3,"Code Nuance":"LDVD","Sexe":"M","Nom":"RENAUD","Prénom":"Michel","Liste":"ENSEMBLE POUR COURNON","Sièges / Elu":4,"Sièges CC":1,"Voix":1436,"% Voix/Ins":10.67,"% Voix/Exp":25.38}]},"population":{"F0-2":309.670411545411,"F3-5":299.203717759195,"F6-10":591.771564774949,"F11-17":839.670417158849,"F18-24":598.014019374716,"F25-39":1700.27047669986,"F40-54":2043.55552123137,"F55-64":1427.24448775035,"F65-79":2155.68117956531,"F80+":733.816444411222,"H0-2":325.007072622783,"H3-5":384.08252474612,"H6-10":567.400423690023,"H11-17":976.103619128427,"H18-24":630.331977625243,"H25-39":1557.68212944457,"H40-54":1835.72075284838,"H55-64":1128.02885370039,"H65-79":1725.24900987035,"H80+":527.49539605248},"Analyse":{"Votes décisifs":214,"tour décisif":1,"majeurs":16063.090248574243,"Non votants de 18-24":778.9312634302764}}