{"id":6533,"slug":"63-164-gerzat","nom_standard":"Gerzat","code_postal":"63","code_departement":"63","libelle_departement":"Puy-de-Dôme","code_commune":"164","Tour 1":{"Inscrits":7222,"Abstentions":4618,"% Abs/Ins":63.94,"Votants":2604,"% Vot/Ins":36.06,"Blancs":45,"% Blancs/Ins":0.62,"% Blancs/Vot":1.73,"Nuls":54,"% Nuls/Ins":0.75,"% Nuls/Vot":2.07,"Exprimés":2505,"% Exp/Ins":34.69,"% Exp/Vot":96.2,"resultats":[{"N.Pan.":null,"Code Nuance":"LDVC","Sexe":"M","Nom":"PICHOT","Prénom":"Serge","Liste":"VIVONS GERZAT","Sièges / Elu":"26","Sièges Secteur":0,"Sièges CC":3,"Voix":1353,"% Voix/Ins":18.73,"% Voix/Exp":54.01},{"N.Pan.":2,"Code Nuance":"LUG","Sexe":"M","Nom":"DA SILVA","Prénom":"Alexandre","Liste":"GERZAT C'EST VOUS","Sièges / Elu":"4","Sièges Secteur":0,"Sièges CC":0,"Voix":584,"% Voix/Ins":8.09,"% Voix/Exp":23.31},{"N.Pan.":3,"Code Nuance":"LDVG","Sexe":"M","Nom":"LÉPÉE","Prénom":"Grégory","Liste":"AGIR ENSEMBLE POUR GERZAT","Sièges / Elu":3,"Sièges CC":0,"Voix":568,"% Voix/Ins":7.86,"% Voix/Exp":22.67}]},"population":{"F0-2":158.637806636291,"F3-5":204.463237599827,"F6-10":319.696174883301,"F11-17":429.142873273287,"F18-24":425.699545043042,"F25-39":942.36308492902,"F40-54":1046.79042701463,"F55-64":674.839558714525,"F65-79":847.452762685658,"F80+":345.933950983384,"H0-2":173.828718948473,"H3-5":199.820859615895,"H6-10":283.066692415404,"H11-17":531.837599414802,"H18-24":403.482161724314,"H25-39":938.920540483811,"H40-54":1002.46769592533,"H55-64":584.317342089992,"H65-79":665.696808362045,"H80+":216.542159256974},"Analyse":{"Votes décisifs":202,"tour décisif":1,"majeurs":8094.5060372127255,"Non votants de 18-24":562.4342172360871}}