{"id":6536,"slug":"63-180-joze","nom_standard":"Joze","code_postal":"63","code_departement":"63","libelle_departement":"Puy-de-Dôme","code_commune":"180","Tour 1":{"Inscrits":873,"Abstentions":486,"% Abs/Ins":55.67,"Votants":387,"% Vot/Ins":44.33,"Blancs":12,"% Blancs/Ins":1.37,"% Blancs/Vot":3.1,"Nuls":57,"% Nuls/Ins":6.53,"% Nuls/Vot":14.73,"Exprimés":318,"% Exp/Ins":36.43,"% Exp/Vot":82.17,"resultats":[{"N.Pan.":null,"Code Nuance":"LNC","Sexe":"M","Nom":"PEYNON","Prénom":"Daniel","Liste":"LISTE D'ACTION ET D'INTERET COMMUNAL","Sièges / Elu":"15","Sièges Secteur":0,"Sièges CC":2,"Voix":318,"% Voix/Ins":36.43,"% Voix/Exp":100}]},"population":{"F0-2":18.6016769014678,"F3-5":23.7575332269924,"F6-10":39.31294759369,"F11-17":44.4545705844466,"F18-24":29.0676977574537,"F25-39":91.2375997517494,"F40-54":135.186876512188,"F55-64":76.2841481857108,"F65-79":87.8946391532324,"F80+":38.8102548625158,"H0-2":10.3438872225292,"H3-5":20.6814304895543,"H6-10":36.0803144547454,"H11-17":67.3012396725563,"H18-24":35.2391832211973,"H25-39":88.2860433040775,"H40-54":125.811226128734,"H55-64":79.4353826483125,"H65-79":76.3398963930546,"H80+":20.8734519357924},"Analyse":{"Votes décisifs":319,"tour décisif":1,"majeurs":884.4663998540185,"Non votants de 18-24":36.16927966010967}}