{"id":6548,"slug":"63-214-les-martres-de-veyre","nom_standard":"Les Martres-de-Veyre","code_postal":"63","code_departement":"63","libelle_departement":"Puy-de-Dôme","code_commune":"214","Tour 1":{"Inscrits":3156,"Abstentions":2325,"% Abs/Ins":73.67,"Votants":831,"% Vot/Ins":26.33,"Blancs":45,"% Blancs/Ins":1.43,"% Blancs/Vot":5.42,"Nuls":84,"% Nuls/Ins":2.66,"% Nuls/Vot":10.11,"Exprimés":702,"% Exp/Ins":22.24,"% Exp/Vot":84.48,"resultats":[{"N.Pan.":null,"Code Nuance":"LUG","Sexe":"M","Nom":"PIGOT","Prénom":"Pascal","Liste":"ENSEMBLE, CONSTRUISONS LES MARTRES DE DEMAIN","Sièges / Elu":"27","Sièges Secteur":0,"Sièges CC":5,"Voix":702,"% Voix/Ins":22.24,"% Voix/Exp":100}]},"population":{"F0-2":44.8400955037393,"F3-5":61.0506225699127,"F6-10":92.761355817949,"F11-17":182.859676223147,"F18-24":116.67056762115,"F25-39":307.669648814374,"F40-54":435.82257822835,"F55-64":303.457938509622,"F65-79":345.114984628366,"F80+":129.463965164448,"H0-2":45.6724506384593,"H3-5":45.4161685452513,"H6-10":124.194122406781,"H11-17":181.075488176394,"H18-24":138.093315461385,"H25-39":283.877894329483,"H40-54":423.66003118307,"H55-64":298.766099338518,"H65-79":305.060088079871,"H80+":75.4729087597294},"Analyse":{"Votes décisifs":703,"tour décisif":1,"majeurs":3163.130020118366,"Non votants de 18-24":187.83372671998868}}