{"id":6550,"slug":"63-225-messeix","nom_standard":"Messeix","code_postal":"63","code_departement":"63","libelle_departement":"Puy-de-Dôme","code_commune":"225","Tour 1":{"Inscrits":986,"Abstentions":324,"% Abs/Ins":32.86,"Votants":662,"% Vot/Ins":67.14,"Blancs":12,"% Blancs/Ins":1.22,"% Blancs/Vot":1.81,"Nuls":49,"% Nuls/Ins":4.97,"% Nuls/Vot":7.4,"Exprimés":601,"% Exp/Ins":60.95,"% Exp/Vot":90.79,"resultats":[{"N.Pan.":null,"Code Nuance":"LNC","Sexe":"F","Nom":"BOUEIX","Prénom":"Florence","Liste":"S'ENGAGER ENSEMBLE POUR MESSEIX","Sièges / Elu":"3","Sièges Secteur":0,"Sièges CC":1,"Voix":289,"% Voix/Ins":29.31,"% Voix/Exp":48.09},{"N.Pan.":2,"Code Nuance":"LNC","Sexe":"M","Nom":"TUREK","Prénom":"Jean-Pierre","Liste":"UN AVENIR POUR MESSEIX","Sièges / Elu":"12","Sièges Secteur":0,"Sièges CC":3,"Voix":312,"% Voix/Ins":31.64,"% Voix/Exp":51.91}]},"population":{"F0-2":13.865236122492,"F3-5":4.41672909927164,"F6-10":24.4365448124479,"F11-17":33.9396316258074,"F18-24":11.6939403374313,"F25-39":51.1200084426677,"F40-54":101.047646997528,"F55-64":96.8873267554539,"F65-79":109.325318436586,"F80+":62.9031043194007,"H0-2":10.0469168460806,"H3-5":17.1324687334115,"H6-10":28.831960458,"H11-17":30.687107225959,"H18-24":22.6599759819884,"H25-39":55.6555756641143,"H40-54":93.8357882940156,"H55-64":111.035454091996,"H65-79":119.328140597553,"H80+":35.1511251577959},"Analyse":{"Votes décisifs":24,"tour décisif":1,"majeurs":870.6434050765308,"Non votants de 18-24":8.232667974976362}}