{"id":6566,"slug":"63-281-pionsat","nom_standard":"Pionsat","code_postal":"63","code_departement":"63","libelle_departement":"Puy-de-Dôme","code_commune":"281","Tour 1":{"Inscrits":695,"Abstentions":331,"% Abs/Ins":47.63,"Votants":364,"% Vot/Ins":52.37,"Blancs":11,"% Blancs/Ins":1.58,"% Blancs/Vot":3.02,"Nuls":70,"% Nuls/Ins":10.07,"% Nuls/Vot":19.23,"Exprimés":283,"% Exp/Ins":40.72,"% Exp/Vot":77.75,"resultats":[{"N.Pan.":null,"Code Nuance":"LNC","Sexe":"M","Nom":"GAUMET","Prénom":"Jérôme","Liste":"PIONSAT, UNIS POUR AGIR","Sièges / Elu":"15","Sièges Secteur":0,"Sièges CC":3,"Voix":283,"% Voix/Ins":40.72,"% Voix/Exp":100}]},"population":{"F0-2":7.82820139863516,"F3-5":11.6401762621866,"F6-10":21.3232954956821,"F11-17":26.3965804167166,"F18-24":16.9087764421188,"F25-39":64.4601207331105,"F40-54":96.3912764143386,"F55-64":94.1775591500181,"F65-79":94.4473659604858,"F80+":119.469473951322,"H0-2":11.7266419479637,"H3-5":8.66732824843607,"H6-10":20.3216206655049,"H11-17":34.1788922154863,"H18-24":18.7770250931631,"H25-39":52.4447301701941,"H40-54":95.2686979236821,"H55-64":104.104373262943,"H65-79":91.2399634083403,"H80+":67.2279008396728},"Analyse":{"Votes décisifs":284,"tour décisif":1,"majeurs":914.9172633493891,"Non votants de 18-24":21.488198889454324}}