{"id":6580,"slug":"63-349-saint-georges-de-mons","nom_standard":"Saint-Georges-de-Mons","code_postal":"63","code_departement":"63","libelle_departement":"Puy-de-Dôme","code_commune":"349","Tour 1":{"Inscrits":1576,"Abstentions":682,"% Abs/Ins":43.27,"Votants":894,"% Vot/Ins":56.73,"Blancs":18,"% Blancs/Ins":1.14,"% Blancs/Vot":2.01,"Nuls":24,"% Nuls/Ins":1.52,"% Nuls/Vot":2.68,"Exprimés":852,"% Exp/Ins":54.06,"% Exp/Vot":95.3,"resultats":[{"N.Pan.":null,"Code Nuance":"LNC","Sexe":"M","Nom":"BALY","Prénom":"Franck","Liste":"SAINT GEORGES DEMAIN","Sièges / Elu":"3","Sièges Secteur":0,"Sièges CC":1,"Voix":327,"% Voix/Ins":20.75,"% Voix/Exp":38.38},{"N.Pan.":2,"Code Nuance":"LNC","Sexe":"M","Nom":"PERRIN","Prénom":"Julien","Liste":"LISTE CITOYENNE : AGIR ENSEMBLE","Sièges / Elu":"16","Sièges Secteur":0,"Sièges CC":4,"Voix":525,"% Voix/Ins":33.31,"% Voix/Exp":61.62}]},"population":{"F0-2":18.0633296552842,"F3-5":18.2027711000302,"F6-10":43.7519487733432,"F11-17":76.6025523630502,"F18-24":32.9271427178457,"F25-39":126.737018427836,"F40-54":212.274254835501,"F55-64":137.131866722519,"F65-79":172.914330940696,"F80+":97.6128439876256,"H0-2":22.3841719692831,"H3-5":25.0768068197921,"H6-10":51.0922952132779,"H11-17":78.2530881534685,"H18-24":64.4318553328412,"H25-39":129.780822736949,"H40-54":217.644509218884,"H55-64":153.07014105395,"H65-79":169.510938284925,"H80+":66.5373116928981},"Analyse":{"Votes décisifs":199,"tour décisif":1,"majeurs":1580.5730359524707,"Non votants de 18-24":42.29103075181199}}