{"id":6584,"slug":"63-368-saint-julien-de-coppel","nom_standard":"Saint-Julien-de-Coppel","code_postal":"63","code_departement":"63","libelle_departement":"Puy-de-Dôme","code_commune":"368","Tour 1":{"Inscrits":967,"Abstentions":413,"% Abs/Ins":42.71,"Votants":554,"% Vot/Ins":57.29,"Blancs":13,"% Blancs/Ins":1.34,"% Blancs/Vot":2.35,"Nuls":25,"% Nuls/Ins":2.59,"% Nuls/Vot":4.51,"Exprimés":516,"% Exp/Ins":53.36,"% Exp/Vot":93.14,"resultats":[{"N.Pan.":null,"Code Nuance":"LNC","Sexe":"M","Nom":"REUSSNER","Prénom":"Jean Philippe","Liste":"LISTE CITOYENNE SANS ÉTIQUETTE POUR LA DÉMOCRATIE LOCALE ET LA PRÉSERVATION DE L'ENVIRONNEMENT","Sièges / Elu":"2","Sièges Secteur":0,"Sièges CC":0,"Voix":134,"% Voix/Ins":13.86,"% Voix/Exp":25.97},{"N.Pan.":2,"Code Nuance":"LNC","Sexe":"M","Nom":"VAURIS","Prénom":"Dominique","Liste":"SAINT-JULIEN-DE-COPPEL RURALITÉ ET MODERNITÉ","Sièges / Elu":"13","Sièges Secteur":0,"Sièges CC":3,"Voix":382,"% Voix/Ins":39.5,"% Voix/Exp":74.03}]},"population":{"F0-2":23.487632645542,"F3-5":29.6210672024685,"F6-10":51.0435565140163,"F11-17":55.1351694134899,"F18-24":27.5495628596093,"F25-39":125.55015842828,"F40-54":143.863901475885,"F55-64":72.389064189589,"F65-79":93.727977113433,"F80+":26.4985093221873,"H0-2":27.5752732167247,"H3-5":15.3281708195767,"H6-10":50.0612787476299,"H11-17":61.2671678669515,"H18-24":34.687055390002,"H25-39":130.62011700843,"H40-54":153.054246097767,"H55-64":75.4473950174247,"H65-79":92.7203900991594,"H80+":19.3723065718335},"Analyse":{"Votes décisifs":249,"tour décisif":1,"majeurs":995.4806835736002,"Non votants de 18-24":27.60100243182283}}