{"id":6745,"slug":"66-17-le-barcares","nom_standard":"Le Barcarès","code_postal":"66","code_departement":"66","libelle_departement":"Pyrénées-Orientales","code_commune":"17","Tour 1":{"Inscrits":5811,"Abstentions":2366,"% Abs/Ins":40.72,"Votants":3445,"% Vot/Ins":59.28,"Blancs":54,"% Blancs/Ins":0.93,"% Blancs/Vot":1.57,"Nuls":59,"% Nuls/Ins":1.02,"% Nuls/Vot":1.71,"Exprimés":3332,"% Exp/Ins":57.34,"% Exp/Vot":96.72,"resultats":[{"N.Pan.":null,"Code Nuance":"LDVD","Sexe":"M","Nom":"FERRAND","Prénom":"Alain","Liste":"CONTINUONS ENSEMBLE","Sièges / Elu":"24","Sièges Secteur":0,"Sièges CC":1,"Voix":2018,"% Voix/Ins":34.73,"% Voix/Exp":60.56},{"N.Pan.":2,"Code Nuance":"LDVD","Sexe":"F","Nom":"BRODIN","Prénom":"Virginie Genevieve","Liste":"LE BARCARES 2020 : L'ESPRIT D'OUVERTURE","Sièges / Elu":"1","Sièges Secteur":0,"Sièges CC":0,"Voix":348,"% Voix/Ins":5.99,"% Voix/Exp":10.44},{"N.Pan.":3,"Code Nuance":"LDVD","Sexe":"F","Nom":"IGLÉSIAS-FERRAND","Prénom":"Joëlle","Liste":"AGISSONS ENSEMBLE","Sièges / Elu":4,"Sièges CC":0,"Voix":966,"% Voix/Ins":16.62,"% Voix/Exp":28.99}]},"population":{"F0-2":38.268507861239,"F3-5":33.0877532892383,"F6-10":98.5595070912336,"F11-17":151.410976569496,"F18-24":118.429304940687,"F25-39":266.217118066294,"F40-54":511.042423357474,"F55-64":474.25835043571,"F65-79":1063.3227422827,"F80+":316.093224588212,"H0-2":29.7043933092163,"H3-5":38.8354121888771,"H6-10":84.6768113898455,"H11-17":157.476621746598,"H18-24":128.138787094971,"H25-39":251.239150131149,"H40-54":481.008609883377,"H55-64":444.723818291645,"H65-79":948.301731877201,"H80+":259.204755604833},"Analyse":{"Votes décisifs":705,"tour décisif":1,"majeurs":5261.980016554253,"Non votants de 18-24":85.14082047808196}}