{"id":6807,"slug":"66-190-salses-le-chateau","nom_standard":"Salses-le-Château","code_postal":"66","code_departement":"66","libelle_departement":"Pyrénées-Orientales","code_commune":"190","Tour 1":{"Inscrits":2288,"Abstentions":677,"% Abs/Ins":29.59,"Votants":1611,"% Vot/Ins":70.41,"Blancs":11,"% Blancs/Ins":0.48,"% Blancs/Vot":0.68,"Nuls":34,"% Nuls/Ins":1.49,"% Nuls/Vot":2.11,"Exprimés":1566,"% Exp/Ins":68.44,"% Exp/Vot":97.21,"resultats":[{"N.Pan.":null,"Code Nuance":"LDIV","Sexe":"F","Nom":"CONTE-GREGOIRE","Prénom":"Marie-Claude","Liste":"SALSES POUR TOUS","Sièges / Elu":"1","Sièges Secteur":0,"Sièges CC":0,"Voix":117,"% Voix/Ins":5.11,"% Voix/Exp":7.47},{"N.Pan.":2,"Code Nuance":"LDVG","Sexe":"M","Nom":"LOPEZ","Prénom":"Jean-Jacques","Liste":"Pour salses avec jean-jacques lopez","Sièges / Elu":"21","Sièges Secteur":0,"Sièges CC":5,"Voix":813,"% Voix/Ins":35.53,"% Voix/Exp":51.92},{"N.Pan.":3,"Code Nuance":"LDVC","Sexe":"M","Nom":"ESTIRACH","Prénom":"Jean-Claude","Liste":"ENSEMBLE POUR SALSES, NOTRE VILLAGE","Sièges / Elu":3,"Sièges CC":1,"Voix":352,"% Voix/Ins":15.38,"% Voix/Exp":22.48},{"N.Pan.":4,"Code Nuance":"LDIV","Sexe":"M","Nom":"GAZAGNOL","Prénom":"Arnaud","Liste":"DU COEUR POUR SALSES","Sièges / Elu":2,"Sièges CC":0,"Voix":284,"% Voix/Ins":12.41,"% Voix/Exp":18.14}]},"population":{"F0-2":48.3396627305191,"F3-5":47.3738692466917,"F6-10":124.301491783295,"F11-17":160.478204152401,"F18-24":143.419902659576,"F25-39":322.758874945196,"F40-54":347.985723597524,"F55-64":218.793795058385,"F65-79":287.911856733443,"F80+":162.065322298775,"H0-2":68.6676332172627,"H3-5":51.8699444474352,"H6-10":131.701416987322,"H11-17":161.495807335143,"H18-24":131.593168187981,"H25-39":316.943862642254,"H40-54":337.412293007081,"H55-64":199.450420778982,"H65-79":275.394332487859,"H80+":78.0424177028741},"Analyse":{"Votes décisifs":61,"tour décisif":1,"majeurs":2821.7719700999305,"Non votants de 18-24":118.0031983879747}}