{"id":6769,"slug":"66-106-maureillas-las-illas","nom_standard":"Maureillas-las-Illas","code_postal":"66","code_departement":"66","libelle_departement":"Pyrénées-Orientales","code_commune":"106","Tour 1":{"Inscrits":2288,"Abstentions":964,"% Abs/Ins":42.13,"Votants":1324,"% Vot/Ins":57.87,"Blancs":25,"% Blancs/Ins":1.09,"% Blancs/Vot":1.89,"Nuls":16,"% Nuls/Ins":0.7,"% Nuls/Vot":1.21,"Exprimés":1283,"% Exp/Ins":56.08,"% Exp/Vot":96.9,"resultats":[{"N.Pan.":null,"Code Nuance":"LNC","Sexe":"M","Nom":"COPPOLANI","Prénom":"Antoine","Liste":"MAUREILLAS LAS ILLAS, COMMUNE D'AVENIR","Sièges / Elu":"5","Sièges Secteur":0,"Sièges CC":1,"Voix":601,"% Voix/Ins":26.27,"% Voix/Exp":46.84},{"N.Pan.":2,"Code Nuance":"LNC","Sexe":"M","Nom":"VILA","Prénom":"Jean","Liste":"ENSEMBLE POUR MAUREILLAS LAS ILLAS","Sièges / Elu":"18","Sièges Secteur":0,"Sièges CC":3,"Voix":682,"% Voix/Ins":29.81,"% Voix/Exp":53.16}]},"population":{"F0-2":24.0330042710288,"F3-5":25.7654261989526,"F6-10":47.9108885534293,"F11-17":90.3505196832438,"F18-24":54.5140128920413,"F25-39":178.128725952771,"F40-54":242.742641145951,"F55-64":249.118725357739,"F65-79":318.925205179662,"F80+":115.606432878593,"H0-2":29.49664542466,"H3-5":35.9348294316403,"H6-10":81.8265938420577,"H11-17":99.4815979697072,"H18-24":53.7023917124617,"H25-39":171.121499430245,"H40-54":215.61785411913,"H55-64":221.666285723888,"H65-79":320.924384071831,"H80+":88.1323361609685},"Analyse":{"Votes décisifs":82,"tour décisif":1,"majeurs":2230.2004946252814,"Non votants de 18-24":43.97172344616811}}