{"id":6809,"slug":"66-196-sorede","nom_standard":"Sorède","code_postal":"66","code_departement":"66","libelle_departement":"Pyrénées-Orientales","code_commune":"196","Tour 1":{"Inscrits":2694,"Abstentions":1262,"% Abs/Ins":46.84,"Votants":1432,"% Vot/Ins":53.16,"Blancs":13,"% Blancs/Ins":0.48,"% Blancs/Vot":0.91,"Nuls":20,"% Nuls/Ins":0.74,"% Nuls/Vot":1.4,"Exprimés":1399,"% Exp/Ins":51.93,"% Exp/Vot":97.7,"resultats":[{"N.Pan.":null,"Code Nuance":"LNC","Sexe":"M","Nom":"PORTEIX","Prénom":"Yves","Liste":"BIEN VIVRE ENSEMBLE À SOREDE","Sièges / Elu":"19","Sièges Secteur":0,"Sièges CC":2,"Voix":915,"% Voix/Ins":33.96,"% Voix/Exp":65.4},{"N.Pan.":2,"Code Nuance":"LNC","Sexe":"F","Nom":"PERIOT","Prénom":"Yvette","Liste":"SORÈDE POUR VOUS ET AVEC VOUS","Sièges / Elu":"4","Sièges Secteur":0,"Sièges CC":1,"Voix":484,"% Voix/Ins":17.97,"% Voix/Exp":34.6}]},"population":{"F0-2":31.0040622931978,"F3-5":40.8802278019864,"F6-10":68.0583677213941,"F11-17":98.8014269063793,"F18-24":50.7950572957713,"F25-39":217.27402547267,"F40-54":286.907470729392,"F55-64":277.517289811413,"F65-79":458.822024951358,"F80+":220.013287422203,"H0-2":36.079721279511,"H3-5":35.7080867587507,"H6-10":91.1416464651248,"H11-17":122.982060383596,"H18-24":84.0661372173587,"H25-39":193.611633080156,"H40-54":273.97612687934,"H55-64":265.783924065214,"H65-79":404.755611985428,"H80+":136.821811479755},"Analyse":{"Votes décisifs":432,"tour décisif":1,"majeurs":2870.344400390059,"Non votants de 18-24":67.57964094187268}}