{"id":6760,"slug":"66-65-elne","nom_standard":"Elne","code_postal":"66","code_departement":"66","libelle_departement":"Pyrénées-Orientales","code_commune":"65","Tour 1":{"Inscrits":6904,"Abstentions":3338,"% Abs/Ins":48.35,"Votants":3566,"% Vot/Ins":51.65,"Blancs":30,"% Blancs/Ins":0.43,"% Blancs/Vot":0.84,"Nuls":65,"% Nuls/Ins":0.94,"% Nuls/Vot":1.82,"Exprimés":3471,"% Exp/Ins":50.28,"% Exp/Vot":97.34,"resultats":[{"N.Pan.":null,"Code Nuance":"LDIV","Sexe":"M","Nom":"BARNIOL","Prénom":"Yves","Liste":"VOIR, VOULOIR, OSER POUR ELNE","Sièges / Elu":"0","Sièges Secteur":0,"Sièges CC":0,"Voix":1016,"% Voix/Ins":14.72,"% Voix/Exp":29.27},{"N.Pan.":2,"Code Nuance":"LDVG","Sexe":"M","Nom":"GARCIA","Prénom":"Nicolas","Liste":"ELNE COMM'UNE IDEE NEUVE AVEC NICOLAS GARCIA","Sièges / Elu":"0","Sièges Secteur":0,"Sièges CC":0,"Voix":1696,"% Voix/Ins":24.57,"% Voix/Exp":48.86},{"N.Pan.":3,"Code Nuance":"LDIV","Sexe":"M","Nom":"PAIRET","Prénom":"Jean-Claude","Liste":"ELNE DYNAMIQUE AVEC VOUS","Sièges / Elu":0,"Sièges CC":0,"Voix":759,"% Voix/Ins":10.99,"% Voix/Exp":21.87}]},"Tour 2":{"Inscrits":6915,"Abstentions":2664,"% Abs/Ins":38.52,"Votants":4251,"% Vot/Ins":61.48,"Blancs":76,"% Blancs/Ins":1.1,"% Blancs/Vot":1.79,"Nuls":62,"% Nuls/Ins":0.9,"% Nuls/Vot":1.46,"Exprimés":4113,"% Exp/Ins":59.48,"% Exp/Vot":96.75,"resultats":[{"N.Pan.":1,"Code Nuance":"LDIV","Sexe":"M","Nom":"BARNIOL","Prénom":"Yves","Liste":"VOIR, VOULOIR, OSER POUR ELNE","Sièges / Elu":6,"Sièges Secteur":0,"Sièges CC":1,"Voix":1890,"% Voix/Ins":27.33,"% Voix/Exp":45.95},{"N.Pan.":2,"Code Nuance":"LDVG","Sexe":"M","Nom":"GARCIA","Prénom":"Nicolas","Liste":"ELNE COMM'UNE IDEE NEUVE AVEC NICOLAS GARCIA","Sièges / Elu":23,"Sièges Secteur":0,"Sièges CC":6,"Voix":2223,"% Voix/Ins":32.15,"% Voix/Exp":54.05}]},"population":{"F0-2":136.14687912823,"F3-5":142.351161140314,"F6-10":293.929688677121,"F11-17":411.643451756962,"F18-24":278.814403877581,"F25-39":866.574915284035,"F40-54":999.032342226966,"F55-64":585.55941317729,"F65-79":756.158372536615,"F80+":425.428377536523,"H0-2":159.897382265007,"H3-5":220.68685611705,"H6-10":310.513680756277,"H11-17":436.424402367251,"H18-24":345.863176485089,"H25-39":735.613623319322,"H40-54":915.320191396829,"H55-64":519.208521804514,"H65-79":616.492657865122,"H80+":246.340502281903},"Analyse":{"Votes décisifs":333,"tour décisif":2,"majeurs":7290.406497791789,"Non votants de 18-24":260.43117038182146}}