{"id":6600,"slug":"64-24-anglet","nom_standard":"Anglet","code_postal":"64","code_departement":"64","libelle_departement":"Pyrénées-Atlantiques","code_commune":"24","Tour 1":{"Inscrits":31097,"Abstentions":18609,"% Abs/Ins":59.84,"Votants":12488,"% Vot/Ins":40.16,"Blancs":178,"% Blancs/Ins":0.57,"% Blancs/Vot":1.43,"Nuls":293,"% Nuls/Ins":0.94,"% Nuls/Vot":2.35,"Exprimés":12017,"% Exp/Ins":38.64,"% Exp/Vot":96.23,"resultats":[{"N.Pan.":null,"Code Nuance":"LDVD","Sexe":"M","Nom":"OLIVE","Prénom":"Claude","Liste":"ANGLET AVANÇONS EN CONFIANCE","Sièges / Elu":"33","Sièges Secteur":0,"Sièges CC":15,"Voix":8078,"% Voix/Ins":25.98,"% Voix/Exp":67.22},{"N.Pan.":2,"Code Nuance":"LUG","Sexe":"F","Nom":"DERVILLE","Prénom":"Sandrine","Liste":"Vivement Anglet","Sièges / Elu":"5","Sièges Secteur":0,"Sièges CC":2,"Voix":3188,"% Voix/Ins":10.25,"% Voix/Exp":26.53},{"N.Pan.":3,"Code Nuance":"LFI","Sexe":"F","Nom":"PEREIRA-OSTANEL","Prénom":"Sandra","Liste":"REVEILLEZ ANGLET","Sièges / Elu":1,"Sièges CC":0,"Voix":751,"% Voix/Ins":2.42,"% Voix/Exp":6.25}]},"population":{"F0-2":406.35460605412,"F3-5":485.168680477714,"F6-10":770.616992500932,"F11-17":1360.96775877618,"F18-24":1172.36946644796,"F25-39":3304.76743879791,"F40-54":3947.07616411512,"F55-64":3273.67273592691,"F65-79":4291.54034477736,"F80+":2551.96559455004,"H0-2":402.274987579237,"H3-5":585.815358511998,"H6-10":849.326917383007,"H11-17":1506.6294775023,"H18-24":1582.38570741309,"H25-39":3181.44052417106,"H40-54":3584.21054923103,"H55-64":2468.73898283968,"H65-79":3211.31069467354,"H80+":1373.36701827081},"Analyse":{"Votes décisifs":4140,"tour décisif":1,"majeurs":33942.845221214506,"Non votants de 18-24":1741.2460709271659}}