{"id":6609,"slug":"64-62-arudy","nom_standard":"Arudy","code_postal":"64","code_departement":"64","libelle_departement":"Pyrénées-Atlantiques","code_commune":"62","Tour 1":{"Inscrits":1820,"Abstentions":964,"% Abs/Ins":52.97,"Votants":856,"% Vot/Ins":47.03,"Blancs":26,"% Blancs/Ins":1.43,"% Blancs/Vot":3.04,"Nuls":90,"% Nuls/Ins":4.95,"% Nuls/Vot":10.51,"Exprimés":740,"% Exp/Ins":40.66,"% Exp/Vot":86.45,"resultats":[{"N.Pan.":null,"Code Nuance":"LNC","Sexe":"M","Nom":"AUSSANT","Prénom":"Claude","Liste":"ARUDY SOCIAL ET SOLIDAIRE","Sièges / Elu":"19","Sièges Secteur":0,"Sièges CC":8,"Voix":740,"% Voix/Ins":40.66,"% Voix/Exp":100}]},"population":{"F0-2":28.0397016355746,"F3-5":29.8693287576934,"F6-10":50.9712927800112,"F11-17":77.8618542235525,"F18-24":61.3900581270564,"F25-39":162.864602431827,"F40-54":222.770769240204,"F55-64":147.571924751219,"F65-79":230.518979629656,"F80+":138.130578448206,"H0-2":29.9825373321913,"H3-5":25.9232562093894,"H6-10":67.7464625924733,"H11-17":84.8612680300589,"H18-24":73.2899386831741,"H25-39":171.56359346224,"H40-54":217.063972522182,"H55-64":154.405090054942,"H65-79":187.52718073577,"H80+":90.6476103525788},"Analyse":{"Votes décisifs":741,"tour décisif":1,"majeurs":1857.7442984390555,"Non votants de 18-24":72.62297563329842}}