{"id":6612,"slug":"64-67-assat","nom_standard":"Assat","code_postal":"64","code_departement":"64","libelle_departement":"Pyrénées-Atlantiques","code_commune":"67","Tour 1":{"Inscrits":1443,"Abstentions":822,"% Abs/Ins":56.96,"Votants":621,"% Vot/Ins":43.04,"Blancs":13,"% Blancs/Ins":0.9,"% Blancs/Vot":2.09,"Nuls":102,"% Nuls/Ins":7.07,"% Nuls/Vot":16.43,"Exprimés":506,"% Exp/Ins":35.07,"% Exp/Vot":81.48,"resultats":[{"N.Pan.":null,"Code Nuance":"LNC","Sexe":"M","Nom":"RHAUT","Prénom":"Jean-Christophe","Liste":"ASSAT TERRE DE LIENS","Sièges / Elu":"19","Sièges Secteur":0,"Sièges CC":2,"Voix":506,"% Voix/Ins":35.07,"% Voix/Exp":100}]},"population":{"F0-2":26.0286194991779,"F3-5":42.1569193273051,"F6-10":83.3497959578532,"F11-17":129.544207095618,"F18-24":50.2467836804852,"F25-39":159.163758077249,"F40-54":235.883135252644,"F55-64":132.892760230471,"F65-79":144.651674040165,"F80+":44.6191853983902,"H0-2":30.2840185488731,"H3-5":37.8295972031939,"H6-10":69.1938775262885,"H11-17":96.276710395063,"H18-24":53.5365585829562,"H25-39":136.380423190658,"H40-54":250.043881073555,"H55-64":120.514893577583,"H65-79":148.977568855845,"H80+":33.4256324866271},"Analyse":{"Votes décisifs":507,"tour décisif":1,"majeurs":1510.336254446629,"Non votants de 18-24":61.11108609806801}}