{"id":6613,"slug":"64-68-asson","nom_standard":"Asson","code_postal":"64","code_departement":"64","libelle_departement":"Pyrénées-Atlantiques","code_commune":"68","Tour 1":{"Inscrits":1663,"Abstentions":489,"% Abs/Ins":29.4,"Votants":1174,"% Vot/Ins":70.6,"Blancs":22,"% Blancs/Ins":1.32,"% Blancs/Vot":1.87,"Nuls":30,"% Nuls/Ins":1.8,"% Nuls/Vot":2.56,"Exprimés":1122,"% Exp/Ins":67.47,"% Exp/Vot":95.57,"resultats":[{"N.Pan.":null,"Code Nuance":"LNC","Sexe":"M","Nom":"CANTON","Prénom":"Marc","Liste":"NOTRE ENGAGEMENT, ASSON","Sièges / Elu":"16","Sièges Secteur":0,"Sièges CC":2,"Voix":692,"% Voix/Ins":41.61,"% Voix/Exp":61.68},{"N.Pan.":2,"Code Nuance":"LNC","Sexe":"M","Nom":"AURIGNAC","Prénom":"Michel","Liste":"ASSON DEMAIN","Sièges / Elu":"3","Sièges Secteur":0,"Sièges CC":1,"Voix":430,"% Voix/Ins":25.86,"% Voix/Exp":38.32}]},"population":{"F0-2":21.7512565364013,"F3-5":28.637812331172,"F6-10":65.0524514676817,"F11-17":92.7610466648085,"F18-24":34.7954553921163,"F25-39":154.030170946077,"F40-54":213.964623693487,"F55-64":139.74990617977,"F65-79":153.019432796972,"F80+":72.6439840364161,"H0-2":22.7590255960364,"H3-5":36.6065185784398,"H6-10":76.8490675117773,"H11-17":115.528488169329,"H18-24":48.4809422068825,"H25-39":146.300622405715,"H40-54":224.030072289801,"H55-64":153.734155883224,"H65-79":151.090848950234,"H80+":46.2141183636604},"Analyse":{"Votes décisifs":263,"tour décisif":1,"majeurs":1538.0543331443555,"Non votants de 18-24":19.711353975765093}}