{"id":6640,"slug":"64-233-garlin","nom_standard":"Garlin","code_postal":"64","code_departement":"64","libelle_departement":"Pyrénées-Atlantiques","code_commune":"233","Tour 1":{"Inscrits":902,"Abstentions":208,"% Abs/Ins":23.06,"Votants":694,"% Vot/Ins":76.94,"Blancs":7,"% Blancs/Ins":0.78,"% Blancs/Vot":1.01,"Nuls":11,"% Nuls/Ins":1.22,"% Nuls/Vot":1.59,"Exprimés":676,"% Exp/Ins":74.94,"% Exp/Vot":97.41,"resultats":[{"N.Pan.":null,"Code Nuance":"LNC","Sexe":"M","Nom":"SAINT-CRICQ","Prénom":"Hervé","Liste":"UNION POUR GARLIN","Sièges / Elu":"3","Sièges Secteur":0,"Sièges CC":1,"Voix":330,"% Voix/Ins":36.59,"% Voix/Exp":48.82},{"N.Pan.":2,"Code Nuance":"LNC","Sexe":"M","Nom":"LANUSSE-CAZALÉ","Prénom":"André","Liste":"VIVONS AVEC GARLIN","Sièges / Elu":"12","Sièges Secteur":0,"Sièges CC":2,"Voix":346,"% Voix/Ins":38.36,"% Voix/Exp":51.18}]},"population":{"F0-2":13.7542903307295,"F3-5":19.5483951456692,"F6-10":39.0959064716623,"F11-17":61.6856051259757,"F18-24":25.8471051275341,"F25-39":97.8993987130357,"F40-54":137.053511144275,"F55-64":74.604359133885,"F65-79":134.675676425731,"F80+":96.6890495485905,"H0-2":22.4716393085496,"H3-5":11.7554589618938,"H6-10":33.0674557711418,"H11-17":73.5444505916179,"H18-24":28.941208027919,"H25-39":97.3893188555297,"H40-54":122.127367835979,"H55-64":77.414171412218,"H65-79":105.93941147846,"H80+":77.4962205896033},"Analyse":{"Votes décisifs":17,"tour décisif":1,"majeurs":1076.0767982927603,"Non votants de 18-24":19.453391530705094}}