{"id":6641,"slug":"64-237-gelos","nom_standard":"Gelos","code_postal":"64","code_departement":"64","libelle_departement":"Pyrénées-Atlantiques","code_commune":"237","Tour 1":{"Inscrits":2785,"Abstentions":1109,"% Abs/Ins":39.82,"Votants":1676,"% Vot/Ins":60.18,"Blancs":23,"% Blancs/Ins":0.83,"% Blancs/Vot":1.37,"Nuls":22,"% Nuls/Ins":0.79,"% Nuls/Vot":1.31,"Exprimés":1631,"% Exp/Ins":58.56,"% Exp/Vot":97.32,"resultats":[{"N.Pan.":null,"Code Nuance":"LDIV","Sexe":"F","Nom":"CASENAVE DIT MILHET","Prénom":"Agnès","Liste":"ETRE BIEN DANS NOTRE VILLAGE","Sièges / Elu":"3","Sièges Secteur":0,"Sièges CC":0,"Voix":453,"% Voix/Ins":16.27,"% Voix/Exp":27.77},{"N.Pan.":2,"Code Nuance":"LDIV","Sexe":"M","Nom":"MORA","Prénom":"Pascal","Liste":"GELOS, ma commune, j'y tiens !","Sièges / Elu":"24","Sièges Secteur":0,"Sièges CC":1,"Voix":1178,"% Voix/Ins":42.3,"% Voix/Exp":72.23}]},"population":{"F0-2":48.2929981364644,"F3-5":56.9117732813462,"F6-10":76.4347680209103,"F11-17":155.359397793932,"F18-24":100.760823558954,"F25-39":293.229769941066,"F40-54":366.692770572297,"F55-64":284.294689937262,"F65-79":317.279337523715,"F80+":196.23703238136,"H0-2":48.0961990900082,"H3-5":47.1260878537407,"H6-10":99.9661644164958,"H11-17":161.645591978503,"H18-24":165.704270033376,"H25-39":266.787287242466,"H40-54":325.752640679982,"H55-64":253.637806728624,"H65-79":282.260664425227,"H80+":92.5299264042699},"Analyse":{"Votes décisifs":726,"tour décisif":1,"majeurs":2945.167019428599,"Non votants de 18-24":114.82836334421305}}