{"id":6643,"slug":"64-249-guethary","nom_standard":"Guéthary","code_postal":"64","code_departement":"64","libelle_departement":"Pyrénées-Atlantiques","code_commune":"249","Tour 1":{"Inscrits":1289,"Abstentions":443,"% Abs/Ins":34.37,"Votants":846,"% Vot/Ins":65.63,"Blancs":4,"% Blancs/Ins":0.31,"% Blancs/Vot":0.47,"Nuls":9,"% Nuls/Ins":0.7,"% Nuls/Vot":1.06,"Exprimés":833,"% Exp/Ins":64.62,"% Exp/Vot":98.46,"resultats":[{"N.Pan.":null,"Code Nuance":"LNC","Sexe":"F","Nom":"BURRE-CASSOU","Prénom":"Marie-Pierre","Liste":"GUETHARY AU COEUR","Sièges / Elu":"12","Sièges Secteur":0,"Sièges CC":1,"Voix":494,"% Voix/Ins":38.32,"% Voix/Exp":59.3},{"N.Pan.":2,"Code Nuance":"LNC","Sexe":"M","Nom":"FERRERO","Prénom":"Dominique","Liste":"Guethary 2020 - Ensemble avec Dominique Ferrero","Sièges / Elu":"3","Sièges Secteur":0,"Sièges CC":0,"Voix":339,"% Voix/Ins":26.3,"% Voix/Exp":40.7}]},"population":{"F0-2":17.672148657752,"F3-5":21.7775127128072,"F6-10":29.4154334390158,"F11-17":35.2603483119743,"F18-24":28.5660165243435,"F25-39":108.80347708992,"F40-54":126.257932609134,"F55-64":108.055262824329,"F65-79":139.749802790645,"F80+":101.034554466247,"H0-2":25.5703457712568,"H3-5":24.4742609434664,"H6-10":31.2781817865704,"H11-17":36.2015307497623,"H18-24":26.7208142244472,"H25-39":98.8395840390135,"H40-54":138.383293234423,"H55-64":83.5707420272779,"H65-79":116.197165897711,"H80+":30.1715918999043},"Analyse":{"Votes décisifs":156,"tour décisif":1,"majeurs":1106.3502376273955,"Non votants de 18-24":13.010291889105146}}