{"id":6666,"slug":"64-396-mont","nom_standard":"Mont","code_postal":"64","code_departement":"64","libelle_departement":"Pyrénées-Atlantiques","code_commune":"396","Tour 1":{"Inscrits":855,"Abstentions":423,"% Abs/Ins":49.47,"Votants":432,"% Vot/Ins":50.53,"Blancs":8,"% Blancs/Ins":0.94,"% Blancs/Vot":1.85,"Nuls":73,"% Nuls/Ins":8.54,"% Nuls/Vot":16.9,"Exprimés":351,"% Exp/Ins":41.05,"% Exp/Vot":81.25,"resultats":[{"N.Pan.":null,"Code Nuance":"LNC","Sexe":"M","Nom":"CLAVÉ","Prénom":"Jacques","Liste":"AVEC L'ENERGIE D'ALLER PLUS LOIN","Sièges / Elu":"15","Sièges Secteur":0,"Sièges CC":2,"Voix":351,"% Voix/Ins":41.05,"% Voix/Exp":100}]},"population":{"F0-2":16.6633286689324,"F3-5":21.5071904788472,"F6-10":44.2063766859429,"F11-17":52.8958045802229,"F18-24":30.8753446598535,"F25-39":119.051153561826,"F40-54":109.186858248888,"F55-64":80.7078358706471,"F65-79":48.4118678085998,"F80+":30.9787653126109,"H0-2":21.7470171389958,"H3-5":22.2758730419229,"H6-10":42.8047939831901,"H11-17":52.8549683804343,"H18-24":41.3118362355787,"H25-39":112.76031790405,"H40-54":118.477432619067,"H55-64":92.6405517285468,"H65-79":45.9820529448305,"H80+":25.6606301470128},"Analyse":{"Votes décisifs":352,"tour décisif":1,"majeurs":856.0446470415112,"Non votants de 18-24":35.758167228211065}}