{"id":6684,"slug":"64-477-saint-etienne-de-baigorry","nom_standard":"Saint-Etienne-de-Baïgorry","code_postal":"64","code_departement":"64","libelle_departement":"Pyrénées-Atlantiques","code_commune":"477","Tour 1":{"Inscrits":1325,"Abstentions":647,"% Abs/Ins":48.83,"Votants":678,"% Vot/Ins":51.17,"Blancs":31,"% Blancs/Ins":2.34,"% Blancs/Vot":4.57,"Nuls":109,"% Nuls/Ins":8.23,"% Nuls/Vot":16.08,"Exprimés":538,"% Exp/Ins":40.6,"% Exp/Vot":79.35,"resultats":[{"N.Pan.":null,"Code Nuance":"LNC","Sexe":"M","Nom":"CURUTCHARRY","Prénom":"Antton","Liste":"Aintzina Baigorri","Sièges / Elu":"15","Sièges Secteur":0,"Sièges CC":1,"Voix":538,"% Voix/Ins":40.6,"% Voix/Exp":100}]},"population":{"F0-2":15.9657022147962,"F3-5":23.9808795115816,"F6-10":30.9431649154209,"F11-17":55.195633601786,"F18-24":30.4572075938061,"F25-39":112.078147164793,"F40-54":140.600040467991,"F55-64":106.271284819014,"F65-79":135.936272034657,"F80+":93.9356413058408,"H0-2":15.8475157164966,"H3-5":32.1831785907639,"H6-10":35.9542267768168,"H11-17":56.8823481773565,"H18-24":31.4299083730603,"H25-39":106.334402517634,"H40-54":151.125477042859,"H55-64":108.455841112141,"H65-79":144.415079058593,"H80+":71.0080490045918},"Analyse":{"Votes décisifs":539,"tour décisif":1,"majeurs":1232.047350494981,"Non votants de 18-24":27.83041789541809}}