{"id":6861,"slug":"67-118-eckbolsheim","nom_standard":"Eckbolsheim","code_postal":"67","code_departement":"67","libelle_departement":"Bas-Rhin","code_commune":"118","Tour 1":{"Inscrits":4675,"Abstentions":3838,"% Abs/Ins":82.1,"Votants":837,"% Vot/Ins":17.9,"Blancs":103,"% Blancs/Ins":2.2,"% Blancs/Vot":12.31,"Nuls":43,"% Nuls/Ins":0.92,"% Nuls/Vot":5.14,"Exprimés":691,"% Exp/Ins":14.78,"% Exp/Vot":82.56,"resultats":[{"N.Pan.":null,"Code Nuance":"LDVD","Sexe":"M","Nom":"LOBSTEIN","Prénom":"André","Liste":"UNION ET PROGRÈS","Sièges / Elu":"29","Sièges Secteur":0,"Sièges CC":1,"Voix":691,"% Voix/Ins":14.78,"% Voix/Exp":100}]},"population":{"F0-2":110.434551346261,"F3-5":119.615676960914,"F6-10":203.417495649518,"F11-17":291.401560466408,"F18-24":221.8345709288,"F25-39":714.666947370837,"F40-54":762.77070209801,"F55-64":529.668900256387,"F65-79":487.794733843561,"F80+":194.311576746046,"H0-2":134.976373806441,"H3-5":114.502340970669,"H6-10":240.273493266352,"H11-17":319.987441828235,"H18-24":247.419262837666,"H25-39":688.107476048735,"H40-54":706.523580164347,"H55-64":459.076994311449,"H65-79":472.472676155569,"H80+":123.743644943793},"Analyse":{"Votes décisifs":692,"tour décisif":1,"majeurs":5608.3910657052,"Non votants de 18-24":399.2220805842999}}