{"id":6870,"slug":"67-137-fegersheim","nom_standard":"Fegersheim","code_postal":"67","code_departement":"67","libelle_departement":"Bas-Rhin","code_commune":"137","Tour 1":{"Inscrits":4324,"Abstentions":3296,"% Abs/Ins":76.23,"Votants":1028,"% Vot/Ins":23.77,"Blancs":71,"% Blancs/Ins":1.64,"% Blancs/Vot":6.91,"Nuls":66,"% Nuls/Ins":1.53,"% Nuls/Vot":6.42,"Exprimés":891,"% Exp/Ins":20.61,"% Exp/Vot":86.67,"resultats":[{"N.Pan.":null,"Code Nuance":"LDVD","Sexe":"M","Nom":"SCHAAL","Prénom":"Thierry","Liste":"ENSEMBLE ET ENGAGES POUR FEGERSHEIM-OHNHEIM","Sièges / Elu":"29","Sièges Secteur":0,"Sièges CC":1,"Voix":891,"% Voix/Ins":20.61,"% Voix/Exp":100}]},"population":{"F0-2":112.5547489181,"F3-5":89.1541022641132,"F6-10":164.166786049579,"F11-17":248.381503528098,"F18-24":170.189643491803,"F25-39":568.639715951457,"F40-54":615.094174677945,"F55-64":423.58067672756,"F65-79":399.753522671961,"F80+":166.974255117401,"H0-2":89.3726988003912,"H3-5":103.113878187194,"H6-10":177.113970616903,"H11-17":254.387033941494,"H18-24":217.308969799465,"H25-39":498.579355707777,"H40-54":572.898127918485,"H55-64":402.972342835653,"H65-79":393.163095444646,"H80+":109.601397349976},"Analyse":{"Votes décisifs":892,"tour décisif":1,"majeurs":4538.755277694128,"Non votants de 18-24":299.7325739057295}}