{"id":6867,"slug":"67-128-ernolsheim-bruche","nom_standard":"Ernolsheim-Bruche","code_postal":"67","code_departement":"67","libelle_departement":"Bas-Rhin","code_commune":"128","Tour 1":{"Inscrits":1550,"Abstentions":725,"% Abs/Ins":46.77,"Votants":825,"% Vot/Ins":53.23,"Blancs":5,"% Blancs/Ins":0.32,"% Blancs/Vot":0.61,"Nuls":13,"% Nuls/Ins":0.84,"% Nuls/Vot":1.58,"Exprimés":807,"% Exp/Ins":52.06,"% Exp/Vot":97.82,"resultats":[{"N.Pan.":null,"Code Nuance":"LNC","Sexe":"M","Nom":"WOLFF","Prénom":"Hubert","Liste":"Ernolsheim-Bruche, acteur de son avenir","Sièges / Elu":"4","Sièges Secteur":0,"Sièges CC":0,"Voix":381,"% Voix/Ins":24.58,"% Voix/Exp":47.21},{"N.Pan.":2,"Code Nuance":"LNC","Sexe":"M","Nom":"FRANCHET","Prénom":"Eric","Liste":"ERNOLSHEIM, AVANÇONS ENSEMBLE","Sièges / Elu":"15","Sièges Secteur":0,"Sièges CC":2,"Voix":426,"% Voix/Ins":27.48,"% Voix/Exp":52.79}]},"population":{"F0-2":33.5440185892692,"F3-5":32.5795074029768,"F6-10":46.3482692692356,"F11-17":55.3725274414974,"F18-24":57.1457857068851,"F25-39":187.301892381988,"F40-54":196.999959954823,"F55-64":144.802162600765,"F65-79":148.923617070741,"F80+":40.1995677976288,"H0-2":38.560354083043,"H3-5":35.5873508807657,"H6-10":60.9644499209444,"H11-17":74.2259953907049,"H18-24":59.9500746315056,"H25-39":165.626504379455,"H40-54":206.822311160814,"H55-64":133.155773122632,"H65-79":144.233156375614,"H80+":24.6567218387095},"Analyse":{"Votes décisifs":46,"tour décisif":1,"majeurs":1509.8175270215609,"Non votants de 18-24":53.111913238674205}}