{"id":6891,"slug":"67-197-hindisheim","nom_standard":"Hindisheim","code_postal":"67","code_departement":"67","libelle_departement":"Bas-Rhin","code_commune":"197","Tour 1":{"Inscrits":1242,"Abstentions":819,"% Abs/Ins":65.94,"Votants":423,"% Vot/Ins":34.06,"Blancs":9,"% Blancs/Ins":0.72,"% Blancs/Vot":2.13,"Nuls":27,"% Nuls/Ins":2.17,"% Nuls/Vot":6.38,"Exprimés":387,"% Exp/Ins":31.16,"% Exp/Vot":91.49,"resultats":[{"N.Pan.":null,"Code Nuance":"LNC","Sexe":"M","Nom":"NOTHISEN","Prénom":"Pascal","Liste":"ENTENTE COMMUNALE POUR HINDISHEIM","Sièges / Elu":"19","Sièges Secteur":0,"Sièges CC":2,"Voix":387,"% Voix/Ins":31.16,"% Voix/Exp":100}]},"population":{"F0-2":21.3895295854893,"F3-5":31.5891607566081,"F6-10":43.7976672393807,"F11-17":60.1180290800463,"F18-24":37.6420393882668,"F25-39":143.4550902217,"F40-54":149.494828293191,"F55-64":115.698005133971,"F65-79":96.3480668267711,"F80+":49.6781144984214,"H0-2":19.3565789545422,"H3-5":30.5486313108578,"H6-10":57.0598672040455,"H11-17":60.1224171156935,"H18-24":57.9931746488159,"H25-39":140.351035175793,"H40-54":156.649494450339,"H55-64":111.67144569436,"H65-79":115.652177716902,"H80+":28.3846467048044},"Analyse":{"Votes décisifs":388,"tour décisif":1,"majeurs":1203.0181187533358,"Non votants de 18-24":62.00837591463833}}