{"id":6910,"slug":"67-252-kurtzenhouse","nom_standard":"Kurtzenhouse","code_postal":"67","code_departement":"67","libelle_departement":"Bas-Rhin","code_commune":"252","Tour 1":{"Inscrits":815,"Abstentions":511,"% Abs/Ins":62.7,"Votants":304,"% Vot/Ins":37.3,"Blancs":7,"% Blancs/Ins":0.86,"% Blancs/Vot":2.3,"Nuls":16,"% Nuls/Ins":1.96,"% Nuls/Vot":5.26,"Exprimés":281,"% Exp/Ins":34.48,"% Exp/Vot":92.43,"resultats":[{"N.Pan.":null,"Code Nuance":"LNC","Sexe":"M","Nom":"MOSER","Prénom":"Marc","Liste":"LISTE DE COHÉRENCE POUR L'AVENIR DE KURTZENHOUSE","Sièges / Elu":"15","Sièges Secteur":0,"Sièges CC":2,"Voix":281,"% Voix/Ins":34.48,"% Voix/Exp":100}]},"population":{"F0-2":16.0423515447077,"F3-5":20.999224642552,"F6-10":33.7065252937858,"F11-17":37.8315369277418,"F18-24":21.3311088557315,"F25-39":111.683438050543,"F40-54":111.444931094991,"F55-64":79.2136731244915,"F65-79":77.880430221936,"F80+":36.221480878986,"H0-2":16.0933552725371,"H3-5":14.8893262423215,"H6-10":44.7899615115456,"H11-17":39.8558688313772,"H18-24":37.2935095688752,"H25-39":98.2846789800048,"H40-54":114.865034926951,"H55-64":68.3641886614265,"H65-79":80.6433011346747,"H80+":14.5660742348208},"Analyse":{"Votes décisifs":282,"tour décisif":1,"majeurs":851.7918497334321,"Non votants de 18-24":37.70180259036528}}