{"id":6898,"slug":"67-216-huttenheim","nom_standard":"Huttenheim","code_postal":"67","code_departement":"67","libelle_departement":"Bas-Rhin","code_commune":"216","Tour 1":{"Inscrits":1972,"Abstentions":1534,"% Abs/Ins":77.79,"Votants":438,"% Vot/Ins":22.21,"Blancs":14,"% Blancs/Ins":0.71,"% Blancs/Vot":3.2,"Nuls":23,"% Nuls/Ins":1.17,"% Nuls/Vot":5.25,"Exprimés":401,"% Exp/Ins":20.33,"% Exp/Vot":91.55,"resultats":[{"N.Pan.":null,"Code Nuance":"LNC","Sexe":"M","Nom":"BREITEL","Prénom":"Jean-Jacques","Liste":"NOTRE VILLAGE, NOTRE PASSION","Sièges / Elu":"23","Sièges Secteur":0,"Sièges CC":2,"Voix":401,"% Voix/Ins":20.33,"% Voix/Exp":100}]},"population":{"F0-2":45.3544177032142,"F3-5":53.2032253407934,"F6-10":96.2627690147894,"F11-17":112.501964008751,"F18-24":106.222031631894,"F25-39":244.253956714886,"F40-54":321.044339319275,"F55-64":162.754631536817,"F65-79":156.025890056199,"F80+":78.7139740587574,"H0-2":34.5770320876841,"H3-5":47.4335576652941,"H6-10":86.7610510642611,"H11-17":132.923891646542,"H18-24":102.050974863142,"H25-39":204.786400138169,"H40-54":307.626454441559,"H55-64":170.400644401171,"H65-79":138.716827946986,"H80+":56.3859663598154},"Analyse":{"Votes décisifs":402,"tour décisif":1,"majeurs":2048.982091468671,"Non votants de 18-24":163.75159402166562}}