{"id":6932,"slug":"67-322-neuwiller-les-saverne","nom_standard":"Neuwiller-lès-Saverne","code_postal":"67","code_departement":"67","libelle_departement":"Bas-Rhin","code_commune":"322","Tour 1":{"Inscrits":886,"Abstentions":582,"% Abs/Ins":65.69,"Votants":304,"% Vot/Ins":34.31,"Blancs":8,"% Blancs/Ins":0.9,"% Blancs/Vot":2.63,"Nuls":38,"% Nuls/Ins":4.29,"% Nuls/Vot":12.5,"Exprimés":258,"% Exp/Ins":29.12,"% Exp/Vot":84.87,"resultats":[{"N.Pan.":null,"Code Nuance":"LNC","Sexe":"M","Nom":"BURRUS","Prénom":"Daniel","Liste":"NEUWILLER UNI","Sièges / Elu":"15","Sièges Secteur":0,"Sièges CC":2,"Voix":258,"% Voix/Ins":29.12,"% Voix/Exp":100}]},"population":{"F0-2":10.0186649945568,"F3-5":11.9859980949628,"F6-10":32.9574469500123,"F11-17":42.9638173508865,"F18-24":30.0729197750295,"F25-39":83.2336319017774,"F40-54":118.473885758794,"F55-64":86.6747584796795,"F65-79":95.9101176818011,"F80+":36.3528794395068,"H0-2":16.9994546015587,"H3-5":15.9539112715352,"H6-10":37.999814589163,"H11-17":46.956337917631,"H18-24":39.0463819289817,"H25-39":85.383875641906,"H40-54":120.445696323055,"H55-64":88.6585529741136,"H65-79":88.7500848381161,"H80+":18.1617694869327},"Analyse":{"Votes décisifs":259,"tour décisif":1,"majeurs":891.1645542296934,"Non votants de 18-24":45.54086423329961}}