{"id":6959,"slug":"67-388-reichshoffen","nom_standard":"Reichshoffen","code_postal":"67","code_departement":"67","libelle_departement":"Bas-Rhin","code_commune":"388","Tour 1":{"Inscrits":3996,"Abstentions":2250,"% Abs/Ins":56.31,"Votants":1746,"% Vot/Ins":43.69,"Blancs":8,"% Blancs/Ins":0.2,"% Blancs/Vot":0.46,"Nuls":36,"% Nuls/Ins":0.9,"% Nuls/Vot":2.06,"Exprimés":1702,"% Exp/Ins":42.59,"% Exp/Vot":97.48,"resultats":[{"N.Pan.":null,"Code Nuance":"LDVD","Sexe":"M","Nom":"WALTER","Prénom":"Hubert","Liste":"UNE ÉQUIPE, UNE DYNAMIQUE VOLONTAIRE ET RENFORCÉE","Sièges / Elu":"23","Sièges Secteur":0,"Sièges CC":6,"Voix":926,"% Voix/Ins":23.17,"% Voix/Exp":54.41},{"N.Pan.":2,"Code Nuance":"LDIV","Sexe":"M","Nom":"JUNG","Prénom":"Jean-Yves","Liste":"UNIS POUR UN NOUVEL ELAN","Sièges / Elu":"4","Sièges Secteur":0,"Sièges CC":1,"Voix":465,"% Voix/Ins":11.64,"% Voix/Exp":27.32},{"N.Pan.":3,"Code Nuance":"LDIV","Sexe":"M","Nom":"CONTINO","Prénom":"Joseph","Liste":"REICHSHOFFEN NEHWILLER AUTREMENT","Sièges / Elu":2,"Sièges CC":1,"Voix":311,"% Voix/Ins":7.78,"% Voix/Exp":18.27}]},"population":{"F0-2":62.659400088251,"F3-5":90.4224827379038,"F6-10":148.04952793389,"F11-17":262.577288642581,"F18-24":156.86051645558,"F25-39":449.635601330694,"F40-54":544.993825950758,"F55-64":431.893269011987,"F65-79":413.708332911119,"F80+":219.449761272158,"H0-2":69.7170561384179,"H3-5":93.51509252295,"H6-10":176.608964678185,"H11-17":236.454145146669,"H18-24":163.410154775829,"H25-39":395.551599125869,"H40-54":574.958253809487,"H55-64":398.183603915965,"H65-79":388.965146372374,"H80+":138.385977179332},"Analyse":{"Votes décisifs":151,"tour décisif":1,"majeurs":4275.996042111153,"Non votants de 18-24":189.49585608589393}}