{"id":6824,"slug":"67-4-sommerau","nom_standard":"Sommerau","code_postal":"67","code_departement":"67","libelle_departement":"Bas-Rhin","code_commune":"4","Tour 1":{"Inscrits":1196,"Abstentions":402,"% Abs/Ins":33.61,"Votants":794,"% Vot/Ins":66.39,"Blancs":10,"% Blancs/Ins":0.84,"% Blancs/Vot":1.26,"Nuls":8,"% Nuls/Ins":0.67,"% Nuls/Vot":1.01,"Exprimés":776,"% Exp/Ins":64.88,"% Exp/Vot":97.73,"resultats":[{"N.Pan.":null,"Code Nuance":"LNC","Sexe":"M","Nom":"LORENTZ","Prénom":"Bruno","Liste":"ENSEMBLE POUR SOMMERAU","Sièges / Elu":"19","Sièges Secteur":0,"Sièges CC":2,"Voix":463,"% Voix/Ins":38.71,"% Voix/Exp":59.66},{"N.Pan.":2,"Code Nuance":"LNC","Sexe":"F","Nom":"HUFSCHMITT","Prénom":"Nancy","Liste":"Un Nouvel Élan Pour Sommerau","Sièges / Elu":"4","Sièges Secteur":0,"Sièges CC":0,"Voix":313,"% Voix/Ins":26.17,"% Voix/Exp":40.34}]},"population":{"F0-2":21.4817160790627,"F3-5":26.4007274741657,"F6-10":41.8797739832552,"F11-17":57.2442835396875,"F18-24":45.4986720378272,"F25-39":137.082301580267,"F40-54":172.967482441887,"F55-64":113.918551481135,"F65-79":89.0914504408322,"F80+":43.05834312379,"H0-2":28.6330297690794,"H3-5":26.3737621566734,"H6-10":56.0572327154474,"H11-17":69.7550366841868,"H18-24":40.7286897587699,"H25-39":128.027666578574,"H40-54":203.6174720521,"H55-64":109.779947864683,"H65-79":90.8565830032843,"H80+":27.5472772352929},"Analyse":{"Votes décisifs":151,"tour décisif":1,"majeurs":1202.1744375984424,"Non votants de 18-24":29.276786967150404}}