{"id":6990,"slug":"67-478-steinbourg","nom_standard":"Steinbourg","code_postal":"67","code_departement":"67","libelle_departement":"Bas-Rhin","code_commune":"478","Tour 1":{"Inscrits":1632,"Abstentions":732,"% Abs/Ins":44.85,"Votants":900,"% Vot/Ins":55.15,"Blancs":6,"% Blancs/Ins":0.37,"% Blancs/Vot":0.67,"Nuls":11,"% Nuls/Ins":0.67,"% Nuls/Vot":1.22,"Exprimés":883,"% Exp/Ins":54.11,"% Exp/Vot":98.11,"resultats":[{"N.Pan.":null,"Code Nuance":"LNC","Sexe":"F","Nom":"KERN","Prénom":"Viviane","Liste":"\"La continuité pour notre village, votre avenir\"","Sièges / Elu":"15","Sièges Secteur":0,"Sièges CC":2,"Voix":457,"% Voix/Ins":28,"% Voix/Exp":51.76},{"N.Pan.":2,"Code Nuance":"LNC","Sexe":"M","Nom":"MULLER","Prénom":"Emmanuel","Liste":"STEINBOURG, NOTRE BIEN VIVRE A TOUS","Sièges / Elu":"4","Sièges Secteur":0,"Sièges CC":1,"Voix":426,"% Voix/Ins":26.1,"% Voix/Exp":48.24}]},"population":{"F0-2":24.6712484023959,"F3-5":29.5395331326163,"F6-10":49.2555613912623,"F11-17":66.2001283195301,"F18-24":65.614427791156,"F25-39":139.984886707609,"F40-54":212.098930334988,"F55-64":149.574229125689,"F65-79":160.938860433935,"F80+":80.5720031672884,"H0-2":24.6968875251597,"H3-5":32.6142062312815,"H6-10":45.2191080921159,"H11-17":73.8152164061838,"H18-24":57.4953030632781,"H25-39":158.240753013495,"H40-54":202.174736852075,"H55-64":152.326020825891,"H65-79":159.782366095302,"H80+":49.1855930887485},"Analyse":{"Votes décisifs":32,"tour décisif":1,"majeurs":1587.988110499455,"Non votants de 18-24":53.336690970563566}}