{"id":6964,"slug":"67-407-rohrwiller","nom_standard":"Rohrwiller","code_postal":"67","code_departement":"67","libelle_departement":"Bas-Rhin","code_commune":"407","Tour 1":{"Inscrits":1386,"Abstentions":642,"% Abs/Ins":46.32,"Votants":744,"% Vot/Ins":53.68,"Blancs":10,"% Blancs/Ins":0.72,"% Blancs/Vot":1.34,"Nuls":12,"% Nuls/Ins":0.87,"% Nuls/Vot":1.61,"Exprimés":722,"% Exp/Ins":52.09,"% Exp/Vot":97.04,"resultats":[{"N.Pan.":null,"Code Nuance":"LNC","Sexe":"M","Nom":"MACK","Prénom":"Lionel","Liste":"ROHRWILLER OSONS L'AVENIR","Sièges / Elu":"4","Sièges Secteur":0,"Sièges CC":0,"Voix":335,"% Voix/Ins":24.17,"% Voix/Exp":46.4},{"N.Pan.":2,"Code Nuance":"LNC","Sexe":"M","Nom":"SUTTER","Prénom":"Laurent","Liste":"ROHRWILLER ENSEMBLE","Sièges / Elu":"15","Sièges Secteur":0,"Sièges CC":1,"Voix":387,"% Voix/Ins":27.92,"% Voix/Exp":53.6}]},"population":{"F0-2":16.7259364618802,"F3-5":23.9568820234073,"F6-10":40.0791744992764,"F11-17":62.2699995149683,"F18-24":38.9220351724145,"F25-39":132.885346298636,"F40-54":192.261646877641,"F55-64":138.122799831211,"F65-79":120.425471679583,"F80+":51.4322676256269,"H0-2":12.9546452486287,"H3-5":23.25136176254,"H6-10":45.0997064620196,"H11-17":65.5925515642008,"H18-24":48.56483944244,"H25-39":129.905539047073,"H40-54":194.289705733487,"H55-64":138.233163524547,"H65-79":96.5072621810144,"H80+":26.5196650494049},"Analyse":{"Votes décisifs":53,"tour décisif":1,"majeurs":1308.0697424630787,"Non votants de 18-24":37.72635145583114}}