{"id":7012,"slug":"67-543-wisches","nom_standard":"Wisches","code_postal":"67","code_departement":"67","libelle_departement":"Bas-Rhin","code_commune":"543","Tour 1":{"Inscrits":1654,"Abstentions":1161,"% Abs/Ins":70.19,"Votants":493,"% Vot/Ins":29.81,"Blancs":28,"% Blancs/Ins":1.69,"% Blancs/Vot":5.68,"Nuls":41,"% Nuls/Ins":2.48,"% Nuls/Vot":8.32,"Exprimés":424,"% Exp/Ins":25.63,"% Exp/Vot":86,"resultats":[{"N.Pan.":null,"Code Nuance":"LNC","Sexe":"M","Nom":"FERRY","Prénom":"Alain","Liste":"CAP 2026 RIGUEUR, PERSEVERANCE, FIDELITE","Sièges / Elu":"19","Sièges Secteur":0,"Sièges CC":4,"Voix":424,"% Voix/Ins":25.63,"% Voix/Exp":100}]},"population":{"F0-2":27.2637239949022,"F3-5":34.8137523322754,"F6-10":52.3672238408094,"F11-17":109.005772634015,"F18-24":81.0076038188346,"F25-39":162.014664113758,"F40-54":231.464965192295,"F55-64":139.741962739282,"F65-79":149.416606825495,"F80+":57.9063330297744,"H0-2":32.1511087335369,"H3-5":37.5319600925425,"H6-10":63.0692435358651,"H11-17":97.2696896661774,"H18-24":73.3126487485642,"H25-39":193.652227871937,"H40-54":230.617933032735,"H55-64":141.32743993259,"H65-79":132.73665532027,"H80+":30.3284845443402},"Analyse":{"Votes décisifs":425,"tour décisif":1,"majeurs":1623.5275251698756,"Non votants de 18-24":107.45939967993876}}