{"id":6848,"slug":"67-87-dauendorf","nom_standard":"Dauendorf","code_postal":"67","code_departement":"67","libelle_departement":"Bas-Rhin","code_commune":"87","Tour 1":{"Inscrits":1107,"Abstentions":664,"% Abs/Ins":59.98,"Votants":443,"% Vot/Ins":40.02,"Blancs":8,"% Blancs/Ins":0.72,"% Blancs/Vot":1.81,"Nuls":34,"% Nuls/Ins":3.07,"% Nuls/Vot":7.67,"Exprimés":401,"% Exp/Ins":36.22,"% Exp/Vot":90.52,"resultats":[{"N.Pan.":null,"Code Nuance":"LNC","Sexe":"M","Nom":"BEBON","Prénom":"Claude","Liste":"GENERATIONS COMMUNES","Sièges / Elu":"15","Sièges Secteur":0,"Sièges CC":1,"Voix":401,"% Voix/Ins":36.22,"% Voix/Exp":100}]},"population":{"F0-2":15.8974380934552,"F3-5":15.7262566300387,"F6-10":47.4438344741211,"F11-17":54.5416017966622,"F18-24":39.8766339911481,"F25-39":102.829558706151,"F40-54":137.471120937012,"F55-64":115.520360057504,"F65-79":125.664682912912,"F80+":114.785910103029,"H0-2":17.8214517396683,"H3-5":22.7663673506901,"H6-10":29.8406894926251,"H11-17":53.5800174610316,"H18-24":39.867783471852,"H25-39":102.861967197432,"H40-54":143.226556221128,"H55-64":107.343366209257,"H65-79":116.726242830734,"H80+":37.2081603235479},"Analyse":{"Votes décisifs":402,"tour décisif":1,"majeurs":1183.382342961707,"Non votants de 18-24":49.892039534413605}}