{"id":6850,"slug":"67-95-diemeringen","nom_standard":"Diemeringen","code_postal":"67","code_departement":"67","libelle_departement":"Bas-Rhin","code_commune":"95","Tour 1":{"Inscrits":1249,"Abstentions":851,"% Abs/Ins":68.13,"Votants":398,"% Vot/Ins":31.87,"Blancs":5,"% Blancs/Ins":0.4,"% Blancs/Vot":1.26,"Nuls":32,"% Nuls/Ins":2.56,"% Nuls/Vot":8.04,"Exprimés":361,"% Exp/Ins":28.9,"% Exp/Vot":90.7,"resultats":[{"N.Pan.":null,"Code Nuance":"LNC","Sexe":"F","Nom":"OURY","Prénom":"Nicole","Liste":"Acte 2, tous en scène pour DIEMERINGEN","Sièges / Elu":"19","Sièges Secteur":0,"Sièges CC":4,"Voix":361,"% Voix/Ins":28.9,"% Voix/Exp":100}]},"population":{"F0-2":16.5538521709075,"F3-5":13.3524061473656,"F6-10":35.4504769261302,"F11-17":52.4572214991203,"F18-24":45.5464520774475,"F25-39":111.913038545284,"F40-54":175.603612562615,"F55-64":131.138839907599,"F65-79":126.764729341703,"F80+":89.4648930389615,"H0-2":24.2664516584956,"H3-5":18.4686388974606,"H6-10":37.387953440995,"H11-17":59.6400495365273,"H18-24":55.0509235891614,"H25-39":135.38010912673,"H40-54":158.461825835252,"H55-64":142.975507134799,"H65-79":129.572472684974,"H80+":38.5505458784732},"Analyse":{"Votes décisifs":362,"tour décisif":1,"majeurs":1340.4229497229994,"Non votants de 18-24":70.72788147182195}}