{"id":67,"slug":"1-189-injoux-genissiat","nom_standard":"Injoux-Génissiat","code_postal":"1","code_departement":"1","libelle_departement":"Ain","code_commune":"189","Tour 1":{"Inscrits":699,"Abstentions":424,"% Abs/Ins":60.66,"Votants":275,"% Vot/Ins":39.34,"Blancs":5,"% Blancs/Ins":0.72,"% Blancs/Vot":1.82,"Nuls":25,"% Nuls/Ins":3.58,"% Nuls/Vot":9.09,"Exprimés":245,"% Exp/Ins":35.05,"% Exp/Vot":89.09,"resultats":[{"N.Pan.":null,"Code Nuance":"LNC","Sexe":"F","Nom":"SELLIER","Prénom":"Sophie","Liste":"L'AVENIR ENSEMBLE","Sièges / Elu":"15","Sièges Secteur":0,"Sièges CC":4,"Voix":245,"% Voix/Ins":35.05,"% Voix/Exp":100}]},"population":{"F0-2":12.9796031741087,"F3-5":23.968196051743,"F6-10":46.9052784861449,"F11-17":44.9450058348852,"F18-24":29.3145806092207,"F25-39":111.508350049952,"F40-54":122.868596957336,"F55-64":76.0575067115337,"F65-79":51.8420938954831,"F80+":19.3423020932904,"H0-2":22.9992675306869,"H3-5":20.9771651463446,"H6-10":42.9532839019837,"H11-17":54.9881559994711,"H18-24":42.3327088044009,"H25-39":124.017753784622,"H40-54":131.959245159202,"H55-64":65.7815230041016,"H65-79":64.0313726772257,"H80+":13.2280101282631},"Analyse":{"Votes décisifs":246,"tour décisif":1,"majeurs":852.2840438746312,"Non votants de 18-24":48.52940432548519}}