{"id":6712,"slug":"65-123-campan","nom_standard":"Campan","code_postal":"65","code_departement":"65","libelle_departement":"Hautes-Pyrénées","code_commune":"123","Tour 1":{"Inscrits":1413,"Abstentions":481,"% Abs/Ins":34.04,"Votants":932,"% Vot/Ins":65.96,"Blancs":15,"% Blancs/Ins":1.06,"% Blancs/Vot":1.61,"Nuls":14,"% Nuls/Ins":0.99,"% Nuls/Vot":1.5,"Exprimés":903,"% Exp/Ins":63.91,"% Exp/Vot":96.89,"resultats":[{"N.Pan.":null,"Code Nuance":"LNC","Sexe":"M","Nom":"ARA","Prénom":"Gérard","Liste":"ensemble pour campan","Sièges / Elu":"0","Sièges Secteur":0,"Sièges CC":0,"Voix":317,"% Voix/Ins":22.43,"% Voix/Exp":35.11},{"N.Pan.":2,"Code Nuance":"LNC","Sexe":"M","Nom":"PUJO-MENJOUET","Prénom":"Alexandre","Liste":"avenir de campan","Sièges / Elu":"0","Sièges Secteur":0,"Sièges CC":0,"Voix":366,"% Voix/Ins":25.9,"% Voix/Exp":40.53},{"N.Pan.":3,"Code Nuance":"LNC","Sexe":"M","Nom":"BRAU-NOGUÉ","Prénom":"Pierre","Liste":"campan 2020","Sièges / Elu":0,"Sièges CC":0,"Voix":220,"% Voix/Ins":15.57,"% Voix/Exp":24.36}]},"Tour 2":{"Inscrits":1411,"Abstentions":404,"% Abs/Ins":28.63,"Votants":1007,"% Vot/Ins":71.37,"Blancs":31,"% Blancs/Ins":2.2,"% Blancs/Vot":3.08,"Nuls":16,"% Nuls/Ins":1.13,"% Nuls/Vot":1.59,"Exprimés":960,"% Exp/Ins":68.04,"% Exp/Vot":95.33,"resultats":[{"N.Pan.":1,"Code Nuance":"LNC","Sexe":"M","Nom":"ARA","Prénom":"Gérard","Liste":"ensemble pour campan","Sièges / Elu":3,"Sièges Secteur":0,"Sièges CC":1,"Voix":468,"% Voix/Ins":33.17,"% Voix/Exp":48.75},{"N.Pan.":2,"Code Nuance":"LNC","Sexe":"M","Nom":"PUJO-MENJOUET","Prénom":"Alexandre","Liste":"avenir de campan","Sièges / Elu":12,"Sièges Secteur":0,"Sièges CC":2,"Voix":492,"% Voix/Ins":34.87,"% Voix/Exp":51.25}]},"population":{"F0-2":10.9709098272015,"F3-5":20.9463217718177,"F6-10":17.52045793702,"F11-17":36.3324894386483,"F18-24":23.2073403174575,"F25-39":75.1130713258337,"F40-54":130.499143099849,"F55-64":146.16137827779,"F65-79":122.353733260493,"F80+":69.1555497368019,"H0-2":11.9143168847938,"H3-5":9.9177609351638,"H6-10":21.7746191121382,"H11-17":42.2535661323446,"H18-24":37.1686114159885,"H25-39":83.7352331576222,"H40-54":128.267350786197,"H55-64":129.562963671285,"H65-79":149.41810884519,"H80+":37.7270740663657},"Analyse":{"Votes décisifs":24,"tour décisif":2,"majeurs":1132.3695579608736,"Non votants de 18-24":6.6844841660346965}}