{"id":672,"slug":"10-268-nogent-sur-seine","nom_standard":"Nogent-sur-Seine","code_postal":"10","code_departement":"10","libelle_departement":"Aube","code_commune":"268","Tour 1":{"Inscrits":3435,"Abstentions":1523,"% Abs/Ins":44.34,"Votants":1912,"% Vot/Ins":55.66,"Blancs":24,"% Blancs/Ins":0.7,"% Blancs/Vot":1.26,"Nuls":22,"% Nuls/Ins":0.64,"% Nuls/Vot":1.15,"Exprimés":1866,"% Exp/Ins":54.32,"% Exp/Vot":97.59,"resultats":[{"N.Pan.":null,"Code Nuance":"LDVD","Sexe":"M","Nom":"JOURNET","Prénom":"Richard","Liste":"NOGENT-SUR-SEINE VILLE INNOVANTE ET ACTIVE","Sièges / Elu":"5","Sièges Secteur":0,"Sièges CC":2,"Voix":743,"% Voix/Ins":21.63,"% Voix/Exp":39.82},{"N.Pan.":2,"Code Nuance":"LDVD","Sexe":"F","Nom":"BOMBERGER-RIVOT","Prénom":"Estelle","Liste":"SERVIR LES NOGENTAIS ET AGIR POUR NOGENT","Sièges / Elu":"24","Sièges Secteur":0,"Sièges CC":10,"Voix":1123,"% Voix/Ins":32.69,"% Voix/Exp":60.18}]},"population":{"F0-2":112.470485351799,"F3-5":121.281918954515,"F6-10":191.950002705753,"F11-17":273.992982650552,"F18-24":196.816788395643,"F25-39":592.711650550043,"F40-54":560.849173836257,"F55-64":348.485854217831,"F65-79":415.121060718058,"F80+":272.480448848088,"H0-2":105.867403953315,"H3-5":108.15666322681,"H6-10":195.228124641207,"H11-17":266.061889681473,"H18-24":235.450457562477,"H25-39":605.734664945606,"H40-54":553.730163895835,"H55-64":310.604219735756,"H65-79":345.823627930599,"H80+":133.182418198385},"Analyse":{"Votes décisifs":381,"tour décisif":1,"majeurs":4570.990528834578,"Non votants de 18-24":251.45414449613799}}