{"id":6736,"slug":"66-2-alenya","nom_standard":"Alenya","code_postal":"66","code_departement":"66","libelle_departement":"Pyrénées-Orientales","code_commune":"2","Tour 1":{"Inscrits":2824,"Abstentions":1796,"% Abs/Ins":63.6,"Votants":1028,"% Vot/Ins":36.4,"Blancs":34,"% Blancs/Ins":1.2,"% Blancs/Vot":3.31,"Nuls":54,"% Nuls/Ins":1.91,"% Nuls/Vot":5.25,"Exprimés":940,"% Exp/Ins":33.29,"% Exp/Vot":91.44,"resultats":[{"N.Pan.":null,"Code Nuance":"LDVG","Sexe":"M","Nom":"MAGDALOU","Prénom":"Jean-André","Liste":"ALENYA 2020, AUDACIEUSE, HUMAINE ET SOLIDAIRE","Sièges / Elu":"27","Sièges Secteur":0,"Sièges CC":6,"Voix":940,"% Voix/Ins":33.29,"% Voix/Exp":100}]},"population":{"F0-2":43.8417099903164,"F3-5":70.7982866542729,"F6-10":107.601671385106,"F11-17":162.65475976945,"F18-24":110.429177346102,"F25-39":307.760951422172,"F40-54":403.761090028044,"F55-64":256.613801551037,"F65-79":323.381184201197,"F80+":164.018622809768,"H0-2":45.4759206594983,"H3-5":54.5391061691585,"H6-10":115.181284177857,"H11-17":175.463917530042,"H18-24":104.475886406626,"H25-39":239.977796324952,"H40-54":375.327880363658,"H55-64":206.395869607565,"H65-79":286.856143993073,"H80+":99.4449396101063},"Analyse":{"Votes décisifs":941,"tour décisif":1,"majeurs":2878.4433436643008,"Non votants de 18-24":138.15441100006103}}