{"id":6756,"slug":"66-53-collioure","nom_standard":"Collioure","code_postal":"66","code_departement":"66","libelle_departement":"Pyrénées-Orientales","code_commune":"53","Tour 1":{"Inscrits":2397,"Abstentions":846,"% Abs/Ins":35.29,"Votants":1551,"% Vot/Ins":64.71,"Blancs":30,"% Blancs/Ins":1.25,"% Blancs/Vot":1.93,"Nuls":29,"% Nuls/Ins":1.21,"% Nuls/Vot":1.87,"Exprimés":1492,"% Exp/Ins":62.24,"% Exp/Vot":96.2,"resultats":[{"N.Pan.":null,"Code Nuance":"LNC","Sexe":"M","Nom":"HEINRICH","Prénom":"Jean","Liste":"COLLIOURE POUR TOUS","Sièges / Elu":"3","Sièges Secteur":0,"Sièges CC":0,"Voix":516,"% Voix/Ins":21.53,"% Voix/Exp":34.58},{"N.Pan.":2,"Code Nuance":"LNC","Sexe":"M","Nom":"LLOBET","Prénom":"Guy","Liste":"COLLIOURONS L'AVENIR","Sièges / Elu":"16","Sièges Secteur":0,"Sièges CC":2,"Voix":976,"% Voix/Ins":40.72,"% Voix/Exp":65.42}]},"population":{"F0-2":16.0161972407622,"F3-5":20.6896399579145,"F6-10":36.4906895903584,"F11-17":57.6574968284694,"F18-24":47.2027679029068,"F25-39":116.00484972226,"F40-54":197.458952684335,"F55-64":218.405329617363,"F65-79":364.576788319948,"F80+":245.131706599722,"H0-2":23.4900007749631,"H3-5":12.3857237527052,"H6-10":30.3235860165394,"H11-17":54.798176300216,"H18-24":53.6872396970987,"H25-39":95.7248391191603,"H40-54":181.485798938073,"H55-64":185.366909052011,"H65-79":308.765003962082,"H80+":134.338303923111},"Analyse":{"Votes décisifs":461,"tour décisif":1,"majeurs":2148.1484895380713,"Non votants de 18-24":28.045694206541068}}