{"id":6757,"slug":"66-56-corbere-les-cabanes","nom_standard":"Corbère-les-Cabanes","code_postal":"66","code_departement":"66","libelle_departement":"Pyrénées-Orientales","code_commune":"56","Tour 1":{"Inscrits":771,"Abstentions":420,"% Abs/Ins":54.47,"Votants":351,"% Vot/Ins":45.53,"Blancs":18,"% Blancs/Ins":2.33,"% Blancs/Vot":5.13,"Nuls":34,"% Nuls/Ins":4.41,"% Nuls/Vot":9.69,"Exprimés":299,"% Exp/Ins":38.78,"% Exp/Vot":85.19,"resultats":[{"N.Pan.":null,"Code Nuance":"LNC","Sexe":"M","Nom":"SOLER","Prénom":"Gérard","Liste":"ENSEMBLE POUR NOTRE VILLAGE","Sièges / Elu":"15","Sièges Secteur":0,"Sièges CC":2,"Voix":299,"% Voix/Ins":38.78,"% Voix/Exp":100}]},"population":{"F0-2":12.7902036782775,"F3-5":17.9015608568295,"F6-10":30.0454575031471,"F11-17":49.2544483979581,"F18-24":19.9309970252427,"F25-39":99.684671118353,"F40-54":111.565584589251,"F55-64":60.8216139778031,"F65-79":87.1107331552413,"F80+":35.3612900633685,"H0-2":18.3419827216798,"H3-5":23.7811930915466,"H6-10":37.6673732685872,"H11-17":45.0943890941589,"H18-24":36.530457850994,"H25-39":73.6449165505887,"H40-54":119.865165333086,"H55-64":68.2118161468714,"H65-79":75.6495704573101,"H80+":16.7465751197058},"Analyse":{"Votes décisifs":300,"tour décisif":1,"majeurs":805.1233913878157,"Non votants de 18-24":31.84663077157587}}