{"id":6773,"slug":"66-121-nefiach","nom_standard":"Néfiach","code_postal":"66","code_departement":"66","libelle_departement":"Pyrénées-Orientales","code_commune":"121","Tour 1":{"Inscrits":925,"Abstentions":501,"% Abs/Ins":54.16,"Votants":424,"% Vot/Ins":45.84,"Blancs":35,"% Blancs/Ins":3.78,"% Blancs/Vot":8.25,"Nuls":64,"% Nuls/Ins":6.92,"% Nuls/Vot":15.09,"Exprimés":325,"% Exp/Ins":35.14,"% Exp/Vot":76.65,"resultats":[{"N.Pan.":null,"Code Nuance":"LNC","Sexe":"M","Nom":"VILA","Prénom":"Patrice","Liste":"ENSEMBLE POUR NEFIACH","Sièges / Elu":"15","Sièges Secteur":0,"Sièges CC":2,"Voix":325,"% Voix/Ins":35.14,"% Voix/Exp":100}]},"population":{"F0-2":24.0693184583966,"F3-5":27.8943254658575,"F6-10":35.6246711237623,"F11-17":64.5353679137718,"F18-24":24.9172633888912,"F25-39":125.734311134018,"F40-54":150.440453793873,"F55-64":71.5366315888402,"F65-79":90.5834223101063,"F80+":32.3694919246754,"H0-2":23.0797161602268,"H3-5":28.90178805606,"H6-10":54.9143432240684,"H11-17":68.3957893823788,"H18-24":42.322730168286,"H25-39":117.023843228205,"H40-54":131.314353027748,"H55-64":67.7952352280981,"H65-79":100.124626346564,"H80+":32.422318076174},"Analyse":{"Votes décisifs":326,"tour décisif":1,"majeurs":986.5846802154791,"Non votants de 18-24":38.3425680852792}}