{"id":6781,"slug":"66-140-pezilla-la-riviere","nom_standard":"Pézilla-la-Rivière","code_postal":"66","code_departement":"66","libelle_departement":"Pyrénées-Orientales","code_commune":"140","Tour 1":{"Inscrits":2839,"Abstentions":1044,"% Abs/Ins":36.77,"Votants":1795,"% Vot/Ins":63.23,"Blancs":16,"% Blancs/Ins":0.56,"% Blancs/Vot":0.89,"Nuls":50,"% Nuls/Ins":1.76,"% Nuls/Vot":2.79,"Exprimés":1729,"% Exp/Ins":60.9,"% Exp/Vot":96.32,"resultats":[{"N.Pan.":null,"Code Nuance":"LDIV","Sexe":"M","Nom":"ROCA","Prénom":"Xavier","Liste":"ENSEMBLE ECRIVONS LE PEZILLA DE DEMAIN","Sièges / Elu":"4","Sièges Secteur":0,"Sièges CC":0,"Voix":607,"% Voix/Ins":21.38,"% Voix/Exp":35.11},{"N.Pan.":2,"Code Nuance":"LDIV","Sexe":"M","Nom":"BILLÉS","Prénom":"Jean-Paul","Liste":"UNIS POUR PEZILLA","Sièges / Elu":"23","Sièges Secteur":0,"Sièges CC":1,"Voix":1122,"% Voix/Ins":39.52,"% Voix/Exp":64.89}]},"population":{"F0-2":78.9149812519657,"F3-5":70.7107562382919,"F6-10":144.488650196022,"F11-17":167.029284456801,"F18-24":99.435377679195,"F25-39":382.354878843114,"F40-54":414.159162434648,"F55-64":224.598459205016,"F65-79":268.488595202753,"F80+":191.536500833345,"H0-2":55.3354044937767,"H3-5":86.0844375016385,"H6-10":136.286090214707,"H11-17":203.925535171005,"H18-24":136.320359503368,"H25-39":374.171549909588,"H40-54":344.448498741859,"H55-64":212.270589489186,"H65-79":218.288774907385,"H80+":97.1521137263347},"Analyse":{"Votes décisifs":516,"tour décisif":1,"majeurs":2963.224860475792,"Non votants de 18-24":92.94458778678201}}