{"id":7087,"slug":"68-172-kunheim","nom_standard":"Kunheim","code_postal":"68","code_departement":"68","libelle_departement":"Haut-Rhin","code_commune":"172","Tour 1":{"Inscrits":1175,"Abstentions":758,"% Abs/Ins":64.51,"Votants":417,"% Vot/Ins":35.49,"Blancs":14,"% Blancs/Ins":1.19,"% Blancs/Vot":3.36,"Nuls":63,"% Nuls/Ins":5.36,"% Nuls/Vot":15.11,"Exprimés":340,"% Exp/Ins":28.94,"% Exp/Vot":81.53,"resultats":[{"N.Pan.":null,"Code Nuance":"LNC","Sexe":"F","Nom":"KÖPPE-RITZENTHALER","Prénom":"Jill","Liste":"POUR KUNHEIM-ENSEMBLE CONSTRUISONS NOTRE VILLAGE DE DEMAIN","Sièges / Elu":"19","Sièges Secteur":0,"Sièges CC":2,"Voix":340,"% Voix/Ins":28.94,"% Voix/Exp":100}]},"population":{"F0-2":20.3796604107619,"F3-5":29.5527450924911,"F6-10":60.1239383201946,"F11-17":72.3668260709367,"F18-24":37.6604229473573,"F25-39":136.211132726503,"F40-54":188.811276783181,"F55-64":123.27656606443,"F65-79":149.392357375184,"F80+":111.334910309312,"H0-2":27.5066906976558,"H3-5":32.6004656476295,"H6-10":45.9906004921777,"H11-17":99.8823325271741,"H18-24":51.8886517476406,"H25-39":122.959185526406,"H40-54":197.042938906505,"H55-64":124.346390638038,"H65-79":136.334967799226,"H80+":52.3379399171954},"Analyse":{"Votes décisifs":341,"tour décisif":1,"majeurs":1431.5967407409782,"Non votants de 18-24":63.464938649475506}}