{"id":7088,"slug":"68-173-labaroche","nom_standard":"Labaroche","code_postal":"68","code_departement":"68","libelle_departement":"Haut-Rhin","code_commune":"173","Tour 1":{"Inscrits":1784,"Abstentions":900,"% Abs/Ins":50.45,"Votants":884,"% Vot/Ins":49.55,"Blancs":11,"% Blancs/Ins":0.62,"% Blancs/Vot":1.24,"Nuls":4,"% Nuls/Ins":0.22,"% Nuls/Vot":0.45,"Exprimés":869,"% Exp/Ins":48.71,"% Exp/Vot":98.3,"resultats":[{"N.Pan.":null,"Code Nuance":"LNC","Sexe":"M","Nom":"RUFFIO","Prénom":"Bernard","Liste":"ENSEMBLE DANS L'ACTION","Sièges / Elu":"16","Sièges Secteur":0,"Sièges CC":3,"Voix":497,"% Voix/Ins":27.86,"% Voix/Exp":57.19},{"N.Pan.":2,"Code Nuance":"LNC","Sexe":"F","Nom":"ROUSSELOT-WIRTH","Prénom":"Suzanne","Liste":"LISTE ÉCO-CITOYENNE POUR LABAROCHE","Sièges / Elu":"2","Sièges Secteur":0,"Sièges CC":0,"Voix":235,"% Voix/Ins":13.17,"% Voix/Exp":27.04},{"N.Pan.":3,"Code Nuance":"LNC","Sexe":"M","Nom":"GRIMONT","Prénom":"Gérard","Liste":"LABAROCHE, LE CHOIX D'AVANCER ENSEMBLE","Sièges / Elu":1,"Sièges CC":0,"Voix":137,"% Voix/Ins":7.68,"% Voix/Exp":15.77}]},"population":{"F0-2":25.0818163718838,"F3-5":31.7549689681247,"F6-10":56.3470470245795,"F11-17":98.9429810448369,"F18-24":43.8505605724657,"F25-39":144.072666108129,"F40-54":243.359463481111,"F55-64":180.420239526607,"F65-79":151.19868937709,"F80+":71.5997710714999,"H0-2":21.9848786947891,"H3-5":34.2429240198087,"H6-10":66.1142493855605,"H11-17":114.985947778354,"H18-24":40.0150905534354,"H25-39":159.496920066486,"H40-54":242.276561432908,"H55-64":183.965192305368,"H65-79":161.77882760202,"H80+":39.5112046149434},"Analyse":{"Votes décisifs":126,"tour décisif":1,"majeurs":1661.5451867120632,"Non votants de 18-24":39.24619919152278}}