{"id":7022,"slug":"68-10-aspach","nom_standard":"Aspach","code_postal":"68","code_departement":"68","libelle_departement":"Haut-Rhin","code_commune":"10","Tour 1":{"Inscrits":826,"Abstentions":575,"% Abs/Ins":69.61,"Votants":251,"% Vot/Ins":30.39,"Blancs":11,"% Blancs/Ins":1.33,"% Blancs/Vot":4.38,"Nuls":6,"% Nuls/Ins":0.73,"% Nuls/Vot":2.39,"Exprimés":234,"% Exp/Ins":28.33,"% Exp/Vot":93.23,"resultats":[{"N.Pan.":null,"Code Nuance":"LNC","Sexe":"M","Nom":"SCHOENIG","Prénom":"Fabien","Liste":"la parole a aspach","Sièges / Elu":"15","Sièges Secteur":0,"Sièges CC":2,"Voix":234,"% Voix/Ins":28.33,"% Voix/Exp":100}]},"population":{"F0-2":21.2714560229908,"F3-5":16.2392480021008,"F6-10":31.4836793476683,"F11-17":47.0274745485624,"F18-24":28.0423408151474,"F25-39":102.508304780919,"F40-54":126.667930772832,"F55-64":77.2660950065549,"F65-79":89.1381847067472,"F80+":29.2952045178138,"H0-2":15.3324491583623,"H3-5":16.1744442092083,"H6-10":26.8860942531458,"H11-17":59.4712243052026,"H18-24":38.8772521996661,"H25-39":103.476682048757,"H40-54":127.658899649219,"H55-64":75.0225879056516,"H65-79":75.1529622523701,"H80+":20.0074854970807},"Analyse":{"Votes décisifs":235,"tour décisif":1,"majeurs":893.1139301527588,"Non votants de 18-24":48.1125659607788}}