{"id":7023,"slug":"68-11-aspach-le-bas","nom_standard":"Aspach-le-Bas","code_postal":"68","code_departement":"68","libelle_departement":"Haut-Rhin","code_commune":"11","Tour 1":{"Inscrits":1041,"Abstentions":778,"% Abs/Ins":74.74,"Votants":263,"% Vot/Ins":25.26,"Blancs":14,"% Blancs/Ins":1.34,"% Blancs/Vot":5.32,"Nuls":24,"% Nuls/Ins":2.31,"% Nuls/Vot":9.13,"Exprimés":225,"% Exp/Ins":21.61,"% Exp/Vot":85.55,"resultats":[{"N.Pan.":null,"Code Nuance":"LNC","Sexe":"M","Nom":"LEMBLE","Prénom":"Maurice","Liste":"AGIR ENSEMBLE","Sièges / Elu":"15","Sièges Secteur":0,"Sièges CC":2,"Voix":225,"% Voix/Ins":21.61,"% Voix/Exp":100}]},"population":{"F0-2":15.1818753613745,"F3-5":18.4537330578583,"F6-10":58.040599634099,"F11-17":75.8646083572873,"F18-24":26.1097232684302,"F25-39":103.540210566803,"F40-54":167.174403870836,"F55-64":97.2947047979907,"F65-79":83.2628238138366,"F80+":24.9625095234127,"H0-2":14.4950637747865,"H3-5":22.0937339928584,"H6-10":30.015321234707,"H11-17":76.6125640051074,"H18-24":49.7369060887678,"H25-39":84.5554451413384,"H40-54":146.96517934041,"H55-64":116.594102801666,"H65-79":77.6076133847512,"H80+":13.4388779836788},"Analyse":{"Votes décisifs":226,"tour décisif":1,"majeurs":991.2425005819214,"Non votants de 18-24":55.7227308064069}}