{"id":7091,"slug":"68-177-lautenbach","nom_standard":"Lautenbach","code_postal":"68","code_departement":"68","libelle_departement":"Haut-Rhin","code_commune":"177","Tour 1":{"Inscrits":1308,"Abstentions":763,"% Abs/Ins":58.33,"Votants":545,"% Vot/Ins":41.67,"Blancs":13,"% Blancs/Ins":0.99,"% Blancs/Vot":2.39,"Nuls":15,"% Nuls/Ins":1.15,"% Nuls/Vot":2.75,"Exprimés":517,"% Exp/Ins":39.53,"% Exp/Vot":94.86,"resultats":[{"N.Pan.":null,"Code Nuance":"LNC","Sexe":"M","Nom":"HECKY","Prénom":"Philippe","Liste":"CONSTRUISONS UN FUTUR EN COMMUN","Sièges / Elu":"16","Sièges Secteur":0,"Sièges CC":1,"Voix":321,"% Voix/Ins":24.54,"% Voix/Exp":62.09},{"N.Pan.":2,"Code Nuance":"LNC","Sexe":"M","Nom":"FRUHAUF","Prénom":"David","Liste":"Simplement participer pour Lautenbach-Schweighouse","Sièges / Elu":"3","Sièges Secteur":0,"Sièges CC":0,"Voix":196,"% Voix/Ins":14.98,"% Voix/Exp":37.91}]},"population":{"F0-2":18.3203707714582,"F3-5":24.1770370420719,"F6-10":26.969260398956,"F11-17":68.649769573973,"F18-24":43.0361519896576,"F25-39":113.722850756877,"F40-54":173.598422025886,"F55-64":101.554272280579,"F65-79":125.10483673767,"F80+":35.5646707372326,"H0-2":22.2628840372423,"H3-5":23.0604164256148,"H6-10":44.3907329077848,"H11-17":73.5790240453318,"H18-24":39.9295653305207,"H25-39":102.479436327189,"H40-54":178.330638458347,"H55-64":114.315459933136,"H65-79":117.64273224977,"H80+":32.3114679707028},"Analyse":{"Votes décisifs":126,"tour décisif":1,"majeurs":1177.5905047975677,"Non votants de 18-24":44.56840029419733}}