{"id":7089,"slug":"68-174-landser","nom_standard":"Landser","code_postal":"68","code_departement":"68","libelle_departement":"Haut-Rhin","code_commune":"174","Tour 1":{"Inscrits":1341,"Abstentions":889,"% Abs/Ins":66.29,"Votants":452,"% Vot/Ins":33.71,"Blancs":26,"% Blancs/Ins":1.94,"% Blancs/Vot":5.75,"Nuls":20,"% Nuls/Ins":1.49,"% Nuls/Vot":4.42,"Exprimés":406,"% Exp/Ins":30.28,"% Exp/Vot":89.82,"resultats":[{"N.Pan.":null,"Code Nuance":"LNC","Sexe":"M","Nom":"ADRIAN","Prénom":"Daniel","Liste":"BIEN VIVRE A LANDSER","Sièges / Elu":"19","Sièges Secteur":0,"Sièges CC":1,"Voix":406,"% Voix/Ins":30.28,"% Voix/Exp":100}]},"population":{"F0-2":19.6431343384294,"F3-5":16.4258823589732,"F6-10":73.4428379513409,"F11-17":72.9900689748722,"F18-24":30.7215800836693,"F25-39":144.715378106005,"F40-54":170.235377299659,"F55-64":117.725832690901,"F65-79":154.730759849507,"F80+":33.0358709140466,"H0-2":27.0701784825588,"H3-5":39.2466751107485,"H6-10":45.7170681336124,"H11-17":68.5375343791299,"H18-24":39.977167636956,"H25-39":129.667958119663,"H40-54":188.024895859152,"H55-64":93.7831438346699,"H65-79":137.863047932412,"H80+":42.4456079436927},"Analyse":{"Votes décisifs":407,"tour décisif":1,"majeurs":1282.9266202703336,"Non votants de 18-24":45.790203876559595}}