{"id":7078,"slug":"68-151-husseren-wesserling","nom_standard":"Husseren-Wesserling","code_postal":"68","code_departement":"68","libelle_departement":"Haut-Rhin","code_commune":"151","Tour 1":{"Inscrits":779,"Abstentions":323,"% Abs/Ins":41.46,"Votants":456,"% Vot/Ins":58.54,"Blancs":15,"% Blancs/Ins":1.93,"% Blancs/Vot":3.29,"Nuls":6,"% Nuls/Ins":0.77,"% Nuls/Vot":1.32,"Exprimés":435,"% Exp/Ins":55.84,"% Exp/Vot":95.39,"resultats":[{"N.Pan.":null,"Code Nuance":"LNC","Sexe":"M","Nom":"NUCCELLI","Prénom":"Romain","Liste":"HUSSEREN-WESSERLING AUTREMENT","Sièges / Elu":"12","Sièges Secteur":0,"Sièges CC":2,"Voix":222,"% Voix/Ins":28.5,"% Voix/Exp":51.03},{"N.Pan.":2,"Code Nuance":"LNC","Sexe":"F","Nom":"STOLTZ-NAWROT","Prénom":"Jeanne","Liste":"DEMAIN CONTINUONS ENSEMBLE","Sièges / Elu":"3","Sièges Secteur":0,"Sièges CC":1,"Voix":213,"% Voix/Ins":27.34,"% Voix/Exp":48.97}]},"population":{"F0-2":21.7794068955757,"F3-5":19.8069894050497,"F6-10":28.7461274968711,"F11-17":29.7254350988776,"F18-24":27.9420653572649,"F25-39":83.7370535997066,"F40-54":102.1597049322,"F55-64":79.5549370334458,"F65-79":70.6675952846321,"F80+":46.5916215009618,"H0-2":18.8570096242651,"H3-5":23.7588033820301,"H6-10":34.6553035438745,"H11-17":50.6125791530631,"H18-24":34.9378525101918,"H25-39":91.9381967509518,"H40-54":101.065495923336,"H55-64":83.6150012316582,"H65-79":80.6578715652683,"H80+":18.1909497107765},"Analyse":{"Votes décisifs":10,"tour décisif":1,"majeurs":821.0583454003938,"Non votants de 18-24":27.957621896422413}}