{"id":7158,"slug":"68-365-wettolsheim","nom_standard":"Wettolsheim","code_postal":"68","code_departement":"68","libelle_departement":"Haut-Rhin","code_commune":"365","Tour 1":{"Inscrits":1622,"Abstentions":1073,"% Abs/Ins":66.15,"Votants":549,"% Vot/Ins":33.85,"Blancs":22,"% Blancs/Ins":1.36,"% Blancs/Vot":4.01,"Nuls":29,"% Nuls/Ins":1.79,"% Nuls/Vot":5.28,"Exprimés":498,"% Exp/Ins":30.7,"% Exp/Vot":90.71,"resultats":[{"N.Pan.":null,"Code Nuance":"LNC","Sexe":"M","Nom":"MULLER","Prénom":"Lucien","Liste":"DYNAMISME ET CONTINUITÉ","Sièges / Elu":"19","Sièges Secteur":0,"Sièges CC":1,"Voix":498,"% Voix/Ins":30.7,"% Voix/Exp":100}]},"population":{"F0-2":24.5955820138981,"F3-5":22.9406514068986,"F6-10":45.516770892593,"F11-17":47.2830990940947,"F18-24":29.9132172989675,"F25-39":141.717344938901,"F40-54":170.684033099413,"F55-64":155.986076795113,"F65-79":151.658806687748,"F80+":107.014930250356,"H0-2":26.8450588153656,"H3-5":23.6550926823304,"H6-10":53.1684040488768,"H11-17":57.1891194231781,"H18-24":36.1132123862612,"H25-39":141.468022439463,"H40-54":174.165480141435,"H55-64":152.265177261081,"H65-79":147.081937711179,"H80+":65.7379826128453},"Analyse":{"Votes décisifs":499,"tour décisif":1,"majeurs":1473.8062216227631,"Non votants de 18-24":41.43126285435562}}