{"id":7136,"slug":"68-300-sausheim","nom_standard":"Sausheim","code_postal":"68","code_departement":"68","libelle_departement":"Haut-Rhin","code_commune":"300","Tour 1":{"Inscrits":4425,"Abstentions":2882,"% Abs/Ins":65.13,"Votants":1543,"% Vot/Ins":34.87,"Blancs":9,"% Blancs/Ins":0.2,"% Blancs/Vot":0.58,"Nuls":35,"% Nuls/Ins":0.79,"% Nuls/Vot":2.27,"Exprimés":1499,"% Exp/Ins":33.88,"% Exp/Vot":97.15,"resultats":[{"N.Pan.":null,"Code Nuance":"LDVC","Sexe":"M","Nom":"KOENIG","Prénom":"Jean-Marc, Claude","Liste":"ENSEMBLE POUR SAUSHEIM","Sièges / Elu":"4","Sièges Secteur":0,"Sièges CC":0,"Voix":490,"% Voix/Ins":11.07,"% Voix/Exp":32.69},{"N.Pan.":2,"Code Nuance":"LDVD","Sexe":"M","Nom":"OMEYER","Prénom":"Guy","Liste":"LISTE D'ENTENTE COMMUNALE","Sièges / Elu":"25","Sièges Secteur":0,"Sièges CC":2,"Voix":1009,"% Voix/Ins":22.8,"% Voix/Exp":67.31}]},"population":{"F0-2":59.927443917759,"F3-5":83.263317311622,"F6-10":178.113242595722,"F11-17":192.065471070589,"F18-24":145.970313256218,"F25-39":466.339181613163,"F40-54":558.357950596275,"F55-64":465.791713571389,"F65-79":459.844877477405,"F80+":211.813686549525,"H0-2":81.4736628517404,"H3-5":88.2148952735474,"H6-10":129.402159370013,"H11-17":238.575862068448,"H18-24":191.831278418372,"H25-39":429.167166990212,"H40-54":524.513066872029,"H55-64":433.354685442592,"H65-79":410.668208408697,"H80+":138.31181634468},"Analyse":{"Votes décisifs":520,"tour décisif":1,"majeurs":4435.963945540557,"Non votants de 18-24":220.30111999517538}}