{"id":7141,"slug":"68-315-soultz-haut-rhin","nom_standard":"Soultz-Haut-Rhin","code_postal":"68","code_departement":"68","libelle_departement":"Haut-Rhin","code_commune":"315","Tour 1":{"Inscrits":5130,"Abstentions":3011,"% Abs/Ins":58.69,"Votants":2119,"% Vot/Ins":41.31,"Blancs":20,"% Blancs/Ins":0.39,"% Blancs/Vot":0.94,"Nuls":22,"% Nuls/Ins":0.43,"% Nuls/Vot":1.04,"Exprimés":2077,"% Exp/Ins":40.49,"% Exp/Vot":98.02,"resultats":[{"N.Pan.":null,"Code Nuance":"LDVD","Sexe":"F","Nom":"PAGLIARULO","Prénom":"Karine","Liste":"Soultz, j'y crois !","Sièges / Elu":"3","Sièges Secteur":0,"Sièges CC":1,"Voix":488,"% Voix/Ins":9.51,"% Voix/Exp":23.5},{"N.Pan.":2,"Code Nuance":"LDVG","Sexe":"M","Nom":"ROTOLO","Prénom":"Marcello","Liste":"DECIDONS NOTRE VILLE","Sièges / Elu":"23","Sièges Secteur":0,"Sièges CC":6,"Voix":1190,"% Voix/Ins":23.2,"% Voix/Exp":57.29},{"N.Pan.":3,"Code Nuance":"LDVC","Sexe":"M","Nom":"SETTE","Prénom":"Antoine","Liste":"ENTENTE COMMUNALE SOULTZ MA VILLE","Sièges / Elu":3,"Sièges CC":0,"Voix":399,"% Voix/Ins":7.78,"% Voix/Exp":19.21}]},"population":{"F0-2":109.674024708452,"F3-5":98.6381966237326,"F6-10":202.034946918415,"F11-17":298.910863116309,"F18-24":231.623099211626,"F25-39":616.890843980504,"F40-54":755.862406781051,"F55-64":538.745598880036,"F65-79":456.812186754356,"F80+":285.198566309808,"H0-2":86.4458478025806,"H3-5":103.753540219587,"H6-10":219.201413327139,"H11-17":301.541251487517,"H18-24":289.79133958693,"H25-39":602.164951288309,"H40-54":759.94251262074,"H55-64":499.90122579771,"H65-79":422.19560459201,"H80+":153.671579993186},"Analyse":{"Votes décisifs":304,"tour décisif":1,"majeurs":5612.799915796266,"Non votants de 18-24":324.56487843837783}}