{"id":7055,"slug":"68-91-fessenheim","nom_standard":"Fessenheim","code_postal":"68","code_departement":"68","libelle_departement":"Haut-Rhin","code_commune":"91","Tour 1":{"Inscrits":1707,"Abstentions":1242,"% Abs/Ins":72.76,"Votants":465,"% Vot/Ins":27.24,"Blancs":29,"% Blancs/Ins":1.7,"% Blancs/Vot":6.24,"Nuls":32,"% Nuls/Ins":1.87,"% Nuls/Vot":6.88,"Exprimés":404,"% Exp/Ins":23.67,"% Exp/Vot":86.88,"resultats":[{"N.Pan.":null,"Code Nuance":"LNC","Sexe":"M","Nom":"BRENDER","Prénom":"Claude","Liste":"ENSEMBLE, RELEVONS LE DEFI","Sièges / Elu":"19","Sièges Secteur":0,"Sièges CC":3,"Voix":404,"% Voix/Ins":23.67,"% Voix/Exp":100}]},"population":{"F0-2":28.0195125350504,"F3-5":38.0292817103983,"F6-10":62.7873769282189,"F11-17":110.849980274886,"F18-24":55.1691488514391,"F25-39":190.862898976125,"F40-54":256.571619372257,"F55-64":156.930120988724,"F65-79":157.252375505631,"F80+":35.5591955171707,"H0-2":41.0696974193348,"H3-5":39.042225498154,"H6-10":79.8241414274445,"H11-17":115.870670546766,"H18-24":87.5367944461203,"H25-39":212.493897612381,"H40-54":270.890416185513,"H55-64":166.884453640305,"H65-79":145.900761138395,"H80+":30.4554314256855},"Analyse":{"Votes décisifs":405,"tour décisif":1,"majeurs":1766.5071136597464,"Non votants de 18-24":105.14126941640649}}