{"id":680,"slug":"10-325-rosieres-pres-troyes","nom_standard":"Rosières-près-Troyes","code_postal":"10","code_departement":"10","libelle_departement":"Aube","code_commune":"325","Tour 1":{"Inscrits":2603,"Abstentions":1951,"% Abs/Ins":74.95,"Votants":652,"% Vot/Ins":25.05,"Blancs":37,"% Blancs/Ins":1.42,"% Blancs/Vot":5.67,"Nuls":96,"% Nuls/Ins":3.69,"% Nuls/Vot":14.72,"Exprimés":519,"% Exp/Ins":19.94,"% Exp/Vot":79.6,"resultats":[{"N.Pan.":null,"Code Nuance":"LDVD","Sexe":"F","Nom":"GAURIER","Prénom":"Marlène","Liste":"Liste pour la défense des intérêts communaux","Sièges / Elu":"27","Sièges Secteur":0,"Sièges CC":2,"Voix":519,"% Voix/Ins":19.94,"% Voix/Exp":100}]},"population":{"F0-2":69.1474412786554,"F3-5":62.4884873918608,"F6-10":156.067704083122,"F11-17":206.331070428815,"F18-24":301.31561027705,"F25-39":425.30814799718,"F40-54":423.833490625444,"F55-64":216.36981840912,"F65-79":258.072655571006,"F80+":82.9612662620062,"H0-2":63.7189217420089,"H3-5":89.5658176591026,"H6-10":144.610664648674,"H11-17":231.017072596578,"H18-24":610.340409472973,"H25-39":402.347182058253,"H40-54":386.588122442601,"H55-64":203.651257217926,"H65-79":231.85577155371,"H80+":67.4090882839144},"Analyse":{"Votes décisifs":520,"tour décisif":1,"majeurs":3610.0528201711836,"Non votants de 18-24":747.0047654648214}}