{"id":6826,"slug":"67-10-andlau","nom_standard":"Andlau","code_postal":"67","code_departement":"67","libelle_departement":"Bas-Rhin","code_commune":"10","Tour 1":{"Inscrits":1335,"Abstentions":549,"% Abs/Ins":41.12,"Votants":786,"% Vot/Ins":58.88,"Blancs":14,"% Blancs/Ins":1.05,"% Blancs/Vot":1.78,"Nuls":11,"% Nuls/Ins":0.82,"% Nuls/Vot":1.4,"Exprimés":761,"% Exp/Ins":57,"% Exp/Vot":96.82,"resultats":[{"N.Pan.":null,"Code Nuance":"LNC","Sexe":"M","Nom":"FRANTZ","Prénom":"Thierry","Liste":"ANDLAU AVEC VOUS","Sièges / Elu":"16","Sièges Secteur":0,"Sièges CC":2,"Voix":469,"% Voix/Ins":35.13,"% Voix/Exp":61.63},{"N.Pan.":2,"Code Nuance":"LNC","Sexe":"M","Nom":"BONNET","Prénom":"Fabien","Liste":"ANDLAU UNE HISTOIRE, UN AVENIR - NOTRE PASSION, NOTRE PROJET","Sièges / Elu":"3","Sièges Secteur":0,"Sièges CC":1,"Voix":292,"% Voix/Ins":21.87,"% Voix/Exp":38.37}]},"population":{"F0-2":22.1211470082694,"F3-5":18.9555747326424,"F6-10":40.0101227322612,"F11-17":51.1783802734603,"F18-24":52.3762256548127,"F25-39":148.903755500832,"F40-54":177.357896746935,"F55-64":122.723476304386,"F65-79":159.688595786279,"F80+":116.868499294692,"H0-2":17.1018794183554,"H3-5":32.0622190742085,"H6-10":47.0330501035933,"H11-17":72.2354226389681,"H18-24":48.4948506915245,"H25-39":149.228714803819,"H40-54":179.341840568593,"H55-64":113.27192852349,"H65-79":133.930558374393,"H80+":60.1158617684855},"Analyse":{"Votes décisifs":178,"tour décisif":1,"majeurs":1462.3022040182418,"Non votants de 18-24":46.65200604038012}}