{"id":6830,"slug":"67-28-benfeld","nom_standard":"Benfeld","code_postal":"67","code_departement":"67","libelle_departement":"Bas-Rhin","code_commune":"28","Tour 1":{"Inscrits":3814,"Abstentions":3121,"% Abs/Ins":81.83,"Votants":693,"% Vot/Ins":18.17,"Blancs":45,"% Blancs/Ins":1.18,"% Blancs/Vot":6.49,"Nuls":46,"% Nuls/Ins":1.21,"% Nuls/Vot":6.64,"Exprimés":602,"% Exp/Ins":15.78,"% Exp/Vot":86.87,"resultats":[{"N.Pan.":null,"Code Nuance":"LDVC","Sexe":"M","Nom":"WOLFARTH","Prénom":"Jacky","Liste":"AGIR POUR BENFELD","Sièges / Elu":"29","Sièges Secteur":0,"Sièges CC":6,"Voix":602,"% Voix/Ins":15.78,"% Voix/Exp":100}]},"population":{"F0-2":111.253416139721,"F3-5":114.788309240766,"F6-10":168.580249764597,"F11-17":235.110419548787,"F18-24":230.464589520962,"F25-39":608.29314476284,"F40-54":587.519407704815,"F55-64":304.999868540843,"F65-79":405.91012102958,"F80+":263.233187146993,"H0-2":117.162244646087,"H3-5":104.761648248391,"H6-10":191.544674327805,"H11-17":246.709338443012,"H18-24":204.698465857785,"H25-39":604.35486593891,"H40-54":573.178704393796,"H55-64":295.185984841389,"H65-79":345.346730666586,"H80+":106.904629236334},"Analyse":{"Votes décisifs":603,"tour décisif":1,"majeurs":4530.089699640833,"Non votants de 18-24":368.5930716979865}}