{"id":6836,"slug":"67-46-bischwiller","nom_standard":"Bischwiller","code_postal":"67","code_departement":"67","libelle_departement":"Bas-Rhin","code_commune":"46","Tour 1":{"Inscrits":6858,"Abstentions":4431,"% Abs/Ins":64.61,"Votants":2427,"% Vot/Ins":35.39,"Blancs":37,"% Blancs/Ins":0.54,"% Blancs/Vot":1.52,"Nuls":50,"% Nuls/Ins":0.73,"% Nuls/Vot":2.06,"Exprimés":2340,"% Exp/Ins":34.12,"% Exp/Vot":96.42,"resultats":[{"N.Pan.":null,"Code Nuance":"LECO","Sexe":"F","Nom":"GRUNDER-RUBERT","Prénom":"Michèle","Liste":"TRANSITION ET SOLIDARITÉ POUR BISCHWILLER","Sièges / Elu":"2","Sièges Secteur":0,"Sièges CC":0,"Voix":369,"% Voix/Ins":5.38,"% Voix/Exp":15.77},{"N.Pan.":2,"Code Nuance":"LDVC","Sexe":"M","Nom":"NETZER","Prénom":"Jean-Lucien","Liste":"UNIS POUR BISCHWILLER","Sièges / Elu":"31","Sièges Secteur":0,"Sièges CC":8,"Voix":1971,"% Voix/Ins":28.74,"% Voix/Exp":84.23}]},"population":{"F0-2":173.995734987547,"F3-5":240.259284267072,"F6-10":357.990024196426,"F11-17":604.964486371202,"F18-24":481.365599237288,"F25-39":1165.53697417678,"F40-54":1269.95371977573,"F55-64":841.695995357946,"F65-79":842.022684876119,"F80+":572.246771038703,"H0-2":169.028569374818,"H3-5":211.842795493105,"H6-10":379.358042202295,"H11-17":644.796819593018,"H18-24":493.964689593538,"H25-39":1036.84771863034,"H40-54":1306.69925411664,"H55-64":758.359950117043,"H65-79":817.351163653455,"H80+":237.719722940928},"Analyse":{"Votes décisifs":1603,"tour décisif":1,"majeurs":9823.764243514512,"Non votants de 18-24":734.3710646154085}}