{"id":6837,"slug":"67-49-blaesheim","nom_standard":"Blaesheim","code_postal":"67","code_departement":"67","libelle_departement":"Bas-Rhin","code_commune":"49","Tour 1":{"Inscrits":1082,"Abstentions":668,"% Abs/Ins":61.74,"Votants":414,"% Vot/Ins":38.26,"Blancs":5,"% Blancs/Ins":0.46,"% Blancs/Vot":1.21,"Nuls":27,"% Nuls/Ins":2.5,"% Nuls/Vot":6.52,"Exprimés":382,"% Exp/Ins":35.3,"% Exp/Vot":92.27,"resultats":[{"N.Pan.":null,"Code Nuance":"LNC","Sexe":"M","Nom":"BAUR","Prénom":"Jacques","Liste":"POUR BIEN VIVRE A BLAESHEIM","Sièges / Elu":"15","Sièges Secteur":0,"Sièges CC":1,"Voix":382,"% Voix/Ins":35.3,"% Voix/Exp":100}]},"population":{"F0-2":17.5647374752864,"F3-5":19.3756636943264,"F6-10":26.0300989545204,"F11-17":46.4074450467755,"F18-24":32.1632812353691,"F25-39":106.271673557322,"F40-54":137.282187671041,"F55-64":122.265725650869,"F65-79":112.036421507191,"F80+":41.215128280165,"H0-2":24.2865464170191,"H3-5":15.4543669758139,"H6-10":41.2217761610107,"H11-17":41.4717298680808,"H18-24":38.0666860061776,"H25-39":113.145711611447,"H40-54":125.297450364018,"H55-64":114.638476096393,"H65-79":98.053674978356,"H80+":30.7512184488192},"Analyse":{"Votes décisifs":383,"tour décisif":1,"majeurs":1071.1876354071678,"Non votants de 18-24":43.08700416304869}}