{"id":6840,"slug":"67-61-bouxwiller","nom_standard":"Bouxwiller","code_postal":"67","code_departement":"67","libelle_departement":"Bas-Rhin","code_commune":"61","Tour 1":{"Inscrits":2782,"Abstentions":1537,"% Abs/Ins":55.25,"Votants":1245,"% Vot/Ins":44.75,"Blancs":21,"% Blancs/Ins":0.75,"% Blancs/Vot":1.69,"Nuls":43,"% Nuls/Ins":1.55,"% Nuls/Vot":3.45,"Exprimés":1181,"% Exp/Ins":42.45,"% Exp/Vot":94.86,"resultats":[{"N.Pan.":null,"Code Nuance":"LDVD","Sexe":"M","Nom":"MICHEL","Prénom":"Patrick","Liste":"EN AVANT BOUXWILLER ! Pour le dynamisme et le développement autour du Bastberg","Sièges / Elu":"23","Sièges Secteur":0,"Sièges CC":7,"Voix":796,"% Voix/Ins":28.61,"% Voix/Exp":67.4},{"N.Pan.":2,"Code Nuance":"LDVD","Sexe":"M","Nom":"SCHAFF","Prénom":"Bernard","Liste":"BOUX'AVENIR","Sièges / Elu":"4","Sièges Secteur":0,"Sièges CC":1,"Voix":385,"% Voix/Ins":13.84,"% Voix/Exp":32.6}]},"population":{"F0-2":41.1475002851071,"F3-5":57.8800083825016,"F6-10":110.804493827358,"F11-17":168.766843540107,"F18-24":134.736379304091,"F25-39":285.119941451805,"F40-54":395.201307890243,"F55-64":264.194727679453,"F65-79":265.044792105031,"F80+":195.213874785458,"H0-2":50.0691570496483,"H3-5":67.5670148395303,"H6-10":101.814957540393,"H11-17":196.602684483479,"H18-24":128.40327803442,"H25-39":282.367427370709,"H40-54":404.481903070155,"H55-64":249.791124307756,"H65-79":253.40272298069,"H80+":83.3898610720636},"Analyse":{"Votes décisifs":412,"tour décisif":1,"majeurs":2941.347340051875,"Non votants de 18-24":151.75911110874534}}