{"id":6877,"slug":"67-160-goersdorf","nom_standard":"Goersdorf","code_postal":"67","code_departement":"67","libelle_departement":"Bas-Rhin","code_commune":"160","Tour 1":{"Inscrits":868,"Abstentions":341,"% Abs/Ins":39.29,"Votants":527,"% Vot/Ins":60.71,"Blancs":14,"% Blancs/Ins":1.61,"% Blancs/Vot":2.66,"Nuls":22,"% Nuls/Ins":2.53,"% Nuls/Vot":4.17,"Exprimés":491,"% Exp/Ins":56.57,"% Exp/Vot":93.17,"resultats":[{"N.Pan.":null,"Code Nuance":"LNC","Sexe":"M","Nom":"CUNTZ","Prénom":"Freddy","Liste":"DES PROJETS POUR MIEUX VIVRE ENSEMBLE DANS NOS DEUX VILLAGES","Sièges / Elu":"12","Sièges Secteur":0,"Sièges CC":2,"Voix":272,"% Voix/Ins":31.34,"% Voix/Exp":55.4},{"N.Pan.":2,"Code Nuance":"LNC","Sexe":"F","Nom":"BAUER","Prénom":"Aurore","Liste":"ENSEMBLE PRÉSENTS POUR UNE ACTION COMM'UNE","Sièges / Elu":"3","Sièges Secteur":0,"Sièges CC":0,"Voix":219,"% Voix/Ins":25.23,"% Voix/Exp":44.6}]},"population":{"F0-2":13.9573733798155,"F3-5":19.9219381683157,"F6-10":22.900736397224,"F11-17":50.818992256411,"F18-24":17.9537838760028,"F25-39":70.8436027868397,"F40-54":104.952759691204,"F55-64":81.2291923567241,"F65-79":93.3145362945395,"F80+":64.1513413083914,"H0-2":11.950358181065,"H3-5":13.9045512308894,"H6-10":24.8760458704701,"H11-17":32.883115133021,"H18-24":31.9075859321641,"H25-39":74.9284879068489,"H40-54":122.002700316709,"H55-64":81.1867471949966,"H65-79":85.2407855255185,"H80+":38.0753661928496},"Analyse":{"Votes décisifs":54,"tour décisif":1,"majeurs":865.7868893827882,"Non votants de 18-24":19.511011987853223}}