{"id":6896,"slug":"67-206-hoffen","nom_standard":"Hoffen","code_postal":"67","code_departement":"67","libelle_departement":"Bas-Rhin","code_commune":"206","Tour 1":{"Inscrits":863,"Abstentions":460,"% Abs/Ins":53.3,"Votants":403,"% Vot/Ins":46.7,"Blancs":34,"% Blancs/Ins":3.94,"% Blancs/Vot":8.44,"Nuls":26,"% Nuls/Ins":3.01,"% Nuls/Vot":6.45,"Exprimés":343,"% Exp/Ins":39.75,"% Exp/Vot":85.11,"resultats":[{"N.Pan.":null,"Code Nuance":"LNC","Sexe":"M","Nom":"BRAUN","Prénom":"Didier","Liste":"UNIS POUR AVANCER","Sièges / Elu":"15","Sièges Secteur":0,"Sièges CC":2,"Voix":343,"% Voix/Ins":39.75,"% Voix/Exp":100}]},"population":{"F0-2":17.1714690673419,"F3-5":33.3491232064698,"F6-10":35.2911089718744,"F11-17":36.4119097063461,"F18-24":29.4669898398497,"F25-39":111.524102041535,"F40-54":107.746234329674,"F55-64":91.066848895287,"F65-79":83.9489638781231,"F80+":33.8863044570616,"H0-2":15.1620680125275,"H3-5":25.2302905396055,"H6-10":31.1904696911391,"H11-17":31.2877806163878,"H18-24":39.5122200071101,"H25-39":108.725529436128,"H40-54":133.264243577062,"H55-64":94.0235245278864,"H65-79":63.4200888321339,"H80+":15.3207303664574},"Analyse":{"Votes décisifs":344,"tour décisif":1,"majeurs":911.9057801883082,"Non votants de 18-24":38.49511579660255}}