{"id":7259,"slug":"69-148-orlienas","nom_standard":"Orliénas","code_postal":"69","code_departement":"69","libelle_departement":"Rhône","code_commune":"148","Tour 1":{"Inscrits":1855,"Abstentions":888,"% Abs/Ins":47.87,"Votants":967,"% Vot/Ins":52.13,"Blancs":11,"% Blancs/Ins":0.59,"% Blancs/Vot":1.14,"Nuls":12,"% Nuls/Ins":0.65,"% Nuls/Vot":1.24,"Exprimés":944,"% Exp/Ins":50.89,"% Exp/Vot":97.62,"resultats":[{"N.Pan.":null,"Code Nuance":"LNC","Sexe":"M","Nom":"BIAGGI","Prénom":"Olivier","Liste":"VISION PARTAGEE, COMMUNE DURABLE","Sièges / Elu":"15","Sièges Secteur":0,"Sièges CC":2,"Voix":500,"% Voix/Ins":26.95,"% Voix/Exp":52.97},{"N.Pan.":2,"Code Nuance":"LNC","Sexe":"M","Nom":"BADEL","Prénom":"Thierry","Liste":"ORLIENAS ENSEMBLE","Sièges / Elu":"4","Sièges Secteur":0,"Sièges CC":1,"Voix":444,"% Voix/Ins":23.94,"% Voix/Exp":47.03}]},"population":{"F0-2":43.1289151397919,"F3-5":37.8797476422553,"F6-10":77.7369686872142,"F11-17":118.753625457246,"F18-24":93.3889815097356,"F25-39":213.952089476493,"F40-54":297.145517977052,"F55-64":155.9515827207,"F65-79":168.625828956439,"F80+":52.644500885657,"H0-2":47.5066194336214,"H3-5":50.2097393620102,"H6-10":105.243548760085,"H11-17":133.200029653202,"H18-24":76.3762268510557,"H25-39":213.344369348377,"H40-54":300.177552236273,"H55-64":142.933651613311,"H65-79":176.747558324463,"H80+":44.0529459650163},"Analyse":{"Votes décisifs":57,"tour décisif":1,"majeurs":1935.3408058645725,"Non votants de 18-24":84.94141092551278}}