{"id":7232,"slug":"69-110-larajasse","nom_standard":"Larajasse","code_postal":"69","code_departement":"69","libelle_departement":"Rhône","code_commune":"110","Tour 1":{"Inscrits":1450,"Abstentions":992,"% Abs/Ins":68.41,"Votants":458,"% Vot/Ins":31.59,"Blancs":10,"% Blancs/Ins":0.69,"% Blancs/Vot":2.18,"Nuls":42,"% Nuls/Ins":2.9,"% Nuls/Vot":9.17,"Exprimés":406,"% Exp/Ins":28,"% Exp/Vot":88.65,"resultats":[{"N.Pan.":null,"Code Nuance":"LNC","Sexe":"M","Nom":"BOUCHUT","Prénom":"Fabrice","Liste":"AGIR ENSEMBLE DANS LA CONTINUITÉ","Sièges / Elu":"19","Sièges Secteur":0,"Sièges CC":2,"Voix":406,"% Voix/Ins":28,"% Voix/Exp":100}]},"population":{"F0-2":24.8213518791925,"F3-5":26.2086003939965,"F6-10":61.9693566377623,"F11-17":88.1629383946049,"F18-24":46.3050435508921,"F25-39":154.441207376208,"F40-54":200.939947988966,"F55-64":105.841855313054,"F65-79":107.639844496506,"F80+":68.8147706615263,"H0-2":34.6352088786485,"H3-5":35.2701905016047,"H6-10":70.1071439927636,"H11-17":94.8453701687332,"H18-24":46.4452938742836,"H25-39":173.489704305216,"H40-54":219.326088134234,"H55-64":134.939206667448,"H65-79":111.520468657066,"H80+":42.2764081272941},"Analyse":{"Votes décisifs":407,"tour décisif":1,"majeurs":1411.9798391526942,"Non votants de 18-24":62.66516668632025}}