{"id":7172,"slug":"69-10-l-arbresle","nom_standard":"L'Arbresle","code_postal":"69","code_departement":"69","libelle_departement":"Rhône","code_commune":"10","Tour 1":{"Inscrits":3953,"Abstentions":2239,"% Abs/Ins":56.64,"Votants":1714,"% Vot/Ins":43.36,"Blancs":16,"% Blancs/Ins":0.4,"% Blancs/Vot":0.93,"Nuls":30,"% Nuls/Ins":0.76,"% Nuls/Vot":1.75,"Exprimés":1668,"% Exp/Ins":42.2,"% Exp/Vot":97.32,"resultats":[{"N.Pan.":null,"Code Nuance":"LDVG","Sexe":"M","Nom":"ZANNETTACCI","Prénom":"Pierre-Jean","Liste":"L'ARBRESLE DEMAIN","Sièges / Elu":"23","Sièges Secteur":0,"Sièges CC":6,"Voix":886,"% Voix/Ins":22.41,"% Voix/Exp":53.12},{"N.Pan.":2,"Code Nuance":"LDVD","Sexe":"F","Nom":"BOUSSANDEL","Prénom":"Sarah","Liste":"L'ARBRESLE ATOUTS COEUR","Sièges / Elu":"4","Sièges Secteur":0,"Sièges CC":1,"Voix":454,"% Voix/Ins":11.48,"% Voix/Exp":27.22},{"N.Pan.":3,"Code Nuance":"LECO","Sexe":"M","Nom":"MAJEROWICZ","Prénom":"Sébastien","Liste":"L'ARBRESLE ECOLOGIQUE ET SOLIDAIRE","Sièges / Elu":2,"Sièges CC":0,"Voix":328,"% Voix/Ins":8.3,"% Voix/Exp":19.66}]},"population":{"F0-2":102.717199429654,"F3-5":105.864970047572,"F6-10":219.852338786275,"F11-17":299.630639853624,"F18-24":276.728882127307,"F25-39":585.585032135057,"F40-54":634.549640763963,"F55-64":412.94285646777,"F65-79":423.985844958243,"F80+":248.441080891806,"H0-2":117.906893152732,"H3-5":101.5331212915,"H6-10":229.001642309609,"H11-17":322.395982225919,"H18-24":283.160634261509,"H25-39":640.308445988106,"H40-54":591.393168829273,"H55-64":372.232865284426,"H65-79":330.796337210753,"H80+":137.972423984902},"Analyse":{"Votes décisifs":105,"tour décisif":1,"majeurs":4938.097212903116,"Non votants de 18-24":365.5534007321843}}