{"id":7173,"slug":"69-13-arnas","nom_standard":"Arnas","code_postal":"69","code_departement":"69","libelle_departement":"Rhône","code_commune":"13","Tour 1":{"Inscrits":2614,"Abstentions":2037,"% Abs/Ins":77.93,"Votants":577,"% Vot/Ins":22.07,"Blancs":36,"% Blancs/Ins":1.38,"% Blancs/Vot":6.24,"Nuls":35,"% Nuls/Ins":1.34,"% Nuls/Vot":6.07,"Exprimés":506,"% Exp/Ins":19.36,"% Exp/Vot":87.69,"resultats":[{"N.Pan.":null,"Code Nuance":"LDVC","Sexe":"M","Nom":"ROMANET-CHANCRIN","Prénom":"Michel","Liste":"Vivre Arnas ensemble","Sièges / Elu":"27","Sièges Secteur":0,"Sièges CC":3,"Voix":506,"% Voix/Ins":19.36,"% Voix/Exp":100}]},"population":{"F0-2":78.0832712361075,"F3-5":73.7483688063991,"F6-10":134.924064506583,"F11-17":173.447318308513,"F18-24":111.536928525078,"F25-39":385.081070536676,"F40-54":398.804243116389,"F55-64":279.233733537506,"F65-79":312.64380794961,"F80+":145.686819170299,"H0-2":76.3105996259892,"H3-5":102.688809180102,"H6-10":144.760622777518,"H11-17":194.941476287706,"H18-24":119.280747646916,"H25-39":312.072780314394,"H40-54":424.42922861889,"H55-64":258.259569616834,"H65-79":253.17183628547,"H80+":83.8947039530217},"Analyse":{"Votes décisifs":507,"tour décisif":1,"majeurs":3084.095469271084,"Non votants de 18-24":187.63425319491034}}