{"id":7341,"slug":"69-286-rillieux-la-pape","nom_standard":"Rillieux-la-Pape","code_postal":"69","code_departement":"69","libelle_departement":"Rhône","code_commune":"286","Tour 1":{"Inscrits":16677,"Abstentions":9543,"% Abs/Ins":57.22,"Votants":7134,"% Vot/Ins":42.78,"Blancs":60,"% Blancs/Ins":0.36,"% Blancs/Vot":0.84,"Nuls":146,"% Nuls/Ins":0.88,"% Nuls/Vot":2.05,"Exprimés":6928,"% Exp/Ins":41.54,"% Exp/Vot":97.11,"resultats":[{"N.Pan.":null,"Code Nuance":"LVEC","Sexe":"M","Nom":"DURIEUX","Prénom":"Yves","Liste":"Ensemble, nous transformerons Rillieux!","Sièges / Elu":"3","Sièges Secteur":0,"Sièges CC":0,"Voix":1052,"% Voix/Ins":6.31,"% Voix/Exp":15.18},{"N.Pan.":2,"Code Nuance":"LUG","Sexe":"M","Nom":"CACHARD","Prénom":"Marc","Liste":"RILLIEUX, C'EST VOUS","Sièges / Elu":"3","Sièges Secteur":0,"Sièges CC":0,"Voix":1314,"% Voix/Ins":7.88,"% Voix/Exp":18.97},{"N.Pan.":3,"Code Nuance":"LLR","Sexe":"M","Nom":"VINCENDET","Prénom":"Alexandre","Liste":"Ensemble nous sommes Rillieux-la-Pape","Sièges / Elu":33,"Sièges CC":0,"Voix":4562,"% Voix/Ins":27.36,"% Voix/Exp":65.85}]},"population":{"F0-2":649.758014369313,"F3-5":717.167483178207,"F6-10":1302.21394575347,"F11-17":1530.92572330039,"F18-24":1334.32145242395,"F25-39":2908.88480299595,"F40-54":2935.22116754883,"F55-64":1926.79242022963,"F65-79":2051.407192054,"F80+":970.505290505534,"H0-2":679.386129046397,"H3-5":875.648330443185,"H6-10":1348.65265585451,"H11-17":1573.47171538278,"H18-24":1254.84187170177,"H25-39":2370.78720203212,"H40-54":2813.38974453147,"H55-64":1636.86771866702,"H65-79":1498.70851642986,"H80+":508.048623551629},"Analyse":{"Votes décisifs":2197,"tour décisif":1,"majeurs":22209.776002671762,"Non votants de 18-24":1757.4984234040342}}