{"id":7307,"slug":"69-238-saint-symphorien-sur-coise","nom_standard":"Saint-Symphorien-sur-Coise","code_postal":"69","code_departement":"69","libelle_departement":"Rhône","code_commune":"238","Tour 1":{"Inscrits":2647,"Abstentions":1835,"% Abs/Ins":69.32,"Votants":812,"% Vot/Ins":30.68,"Blancs":30,"% Blancs/Ins":1.13,"% Blancs/Vot":3.69,"Nuls":28,"% Nuls/Ins":1.06,"% Nuls/Vot":3.45,"Exprimés":754,"% Exp/Ins":28.49,"% Exp/Vot":92.86,"resultats":[{"N.Pan.":null,"Code Nuance":"LDVD","Sexe":"M","Nom":"BANINO","Prénom":"Jérôme","Liste":"AGISSONS POUR L'AVENIR DE SAINT SYM","Sièges / Elu":"27","Sièges Secteur":0,"Sièges CC":4,"Voix":754,"% Voix/Ins":28.49,"% Voix/Exp":100}]},"population":{"F0-2":63.116292839945,"F3-5":65.398055427173,"F6-10":116.66078378035,"F11-17":141.456658551045,"F18-24":95.9890756342946,"F25-39":282.660176913455,"F40-54":311.22930371298,"F55-64":228.989472692646,"F65-79":353.047564558808,"F80+":256.617996328199,"H0-2":58.8286549357506,"H3-5":55.9624783291229,"H6-10":123.655707283407,"H11-17":169.060647354071,"H18-24":136.10926942243,"H25-39":292.783714767614,"H40-54":326.941755612381,"H55-64":198.419169994024,"H65-79":283.083107323748,"H80+":143.990114538558},"Analyse":{"Votes décisifs":755,"tour décisif":1,"majeurs":2909.8607214991375,"Non votants de 18-24":167.33103341406795}}