{"id":7328,"slug":"69-272-communay","nom_standard":"Communay","code_postal":"69","code_departement":"69","libelle_departement":"Rhône","code_commune":"272","Tour 1":{"Inscrits":3424,"Abstentions":1646,"% Abs/Ins":48.07,"Votants":1778,"% Vot/Ins":51.93,"Blancs":23,"% Blancs/Ins":0.67,"% Blancs/Vot":1.29,"Nuls":24,"% Nuls/Ins":0.7,"% Nuls/Vot":1.35,"Exprimés":1731,"% Exp/Ins":50.55,"% Exp/Vot":97.36,"resultats":[{"N.Pan.":null,"Code Nuance":"LDVC","Sexe":"F","Nom":"JAMES","Prénom":"Martine","Liste":"J'AIME COMMUNAY","Sièges / Elu":"5","Sièges Secteur":0,"Sièges CC":1,"Voix":619,"% Voix/Ins":18.08,"% Voix/Exp":35.76},{"N.Pan.":2,"Code Nuance":"LDIV","Sexe":"M","Nom":"CHONÉ","Prénom":"Jean-Philippe","Liste":"COMMUNAY EN ACTION","Sièges / Elu":"22","Sièges Secteur":0,"Sièges CC":4,"Voix":1112,"% Voix/Ins":32.48,"% Voix/Exp":64.24}]},"population":{"F0-2":68.316154102818,"F3-5":65.9401537754374,"F6-10":142.813263982121,"F11-17":201.584949965846,"F18-24":156.379226315665,"F25-39":328.587796351543,"F40-54":498.845358630164,"F55-64":315.605825420714,"F65-79":363.642280216245,"F80+":96.6754106447071,"H0-2":59.0278529672349,"H3-5":95.8768119819673,"H6-10":156.200613498269,"H11-17":233.900874192104,"H18-24":155.480638193607,"H25-39":333.891269161899,"H40-54":464.765641302998,"H55-64":320.098038931501,"H65-79":334.376377858866,"H80+":62.9914625062938},"Analyse":{"Votes décisifs":494,"tour décisif":1,"majeurs":3431.339325534203,"Non votants de 18-24":150.2649925094994}}