{"id":7298,"slug":"69-218-saint-lager","nom_standard":"Saint-Lager","code_postal":"69","code_departement":"69","libelle_departement":"Rhône","code_commune":"218","Tour 1":{"Inscrits":766,"Abstentions":357,"% Abs/Ins":46.61,"Votants":409,"% Vot/Ins":53.39,"Blancs":4,"% Blancs/Ins":0.52,"% Blancs/Vot":0.98,"Nuls":8,"% Nuls/Ins":1.04,"% Nuls/Vot":1.96,"Exprimés":397,"% Exp/Ins":51.83,"% Exp/Vot":97.07,"resultats":[{"N.Pan.":null,"Code Nuance":"LNC","Sexe":"M","Nom":"VERGER","Prénom":"Robert","Liste":"SAINT-LAGER NOUVEAU","Sièges / Elu":"3","Sièges Secteur":0,"Sièges CC":0,"Voix":178,"% Voix/Ins":23.24,"% Voix/Exp":44.84},{"N.Pan.":2,"Code Nuance":"LNC","Sexe":"M","Nom":"VARICHON","Prénom":"Jean-Paul","Liste":"VIVRE ENSEMBLE A SAINT LAGER","Sièges / Elu":"12","Sièges Secteur":0,"Sièges CC":2,"Voix":219,"% Voix/Ins":28.59,"% Voix/Exp":55.16}]},"population":{"F0-2":22.6917761453179,"F3-5":19.6702959899895,"F6-10":33.308523921734,"F11-17":56.065826986002,"F18-24":26.941712890449,"F25-39":95.9654487863823,"F40-54":105.236678964115,"F55-64":56.1257169389869,"F65-79":59.3550411595957,"F80+":33.3342194401668,"H0-2":20.7208155892121,"H3-5":24.5695953047992,"H6-10":43.1535613705645,"H11-17":49.1585334433054,"H18-24":48.6964256176266,"H25-39":93.2160132053759,"H40-54":100.067449608037,"H55-64":66.1866046699301,"H65-79":61.3441170688925,"H80+":26.1916428995175},"Analyse":{"Votes décisifs":42,"tour décisif":1,"majeurs":772.6610712490755,"Non votants de 18-24":35.59988654878882}}