{"id":7318,"slug":"69-257-vaux-en-beaujolais","nom_standard":"Vaux-en-Beaujolais","code_postal":"69","code_departement":"69","libelle_departement":"Rhône","code_commune":"257","Tour 1":{"Inscrits":823,"Abstentions":560,"% Abs/Ins":68.04,"Votants":263,"% Vot/Ins":31.96,"Blancs":2,"% Blancs/Ins":0.24,"% Blancs/Vot":0.76,"Nuls":28,"% Nuls/Ins":3.4,"% Nuls/Vot":10.65,"Exprimés":233,"% Exp/Ins":28.31,"% Exp/Vot":88.59,"resultats":[{"N.Pan.":null,"Code Nuance":"LNC","Sexe":"M","Nom":"PERRIN","Prénom":"Jean-Charles","Liste":"UNE EQUIPE POUR L'AVENIR","Sièges / Elu":"15","Sièges Secteur":0,"Sièges CC":1,"Voix":233,"% Voix/Ins":28.31,"% Voix/Exp":100}]},"population":{"F0-2":22.698449902631,"F3-5":21.7883839965506,"F6-10":42.475525771276,"F11-17":55.0583536954574,"F18-24":23.1054389732185,"F25-39":119.242237698541,"F40-54":113.059437665434,"F55-64":64.6502186467759,"F65-79":61.5170712306202,"F80+":14.7981337450937,"H0-2":30.4632183231126,"H3-5":30.7316154329034,"H6-10":44.4892475318269,"H11-17":50.0454750671179,"H18-24":29.8123053410215,"H25-39":115.369247273135,"H40-54":122.936899984104,"H55-64":72.2755177557112,"H65-79":63.3383580519342,"H80+":10.1448639135354},"Analyse":{"Votes décisifs":234,"tour décisif":1,"majeurs":810.2497302791246,"Non votants de 18-24":35.74110576127103}}