{"id":7309,"slug":"69-241-taluyers","nom_standard":"Taluyers","code_postal":"69","code_departement":"69","libelle_departement":"Rhône","code_commune":"241","Tour 1":{"Inscrits":1877,"Abstentions":1352,"% Abs/Ins":72.03,"Votants":525,"% Vot/Ins":27.97,"Blancs":33,"% Blancs/Ins":1.76,"% Blancs/Vot":6.29,"Nuls":34,"% Nuls/Ins":1.81,"% Nuls/Vot":6.48,"Exprimés":458,"% Exp/Ins":24.4,"% Exp/Vot":87.24,"resultats":[{"N.Pan.":null,"Code Nuance":"LNC","Sexe":"M","Nom":"OUTREBON","Prénom":"Pascal","Liste":"NOTRE BIEN COMMUN, NOTRE VILLAGE, NOTRE PLANETE","Sièges / Elu":"23","Sièges Secteur":0,"Sièges CC":3,"Voix":458,"% Voix/Ins":24.4,"% Voix/Exp":100}]},"population":{"F0-2":51.3455748336595,"F3-5":53.3637303537772,"F6-10":75.7443494254577,"F11-17":110.581487174695,"F18-24":88.9743985366505,"F25-39":232.605222173524,"F40-54":285.724330238398,"F55-64":158.247877572247,"F65-79":163.364768710044,"F80+":138.815043804999,"H0-2":40.0683513165927,"H3-5":50.3186318445813,"H6-10":100.260155064443,"H11-17":119.168749747208,"H18-24":84.6493572676357,"H25-39":209.175200817116,"H40-54":286.775587906259,"H55-64":151.739772644744,"H65-79":172.927002124853,"H80+":63.1504084431155},"Analyse":{"Votes décisifs":459,"tour décisif":1,"majeurs":2036.1489702395859,"Non votants de 18-24":128.85666207512517}}