{"id":7293,"slug":"69-205-saint-genis-les-ollieres","nom_standard":"Saint-Genis-les-Ollières","code_postal":"69","code_departement":"69","libelle_departement":"Rhône","code_commune":"205","Tour 1":{"Inscrits":3730,"Abstentions":2144,"% Abs/Ins":57.48,"Votants":1586,"% Vot/Ins":42.52,"Blancs":30,"% Blancs/Ins":0.8,"% Blancs/Vot":1.89,"Nuls":24,"% Nuls/Ins":0.64,"% Nuls/Vot":1.51,"Exprimés":1532,"% Exp/Ins":41.07,"% Exp/Vot":96.6,"resultats":[{"N.Pan.":null,"Code Nuance":"LDVG","Sexe":"F","Nom":"CALENDRAS","Prénom":"Anne","Liste":"AGIR ENSEMBLE","Sièges / Elu":"4","Sièges Secteur":0,"Sièges CC":0,"Voix":547,"% Voix/Ins":14.66,"% Voix/Exp":35.7},{"N.Pan.":2,"Code Nuance":"LDVC","Sexe":"M","Nom":"CRETENET","Prénom":"Didier","Liste":"Pour saint Genis tous Unis","Sièges / Elu":"23","Sièges Secteur":0,"Sièges CC":0,"Voix":985,"% Voix/Ins":26.41,"% Voix/Exp":64.3}]},"population":{"F0-2":80.2064205072508,"F3-5":108.756112723777,"F6-10":186.921263817724,"F11-17":255.184374125639,"F18-24":183.934824117594,"F25-39":402.997361877225,"F40-54":585.035739194666,"F55-64":371.609033720021,"F65-79":380.678861326931,"F80+":118.70227442674,"H0-2":101.209047264435,"H3-5":90.6500760206393,"H6-10":184.664278896785,"H11-17":251.589088976163,"H18-24":200.869349394535,"H25-39":417.412541982719,"H40-54":502.132608891302,"H55-64":361.772081541479,"H65-79":362.251502550702,"H80+":82.4231586436744},"Analyse":{"Votes décisifs":439,"tour décisif":1,"majeurs":3969.819337667588,"Non votants de 18-24":231.0693641218333}}