{"id":7204,"slug":"69-66-cours","nom_standard":"Cours","code_postal":"69","code_departement":"69","libelle_departement":"Rhône","code_commune":"66","Tour 1":{"Inscrits":3127,"Abstentions":1927,"% Abs/Ins":61.62,"Votants":1200,"% Vot/Ins":38.38,"Blancs":53,"% Blancs/Ins":1.69,"% Blancs/Vot":4.42,"Nuls":104,"% Nuls/Ins":3.33,"% Nuls/Vot":8.67,"Exprimés":1043,"% Exp/Ins":33.35,"% Exp/Vot":86.92,"resultats":[{"N.Pan.":null,"Code Nuance":"LDVD","Sexe":"M","Nom":"VERCHERE","Prénom":"Patrice","Liste":"ENSEMBLE AGIR  POUR COURS","Sièges / Elu":"29","Sièges Secteur":0,"Sièges CC":5,"Voix":1043,"% Voix/Ins":33.35,"% Voix/Exp":100}]},"population":{"F0-2":55.5271459999692,"F3-5":74.2132839358307,"F6-10":123.731088373169,"F11-17":177.298425256574,"F18-24":94.5289966247244,"F25-39":287.291055706747,"F40-54":365.36064831426,"F55-64":322.286494531428,"F65-79":423.798938170956,"F80+":340.974521103831,"H0-2":55.4899798720581,"H3-5":64.2887191347583,"H6-10":122.615160665662,"H11-17":178.24835615418,"H18-24":138.127709984799,"H25-39":295.899344546587,"H40-54":374.382005286764,"H55-64":317.193208199638,"H65-79":385.493928928953,"H80+":169.250989209112},"Analyse":{"Votes décisifs":1044,"tour décisif":1,"majeurs":3514.587840607799,"Non votants de 18-24":153.21978239733855}}