{"id":7218,"slug":"69-86-fleurieux-sur-l-arbresle","nom_standard":"Fleurieux-sur-l'Arbresle","code_postal":"69","code_departement":"69","libelle_departement":"Rhône","code_commune":"86","Tour 1":{"Inscrits":1882,"Abstentions":985,"% Abs/Ins":52.34,"Votants":897,"% Vot/Ins":47.66,"Blancs":5,"% Blancs/Ins":0.27,"% Blancs/Vot":0.56,"Nuls":10,"% Nuls/Ins":0.53,"% Nuls/Vot":1.11,"Exprimés":882,"% Exp/Ins":46.87,"% Exp/Vot":98.33,"resultats":[{"N.Pan.":null,"Code Nuance":"LNC","Sexe":"M","Nom":"LEYGONIE","Prénom":"Jean-Marie","Liste":"FLEURIEUX VIVANT ET INNOVANT","Sièges / Elu":"3","Sièges Secteur":0,"Sièges CC":0,"Voix":275,"% Voix/Ins":14.61,"% Voix/Exp":31.18},{"N.Pan.":2,"Code Nuance":"LNC","Sexe":"M","Nom":"BATALLA","Prénom":"Diogène","Liste":"Ensemble, Préservons Fleurieux","Sièges / Elu":"16","Sièges Secteur":0,"Sièges CC":3,"Voix":607,"% Voix/Ins":32.25,"% Voix/Exp":68.82}]},"population":{"F0-2":29.2386267752554,"F3-5":45.7216846085668,"F6-10":77.1979350556639,"F11-17":111.161467468834,"F18-24":69.1791413494636,"F25-39":171.976525677151,"F40-54":263.119366487331,"F55-64":171.215432797571,"F65-79":178.26165757884,"F80+":44.7501744648058,"H0-2":35.2344436561514,"H3-5":29.2710006753386,"H6-10":86.4950649581356,"H11-17":128.653076019224,"H18-24":59.3281952638241,"H25-39":162.39326643839,"H40-54":246.781393586927,"H55-64":147.713270349116,"H65-79":176.95791218893,"H80+":37.3503646004796},"Analyse":{"Votes décisifs":333,"tour décisif":1,"majeurs":1729.0267007828293,"Non votants de 18-24":61.83914641707543}}