{"id":6900,"slug":"67-222-ingwiller","nom_standard":"Ingwiller","code_postal":"67","code_departement":"67","libelle_departement":"Bas-Rhin","code_commune":"222","Tour 1":{"Inscrits":2915,"Abstentions":1759,"% Abs/Ins":60.34,"Votants":1156,"% Vot/Ins":39.66,"Blancs":15,"% Blancs/Ins":0.51,"% Blancs/Vot":1.3,"Nuls":12,"% Nuls/Ins":0.41,"% Nuls/Vot":1.04,"Exprimés":1129,"% Exp/Ins":38.73,"% Exp/Vot":97.66,"resultats":[{"N.Pan.":null,"Code Nuance":"LDVD","Sexe":"M","Nom":"DANNER","Prénom":"Marc","Liste":"DU PRESENT AU FUTUR UNE AMBITION POUR NOTRE VILLE","Sièges / Elu":"1","Sièges Secteur":0,"Sièges CC":0,"Voix":107,"% Voix/Ins":3.67,"% Voix/Exp":9.48},{"N.Pan.":2,"Code Nuance":"LDVD","Sexe":"M","Nom":"DOEPPEN","Prénom":"Hans","Liste":"DYNAMISME ET PROGRES","Sièges / Elu":"23","Sièges Secteur":0,"Sièges CC":8,"Voix":734,"% Voix/Ins":25.18,"% Voix/Exp":65.01},{"N.Pan.":3,"Code Nuance":"LDVD","Sexe":"M","Nom":"FERTIG","Prénom":"Steeve","Liste":"pour Ingwiller : UN ENGAGEMENT NATUREL","Sièges / Elu":3,"Sièges CC":1,"Voix":288,"% Voix/Ins":9.88,"% Voix/Exp":25.51}]},"population":{"F0-2":38.0658748687626,"F3-5":53.9246590265469,"F6-10":124.829721379495,"F11-17":177.68481576429,"F18-24":131.549651478559,"F25-39":331.866543100663,"F40-54":342.728581148877,"F55-64":285.503685613823,"F65-79":364.607092528659,"F80+":241.845148639423,"H0-2":47.1410361633766,"H3-5":59.8749243905181,"H6-10":113.919512948609,"H11-17":162.803935964197,"H18-24":155.680217055033,"H25-39":338.707521492247,"H40-54":331.805362545075,"H55-64":270.005404357177,"H65-79":324.699069893761,"H80+":131.757241640908},"Analyse":{"Votes décisifs":340,"tour décisif":1,"majeurs":3250.755519494205,"Non votants de 18-24":185.0881583884701}}