{"id":6908,"slug":"67-246-kogenheim","nom_standard":"Kogenheim","code_postal":"67","code_departement":"67","libelle_departement":"Bas-Rhin","code_commune":"246","Tour 1":{"Inscrits":907,"Abstentions":606,"% Abs/Ins":66.81,"Votants":301,"% Vot/Ins":33.19,"Blancs":0,"% Blancs/Ins":0,"% Blancs/Vot":0,"Nuls":55,"% Nuls/Ins":6.06,"% Nuls/Vot":18.27,"Exprimés":246,"% Exp/Ins":27.12,"% Exp/Vot":81.73,"resultats":[{"N.Pan.":null,"Code Nuance":"LNC","Sexe":"M","Nom":"FORGIARINI","Prénom":"Guillaume","Liste":"KOGENSEMBLE","Sièges / Elu":"15","Sièges Secteur":0,"Sièges CC":2,"Voix":246,"% Voix/Ins":27.12,"% Voix/Exp":100}]},"population":{"F0-2":28.2169929128721,"F3-5":29.2196700410255,"F6-10":50.3921022512457,"F11-17":62.4801733831377,"F18-24":31.2221753818689,"F25-39":142.028158163764,"F40-54":122.875449256841,"F55-64":70.4414627446684,"F65-79":65.3958184210706,"F80+":41.2447273435355,"H0-2":22.1679319580734,"H3-5":33.249747222788,"H6-10":41.3206500483593,"H11-17":44.3652670308248,"H18-24":47.3740216177086,"H25-39":120.869355478625,"H40-54":143.007933277581,"H55-64":94.6047298117472,"H65-79":60.3831024315051,"H80+":23.1405312227575},"Analyse":{"Votes décisifs":247,"tour décisif":1,"majeurs":962.5874651516729,"Non votants de 18-24":54.019256042689825}}