{"id":6918,"slug":"67-282-marlenheim","nom_standard":"Marlenheim","code_postal":"67","code_departement":"67","libelle_departement":"Bas-Rhin","code_commune":"282","Tour 1":{"Inscrits":3655,"Abstentions":2149,"% Abs/Ins":58.8,"Votants":1506,"% Vot/Ins":41.2,"Blancs":17,"% Blancs/Ins":0.47,"% Blancs/Vot":1.13,"Nuls":24,"% Nuls/Ins":0.66,"% Nuls/Vot":1.59,"Exprimés":1465,"% Exp/Ins":40.08,"% Exp/Vot":97.28,"resultats":[{"N.Pan.":null,"Code Nuance":"LDVD","Sexe":"M","Nom":"WENDLING","Prénom":"Jean-Marc","Liste":"MARLENHEIM AVEC PASSION ET COEUR","Sièges / Elu":"6","Sièges Secteur":0,"Sièges CC":1,"Voix":663,"% Voix/Ins":18.14,"% Voix/Exp":45.26},{"N.Pan.":2,"Code Nuance":"LDVD","Sexe":"M","Nom":"FISCHER","Prénom":"Daniel","Liste":"UNIS POUR MARLENHEIM","Sièges / Elu":"21","Sièges Secteur":0,"Sièges CC":6,"Voix":802,"% Voix/Ins":21.94,"% Voix/Exp":54.74}]},"population":{"F0-2":59.3928319807896,"F3-5":67.9460077618343,"F6-10":136.052345738398,"F11-17":184.673950772718,"F18-24":130.810074838428,"F25-39":386.667058670484,"F40-54":446.255639643404,"F55-64":288.716682665735,"F65-79":327.817618340286,"F80+":189.672163353803,"H0-2":55.4391002742254,"H3-5":64.9450911361952,"H6-10":114.672441800972,"H11-17":210.724272024531,"H18-24":130.632214708855,"H25-39":355.543671606537,"H40-54":442.228535414922,"H55-64":254.648056861341,"H65-79":287.895487499203,"H80+":95.2667549073391},"Analyse":{"Votes décisifs":140,"tour décisif":1,"majeurs":3336.153958510337,"Non votants de 18-24":143.42252998138517}}