{"id":6935,"slug":"67-326-niederhausbergen","nom_standard":"Niederhausbergen","code_postal":"67","code_departement":"67","libelle_departement":"Bas-Rhin","code_commune":"326","Tour 1":{"Inscrits":1261,"Abstentions":437,"% Abs/Ins":34.66,"Votants":824,"% Vot/Ins":65.34,"Blancs":7,"% Blancs/Ins":0.56,"% Blancs/Vot":0.85,"Nuls":333,"% Nuls/Ins":26.41,"% Nuls/Vot":40.41,"Exprimés":484,"% Exp/Ins":38.38,"% Exp/Vot":58.74,"resultats":[{"N.Pan.":null,"Code Nuance":"LNC","Sexe":"F","Nom":"GARRIGOU","Prénom":"Sylvette","Liste":"MIEUX VIVRE NIEDER","Sièges / Elu":"0","Sièges Secteur":0,"Sièges CC":0,"Voix":0,"% Voix/Ins":0,"% Voix/Exp":0},{"N.Pan.":2,"Code Nuance":"LNC","Sexe":"M","Nom":"HERZOG","Prénom":"Jean Luc","Liste":"REUSSIR POUR NIEDERHAUSBERGEN","Sièges / Elu":"19","Sièges Secteur":0,"Sièges CC":1,"Voix":484,"% Voix/Ins":38.38,"% Voix/Exp":100}]},"population":{"F0-2":29.2906953153508,"F3-5":25.2746015826985,"F6-10":52.6178871380517,"F11-17":54.6152206377871,"F18-24":43.3610552436301,"F25-39":177.339729970199,"F40-54":147.14430342605,"F55-64":152.720679575232,"F65-79":123.44791234031,"F80+":49.1474925924425,"H0-2":40.4273222687994,"H3-5":29.3263389397473,"H6-10":35.4182248911161,"H11-17":61.7289235018328,"H18-24":56.4665561269987,"H25-39":159.107240727505,"H40-54":146.19057816155,"H55-64":127.726851844649,"H65-79":119.481417503843,"H80+":38.1669682122072},"Analyse":{"Votes décisifs":485,"tour décisif":1,"majeurs":1340.3007857246166,"Non votants de 18-24":38.45485635509964}}