{"id":6957,"slug":"67-375-pfulgriesheim","nom_standard":"Pfulgriesheim","code_postal":"67","code_departement":"67","libelle_departement":"Bas-Rhin","code_commune":"375","Tour 1":{"Inscrits":1097,"Abstentions":767,"% Abs/Ins":69.92,"Votants":330,"% Vot/Ins":30.08,"Blancs":14,"% Blancs/Ins":1.28,"% Blancs/Vot":4.24,"Nuls":17,"% Nuls/Ins":1.55,"% Nuls/Vot":5.15,"Exprimés":299,"% Exp/Ins":27.26,"% Exp/Vot":90.61,"resultats":[{"N.Pan.":null,"Code Nuance":"LNC","Sexe":"M","Nom":"JACOB","Prénom":"André","Liste":"ENSEMBLE POUR PFULGRIESHEIM","Sièges / Elu":"15","Sièges Secteur":0,"Sièges CC":2,"Voix":299,"% Voix/Ins":27.26,"% Voix/Exp":100}]},"population":{"F0-2":16.7172475978475,"F3-5":20.4299101741174,"F6-10":37.9133141513962,"F11-17":56.4994700460853,"F18-24":39.2899554076214,"F25-39":92.8054782733606,"F40-54":143.155441898181,"F55-64":95.0517774039361,"F65-79":125.37815461548,"F80+":38.7884969002143,"H0-2":13.6262846437619,"H3-5":12.7346960516766,"H6-10":31.9865672336809,"H11-17":67.9925174883325,"H18-24":41.8461131871695,"H25-39":92.2485753777646,"H40-54":139.29840527107,"H55-64":96.8738332348307,"H65-79":111.837368857422,"H80+":29.5263921860515},"Analyse":{"Votes décisifs":300,"tour décisif":1,"majeurs":1046.099992613102,"Non votants de 18-24":55.541094093932024}}