{"id":6958,"slug":"67-378-plobsheim","nom_standard":"Plobsheim","code_postal":"67","code_departement":"67","libelle_departement":"Bas-Rhin","code_commune":"378","Tour 1":{"Inscrits":3216,"Abstentions":1716,"% Abs/Ins":53.36,"Votants":1500,"% Vot/Ins":46.64,"Blancs":24,"% Blancs/Ins":0.75,"% Blancs/Vot":1.6,"Nuls":22,"% Nuls/Ins":0.68,"% Nuls/Vot":1.47,"Exprimés":1454,"% Exp/Ins":45.21,"% Exp/Vot":96.93,"resultats":[{"N.Pan.":null,"Code Nuance":"LDIV","Sexe":"M","Nom":"ENGEL","Prénom":"Christian","Liste":"PLOBSHEIM AUTREMENT","Sièges / Elu":"6","Sièges Secteur":0,"Sièges CC":0,"Voix":675,"% Voix/Ins":20.99,"% Voix/Exp":46.42},{"N.Pan.":2,"Code Nuance":"LDVG","Sexe":"F","Nom":"LECKLER","Prénom":"Michèle","Liste":"TOUS ENSEMBLE, AGISSONS POUR DEMAIN","Sièges / Elu":"21","Sièges Secteur":0,"Sièges CC":1,"Voix":779,"% Voix/Ins":24.22,"% Voix/Exp":53.58}]},"population":{"F0-2":60.9063854531121,"F3-5":76.641361401792,"F6-10":151.091940344052,"F11-17":183.371550096528,"F18-24":123.494030993752,"F25-39":388.125035780502,"F40-54":492.476902466185,"F55-64":321.341990788563,"F65-79":350.826502703546,"F80+":134.308265356415,"H0-2":73.0290041943931,"H3-5":54.9550620413241,"H6-10":158.538822051751,"H11-17":203.179782315507,"H18-24":155.88027465688,"H25-39":368.161920019543,"H40-54":465.729839855565,"H55-64":295.252954127714,"H65-79":337.013889629737,"H80+":80.6744857231372},"Analyse":{"Votes décisifs":105,"tour décisif":1,"majeurs":3513.286092101539,"Non votants de 18-24":160.0952468179144}}