{"id":6960,"slug":"67-389-reichstett","nom_standard":"Reichstett","code_postal":"67","code_departement":"67","libelle_departement":"Bas-Rhin","code_commune":"389","Tour 1":{"Inscrits":3188,"Abstentions":2399,"% Abs/Ins":75.25,"Votants":789,"% Vot/Ins":24.75,"Blancs":32,"% Blancs/Ins":1,"% Blancs/Vot":4.06,"Nuls":67,"% Nuls/Ins":2.1,"% Nuls/Vot":8.49,"Exprimés":690,"% Exp/Ins":21.64,"% Exp/Vot":87.45,"resultats":[{"N.Pan.":null,"Code Nuance":"LDVD","Sexe":"M","Nom":"SCHULER","Prénom":"Georges","Liste":"VIVRE ENSEMBLE à REICHSTETT","Sièges / Elu":"27","Sièges Secteur":0,"Sièges CC":1,"Voix":690,"% Voix/Ins":21.64,"% Voix/Exp":100}]},"population":{"F0-2":61.9185634162155,"F3-5":74.440721768826,"F6-10":111.343068165748,"F11-17":160.988647072357,"F18-24":127.629499190417,"F25-39":325.081997275243,"F40-54":443.698105021974,"F55-64":318.727204160697,"F65-79":463.642103648614,"F80+":236.707086442921,"H0-2":80.6105144673477,"H3-5":55.8897662398709,"H6-10":117.544851280261,"H11-17":167.250416865251,"H18-24":138.607116113902,"H25-39":284.366126596245,"H40-54":428.709911349367,"H55-64":298.348935222526,"H65-79":363.46493061896,"H80+":130.030435083259},"Analyse":{"Votes décisifs":691,"tour décisif":1,"majeurs":3559.013450724125,"Non votants de 18-24":207.21444739642075}}