{"id":6965,"slug":"67-408-romanswiller","nom_standard":"Romanswiller","code_postal":"67","code_departement":"67","libelle_departement":"Bas-Rhin","code_commune":"408","Tour 1":{"Inscrits":1043,"Abstentions":399,"% Abs/Ins":38.26,"Votants":644,"% Vot/Ins":61.74,"Blancs":4,"% Blancs/Ins":0.38,"% Blancs/Vot":0.62,"Nuls":8,"% Nuls/Ins":0.77,"% Nuls/Vot":1.24,"Exprimés":632,"% Exp/Ins":60.59,"% Exp/Vot":98.14,"resultats":[{"N.Pan.":null,"Code Nuance":"LNC","Sexe":"M","Nom":"ROUBINET","Prénom":"Yannick","Liste":"Nouveau cap","Sièges / Elu":"1","Sièges Secteur":0,"Sièges CC":0,"Voix":134,"% Voix/Ins":12.85,"% Voix/Exp":21.2},{"N.Pan.":2,"Code Nuance":"LNC","Sexe":"M","Nom":"HERMANN","Prénom":"Dominique","Liste":"ROMANSWILLER VERS DEMAIN","Sièges / Elu":"14","Sièges Secteur":0,"Sièges CC":2,"Voix":498,"% Voix/Ins":47.75,"% Voix/Exp":78.8}]},"population":{"F0-2":15.4409906479129,"F3-5":15.046484963358,"F6-10":26.7772006333406,"F11-17":49.747284990575,"F18-24":47.0741235702098,"F25-39":76.5043292843613,"F40-54":147.515440834132,"F55-64":112.469739142261,"F65-79":90.9986840701658,"F80+":41.1819243355825,"H0-2":9.24925784312302,"H3-5":8.71718321072768,"H6-10":23.7821165225397,"H11-17":51.8447506260742,"H18-24":35.8601807983969,"H25-39":79.8081568463265,"H40-54":149.745570283646,"H55-64":95.9495707171327,"H65-79":90.1024629130409,"H80+":24.1845477670942},"Analyse":{"Votes décisifs":365,"tour décisif":1,"majeurs":991.3947305623495,"Non votants de 18-24":29.06101821235782}}