{"id":699,"slug":"11-14-armissan","nom_standard":"Armissan","code_postal":"11","code_departement":"11","libelle_departement":"Aude","code_commune":"14","Tour 1":{"Inscrits":1212,"Abstentions":412,"% Abs/Ins":33.99,"Votants":800,"% Vot/Ins":66.01,"Blancs":22,"% Blancs/Ins":1.82,"% Blancs/Vot":2.75,"Nuls":19,"% Nuls/Ins":1.57,"% Nuls/Vot":2.38,"Exprimés":759,"% Exp/Ins":62.62,"% Exp/Vot":94.88,"resultats":[{"N.Pan.":null,"Code Nuance":"LNC","Sexe":"M","Nom":"FRERE","Prénom":"José","Liste":"ARMISSAN POUR TOUS","Sièges / Elu":"15","Sièges Secteur":0,"Sièges CC":1,"Voix":441,"% Voix/Ins":36.39,"% Voix/Exp":58.1},{"N.Pan.":2,"Code Nuance":"LNC","Sexe":"M","Nom":"BONHOURE","Prénom":"Jean","Liste":"ARMISSAN AUTREMENT","Sièges / Elu":"4","Sièges Secteur":0,"Sièges CC":0,"Voix":318,"% Voix/Ins":26.24,"% Voix/Exp":41.9}]},"population":{"F0-2":15.3075734163627,"F3-5":18.0822135985,"F6-10":39.6722737653718,"F11-17":75.3672014697199,"F18-24":20.3702412999189,"F25-39":93.38586707289,"F40-54":169.912145404064,"F55-64":119.407967178913,"F65-79":163.455109814031,"F80+":58.7680566339491,"H0-2":11.4198875539267,"H3-5":19.0939100125455,"H6-10":53.3318338828614,"H11-17":63.3557909023933,"H18-24":28.0524892817768,"H25-39":88.9355057496726,"H40-54":155.452313275652,"H55-64":88.545752657581,"H65-79":167.577763328288,"H80+":45.5061037015835},"Analyse":{"Votes décisifs":124,"tour décisif":1,"majeurs":1199.36931539832,"Non votants de 18-24":16.12393489965734}}