{"id":510,"slug":"7-155-mercuer","nom_standard":"Mercuer","code_postal":"7","code_departement":"7","libelle_departement":"Ardèche","code_commune":"155","Tour 1":{"Inscrits":1091,"Abstentions":711,"% Abs/Ins":65.17,"Votants":380,"% Vot/Ins":34.83,"Blancs":21,"% Blancs/Ins":1.92,"% Blancs/Vot":5.53,"Nuls":34,"% Nuls/Ins":3.12,"% Nuls/Vot":8.95,"Exprimés":325,"% Exp/Ins":29.79,"% Exp/Vot":85.53,"resultats":[{"N.Pan.":null,"Code Nuance":"LNC","Sexe":"M","Nom":"BERAL","Prénom":"Didier","Liste":"MERCUER POUR TOUS","Sièges / Elu":"15","Sièges Secteur":0,"Sièges CC":1,"Voix":325,"% Voix/Ins":29.79,"% Voix/Exp":100}]},"population":{"F0-2":15.0886296898428,"F3-5":18.8582344454431,"F6-10":29.2349854364974,"F11-17":58.4838521960793,"F18-24":17.9610083693673,"F25-39":84.0949310937758,"F40-54":130.58814201075,"F55-64":109.128822561384,"F65-79":136.791918991625,"F80+":37.0523093656238,"H0-2":26.4181578411062,"H3-5":13.2107998403682,"H6-10":31.1128024832503,"H11-17":52.8363795560572,"H18-24":34.0370362191051,"H25-39":77.4809272055118,"H40-54":115.384853227591,"H55-64":90.1211934506739,"H65-79":132.90737399049,"H80+":34.2076420254585},"Analyse":{"Votes décisifs":326,"tour décisif":1,"majeurs":999.7561585113561,"Non votants de 18-24":32.23396834307954}}