{"id":545,"slug":"7-309-satillieu","nom_standard":"Satillieu","code_postal":"7","code_departement":"7","libelle_departement":"Ardèche","code_commune":"309","Tour 1":{"Inscrits":1200,"Abstentions":714,"% Abs/Ins":59.5,"Votants":486,"% Vot/Ins":40.5,"Blancs":13,"% Blancs/Ins":1.08,"% Blancs/Vot":2.67,"Nuls":118,"% Nuls/Ins":9.83,"% Nuls/Vot":24.28,"Exprimés":355,"% Exp/Ins":29.58,"% Exp/Vot":73.05,"resultats":[{"N.Pan.":null,"Code Nuance":"LNC","Sexe":"F","Nom":"VERCASSON","Prénom":"Marie","Liste":"UN NOUVEAU PAS POUR SATILLIEU","Sièges / Elu":"19","Sièges Secteur":0,"Sièges CC":6,"Voix":355,"% Voix/Ins":29.58,"% Voix/Exp":100}]},"population":{"F0-2":15.9029302273838,"F3-5":20.9078216262117,"F6-10":43.7183551654908,"F11-17":58.6443270464311,"F18-24":21.9604461516716,"F25-39":93.696798265869,"F40-54":144.651845423066,"F55-64":112.151639658951,"F65-79":146.235049146788,"F80+":111.185445254166,"H0-2":8.9575474337306,"H3-5":14.9019237165726,"H6-10":46.7009774388832,"H11-17":61.6130409599894,"H18-24":27.887498306126,"H25-39":97.8037654837952,"H40-54":147.657448523919,"H55-64":120.155612889914,"H65-79":142.191749205514,"H80+":64.0757780755273},"Analyse":{"Votes décisifs":356,"tour décisif":1,"majeurs":1229.653076385307,"Non votants de 18-24":30.146370516548433}}