{"id":550,"slug":"7-322-thueyts","nom_standard":"Thueyts","code_postal":"7","code_departement":"7","libelle_departement":"Ardèche","code_commune":"322","Tour 1":{"Inscrits":973,"Abstentions":269,"% Abs/Ins":27.65,"Votants":704,"% Vot/Ins":72.35,"Blancs":7,"% Blancs/Ins":0.72,"% Blancs/Vot":0.99,"Nuls":22,"% Nuls/Ins":2.26,"% Nuls/Vot":3.13,"Exprimés":675,"% Exp/Ins":69.37,"% Exp/Vot":95.88,"resultats":[{"N.Pan.":null,"Code Nuance":"LNC","Sexe":"M","Nom":"CHAPUIS","Prénom":"Pierre","Liste":"CONCORDANCE THUEYTS","Sièges / Elu":"12","Sièges Secteur":0,"Sièges CC":2,"Voix":369,"% Voix/Ins":37.92,"% Voix/Exp":54.67},{"N.Pan.":2,"Code Nuance":"LNC","Sexe":"M","Nom":"TESTON","Prénom":"Daniel","Liste":"THUEYTS TOUJOURS PLUS DYNAMIQUE","Sièges / Elu":"3","Sièges Secteur":0,"Sièges CC":1,"Voix":306,"% Voix/Ins":31.45,"% Voix/Exp":45.33}]},"population":{"F0-2":10.4448733171668,"F3-5":12.911580706509,"F6-10":21.901332466149,"F11-17":34.19795775858,"F18-24":22.7826674220137,"F25-39":69.9595653395148,"F40-54":93.7948389289707,"F55-64":106.982421601214,"F65-79":155.93864746023,"F80+":97.0878550943587,"H0-2":14.90467169112,"H3-5":17.3250014267841,"H6-10":21.7442368584617,"H11-17":46.0054121983487,"H18-24":28.0713168401625,"H25-39":73.130440629527,"H40-54":89.3904404864793,"H55-64":93.4678309214797,"H65-79":149.618802855007,"H80+":53.3401059979222},"Analyse":{"Votes décisifs":64,"tour décisif":1,"majeurs":1033.5649335768796,"Non votants de 18-24":16.21542043564034}}