{"id":558,"slug":"7-338-vernoux-en-vivarais","nom_standard":"Vernoux-en-Vivarais","code_postal":"7","code_departement":"7","libelle_departement":"Ardèche","code_commune":"338","Tour 1":{"Inscrits":1461,"Abstentions":538,"% Abs/Ins":36.82,"Votants":923,"% Vot/Ins":63.18,"Blancs":19,"% Blancs/Ins":1.3,"% Blancs/Vot":2.06,"Nuls":18,"% Nuls/Ins":1.23,"% Nuls/Vot":1.95,"Exprimés":886,"% Exp/Ins":60.64,"% Exp/Vot":95.99,"resultats":[{"N.Pan.":null,"Code Nuance":"LNC","Sexe":"F","Nom":"FINIELS","Prénom":"Martine","Liste":"Construisons ensemble l'avenir pour un Vernoux solidaire en transition","Sièges / Elu":"17","Sièges Secteur":0,"Sièges CC":2,"Voix":652,"% Voix/Ins":44.63,"% Voix/Exp":73.59},{"N.Pan.":2,"Code Nuance":"LNC","Sexe":"M","Nom":"PONSARD","Prénom":"Frédéric","Liste":"Vernoux avec vous","Sièges / Elu":"2","Sièges Secteur":0,"Sièges CC":0,"Voix":234,"% Voix/Ins":16.02,"% Voix/Exp":26.41}]},"population":{"F0-2":24.2422602869449,"F3-5":31.4065981452342,"F6-10":51.6361096581168,"F11-17":98.4396899463308,"F18-24":26.8815744748175,"F25-39":136.533047277364,"F40-54":169.804450836199,"F55-64":152.623175035908,"F65-79":189.204113878588,"F80+":135.287515277884,"H0-2":26.6321513355702,"H3-5":25.5454677499591,"H6-10":63.1959587378334,"H11-17":94.9453728955279,"H18-24":41.5669260067698,"H25-39":124.644360229713,"H40-54":181.598422817735,"H55-64":145.708110964054,"H65-79":180.009339636639,"H80+":70.0953548088113},"Analyse":{"Votes décisifs":419,"tour décisif":1,"majeurs":1553.9563912444823,"Non votants de 18-24":27.792297836216314}}