{"id":7367,"slug":"70-261-frotey-les-vesoul","nom_standard":"Frotey-lès-Vesoul","code_postal":"70","code_departement":"70","libelle_departement":"Haute-Saône","code_commune":"261","Tour 1":{"Inscrits":1008,"Abstentions":486,"% Abs/Ins":48.21,"Votants":522,"% Vot/Ins":51.79,"Blancs":6,"% Blancs/Ins":0.6,"% Blancs/Vot":1.15,"Nuls":10,"% Nuls/Ins":0.99,"% Nuls/Vot":1.92,"Exprimés":506,"% Exp/Ins":50.2,"% Exp/Vot":96.93,"resultats":[{"N.Pan.":null,"Code Nuance":"LNC","Sexe":"M","Nom":"TARY","Prénom":"Christophe","Liste":"A FROTEY,  AVANCONS ENSEMBLE","Sièges / Elu":"13","Sièges Secteur":0,"Sièges CC":2,"Voix":321,"% Voix/Ins":31.85,"% Voix/Exp":63.44},{"N.Pan.":2,"Code Nuance":"LNC","Sexe":"M","Nom":"SCHMIT","Prénom":"Serge","Liste":"Ensemble, vivons Frotey","Sièges / Elu":"2","Sièges Secteur":0,"Sièges CC":0,"Voix":185,"% Voix/Ins":18.35,"% Voix/Exp":36.56}]},"population":{"F0-2":13.8226217244727,"F3-5":15.8023034634618,"F6-10":38.5606506800671,"F11-17":54.4877588961779,"F18-24":40.8965338152067,"F25-39":101.430798553785,"F40-54":115.650226099018,"F55-64":121.366165413127,"F65-79":126.541728656836,"F80+":60.3723928050811,"H0-2":21.7490921784333,"H3-5":21.7998525361388,"H6-10":41.4544208340459,"H11-17":75.3989787820569,"H18-24":47.7772577201441,"H25-39":85.6900317771228,"H40-54":115.508352553933,"H55-64":104.195629862088,"H65-79":116.351209216359,"H80+":39.143994432446},"Analyse":{"Votes décisifs":137,"tour décisif":1,"majeurs":1074.924320905147,"Non votants de 18-24":45.6124166262072}}