{"id":7374,"slug":"70-321-magny-vernois","nom_standard":"Magny-Vernois","code_postal":"70","code_departement":"70","libelle_departement":"Haute-Saône","code_commune":"321","Tour 1":{"Inscrits":1017,"Abstentions":512,"% Abs/Ins":50.34,"Votants":505,"% Vot/Ins":49.66,"Blancs":4,"% Blancs/Ins":0.39,"% Blancs/Vot":0.79,"Nuls":48,"% Nuls/Ins":4.72,"% Nuls/Vot":9.5,"Exprimés":453,"% Exp/Ins":44.54,"% Exp/Vot":89.7,"resultats":[{"N.Pan.":null,"Code Nuance":"LNC","Sexe":"M","Nom":"ORTEGA","Prénom":"Luc","Liste":"ENSEMBLE POUR MAGNY-VERNOIS","Sièges / Elu":"15","Sièges Secteur":0,"Sièges CC":3,"Voix":453,"% Voix/Ins":44.54,"% Voix/Exp":100}]},"population":{"F0-2":16.730954581422,"F3-5":19.0110487680983,"F6-10":36.8764548635356,"F11-17":74.1501433710794,"F18-24":20.3913205870387,"F25-39":120.891175361425,"F40-54":136.498865845351,"F55-64":115.42267950279,"F65-79":126.002334359015,"F80+":50.5720876560968,"H0-2":16.7124109902111,"H3-5":19.6624924158866,"H6-10":35.0743231686681,"H11-17":60.6588635798762,"H18-24":36.09634317504,"H25-39":107.588887609422,"H40-54":127.628099143438,"H55-64":105.127879875534,"H65-79":126.503295221982,"H80+":23.4003399240909},"Analyse":{"Votes décisifs":454,"tour décisif":1,"majeurs":1096.1233082612234,"Non votants de 18-24":30.46297294047682}}