{"id":7003,"slug":"67-520-wasselonne","nom_standard":"Wasselonne","code_postal":"67","code_departement":"67","libelle_departement":"Bas-Rhin","code_commune":"520","Tour 1":{"Inscrits":4155,"Abstentions":2183,"% Abs/Ins":52.54,"Votants":1972,"% Vot/Ins":47.46,"Blancs":21,"% Blancs/Ins":0.51,"% Blancs/Vot":1.06,"Nuls":29,"% Nuls/Ins":0.7,"% Nuls/Vot":1.47,"Exprimés":1922,"% Exp/Ins":46.26,"% Exp/Vot":97.46,"resultats":[{"N.Pan.":null,"Code Nuance":"LDVC","Sexe":"M","Nom":"SCHNITZLER","Prénom":"Philippe","Liste":"Wasselonne Evolutions","Sièges / Elu":"6","Sièges Secteur":0,"Sièges CC":2,"Voix":819,"% Voix/Ins":19.71,"% Voix/Exp":42.61},{"N.Pan.":2,"Code Nuance":"LDVD","Sexe":"F","Nom":"ESCHLIMANN","Prénom":"Michèle","Liste":"Wasselonne avec vous et pour vous","Sièges / Elu":"23","Sièges Secteur":0,"Sièges CC":8,"Voix":1103,"% Voix/Ins":26.55,"% Voix/Exp":57.39}]},"population":{"F0-2":83.2625040538357,"F3-5":72.2033896530991,"F6-10":175.600643192963,"F11-17":234.104832877033,"F18-24":199.772584689952,"F25-39":485.203136966129,"F40-54":648.144020777376,"F55-64":434.124343748282,"F65-79":405.546223382099,"F80+":277.912358960867,"H0-2":82.6428324760528,"H3-5":108.472597737936,"H6-10":149.47198249263,"H11-17":252.326891051716,"H18-24":199.961822429345,"H25-39":464.937009413256,"H40-54":601.176621068196,"H55-64":386.231386684126,"H65-79":380.934647000879,"H80+":112.970171344228},"Analyse":{"Votes décisifs":285,"tour décisif":1,"majeurs":4596.914326464735,"Non votants de 18-24":228.2549766019397}}