{"id":7004,"slug":"67-523-weitbruch","nom_standard":"Weitbruch","code_postal":"67","code_departement":"67","libelle_departement":"Bas-Rhin","code_commune":"523","Tour 1":{"Inscrits":2441,"Abstentions":1408,"% Abs/Ins":57.68,"Votants":1033,"% Vot/Ins":42.32,"Blancs":29,"% Blancs/Ins":1.19,"% Blancs/Vot":2.81,"Nuls":37,"% Nuls/Ins":1.52,"% Nuls/Vot":3.58,"Exprimés":967,"% Exp/Ins":39.61,"% Exp/Vot":93.61,"resultats":[{"N.Pan.":null,"Code Nuance":"LNC","Sexe":"M","Nom":"SPITZ","Prénom":"Philippe","Liste":"WEITBRUCH 2020","Sièges / Elu":"4","Sièges Secteur":0,"Sièges CC":1,"Voix":337,"% Voix/Ins":13.81,"% Voix/Exp":34.85},{"N.Pan.":2,"Code Nuance":"LNC","Sexe":"M","Nom":"HENRION","Prénom":"Damien","Liste":"WEITBRUCH CONSTRUIRE L'AVENIR ENSEMBLE","Sièges / Elu":"19","Sièges Secteur":0,"Sièges CC":4,"Voix":630,"% Voix/Ins":25.81,"% Voix/Exp":65.15}]},"population":{"F0-2":32.1880299660267,"F3-5":40.9147869908982,"F6-10":83.4836684684617,"F11-17":101.098423052344,"F18-24":62.842763345559,"F25-39":221.781525793444,"F40-54":303.43090910672,"F55-64":227.622711647754,"F65-79":192.730547829316,"F80+":91.5557399349028,"H0-2":39.9967674332367,"H3-5":36.7914292605433,"H6-10":89.0251594339046,"H11-17":108.509877500041,"H18-24":89.9736706215325,"H25-39":236.458112595596,"H40-54":293.648996254591,"H55-64":222.904073435808,"H65-79":218.702797538719,"H80+":44.3400097906023},"Analyse":{"Votes décisifs":294,"tour décisif":1,"majeurs":2205.9918578945444,"Non votants de 18-24":81.25706908409028}}