{"id":7016,"slug":"67-551-wolfisheim","nom_standard":"Wolfisheim","code_postal":"67","code_departement":"67","libelle_departement":"Bas-Rhin","code_commune":"551","Tour 1":{"Inscrits":2873,"Abstentions":1729,"% Abs/Ins":60.18,"Votants":1144,"% Vot/Ins":39.82,"Blancs":12,"% Blancs/Ins":0.42,"% Blancs/Vot":1.05,"Nuls":16,"% Nuls/Ins":0.56,"% Nuls/Vot":1.4,"Exprimés":1116,"% Exp/Ins":38.84,"% Exp/Vot":97.55,"resultats":[{"N.Pan.":null,"Code Nuance":"LDVD","Sexe":"M","Nom":"AMIET","Prénom":"Eric","Liste":"TOUS ENSEMBLE POURSUIVONS L'ELAN","Sièges / Elu":"23","Sièges Secteur":0,"Sièges CC":1,"Voix":719,"% Voix/Ins":25.03,"% Voix/Exp":64.43},{"N.Pan.":2,"Code Nuance":"LDIV","Sexe":"F","Nom":"BRUCKMANN","Prénom":"Martine","Liste":"WOLFISHEIM DYNAMIQUE ET CITOYENNE","Sièges / Elu":"4","Sièges Secteur":0,"Sièges CC":0,"Voix":397,"% Voix/Ins":13.82,"% Voix/Exp":35.57}]},"population":{"F0-2":67.3956923400811,"F3-5":73.2376835613102,"F6-10":113.813194821127,"F11-17":138.523027690071,"F18-24":125.644243248038,"F25-39":452.578047308,"F40-54":437.610729426394,"F55-64":340.791796207739,"F65-79":284.425022932864,"F80+":147.048880570577,"H0-2":77.336884203957,"H3-5":63.2964223717702,"H6-10":113.655829776687,"H11-17":165.179983607227,"H18-24":155.297638738362,"H25-39":395.981477350399,"H40-54":386.030311380825,"H55-64":290.054591140079,"H65-79":256.473160655044,"H80+":86.6253826694491},"Analyse":{"Votes décisifs":323,"tour décisif":1,"majeurs":3358.5612816277703,"Non votants de 18-24":185.24688462232862}}