{"id":7063,"slug":"68-120-hagenthal-le-bas","nom_standard":"Hagenthal-le-Bas","code_postal":"68","code_departement":"68","libelle_departement":"Haut-Rhin","code_commune":"120","Tour 1":{"Inscrits":924,"Abstentions":396,"% Abs/Ins":42.86,"Votants":528,"% Vot/Ins":57.14,"Blancs":9,"% Blancs/Ins":0.97,"% Blancs/Vot":1.7,"Nuls":6,"% Nuls/Ins":0.65,"% Nuls/Vot":1.14,"Exprimés":513,"% Exp/Ins":55.52,"% Exp/Vot":97.16,"resultats":[{"N.Pan.":null,"Code Nuance":"LNC","Sexe":"F","Nom":"HERZOG","Prénom":"Mireille","Liste":"HAGENTHAL-LE-BAS, À VENIR !","Sièges / Elu":"3","Sièges Secteur":0,"Sièges CC":0,"Voix":195,"% Voix/Ins":21.1,"% Voix/Exp":38.01},{"N.Pan.":2,"Code Nuance":"LNC","Sexe":"M","Nom":"FUCHS","Prénom":"Gilbert","Liste":"ENSEMBLE, POURSUIVONS NOTRE ACTION POUR HAGENTHAL LE BAS","Sièges / Elu":"12","Sièges Secteur":0,"Sièges CC":1,"Voix":318,"% Voix/Ins":34.42,"% Voix/Exp":61.99}]},"population":{"F0-2":11.5189152091252,"F3-5":20.9434819062752,"F6-10":30.3643371725055,"F11-17":46.0830184125358,"F18-24":18.8861595883982,"F25-39":103.842467846251,"F40-54":179.433389844063,"F55-64":74.5919686999497,"F65-79":80.9491549989078,"F80+":49.4265405001742,"H0-2":21.9962069843055,"H3-5":27.2320701208301,"H6-10":47.109861425921,"H11-17":60.7619727463635,"H18-24":24.1294325365392,"H25-39":97.6094565707211,"H40-54":168.91169152145,"H55-64":101.899994400427,"H65-79":88.2886141452421,"H80+":21.0212653700142},"Analyse":{"Votes décisifs":124,"tour décisif":1,"majeurs":1008.9901360221376,"Non votants de 18-24":20.50572623912399}}