{"id":7072,"slug":"68-141-hochstatt","nom_standard":"Hochstatt","code_postal":"68","code_departement":"68","libelle_departement":"Haut-Rhin","code_commune":"141","Tour 1":{"Inscrits":1713,"Abstentions":899,"% Abs/Ins":52.48,"Votants":814,"% Vot/Ins":47.52,"Blancs":2,"% Blancs/Ins":0.12,"% Blancs/Vot":0.25,"Nuls":7,"% Nuls/Ins":0.41,"% Nuls/Vot":0.86,"Exprimés":805,"% Exp/Ins":46.99,"% Exp/Vot":98.89,"resultats":[{"N.Pan.":null,"Code Nuance":"LNC","Sexe":"M","Nom":"HENGEL","Prénom":"Christian","Liste":"MIEUX VIVRE ENSEMBLE HOCHSTATT","Sièges / Elu":"3","Sièges Secteur":0,"Sièges CC":1,"Voix":283,"% Voix/Ins":16.52,"% Voix/Exp":35.16},{"N.Pan.":2,"Code Nuance":"LNC","Sexe":"M","Nom":"HECKLEN","Prénom":"Matthieu","Liste":"HOCHSTATT VILLAGE D'AVENIR","Sièges / Elu":"16","Sièges Secteur":0,"Sièges CC":2,"Voix":522,"% Voix/Ins":30.47,"% Voix/Exp":64.84}]},"population":{"F0-2":23.2082316453535,"F3-5":16.1683238954542,"F6-10":56.289437112227,"F11-17":86.555201641683,"F18-24":50.634340877314,"F25-39":147.126282899849,"F40-54":244.72550928483,"F55-64":161.907697292747,"F65-79":191.059331778733,"F80+":137.243032011349,"H0-2":26.2293018084892,"H3-5":35.1604336664131,"H6-10":64.3917922724161,"H11-17":110.724649468279,"H18-24":57.6826636989041,"H25-39":133.101584611651,"H40-54":240.48153798506,"H55-64":163.741580449961,"H65-79":167.077897842889,"H80+":65.4911697563974},"Analyse":{"Votes décisifs":240,"tour décisif":1,"majeurs":1760.2726284896842,"Non votants de 18-24":58.22814885124353}}