{"id":7090,"slug":"68-175-lapoutroie","nom_standard":"Lapoutroie","code_postal":"68","code_departement":"68","libelle_departement":"Haut-Rhin","code_commune":"175","Tour 1":{"Inscrits":1491,"Abstentions":716,"% Abs/Ins":48.02,"Votants":775,"% Vot/Ins":51.98,"Blancs":11,"% Blancs/Ins":0.74,"% Blancs/Vot":1.42,"Nuls":17,"% Nuls/Ins":1.14,"% Nuls/Vot":2.19,"Exprimés":747,"% Exp/Ins":50.1,"% Exp/Vot":96.39,"resultats":[{"N.Pan.":null,"Code Nuance":"LNC","Sexe":"M","Nom":"GIRARDIN","Prénom":"Philippe","Liste":"LAPOUTROIE HACHIMETTE ENVIE D'Y VIVRE","Sièges / Elu":"16","Sièges Secteur":0,"Sièges CC":2,"Voix":455,"% Voix/Ins":30.52,"% Voix/Exp":60.91},{"N.Pan.":2,"Code Nuance":"LNC","Sexe":"M","Nom":"MULLER","Prénom":"Jean-Marie","Liste":"CONSTRUISONS ENSEMBLE POUR RÉUSSIR L'AVENIR DE LAPOUTROIE-HACHIMETTE","Sièges / Elu":"3","Sièges Secteur":0,"Sièges CC":1,"Voix":292,"% Voix/Ins":19.58,"% Voix/Exp":39.09}]},"population":{"F0-2":17.6163229021426,"F3-5":13.9397040870032,"F6-10":44.0718410267316,"F11-17":65.6252361892033,"F18-24":44.5604679639645,"F25-39":128.404283283532,"F40-54":191.145468706686,"F55-64":157.655184242023,"F65-79":136.676997523958,"F80+":122.800891798089,"H0-2":22.6665924876754,"H3-5":32.1241211370462,"H6-10":55.3521715749845,"H11-17":70.2452889017332,"H18-24":57.2403097758834,"H25-39":145.801916305569,"H40-54":187.09785587434,"H55-64":164.274695628945,"H65-79":140.681763588469,"H80+":53.0188870020194},"Analyse":{"Votes décisifs":164,"tour décisif":1,"majeurs":1529.3587216934784,"Non votants de 18-24":50.21340217565063}}