{"id":7092,"slug":"68-182-leymen","nom_standard":"Leymen","code_postal":"68","code_departement":"68","libelle_departement":"Haut-Rhin","code_commune":"182","Tour 1":{"Inscrits":670,"Abstentions":381,"% Abs/Ins":56.87,"Votants":289,"% Vot/Ins":43.13,"Blancs":10,"% Blancs/Ins":1.49,"% Blancs/Vot":3.46,"Nuls":14,"% Nuls/Ins":2.09,"% Nuls/Vot":4.84,"Exprimés":265,"% Exp/Ins":39.55,"% Exp/Vot":91.7,"resultats":[{"N.Pan.":null,"Code Nuance":"LNC","Sexe":"M","Nom":"OTMANE","Prénom":"Rémy","Liste":"ENSEMBLE POURSUIVONS L'ENGAGEMENT","Sièges / Elu":"15","Sièges Secteur":0,"Sièges CC":1,"Voix":265,"% Voix/Ins":39.55,"% Voix/Exp":100}]},"population":{"F0-2":17.2392882447093,"F3-5":27.2689633730075,"F6-10":29.3423924284628,"F11-17":50.6064289278078,"F18-24":23.4383900397385,"F25-39":87.0391881385663,"F40-54":152.239573744205,"F55-64":106.750826812013,"F65-79":104.805783215055,"F80+":37.996076402964,"H0-2":19.2073835259367,"H3-5":26.2607882149096,"H6-10":35.3520018801166,"H11-17":42.5248518680543,"H18-24":19.4507083603792,"H25-39":85.4933995594095,"H40-54":157.684611609568,"H55-64":98.9417409467576,"H65-79":92.9703711059364,"H80+":31.3872316024029},"Analyse":{"Votes décisifs":266,"tour décisif":1,"majeurs":998.1979015369953,"Non votants de 18-24":30.471771717153693}}