{"id":7425,"slug":"71-176-digoin","nom_standard":"Digoin","code_postal":"71","code_departement":"71","libelle_departement":"Saône-et-Loire","code_commune":"176","Tour 1":{"Inscrits":5357,"Abstentions":3895,"% Abs/Ins":72.71,"Votants":1462,"% Vot/Ins":27.29,"Blancs":67,"% Blancs/Ins":1.25,"% Blancs/Vot":4.58,"Nuls":108,"% Nuls/Ins":2.02,"% Nuls/Vot":7.39,"Exprimés":1287,"% Exp/Ins":24.02,"% Exp/Vot":88.03,"resultats":[{"N.Pan.":null,"Code Nuance":"LDVD","Sexe":"M","Nom":"GENET","Prénom":"Fabien","Liste":"GENERATION DIGOIN","Sièges / Elu":"29","Sièges Secteur":0,"Sièges CC":12,"Voix":1287,"% Voix/Ins":24.02,"% Voix/Exp":100}]},"population":{"F0-2":75.7491915461584,"F3-5":101.218298956583,"F6-10":177.592086472325,"F11-17":261.875164018703,"F18-24":213.862565413206,"F25-39":499.985532013436,"F40-54":649.121603129492,"F55-64":537.480234996452,"F65-79":913.293373080548,"F80+":571.583419895405,"H0-2":97.3675344518337,"H3-5":108.068418636305,"H6-10":185.876591466002,"H11-17":259.85196234375,"H18-24":283.620211327607,"H25-39":528.542818797727,"H40-54":620.864949761695,"H55-64":552.697601456445,"H65-79":706.867011802089,"H80+":270.481430434237},"Analyse":{"Votes décisifs":1288,"tour décisif":1,"majeurs":6348.4007521083395,"Non votants de 18-24":382.91536866508284}}