{"id":7426,"slug":"71-182-dracy-le-fort","nom_standard":"Dracy-le-Fort","code_postal":"71","code_departement":"71","libelle_departement":"Saône-et-Loire","code_commune":"182","Tour 1":{"Inscrits":1080,"Abstentions":662,"% Abs/Ins":61.3,"Votants":418,"% Vot/Ins":38.7,"Blancs":5,"% Blancs/Ins":0.46,"% Blancs/Vot":1.2,"Nuls":31,"% Nuls/Ins":2.87,"% Nuls/Vot":7.42,"Exprimés":382,"% Exp/Ins":35.37,"% Exp/Vot":91.39,"resultats":[{"N.Pan.":null,"Code Nuance":"LNC","Sexe":"M","Nom":"GROSJEAN","Prénom":"Olivier","Liste":"ENSEMBLE POUR DRACY-LE-FORT","Sièges / Elu":"15","Sièges Secteur":0,"Sièges CC":1,"Voix":382,"% Voix/Ins":35.37,"% Voix/Exp":100}]},"population":{"F0-2":14.9436220537965,"F3-5":14.9495871473106,"F6-10":28.8731630855334,"F11-17":46.8650553512742,"F18-24":22.9772040616451,"F25-39":67.8840264287851,"F40-54":153.881802943684,"F55-64":127.241343205353,"F65-79":189.333628795114,"F80+":100.104553393419,"H0-2":7.98481214049407,"H3-5":14.9346789310855,"H6-10":29.8545562366109,"H11-17":63.801173363596,"H18-24":16.9829680579076,"H25-39":70.9038237147917,"H40-54":134.841682732045,"H55-64":126.191052785663,"H65-79":173.363697560723,"H80+":52.0875680111694},"Analyse":{"Votes décisifs":383,"tour décisif":1,"majeurs":1235.7933516903,"Non votants de 18-24":26.443873522277972}}