{"id":7419,"slug":"71-153-le-creusot","nom_standard":"Le Creusot","code_postal":"71","code_departement":"71","libelle_departement":"Saône-et-Loire","code_commune":"153","Tour 1":{"Inscrits":13604,"Abstentions":8061,"% Abs/Ins":59.25,"Votants":5543,"% Vot/Ins":40.75,"Blancs":53,"% Blancs/Ins":0.39,"% Blancs/Vot":0.96,"Nuls":104,"% Nuls/Ins":0.76,"% Nuls/Vot":1.88,"Exprimés":5386,"% Exp/Ins":39.59,"% Exp/Vot":97.17,"resultats":[{"N.Pan.":null,"Code Nuance":"LEXG","Sexe":"F","Nom":"LUCOTTE","Prénom":"Julie","Liste":"LUTTE OUVRIERE-FAIRE ENTENDRE LE CAMP DES TRAVAILLEURS","Sièges / Elu":"0","Sièges Secteur":0,"Sièges CC":0,"Voix":161,"% Voix/Ins":1.18,"% Voix/Exp":2.99},{"N.Pan.":2,"Code Nuance":"LDVD","Sexe":"M","Nom":"LANDRE","Prénom":"Charles","Liste":"LE CREUSOT EN GRAND","Sièges / Elu":"5","Sièges Secteur":0,"Sièges CC":2,"Voix":1539,"% Voix/Ins":11.31,"% Voix/Exp":28.57},{"N.Pan.":3,"Code Nuance":"LVEC","Sexe":"M","Nom":"GRAFFARD","Prénom":"Pierre-Etienne","Liste":"PARCE QUE C'EST MAINTENANT !","Sièges / Elu":1,"Sièges CC":0,"Voix":470,"% Voix/Ins":3.45,"% Voix/Exp":8.73},{"N.Pan.":4,"Code Nuance":"LDVG","Sexe":"M","Nom":"MARTI","Prénom":"David","Liste":"LE CREUSOT, UN AVENIR, UNE AMBITION","Sièges / Elu":29,"Sièges CC":12,"Voix":3216,"% Voix/Ins":23.64,"% Voix/Exp":59.71}]},"population":{"F0-2":242.474946140816,"F3-5":256.809925730484,"F6-10":502.226566411392,"F11-17":790.4535161095,"F18-24":781.095661497884,"F25-39":1485.26563887826,"F40-54":1783.0782186323,"F55-64":1511.58804776507,"F65-79":2174.17693145745,"F80+":1583.72609367287,"H0-2":247.678907533891,"H3-5":268.256922289734,"H6-10":547.851601103647,"H11-17":647.258070616632,"H18-24":1202.22594302985,"H25-39":1530.38055064378,"H40-54":1705.10557278299,"H55-64":1305.8270462449,"H65-79":1756.6163520834,"H80+":734.903487375147},"Analyse":{"Votes décisifs":1047,"tour décisif":1,"majeurs":17553.989544063905,"Non votants de 18-24":1357.0507715469298}}