{"id":7443,"slug":"71-275-marcigny","nom_standard":"Marcigny","code_postal":"71","code_departement":"71","libelle_departement":"Saône-et-Loire","code_commune":"275","Tour 1":{"Inscrits":1226,"Abstentions":453,"% Abs/Ins":36.95,"Votants":773,"% Vot/Ins":63.05,"Blancs":9,"% Blancs/Ins":0.73,"% Blancs/Vot":1.16,"Nuls":15,"% Nuls/Ins":1.22,"% Nuls/Vot":1.94,"Exprimés":749,"% Exp/Ins":61.09,"% Exp/Vot":96.9,"resultats":[{"N.Pan.":null,"Code Nuance":"LNC","Sexe":"M","Nom":"PONCET","Prénom":"Louis","Liste":"CONTINUITE ENGAGEMENT AMBITION","Sièges / Elu":"4","Sièges Secteur":0,"Sièges CC":1,"Voix":326,"% Voix/Ins":26.59,"% Voix/Exp":43.52},{"N.Pan.":2,"Code Nuance":"LNC","Sexe":"F","Nom":"CHENUET GAILLARD","Prénom":"Carole","Liste":"ensemble allons plus loin","Sièges / Elu":"15","Sièges Secteur":0,"Sièges CC":6,"Voix":423,"% Voix/Ins":34.5,"% Voix/Exp":56.48}]},"population":{"F0-2":11.8696761013813,"F3-5":17.8113509444777,"F6-10":38.6116788852509,"F11-17":57.5041227699585,"F18-24":27.9048961575238,"F25-39":94.4714654234604,"F40-54":133.455404561957,"F55-64":115.031745986209,"F65-79":224.211464767446,"F80+":227.425627914654,"H0-2":10.8840957389454,"H3-5":20.8137128251634,"H6-10":40.5333813093026,"H11-17":65.4758821741803,"H18-24":34.8007821255872,"H25-39":92.6776634525032,"H40-54":124.502479237648,"H55-64":84.9596061483053,"H65-79":186.022559561691,"H80+":114.032403914354},"Analyse":{"Votes décisifs":98,"tour décisif":1,"majeurs":1459.4960992513388,"Non votants de 18-24":29.49456566848416}}