{"id":7460,"slug":"71-360-prisse","nom_standard":"Prissé","code_postal":"71","code_departement":"71","libelle_departement":"Saône-et-Loire","code_commune":"360","Tour 1":{"Inscrits":1304,"Abstentions":942,"% Abs/Ins":72.24,"Votants":362,"% Vot/Ins":27.76,"Blancs":8,"% Blancs/Ins":0.61,"% Blancs/Vot":2.21,"Nuls":33,"% Nuls/Ins":2.53,"% Nuls/Vot":9.12,"Exprimés":321,"% Exp/Ins":24.62,"% Exp/Vot":88.67,"resultats":[{"N.Pan.":null,"Code Nuance":"LNC","Sexe":"M","Nom":"DESROCHES","Prénom":"Pierre","Liste":"AGIR POUR VOUS, AVEC VOUS","Sièges / Elu":"19","Sièges Secteur":0,"Sièges CC":1,"Voix":321,"% Voix/Ins":24.62,"% Voix/Exp":100}]},"population":{"F0-2":22.4177838245594,"F3-5":41.1597452892579,"F6-10":55.5685495920864,"F11-17":74.2578740819775,"F18-24":47.5054031867046,"F25-39":158.020057251121,"F40-54":211.03846898279,"F55-64":136.277879664676,"F65-79":137.669986224367,"F80+":66.2188879640621,"H0-2":33.294307345541,"H3-5":37.2201048554563,"H6-10":59.4054024317102,"H11-17":92.5382021095885,"H18-24":46.2953482731893,"H25-39":158.721554399058,"H40-54":191.211266544324,"H55-64":151.296061005259,"H65-79":130.289183336096,"H80+":49.5939336381763},"Analyse":{"Votes décisifs":322,"tour décisif":1,"majeurs":1484.1380304698232,"Non votants de 18-24":70.92156412599583}}