{"id":7464,"slug":"71-378-rully","nom_standard":"Rully","code_postal":"71","code_departement":"71","libelle_departement":"Saône-et-Loire","code_commune":"378","Tour 1":{"Inscrits":1347,"Abstentions":797,"% Abs/Ins":59.17,"Votants":550,"% Vot/Ins":40.83,"Blancs":33,"% Blancs/Ins":2.45,"% Blancs/Vot":6,"Nuls":58,"% Nuls/Ins":4.31,"% Nuls/Vot":10.55,"Exprimés":459,"% Exp/Ins":34.08,"% Exp/Vot":83.45,"resultats":[{"N.Pan.":null,"Code Nuance":"LNC","Sexe":"F","Nom":"TRAPON","Prénom":"Sylvie Laurence","Liste":"REUSSIR RULLY","Sièges / Elu":"19","Sièges Secteur":0,"Sièges CC":1,"Voix":459,"% Voix/Ins":34.08,"% Voix/Exp":100}]},"population":{"F0-2":18.8188343572082,"F3-5":25.7458821822934,"F6-10":54.3791720292392,"F11-17":64.1654305086103,"F18-24":24.9111396542725,"F25-39":119.501051519217,"F40-54":169.73384404569,"F55-64":109.676719747855,"F65-79":143.303435361456,"F80+":45.574043043463,"H0-2":12.9362175146748,"H3-5":22.8042034135697,"H6-10":54.4786173931257,"H11-17":76.3033800067645,"H18-24":36.0064871415702,"H25-39":124.017981247743,"H40-54":176.699465559305,"H55-64":108.614388607372,"H65-79":138.09755103869,"H80+":25.23215562788},"Analyse":{"Votes décisifs":460,"tour décisif":1,"majeurs":1221.368262594514,"Non votants de 18-24":33.48552808833205}}