{"id":7484,"slug":"71-491-saint-yan","nom_standard":"Saint-Yan","code_postal":"71","code_departement":"71","libelle_departement":"Saône-et-Loire","code_commune":"491","Tour 1":{"Inscrits":959,"Abstentions":644,"% Abs/Ins":67.15,"Votants":315,"% Vot/Ins":32.85,"Blancs":7,"% Blancs/Ins":0.73,"% Blancs/Vot":2.22,"Nuls":41,"% Nuls/Ins":4.28,"% Nuls/Vot":13.02,"Exprimés":267,"% Exp/Ins":27.84,"% Exp/Vot":84.76,"resultats":[{"N.Pan.":null,"Code Nuance":"LNC","Sexe":"F","Nom":"PONSOT","Prénom":"Elisabeth","Liste":"SAINT YAN ENSEMBLE","Sièges / Elu":"15","Sièges Secteur":0,"Sièges CC":1,"Voix":267,"% Voix/Ins":27.84,"% Voix/Exp":100}]},"population":{"F0-2":16.7285739047214,"F3-5":18.6131327517848,"F6-10":35.3738181805835,"F11-17":48.2311168095111,"F18-24":15.9159967249273,"F25-39":74.1686128593042,"F40-54":120.258179920892,"F55-64":69.111519069727,"F65-79":121.330360434514,"F80+":61.3101157607975,"H0-2":13.8038092022396,"H3-5":14.7106849218818,"H6-10":33.4416605824929,"H11-17":60.0876568667222,"H18-24":38.8401454744677,"H25-39":66.4177263435897,"H40-54":109.189295181248,"H55-64":84.0912666991579,"H65-79":109.242883241852,"H80+":42.1334450695844},"Analyse":{"Votes décisifs":268,"tour décisif":1,"majeurs":912.0095467800617,"Non votants de 18-24":35.84385684700388}}