{"id":7486,"slug":"71-499-sanvignes-les-mines","nom_standard":"Sanvignes-les-Mines","code_postal":"71","code_departement":"71","libelle_departement":"Saône-et-Loire","code_commune":"499","Tour 1":{"Inscrits":3190,"Abstentions":2449,"% Abs/Ins":76.77,"Votants":741,"% Vot/Ins":23.23,"Blancs":27,"% Blancs/Ins":0.85,"% Blancs/Vot":3.64,"Nuls":39,"% Nuls/Ins":1.22,"% Nuls/Vot":5.26,"Exprimés":675,"% Exp/Ins":21.16,"% Exp/Vot":91.09,"resultats":[{"N.Pan.":null,"Code Nuance":"LDVG","Sexe":"M","Nom":"LAGRANGE","Prénom":"Jean-Claude","Liste":"Sanvignes est dans ma nature","Sièges / Elu":"27","Sièges Secteur":0,"Sièges CC":3,"Voix":675,"% Voix/Ins":21.16,"% Voix/Exp":100}]},"population":{"F0-2":72.3848772392782,"F3-5":74.3599903941373,"F6-10":133.691029463732,"F11-17":148.672259945378,"F18-24":72.8460846306456,"F25-39":339.988741346356,"F40-54":430.512875208462,"F55-64":300.722904586758,"F65-79":393.310871410296,"F80+":251.555538666971,"H0-2":56.5452793631606,"H3-5":90.1407479872004,"H6-10":131.739744819885,"H11-17":211.318700697554,"H18-24":100.734145185285,"H25-39":326.622447437694,"H40-54":465.607734667608,"H55-64":301.335724264475,"H65-79":316.845444161334,"H80+":106.06485852379},"Analyse":{"Votes décisifs":676,"tour décisif":1,"majeurs":3406.1473700896745,"Non votants de 18-24":135.81822590996975}}