{"id":7487,"slug":"71-502-sassenay","nom_standard":"Sassenay","code_postal":"71","code_departement":"71","libelle_departement":"Saône-et-Loire","code_commune":"502","Tour 1":{"Inscrits":1243,"Abstentions":544,"% Abs/Ins":43.77,"Votants":699,"% Vot/Ins":56.23,"Blancs":6,"% Blancs/Ins":0.48,"% Blancs/Vot":0.86,"Nuls":16,"% Nuls/Ins":1.29,"% Nuls/Vot":2.29,"Exprimés":677,"% Exp/Ins":54.47,"% Exp/Vot":96.85,"resultats":[{"N.Pan.":null,"Code Nuance":"LNC","Sexe":"M","Nom":"EXERTIER","Prénom":"Philippe","Liste":"SASSENAY ENSEMBLE MAINTENANT","Sièges / Elu":"3","Sièges Secteur":0,"Sièges CC":0,"Voix":214,"% Voix/Ins":17.22,"% Voix/Exp":31.61},{"N.Pan.":2,"Code Nuance":"LNC","Sexe":"F","Nom":"STROEHER","Prénom":"Gilberte","Liste":"UN NOUVEL ELAN POUR SASSENAY","Sièges / Elu":"16","Sièges Secteur":0,"Sièges CC":1,"Voix":463,"% Voix/Ins":37.25,"% Voix/Exp":68.39}]},"population":{"F0-2":20.867391825483,"F3-5":38.73126440628,"F6-10":50.4989561496322,"F11-17":66.2907229839364,"F18-24":32.8562863002932,"F25-39":109.881699817771,"F40-54":181.630818967329,"F55-64":112.863738836685,"F65-79":130.424912698948,"F80+":45.0110238636858,"H0-2":23.8190462893801,"H3-5":22.8271578074959,"H6-10":56.5187478107285,"H11-17":59.4057929206177,"H18-24":43.1281555219897,"H25-39":117.024307405416,"H40-54":176.590678583847,"H55-64":129.391219359024,"H65-79":133.531997505004,"H80+":34.7060809464538},"Analyse":{"Votes décisifs":250,"tour décisif":1,"majeurs":1247.0409198064465,"Non votants de 18-24":33.393117038795076}}