{"id":7499,"slug":"71-555-varennes-le-grand","nom_standard":"Varennes-le-Grand","code_postal":"71","code_departement":"71","libelle_departement":"Saône-et-Loire","code_commune":"555","Tour 1":{"Inscrits":1414,"Abstentions":605,"% Abs/Ins":42.79,"Votants":809,"% Vot/Ins":57.21,"Blancs":6,"% Blancs/Ins":0.42,"% Blancs/Vot":0.74,"Nuls":15,"% Nuls/Ins":1.06,"% Nuls/Vot":1.85,"Exprimés":788,"% Exp/Ins":55.73,"% Exp/Vot":97.4,"resultats":[{"N.Pan.":null,"Code Nuance":"LNC","Sexe":"F","Nom":"JORLAND","Prénom":"Laurence","Liste":"VARENNES PERSPECTIVES","Sièges / Elu":"4","Sièges Secteur":0,"Sièges CC":0,"Voix":354,"% Voix/Ins":25.04,"% Voix/Exp":44.92},{"N.Pan.":2,"Code Nuance":"LNC","Sexe":"M","Nom":"VALENTIM","Prénom":"Eric","Liste":"VARENNES 2020","Sièges / Elu":"15","Sièges Secteur":0,"Sièges CC":1,"Voix":434,"% Voix/Ins":30.69,"% Voix/Exp":55.08}]},"population":{"F0-2":33.6572896423544,"F3-5":23.5929148310332,"F6-10":49.2811759695338,"F11-17":98.2550404469824,"F18-24":46.0005279118001,"F25-39":154.109705207128,"F40-54":208.693907369266,"F55-64":143.543406204525,"F65-79":129.658675957351,"F80+":77.410543564572,"H0-2":27.8272254007622,"H3-5":28.7018987736484,"H6-10":40.0935958728193,"H11-17":104.618778031747,"H18-24":153.992917592495,"H25-39":382.748470561026,"H40-54":292.775625733125,"H55-64":154.568183055376,"H65-79":138.284827820335,"H80+":43.185290054119},"Analyse":{"Votes décisifs":81,"tour décisif":1,"majeurs":1924.9720810311183,"Non votants de 18-24":115.94303302958076}}