{"id":7498,"slug":"71-545-tramayes","nom_standard":"Tramayes","code_postal":"71","code_departement":"71","libelle_departement":"Saône-et-Loire","code_commune":"545","Tour 1":{"Inscrits":719,"Abstentions":466,"% Abs/Ins":64.81,"Votants":253,"% Vot/Ins":35.19,"Blancs":23,"% Blancs/Ins":3.2,"% Blancs/Vot":9.09,"Nuls":23,"% Nuls/Ins":3.2,"% Nuls/Vot":9.09,"Exprimés":207,"% Exp/Ins":28.79,"% Exp/Vot":81.82,"resultats":[{"N.Pan.":null,"Code Nuance":"LNC","Sexe":"M","Nom":"MAYA","Prénom":"Michel","Liste":"TRAMAYES, VILLAGE D'AVENIR","Sièges / Elu":"15","Sièges Secteur":0,"Sièges CC":3,"Voix":207,"% Voix/Ins":28.79,"% Voix/Exp":100}]},"population":{"F0-2":8.99735696854108,"F3-5":9.00403065936115,"F6-10":37.0285437490309,"F11-17":44.1215971093602,"F18-24":15.0815157123129,"F25-39":63.1888624378107,"F40-54":94.5148517043243,"F55-64":81.7472378473292,"F65-79":112.039502749513,"F80+":96.5666828750527,"H0-2":10.0130146300305,"H3-5":22.0005737941334,"H6-10":36.0528612451424,"H11-17":49.1128934809124,"H18-24":18.1018945081778,"H25-39":68.3447243176269,"H40-54":89.5001199699418,"H55-64":64.5436311660417,"H65-79":94.8459851501065,"H80+":47.1941199252508},"Analyse":{"Votes décisifs":208,"tour décisif":1,"majeurs":845.6691283634882,"Non votants de 18-24":23.255883597837865}}