{"id":7402,"slug":"71-59-le-breuil","nom_standard":"Le Breuil","code_postal":"71","code_departement":"71","libelle_departement":"Saône-et-Loire","code_commune":"59","Tour 1":{"Inscrits":2991,"Abstentions":1815,"% Abs/Ins":60.68,"Votants":1176,"% Vot/Ins":39.32,"Blancs":47,"% Blancs/Ins":1.57,"% Blancs/Vot":4,"Nuls":33,"% Nuls/Ins":1.1,"% Nuls/Vot":2.81,"Exprimés":1096,"% Exp/Ins":36.64,"% Exp/Vot":93.2,"resultats":[{"N.Pan.":null,"Code Nuance":"LSOC","Sexe":"F","Nom":"CORDELIER","Prénom":"Chantal","Liste":"LE BREUIL AVEC ET POUR VOUS","Sièges / Elu":"22","Sièges Secteur":0,"Sièges CC":2,"Voix":675,"% Voix/Ins":22.57,"% Voix/Exp":61.59},{"N.Pan.":2,"Code Nuance":"LDIV","Sexe":"M","Nom":"ECHALIER","Prénom":"Laurent","Liste":"NOUVEL ELAN POUR LE BREUIL","Sièges / Elu":"5","Sièges Secteur":0,"Sièges CC":0,"Voix":421,"% Voix/Ins":14.08,"% Voix/Exp":38.41}]},"population":{"F0-2":35.6304399248149,"F3-5":55.2162373532355,"F6-10":70.0788922535895,"F11-17":122.586949505295,"F18-24":53.8149147515985,"F25-39":215.480751736635,"F40-54":323.913403813326,"F55-64":306.597119069928,"F65-79":428.127809766714,"F80+":164.633174310481,"H0-2":38.5524211061392,"H3-5":48.3670100401631,"H6-10":104.525704566233,"H11-17":148.155350920254,"H18-24":95.5107596439303,"H25-39":227.878493408354,"H40-54":307.844691629407,"H55-64":298.172247774255,"H65-79":369.112332274622,"H80+":120.801296151026},"Analyse":{"Votes décisifs":255,"tour décisif":1,"majeurs":2911.8869943302766,"Non votants de 18-24":89.01873479551494}}