{"id":7500,"slug":"71-558-varennes-saint-sauveur","nom_standard":"Varennes-Saint-Sauveur","code_postal":"71","code_departement":"71","libelle_departement":"Saône-et-Loire","code_commune":"558","Tour 1":{"Inscrits":855,"Abstentions":504,"% Abs/Ins":58.95,"Votants":351,"% Vot/Ins":41.05,"Blancs":8,"% Blancs/Ins":0.94,"% Blancs/Vot":2.28,"Nuls":62,"% Nuls/Ins":7.25,"% Nuls/Vot":17.66,"Exprimés":281,"% Exp/Ins":32.87,"% Exp/Vot":80.06,"resultats":[{"N.Pan.":null,"Code Nuance":"LNC","Sexe":"M","Nom":"LONGIN","Prénom":"Jean Michel","Liste":"BIEN VIVRE A VARENNES","Sièges / Elu":"15","Sièges Secteur":0,"Sièges CC":2,"Voix":281,"% Voix/Ins":32.87,"% Voix/Exp":100}]},"population":{"F0-2":16.8707361966717,"F3-5":12.9060002601732,"F6-10":26.8058423985323,"F11-17":47.6880418107859,"F18-24":33.849236907204,"F25-39":64.7206782618779,"F40-54":114.65821187308,"F55-64":74.0972464362667,"F65-79":129.224244938411,"F80+":66.167231862119,"H0-2":10.9362009242656,"H3-5":18.8727829255671,"H6-10":24.8109703999906,"H11-17":41.7535451487584,"H18-24":31.897582654737,"H25-39":80.7527150930317,"H40-54":114.720933972627,"H55-64":70.0519955622733,"H65-79":107.132254257481,"H80+":43.0835481161458},"Analyse":{"Votes décisifs":282,"tour décisif":1,"majeurs":930.3558799352545,"Non votants de 18-24":40.94218924365111}}