{"id":7406,"slug":"71-81-champforgeuil","nom_standard":"Champforgeuil","code_postal":"71","code_departement":"71","libelle_departement":"Saône-et-Loire","code_commune":"81","Tour 1":{"Inscrits":1637,"Abstentions":1105,"% Abs/Ins":67.5,"Votants":532,"% Vot/Ins":32.5,"Blancs":31,"% Blancs/Ins":1.89,"% Blancs/Vot":5.83,"Nuls":67,"% Nuls/Ins":4.09,"% Nuls/Vot":12.59,"Exprimés":434,"% Exp/Ins":26.51,"% Exp/Vot":81.58,"resultats":[{"N.Pan.":null,"Code Nuance":"LNC","Sexe":"F","Nom":"SASSIGNOL","Prénom":"Annie","Liste":"CHAMPFORGEUIL, UNION D'AVENIR","Sièges / Elu":"23","Sièges Secteur":0,"Sièges CC":1,"Voix":434,"% Voix/Ins":26.51,"% Voix/Exp":100}]},"population":{"F0-2":41.8248154943522,"F3-5":59.0969656408357,"F6-10":77.4015820975997,"F11-17":127.381119107145,"F18-24":66.4229304942179,"F25-39":199.206565576496,"F40-54":249.718497805741,"F55-64":178.907479411,"F65-79":225.504458187734,"F80+":74.1898870072238,"H0-2":49.9439263268415,"H3-5":48.8550865958878,"H6-10":101.762986868272,"H11-17":144.572246464633,"H18-24":76.5335532099743,"H25-39":213.748460844124,"H40-54":241.426411271125,"H55-64":155.171861157768,"H65-79":195.425801899364,"H80+":66.9053645396651},"Analyse":{"Votes décisifs":435,"tour décisif":1,"majeurs":1943.161271404433,"Non votants de 18-24":103.81776143248771}}