{"id":7112,"slug":"68-249-orbey","nom_standard":"Orbey","code_postal":"68","code_departement":"68","libelle_departement":"Haut-Rhin","code_commune":"249","Tour 1":{"Inscrits":2669,"Abstentions":2007,"% Abs/Ins":75.2,"Votants":662,"% Vot/Ins":24.8,"Blancs":46,"% Blancs/Ins":1.72,"% Blancs/Vot":6.95,"Nuls":67,"% Nuls/Ins":2.51,"% Nuls/Vot":10.12,"Exprimés":549,"% Exp/Ins":20.57,"% Exp/Vot":82.93,"resultats":[{"N.Pan.":null,"Code Nuance":"LDVD","Sexe":"M","Nom":"JACQUEY","Prénom":"Guy","Liste":"ORBEY PASSIONNEMENT","Sièges / Elu":"27","Sièges Secteur":0,"Sièges CC":6,"Voix":549,"% Voix/Ins":20.57,"% Voix/Exp":100}]},"population":{"F0-2":31.5983444570572,"F3-5":36.0415376997394,"F6-10":88.738946212919,"F11-17":141.145856024441,"F18-24":99.8335637192073,"F25-39":227.344485079395,"F40-54":373.798828510612,"F55-64":238.127102122868,"F65-79":277.391112179873,"F80+":202.028139638683,"H0-2":37.3626746917657,"H3-5":38.1564529554795,"H6-10":91.0618628968159,"H11-17":167.886153678597,"H18-24":152.333903633355,"H25-39":271.748139742368,"H40-54":332.702528102049,"H55-64":280.404211151288,"H65-79":252.6745159244,"H80+":120.621641579088},"Analyse":{"Votes décisifs":550,"tour décisif":1,"majeurs":2829.0081713831864,"Non votants de 18-24":193.15920252108364}}