{"id":7118,"slug":"68-258-pulversheim","nom_standard":"Pulversheim","code_postal":"68","code_departement":"68","libelle_departement":"Haut-Rhin","code_commune":"258","Tour 1":{"Inscrits":2484,"Abstentions":1481,"% Abs/Ins":59.62,"Votants":1003,"% Vot/Ins":40.38,"Blancs":10,"% Blancs/Ins":0.4,"% Blancs/Vot":1,"Nuls":15,"% Nuls/Ins":0.6,"% Nuls/Vot":1.5,"Exprimés":978,"% Exp/Ins":39.37,"% Exp/Vot":97.51,"resultats":[{"N.Pan.":null,"Code Nuance":"LNC","Sexe":"M","Nom":"TORANELLI","Prénom":"Christophe","Liste":"ENSEMBLE VERS LA TRANSPARENCE","Sièges / Elu":"18","Sièges Secteur":0,"Sièges CC":1,"Voix":570,"% Voix/Ins":22.95,"% Voix/Exp":58.28},{"N.Pan.":2,"Code Nuance":"LNC","Sexe":"M","Nom":"EICHER","Prénom":"Jean-Claude","Liste":"PULVERSHEIM...DEMAIN-UN VILLAGE DYNAMIQUE OU IL FAIT BON VIVRE","Sièges / Elu":"5","Sièges Secteur":0,"Sièges CC":0,"Voix":408,"% Voix/Ins":16.43,"% Voix/Exp":41.72}]},"population":{"F0-2":52.8539511321825,"F3-5":52.6115437364249,"F6-10":90.8823265840588,"F11-17":143.270187630591,"F18-24":103.917625607559,"F25-39":269.345171875055,"F40-54":372.916144810742,"F55-64":179.38552503787,"F65-79":201.010483846988,"F80+":108.232350507146,"H0-2":49.696724004207,"H3-5":47.5701099190835,"H6-10":92.632504975106,"H11-17":157.575817605374,"H18-24":129.130058684181,"H25-39":250.467549889769,"H40-54":375.308975302626,"H55-64":175.704357919771,"H65-79":180.612652143445,"H80+":63.8759387878208},"Analyse":{"Votes décisifs":163,"tour décisif":1,"majeurs":2409.906834412973,"Non votants de 18-24":136.05354990996278}}