{"id":7135,"slug":"68-298-sainte-marie-aux-mines","nom_standard":"Sainte-Marie-aux-Mines","code_postal":"68","code_departement":"68","libelle_departement":"Haut-Rhin","code_commune":"298","Tour 1":{"Inscrits":3338,"Abstentions":1763,"% Abs/Ins":52.82,"Votants":1575,"% Vot/Ins":47.18,"Blancs":23,"% Blancs/Ins":0.69,"% Blancs/Vot":1.46,"Nuls":57,"% Nuls/Ins":1.71,"% Nuls/Vot":3.62,"Exprimés":1495,"% Exp/Ins":44.79,"% Exp/Vot":94.92,"resultats":[{"N.Pan.":null,"Code Nuance":"LDVG","Sexe":"F","Nom":"HESTIN","Prénom":"Noëllie","Liste":"ENSEMBLE BÂTISSONS NOTRE AVENIR","Sièges / Elu":"22","Sièges Secteur":0,"Sièges CC":6,"Voix":755,"% Voix/Ins":22.62,"% Voix/Exp":50.5},{"N.Pan.":2,"Code Nuance":"LDVC","Sexe":"M","Nom":"ABEL","Prénom":"Claude","Liste":"UNE AMBITION FORTE POUR SAINTE MARIE AUX MINES","Sièges / Elu":"7","Sièges Secteur":0,"Sièges CC":1,"Voix":740,"% Voix/Ins":22.17,"% Voix/Exp":49.5}]},"population":{"F0-2":68.2922763971491,"F3-5":86.9848077217039,"F6-10":136.028082820126,"F11-17":235.073622519086,"F18-24":166.143216792488,"F25-39":403.428652994219,"F40-54":502.128182914219,"F55-64":355.698306617513,"F65-79":363.311225409293,"F80+":251.100870212437,"H0-2":60.2765745551887,"H3-5":85.9134864683317,"H6-10":149.114601009665,"H11-17":219.587829365718,"H18-24":216.780790416355,"H25-39":407.122585543039,"H40-54":545.269985304024,"H55-64":360.615619373578,"H65-79":316.743387015544,"H80+":124.385896550323},"Analyse":{"Votes décisifs":16,"tour décisif":1,"majeurs":4012.728719143032,"Non votants de 18-24":232.62595479459247}}