{"id":7144,"slug":"68-320-spechbach","nom_standard":"Spechbach","code_postal":"68","code_departement":"68","libelle_departement":"Haut-Rhin","code_commune":"320","Tour 1":{"Inscrits":1156,"Abstentions":840,"% Abs/Ins":72.66,"Votants":316,"% Vot/Ins":27.34,"Blancs":10,"% Blancs/Ins":0.87,"% Blancs/Vot":3.16,"Nuls":27,"% Nuls/Ins":2.34,"% Nuls/Vot":8.54,"Exprimés":279,"% Exp/Ins":24.13,"% Exp/Vot":88.29,"resultats":[{"N.Pan.":null,"Code Nuance":"LNC","Sexe":"M","Nom":"STOFFEL","Prénom":"Paul","Liste":"VIVRE ENSEMBLE","Sièges / Elu":"19","Sièges Secteur":0,"Sièges CC":2,"Voix":279,"% Voix/Ins":24.13,"% Voix/Exp":100}]},"population":{"F0-2":20.0239815665053,"F3-5":17.106045175559,"F6-10":42.7388817778668,"F11-17":65.8636572582315,"F18-24":27.4342045731649,"F25-39":99.2559849424422,"F40-54":174.040024584283,"F55-64":121.40063770808,"F65-79":90.8275164585569,"F80+":37.9089933708084,"H0-2":24.1200263769989,"H3-5":16.0196171050036,"H6-10":31.8116401492543,"H11-17":62.9235863268068,"H18-24":53.593884952525,"H25-39":111.218887123244,"H40-54":145.353970954267,"H55-64":133.269781199678,"H65-79":97.9540973604418,"H80+":25.1345810362832},"Analyse":{"Votes décisifs":280,"tour décisif":1,"majeurs":1117.3925642637744,"Non votants de 18-24":58.113245531727486}}