{"id":7149,"slug":"68-334-thann","nom_standard":"Thann","code_postal":"68","code_departement":"68","libelle_departement":"Haut-Rhin","code_commune":"334","Tour 1":{"Inscrits":5456,"Abstentions":3348,"% Abs/Ins":61.36,"Votants":2108,"% Vot/Ins":38.64,"Blancs":47,"% Blancs/Ins":0.86,"% Blancs/Vot":2.23,"Nuls":47,"% Nuls/Ins":0.86,"% Nuls/Vot":2.23,"Exprimés":2014,"% Exp/Ins":36.91,"% Exp/Vot":95.54,"resultats":[{"N.Pan.":null,"Code Nuance":"LDVC","Sexe":"M","Nom":"STOECKEL","Prénom":"Gilbert","Liste":"THANN, DEMAIN AVEC VOUS","Sièges / Elu":"23","Sièges Secteur":0,"Sièges CC":7,"Voix":1174,"% Voix/Ins":21.52,"% Voix/Exp":58.29},{"N.Pan.":2,"Code Nuance":"LDVC","Sexe":"M","Nom":"LUTTRINGER","Prénom":"Romain","Liste":"THANN NOUVEAUX HORIZONS","Sièges / Elu":"6","Sièges Secteur":0,"Sièges CC":2,"Voix":840,"% Voix/Ins":15.4,"% Voix/Exp":41.71}]},"population":{"F0-2":108.260837584924,"F3-5":107.0745238162,"F6-10":205.076706773956,"F11-17":366.750534115075,"F18-24":272.846846568601,"F25-39":678.643412256852,"F40-54":797.068718162301,"F55-64":519.794807767954,"F65-79":625.669338533469,"F80+":385.881869256136,"H0-2":110.157847286413,"H3-5":130.210853975794,"H6-10":224.051189057301,"H11-17":347.588827644363,"H18-24":272.625318462061,"H25-39":686.00240570786,"H40-54":784.254074708286,"H55-64":501.949418578441,"H65-79":479.107270637381,"H80+":180.985199106631},"Analyse":{"Votes décisifs":335,"tour décisif":1,"majeurs":6184.828679745972,"Non votants de 18-24":359.5566961592003}}