{"id":7162,"slug":"68-374-wintzenheim","nom_standard":"Wintzenheim","code_postal":"68","code_departement":"68","libelle_departement":"Haut-Rhin","code_commune":"374","Tour 1":{"Inscrits":5882,"Abstentions":3476,"% Abs/Ins":59.1,"Votants":2406,"% Vot/Ins":40.9,"Blancs":30,"% Blancs/Ins":0.51,"% Blancs/Vot":1.25,"Nuls":31,"% Nuls/Ins":0.53,"% Nuls/Vot":1.29,"Exprimés":2345,"% Exp/Ins":39.87,"% Exp/Vot":97.46,"resultats":[{"N.Pan.":null,"Code Nuance":"LDVC","Sexe":"M","Nom":"NICOLE","Prénom":"Serge","Liste":"VIVRE WINTZENHEIM AVEC AMBITION ET REALISME","Sièges / Elu":"24","Sièges Secteur":0,"Sièges CC":4,"Voix":1430,"% Voix/Ins":24.31,"% Voix/Exp":60.98},{"N.Pan.":2,"Code Nuance":"LDVC","Sexe":"M","Nom":"KLINGER-ZIND","Prénom":"Claude","Liste":"WINTZEN'AIME POUR VOUS, AVEC VOUS","Sièges / Elu":"5","Sièges Secteur":0,"Sièges CC":1,"Voix":915,"% Voix/Ins":15.56,"% Voix/Exp":39.02}]},"population":{"F0-2":104.353436281799,"F3-5":130.890537009029,"F6-10":234.843557387096,"F11-17":301.222923018022,"F18-24":245.176686196627,"F25-39":677.092509965484,"F40-54":762.23058053519,"F55-64":554.392903214704,"F65-79":693.358472727821,"F80+":426.090356559816,"H0-2":126.620556213731,"H3-5":150.888367169865,"H6-10":231.161986575303,"H11-17":334.318343573821,"H18-24":325.180972187305,"H25-39":654.473610137645,"H40-54":684.903659918643,"H55-64":469.535516964205,"H65-79":603.977289262766,"H80+":222.287735101126},"Analyse":{"Votes décisifs":516,"tour décisif":1,"majeurs":6318.700292771332,"Non votants de 18-24":353.18000119363194}}