{"id":7164,"slug":"68-376-wittenheim","nom_standard":"Wittenheim","code_postal":"68","code_departement":"68","libelle_departement":"Haut-Rhin","code_commune":"376","Tour 1":{"Inscrits":10447,"Abstentions":7308,"% Abs/Ins":69.95,"Votants":3139,"% Vot/Ins":30.05,"Blancs":55,"% Blancs/Ins":0.53,"% Blancs/Vot":1.75,"Nuls":81,"% Nuls/Ins":0.78,"% Nuls/Vot":2.58,"Exprimés":3003,"% Exp/Ins":28.75,"% Exp/Vot":95.67,"resultats":[{"N.Pan.":null,"Code Nuance":"LDVC","Sexe":"M","Nom":"CIRILLO","Prénom":"Raffaele","Liste":"UNION CITOYENNE POUR WITTENHEIM","Sièges / Elu":"6","Sièges Secteur":0,"Sièges CC":1,"Voix":1231,"% Voix/Ins":11.78,"% Voix/Exp":40.99},{"N.Pan.":2,"Code Nuance":"LSOC","Sexe":"M","Nom":"HOMÉ","Prénom":"Antoine","Liste":"ENSEMBLE POUR WITTENHEIM- MAJORITE MUNICIPALE AVEC ANTOINE HOMÉ","Sièges / Elu":"27","Sièges Secteur":0,"Sièges CC":4,"Voix":1772,"% Voix/Ins":16.96,"% Voix/Exp":59.01}]},"population":{"F0-2":276.956742529563,"F3-5":287.40834638812,"F6-10":446.713382795828,"F11-17":670.753653784584,"F18-24":562.848958410419,"F25-39":1404.76848700266,"F40-54":1513.52140632948,"F55-64":1000.41630702431,"F65-79":1191.56067797817,"F80+":478.888307456673,"H0-2":215.667272302259,"H3-5":310.059332655329,"H6-10":521.371910541852,"H11-17":617.744106575529,"H18-24":499.559615888428,"H25-39":1285.52507540786,"H40-54":1530.78752432991,"H55-64":888.556924294176,"H65-79":1047.05590827421,"H80+":314.836060030642},"Analyse":{"Votes décisifs":542,"tour décisif":1,"majeurs":11718.32525242694,"Non votants de 18-24":777.8200820965674}}