{"id":7176,"slug":"69-19-belleville-en-beaujolais","nom_standard":"Belleville-en-Beaujolais","code_postal":"69","code_departement":"69","libelle_departement":"Rhône","code_commune":"19","Tour 1":{"Inscrits":7768,"Abstentions":5366,"% Abs/Ins":69.08,"Votants":2402,"% Vot/Ins":30.92,"Blancs":31,"% Blancs/Ins":0.4,"% Blancs/Vot":1.29,"Nuls":47,"% Nuls/Ins":0.61,"% Nuls/Vot":1.96,"Exprimés":2324,"% Exp/Ins":29.92,"% Exp/Vot":96.75,"resultats":[{"N.Pan.":null,"Code Nuance":"LDVD","Sexe":"M","Nom":"BOSCHETTI","Prénom":"Ivano","Liste":"BELLEVILLE SAINT JEAN UN AVENIR ENSEMBLE","Sièges / Elu":"2","Sièges Secteur":0,"Sièges CC":1,"Voix":339,"% Voix/Ins":4.36,"% Voix/Exp":14.59},{"N.Pan.":2,"Code Nuance":"LDVC","Sexe":"M","Nom":"PRONCHERY","Prénom":"Frédéric","Liste":"RÉUSSIR ENSEMBLE BELLEVILLE-EN-BEAUJOLAIS","Sièges / Elu":"31","Sièges Secteur":0,"Sièges CC":12,"Voix":1621,"% Voix/Ins":20.87,"% Voix/Exp":69.75},{"N.Pan.":3,"Code Nuance":"LDVG","Sexe":"M","Nom":"THEVENET","Prénom":"Serge","Liste":"BELLEVILLE EN COMMUN","Sièges / Elu":2,"Sièges CC":1,"Voix":364,"% Voix/Ins":4.69,"% Voix/Exp":15.66}]},"population":{"F0-2":269.273682728576,"F3-5":257.89267874734,"F6-10":474.920860018897,"F11-17":679.6759442753701,"F18-24":461.924649803766,"F25-39":1353.42319749805,"F40-54":1392.92823700058,"F55-64":674.889372214227,"F65-79":830.462105728269,"F80+":471.546070461683,"H0-2":259.988019247251,"H3-5":279.783780588573,"H6-10":544.050671145545,"H11-17":677.680136950722,"H18-24":542.604906210741,"H25-39":1255.99320709108,"H40-54":1377.9755094082,"H55-64":653.000280049734,"H65-79":642.619150915873,"H80+":235.367539915526},"Analyse":{"Votes décisifs":919,"tour décisif":1,"majeurs":9892.734226297727,"Non votants de 18-24":760.6252987736}}