{"id":7187,"slug":"69-36-cercie","nom_standard":"Cercié","code_postal":"69","code_departement":"69","libelle_departement":"Rhône","code_commune":"36","Tour 1":{"Inscrits":783,"Abstentions":477,"% Abs/Ins":60.92,"Votants":306,"% Vot/Ins":39.08,"Blancs":26,"% Blancs/Ins":3.32,"% Blancs/Vot":8.5,"Nuls":38,"% Nuls/Ins":4.85,"% Nuls/Vot":12.42,"Exprimés":242,"% Exp/Ins":30.91,"% Exp/Vot":79.08,"resultats":[{"N.Pan.":null,"Code Nuance":"LNC","Sexe":"M","Nom":"CLAUZEL","Prénom":"Christophe","Liste":"Cercié à venir","Sièges / Elu":"15","Sièges Secteur":0,"Sièges CC":2,"Voix":242,"% Voix/Ins":30.91,"% Voix/Exp":100}]},"population":{"F0-2":13.8950045020057,"F3-5":20.8186647802276,"F6-10":38.6206738227698,"F11-17":75.2445678916004,"F18-24":36.739346843413,"F25-39":97.6314238718784,"F40-54":120.435886943722,"F55-64":84.4109005584553,"F65-79":63.4432280980896,"F80+":22.1786255623682,"H0-2":21.8377115558304,"H3-5":15.8721644944553,"H6-10":45.5918342657755,"H11-17":65.4123161605332,"H18-24":38.8323290598716,"H25-39":88.8194709355081,"H40-54":125.389638366374,"H55-64":70.2986575810468,"H65-79":71.4057317390596,"H80+":18.1218229670153},"Analyse":{"Votes décisifs":243,"tour décisif":1,"majeurs":837.7070625268018,"Non votants de 18-24":47.96664084884369}}