{"id":7188,"slug":"69-40-champagne-au-mont-d-or","nom_standard":"Champagne-au-Mont-d'Or","code_postal":"69","code_departement":"69","libelle_departement":"Rhône","code_commune":"40","Tour 1":{"Inscrits":3864,"Abstentions":2344,"% Abs/Ins":60.66,"Votants":1520,"% Vot/Ins":39.34,"Blancs":25,"% Blancs/Ins":0.65,"% Blancs/Vot":1.64,"Nuls":37,"% Nuls/Ins":0.96,"% Nuls/Vot":2.43,"Exprimés":1458,"% Exp/Ins":37.73,"% Exp/Vot":95.92,"resultats":[{"N.Pan.":null,"Code Nuance":"LDVC","Sexe":"F","Nom":"GAZAN","Prénom":"Véronique","Liste":"VIVONS CHAMPAGNE","Sièges / Elu":"24","Sièges Secteur":0,"Sièges CC":0,"Voix":928,"% Voix/Ins":24.02,"% Voix/Exp":63.65},{"N.Pan.":2,"Code Nuance":"LDVC","Sexe":"M","Nom":"MERCIER","Prénom":"Daniel","Liste":"Ensemble pour Champagne","Sièges / Elu":"5","Sièges Secteur":0,"Sièges CC":0,"Voix":530,"% Voix/Ins":13.72,"% Voix/Exp":36.35}]},"population":{"F0-2":110.11891679279,"F3-5":123.600372899975,"F6-10":178.587674824145,"F11-17":219.129120880758,"F18-24":193.456374585792,"F25-39":512.832023974977,"F40-54":573.025008468495,"F55-64":368.752817047888,"F65-79":453.426423190375,"F80+":269.041678657127,"H0-2":75.850432211487,"H3-5":112.151123001665,"H6-10":171.303185202477,"H11-17":254.433506626701,"H18-24":214.272485467859,"H25-39":534.644680067504,"H40-54":486.6523596898,"H55-64":339.458020503129,"H65-79":378.115669393,"H80+":180.148126514057},"Analyse":{"Votes décisifs":399,"tour décisif":1,"majeurs":4503.825667560003,"Non votants de 18-24":270.12409623131936}}