{"id":7567,"slug":"72-183-marcon","nom_standard":"Marçon","code_postal":"72","code_departement":"72","libelle_departement":"Sarthe","code_commune":"183","Tour 1":{"Inscrits":814,"Abstentions":412,"% Abs/Ins":50.61,"Votants":402,"% Vot/Ins":49.39,"Blancs":49,"% Blancs/Ins":6.02,"% Blancs/Vot":12.19,"Nuls":91,"% Nuls/Ins":11.18,"% Nuls/Vot":22.64,"Exprimés":262,"% Exp/Ins":32.19,"% Exp/Vot":65.17,"resultats":[{"N.Pan.":null,"Code Nuance":"LNC","Sexe":"F","Nom":"TROTIN","Prénom":"Monique","Liste":"Marçon solidaire, village d'avenir","Sièges / Elu":"15","Sièges Secteur":0,"Sièges CC":1,"Voix":262,"% Voix/Ins":32.19,"% Voix/Exp":100}]},"population":{"F0-2":16.5607760999992,"F3-5":16.6150713281736,"F6-10":33.4238734947735,"F11-17":49.9665546697643,"F18-24":27.50261431114,"F25-39":93.3349583576645,"F40-54":97.4697155826167,"F55-64":79.8613137862036,"F65-79":90.5697935995524,"F80+":49.3593010649294,"H0-2":28.0617390316414,"H3-5":20.8158282773621,"H6-10":32.1932244344072,"H11-17":43.5601057944416,"H18-24":33.597864034049,"H25-39":86.4433311821459,"H40-54":94.7203664466573,"H55-64":77.1967797808721,"H65-79":80.8625741415772,"H80+":23.884214582029},"Analyse":{"Votes décisifs":263,"tour décisif":1,"majeurs":834.8028268694371,"Non votants de 18-24":31.67749185761745}}