{"id":7568,"slug":"72-187-marigne-laille","nom_standard":"Marigné-Laillé","code_postal":"72","code_departement":"72","libelle_departement":"Sarthe","code_commune":"187","Tour 1":{"Inscrits":1225,"Abstentions":644,"% Abs/Ins":52.57,"Votants":581,"% Vot/Ins":47.43,"Blancs":9,"% Blancs/Ins":0.73,"% Blancs/Vot":1.55,"Nuls":9,"% Nuls/Ins":0.73,"% Nuls/Vot":1.55,"Exprimés":563,"% Exp/Ins":45.96,"% Exp/Vot":96.9,"resultats":[{"N.Pan.":null,"Code Nuance":"LNC","Sexe":"M","Nom":"COVEMAEKER","Prénom":"Dominique","Liste":"Marigné-Laillé : Réussir ensembl","Sièges / Elu":"17","Sièges Secteur":0,"Sièges CC":2,"Voix":408,"% Voix/Ins":33.31,"% Voix/Exp":72.47},{"N.Pan.":2,"Code Nuance":"LNC","Sexe":"M","Nom":"HABERT","Prénom":"Bruno","Liste":"UN NOUVEAU SOUFFLE POUR MARIGNE LAILLE","Sièges / Elu":"2","Sièges Secteur":0,"Sièges CC":0,"Voix":155,"% Voix/Ins":12.65,"% Voix/Exp":27.53}]},"population":{"F0-2":34.8263806420863,"F3-5":38.7451430962969,"F6-10":52.3879883406548,"F11-17":64.4534961911088,"F18-24":32.057521668359,"F25-39":161.603836029061,"F40-54":155.476866914912,"F55-64":112.64061335001,"F65-79":96.636207275959,"F80+":33.6823244632893,"H0-2":28.7551808840175,"H3-5":40.6383844943464,"H6-10":71.2684166922363,"H11-17":84.3475670103146,"H18-24":34.9031776939148,"H25-39":146.130716202364,"H40-54":164.415573841226,"H55-64":114.569200189789,"H65-79":114.922145169569,"H80+":30.5392598504851},"Analyse":{"Votes décisifs":254,"tour décisif":1,"majeurs":1197.577442648938,"Non votants de 18-24":34.4749786531158}}