{"id":7561,"slug":"72-175-luche-pringe","nom_standard":"Luché-Pringé","code_postal":"72","code_departement":"72","libelle_departement":"Sarthe","code_commune":"175","Tour 1":{"Inscrits":1278,"Abstentions":747,"% Abs/Ins":58.45,"Votants":531,"% Vot/Ins":41.55,"Blancs":26,"% Blancs/Ins":2.03,"% Blancs/Vot":4.9,"Nuls":75,"% Nuls/Ins":5.87,"% Nuls/Vot":14.12,"Exprimés":430,"% Exp/Ins":33.65,"% Exp/Vot":80.98,"resultats":[{"N.Pan.":null,"Code Nuance":"LNC","Sexe":"M","Nom":"LESSCHAEVE","Prénom":"Marc","Liste":"Une Nouvelle Equipe, Un Nouveau Cap","Sièges / Elu":"19","Sièges Secteur":0,"Sièges CC":2,"Voix":430,"% Voix/Ins":33.65,"% Voix/Exp":100}]},"population":{"F0-2":16.1272570091817,"F3-5":16.9026086204488,"F6-10":35.5470147028903,"F11-17":67.8159453447489,"F18-24":25.4543336063611,"F25-39":100.546784670903,"F40-54":143.273705379721,"F55-64":132.216956938861,"F65-79":124.385999052629,"F80+":97.4067902815999,"H0-2":19.5507507771312,"H3-5":20.2843809085696,"H6-10":42.6318132395636,"H11-17":72.3018170266519,"H18-24":37.8194647300337,"H25-39":106.271846120856,"H40-54":147.705071592491,"H55-64":117.619790796923,"H65-79":132.28033273951,"H80+":66.8573364609255},"Analyse":{"Votes décisifs":431,"tour décisif":1,"majeurs":1231.8384123708142,"Non votants de 18-24":35.99880302920862}}