{"id":7588,"slug":"72-253-roeze-sur-sarthe","nom_standard":"Roézé-sur-Sarthe","code_postal":"72","code_departement":"72","libelle_departement":"Sarthe","code_commune":"253","Tour 1":{"Inscrits":2176,"Abstentions":1459,"% Abs/Ins":67.05,"Votants":717,"% Vot/Ins":32.95,"Blancs":129,"% Blancs/Ins":5.93,"% Blancs/Vot":17.99,"Nuls":91,"% Nuls/Ins":4.18,"% Nuls/Vot":12.69,"Exprimés":497,"% Exp/Ins":22.84,"% Exp/Vot":69.32,"resultats":[{"N.Pan.":null,"Code Nuance":"LNC","Sexe":"F","Nom":"TAUREAU","Prénom":"Catherine","Liste":"Roëzé, une Ambition Renouvelée","Sièges / Elu":"23","Sièges Secteur":0,"Sièges CC":4,"Voix":497,"% Voix/Ins":22.84,"% Voix/Exp":100}]},"population":{"F0-2":32.2294542864044,"F3-5":39.9096311327911,"F6-10":63.9122688677227,"F11-17":141.681116099252,"F18-24":84.5439037715959,"F25-39":157.144231844468,"F40-54":310.522292971695,"F55-64":176.500188092154,"F65-79":187.30677062902,"F80+":101.859057847666,"H0-2":35.9872187523589,"H3-5":42.6535295998234,"H6-10":74.769076736345,"H11-17":128.063181904068,"H18-24":96.9089082022599,"H25-39":178.66958766957,"H40-54":309.110333541147,"H55-64":209.44982895917,"H65-79":169.358176372454,"H80+":48.4212427200343},"Analyse":{"Votes décisifs":498,"tour décisif":1,"majeurs":2029.794522621234,"Non votants de 18-24":117.35683342266526}}