{"id":7578,"slug":"72-223-noyen-sur-sarthe","nom_standard":"Noyen-sur-Sarthe","code_postal":"72","code_departement":"72","libelle_departement":"Sarthe","code_commune":"223","Tour 1":{"Inscrits":1911,"Abstentions":1182,"% Abs/Ins":61.85,"Votants":729,"% Vot/Ins":38.15,"Blancs":20,"% Blancs/Ins":1.05,"% Blancs/Vot":2.74,"Nuls":58,"% Nuls/Ins":3.04,"% Nuls/Vot":7.96,"Exprimés":651,"% Exp/Ins":34.07,"% Exp/Vot":89.3,"resultats":[{"N.Pan.":null,"Code Nuance":"LNC","Sexe":"M","Nom":"MORICE","Prénom":"Jean-Louis","Liste":"Unis pour l'avenir de Noyen-sur-Sarthe","Sièges / Elu":"23","Sièges Secteur":0,"Sièges CC":6,"Voix":651,"% Voix/Ins":34.07,"% Voix/Exp":100}]},"population":{"F0-2":49.2911023259934,"F3-5":52.2389756331037,"F6-10":75.3237237539725,"F11-17":113.471248154302,"F18-24":70.5542777440999,"F25-39":224.578044637899,"F40-54":250.918891341324,"F55-64":143.67205647708,"F65-79":218.70589183013,"F80+":148.024828620345,"H0-2":53.2471265371351,"H3-5":48.1960842935124,"H6-10":101.369781414328,"H11-17":120.41156008802,"H18-24":91.6831055953645,"H25-39":210.654617623028,"H40-54":250.892275255074,"H55-64":160.838403406607,"H65-79":182.104461781417,"H80+":66.8235434872619},"Analyse":{"Votes décisifs":652,"tour décisif":1,"majeurs":2019.4503977996303,"Non votants de 18-24":103.67142272793548}}