{"id":7591,"slug":"72-262-loir-en-vallee","nom_standard":"Loir en Vallée","code_postal":"72","code_departement":"72","libelle_departement":"Sarthe","code_commune":"262","Tour 1":{"Inscrits":1632,"Abstentions":906,"% Abs/Ins":55.51,"Votants":726,"% Vot/Ins":44.49,"Blancs":41,"% Blancs/Ins":2.51,"% Blancs/Vot":5.65,"Nuls":154,"% Nuls/Ins":9.44,"% Nuls/Vot":21.21,"Exprimés":531,"% Exp/Ins":32.54,"% Exp/Vot":73.14,"resultats":[{"N.Pan.":null,"Code Nuance":"LNC","Sexe":"F","Nom":"COHU","Prénom":"Galiène","Liste":"Vivons ensemble Loir-en-Vallée","Sièges / Elu":"23","Sièges Secteur":0,"Sièges CC":4,"Voix":531,"% Voix/Ins":32.54,"% Voix/Exp":100}]},"population":{"F0-2":18.4329565993403,"F3-5":11.935595395834,"F6-10":38.7546467898873,"F11-17":82.4102715621431,"F18-24":48.8755479289607,"F25-39":112.19807368439,"F40-54":159.745276722252,"F55-64":174.382921605843,"F65-79":245.64706034885,"F80+":237.349061328111,"H0-2":25.0306080464261,"H3-5":24.251251706706,"H6-10":45.0486494432788,"H11-17":73.3173874885519,"H18-24":49.5825553998139,"H25-39":110.083687769601,"H40-54":159.060309023749,"H55-64":184.862339174909,"H65-79":234.218901677323,"H80+":84.8128983040304},"Analyse":{"Votes décisifs":532,"tour décisif":1,"majeurs":1800.8186329678329,"Non votants de 18-24":58.76472071484249}}