{"id":7619,"slug":"72-360-trange","nom_standard":"Trangé","code_postal":"72","code_departement":"72","libelle_departement":"Sarthe","code_commune":"360","Tour 1":{"Inscrits":1173,"Abstentions":677,"% Abs/Ins":57.72,"Votants":496,"% Vot/Ins":42.28,"Blancs":15,"% Blancs/Ins":1.28,"% Blancs/Vot":3.02,"Nuls":33,"% Nuls/Ins":2.81,"% Nuls/Vot":6.65,"Exprimés":448,"% Exp/Ins":38.19,"% Exp/Vot":90.32,"resultats":[{"N.Pan.":null,"Code Nuance":"LNC","Sexe":"M","Nom":"MARCHAND","Prénom":"Jacky","Liste":"LISTE D'UNION ET D'ACTION  MUNICIPALE","Sièges / Elu":"15","Sièges Secteur":0,"Sièges CC":2,"Voix":448,"% Voix/Ins":38.19,"% Voix/Exp":100}]},"population":{"F0-2":32.0699274833592,"F3-5":33.9800839615033,"F6-10":57.7391427789792,"F11-17":80.0910636016867,"F18-24":42.4455534454959,"F25-39":141.130164067374,"F40-54":158.575602203004,"F55-64":108.215474714703,"F65-79":105.180460277129,"F80+":12.7049079440419,"H0-2":31.0429142397422,"H3-5":35.1588857035066,"H6-10":55.9415811393297,"H11-17":89.8626147128996,"H18-24":57.5976449830425,"H25-39":129.850229385067,"H40-54":169.548948677276,"H55-64":95.0036956910914,"H65-79":98.7585213781291,"H80+":18.10258361264},"Analyse":{"Votes décisifs":449,"tour décisif":1,"majeurs":1137.113786378994,"Non votants de 18-24":56.40515005119115}}