{"id":7618,"slug":"72-359-torce-en-vallee","nom_standard":"Torcé-en-Vallée","code_postal":"72","code_departement":"72","libelle_departement":"Sarthe","code_commune":"359","Tour 1":{"Inscrits":1063,"Abstentions":551,"% Abs/Ins":51.83,"Votants":512,"% Vot/Ins":48.17,"Blancs":3,"% Blancs/Ins":0.28,"% Blancs/Vot":0.59,"Nuls":5,"% Nuls/Ins":0.47,"% Nuls/Vot":0.98,"Exprimés":504,"% Exp/Ins":47.41,"% Exp/Vot":98.44,"resultats":[{"N.Pan.":null,"Code Nuance":"LNC","Sexe":"M","Nom":"GICQUEL","Prénom":"Yves","Liste":"TORCÉ NOTRE VILLAGE","Sièges / Elu":"3","Sièges Secteur":0,"Sièges CC":0,"Voix":203,"% Voix/Ins":19.1,"% Voix/Exp":40.28},{"N.Pan.":2,"Code Nuance":"LNC","Sexe":"M","Nom":"ROYER","Prénom":"Jean-Michel","Liste":"Torcé Ensemble","Sièges / Elu":"12","Sièges Secteur":0,"Sièges CC":2,"Voix":301,"% Voix/Ins":28.32,"% Voix/Exp":59.72}]},"population":{"F0-2":34.3584359928877,"F3-5":38.5039409820675,"F6-10":53.8225764443735,"F11-17":87.0995523979838,"F18-24":33.2751317877777,"F25-39":155.366243952282,"F40-54":129.887430848914,"F55-64":78.8039544629284,"F65-79":74.589891640619,"F80+":26.7970500830192,"H0-2":31.28534416122,"H3-5":37.491015758398,"H6-10":66.016189088667,"H11-17":78.1559220501507,"H18-24":28.2217291923135,"H25-39":152.995151962134,"H40-54":142.08392576754,"H55-64":77.7763929675796,"H65-79":74.6256149278824,"H80+":28.8445055312622},"Analyse":{"Votes décisifs":99,"tour décisif":1,"majeurs":1003.2670231242521,"Non votants de 18-24":30.112999957972082}}