{"id":7524,"slug":"72-53-challes","nom_standard":"Challes","code_postal":"72","code_departement":"72","libelle_departement":"Sarthe","code_commune":"53","Tour 1":{"Inscrits":927,"Abstentions":401,"% Abs/Ins":43.26,"Votants":526,"% Vot/Ins":56.74,"Blancs":15,"% Blancs/Ins":1.62,"% Blancs/Vot":2.85,"Nuls":7,"% Nuls/Ins":0.76,"% Nuls/Vot":1.33,"Exprimés":504,"% Exp/Ins":54.37,"% Exp/Vot":95.82,"resultats":[{"N.Pan.":null,"Code Nuance":"LNC","Sexe":"M","Nom":"BORDAISEAU","Prénom":"Olivier","Liste":"Votre Village, Notre Engagement","Sièges / Elu":"2","Sièges Secteur":0,"Sièges CC":0,"Voix":181,"% Voix/Ins":19.53,"% Voix/Exp":35.91},{"N.Pan.":2,"Code Nuance":"LNC","Sexe":"M","Nom":"FOURMY","Prénom":"Guy","Liste":"ENSEMBLE POUR L'AVENIR DE CHALLES","Sièges / Elu":"13","Sièges Secteur":0,"Sièges CC":2,"Voix":323,"% Voix/Ins":34.84,"% Voix/Exp":64.09}]},"population":{"F0-2":18.8201366993287,"F3-5":25.4897674624367,"F6-10":39.7504050128525,"F11-17":72.1456270936449,"F18-24":43.3522733782978,"F25-39":94.7534386368574,"F40-54":116.310720546428,"F55-64":86.287708436671,"F65-79":84.452959351236,"F80+":27.7386034885844,"H0-2":19.4237635103495,"H3-5":13.6884600947199,"H6-10":33.742338951991,"H11-17":71.2201181499131,"H18-24":41.401099404367,"H25-39":105.215947769108,"H40-54":106.828397452869,"H55-64":94.2571418608277,"H65-79":83.4193478597325,"H80+":26.7017448397843},"Analyse":{"Votes décisifs":143,"tour décisif":1,"majeurs":910.7193830247631,"Non votants de 18-24":35.80275757162397}}