{"id":7527,"slug":"72-58-change","nom_standard":"Changé","code_postal":"72","code_departement":"72","libelle_departement":"Sarthe","code_commune":"58","Tour 1":{"Inscrits":5471,"Abstentions":3224,"% Abs/Ins":58.93,"Votants":2247,"% Vot/Ins":41.07,"Blancs":54,"% Blancs/Ins":0.99,"% Blancs/Vot":2.4,"Nuls":84,"% Nuls/Ins":1.54,"% Nuls/Vot":3.74,"Exprimés":2109,"% Exp/Ins":38.55,"% Exp/Vot":93.86,"resultats":[{"N.Pan.":null,"Code Nuance":"LDVG","Sexe":"M","Nom":"HERVÉ","Prénom":"Yves-Marie","Liste":"Changé Ensemble pour Demain","Sièges / Elu":"24","Sièges Secteur":0,"Sièges CC":10,"Voix":1358,"% Voix/Ins":24.82,"% Voix/Exp":64.39},{"N.Pan.":2,"Code Nuance":"LDIV","Sexe":"M","Nom":"BESOMBES","Prénom":"Christophe","Liste":"Changé Pour l'Avenir","Sièges / Elu":"5","Sièges Secteur":0,"Sièges CC":2,"Voix":751,"% Voix/Ins":13.73,"% Voix/Exp":35.61}]},"population":{"F0-2":96.95757623405,"F3-5":105.555212358242,"F6-10":189.133494658666,"F11-17":335.141444237224,"F18-24":170.906005974966,"F25-39":489.617867998037,"F40-54":727.271733073139,"F55-64":459.408818538444,"F65-79":544.53709665873,"F80+":265.379348652111,"H0-2":101.166372064445,"H3-5":100.071579528471,"H6-10":217.128938194827,"H11-17":347.680773673502,"H18-24":205.016093845122,"H25-39":401.784214652109,"H40-54":677.027046745698,"H55-64":475.606767586897,"H65-79":504.358139408904,"H80+":155.251475916417},"Analyse":{"Votes décisifs":608,"tour décisif":1,"majeurs":5076.164609050573,"Non votants de 18-24":209.51753587240177}}