{"id":7531,"slug":"72-71-montval-sur-loir","nom_standard":"Montval-sur-Loir","code_postal":"72","code_departement":"72","libelle_departement":"Sarthe","code_commune":"71","Tour 1":{"Inscrits":4241,"Abstentions":3009,"% Abs/Ins":70.95,"Votants":1232,"% Vot/Ins":29.05,"Blancs":80,"% Blancs/Ins":1.89,"% Blancs/Vot":6.49,"Nuls":140,"% Nuls/Ins":3.3,"% Nuls/Vot":11.36,"Exprimés":1012,"% Exp/Ins":23.86,"% Exp/Vot":82.14,"resultats":[{"N.Pan.":null,"Code Nuance":"LDVC","Sexe":"M","Nom":"RONCIÈRE","Prénom":"Hervé","Liste":"Montval-sur-Loir Nous Ressemble, Nous Rassemble","Sièges / Elu":"33","Sièges Secteur":0,"Sièges CC":9,"Voix":1012,"% Voix/Ins":23.86,"% Voix/Exp":100}]},"population":{"F0-2":56.6716874678114,"F3-5":80.1620642466945,"F6-10":150.018719527244,"F11-17":225.183909647064,"F18-24":166.154291425756,"F25-39":361.308858069631,"F40-54":522.563475844578,"F55-64":412.284401161204,"F65-79":706.579668657877,"F80+":459.152767796462,"H0-2":60.9871270888528,"H3-5":85.2866764016854,"H6-10":149.392125450039,"H11-17":252.341902940731,"H18-24":184.325459855644,"H25-39":341.296285745799,"H40-54":453.019080068756,"H55-64":400.353612473675,"H65-79":580.760857859731,"H80+":255.157028270765},"Analyse":{"Votes décisifs":1013,"tour décisif":1,"majeurs":4842.955787229879,"Non votants de 18-24":261.3211728121828}}