{"id":7221,"slug":"69-89-francheville","nom_standard":"Francheville","code_postal":"69","code_departement":"69","libelle_departement":"Rhône","code_commune":"89","Tour 1":{"Inscrits":9685,"Abstentions":5619,"% Abs/Ins":58.02,"Votants":4066,"% Vot/Ins":41.98,"Blancs":34,"% Blancs/Ins":0.35,"% Blancs/Vot":0.84,"Nuls":53,"% Nuls/Ins":0.55,"% Nuls/Vot":1.3,"Exprimés":3979,"% Exp/Ins":41.08,"% Exp/Vot":97.86,"resultats":[{"N.Pan.":null,"Code Nuance":"LDVC","Sexe":"F","Nom":"PARIS","Prénom":"Caroline","Liste":"VIVRE FRANCHEVILLE","Sièges / Elu":"0","Sièges Secteur":0,"Sièges CC":0,"Voix":932,"% Voix/Ins":9.62,"% Voix/Exp":23.42},{"N.Pan.":2,"Code Nuance":"LVEC","Sexe":"M","Nom":"LEGRAND","Prénom":"Bernard","Liste":"Demain Francheville Respire","Sièges / Elu":"0","Sièges Secteur":0,"Sièges CC":0,"Voix":1335,"% Voix/Ins":13.78,"% Voix/Exp":33.55},{"N.Pan.":3,"Code Nuance":"LLR","Sexe":"M","Nom":"RANTONNET","Prénom":"Michel","Liste":"FRANCHEVILLE NATURELLEMENT","Sièges / Elu":0,"Sièges CC":0,"Voix":1712,"% Voix/Ins":17.68,"% Voix/Exp":43.03}]},"Tour 2":{"Inscrits":9693,"Abstentions":5544,"% Abs/Ins":57.2,"Votants":4149,"% Vot/Ins":42.8,"Blancs":35,"% Blancs/Ins":0.36,"% Blancs/Vot":0.84,"Nuls":34,"% Nuls/Ins":0.35,"% Nuls/Vot":0.82,"Exprimés":4080,"% Exp/Ins":42.09,"% Exp/Vot":98.34,"resultats":[{"N.Pan.":2,"Code Nuance":"LVEC","Sexe":"M","Nom":"LEGRAND","Prénom":"Bernard","Liste":"DEMAIN FRANCHEVILLE RESPIRE, AVEC VIVRE FRANCHEVILLE","Sièges / Elu":8,"Sièges Secteur":0,"Sièges CC":0,"Voix":2004,"% Voix/Ins":20.67,"% Voix/Exp":49.12},{"N.Pan.":3,"Code Nuance":"LLR","Sexe":"M","Nom":"RANTONNET","Prénom":"Michel","Liste":"FRANCHEVILLE NATURELLEMENT","Sièges / Elu":25,"Sièges Secteur":0,"Sièges CC":0,"Voix":2076,"% Voix/Ins":21.42,"% Voix/Exp":50.88}]},"population":{"F0-2":234.525828068078,"F3-5":254.150435970478,"F6-10":532.10301361222,"F11-17":771.393199031202,"F18-24":621.574809222219,"F25-39":1315.95962052599,"F40-54":1600.00637005163,"F55-64":900.163934243842,"F65-79":1114.65600677084,"F80+":473.02089498024,"H0-2":252.514354812874,"H3-5":262.432617795063,"H6-10":570.380838100285,"H11-17":802.727469472648,"H18-24":458.679671672255,"H25-39":1177.90047852466,"H40-54":1470.06239284465,"H55-64":772.63397823937,"H65-79":889.38012911999,"H80+":346.73395694147},"Analyse":{"Votes décisifs":72,"tour décisif":2,"majeurs":11140.772243137157,"Non votants de 18-24":677.9506061346142}}