{"id":7238,"slug":"69-121-lozanne","nom_standard":"Lozanne","code_postal":"69","code_departement":"69","libelle_departement":"Rhône","code_commune":"121","Tour 1":{"Inscrits":2008,"Abstentions":1055,"% Abs/Ins":52.54,"Votants":953,"% Vot/Ins":47.46,"Blancs":12,"% Blancs/Ins":0.6,"% Blancs/Vot":1.26,"Nuls":7,"% Nuls/Ins":0.35,"% Nuls/Vot":0.73,"Exprimés":934,"% Exp/Ins":46.51,"% Exp/Vot":98.01,"resultats":[{"N.Pan.":null,"Code Nuance":"LNC","Sexe":"M","Nom":"GALLET","Prénom":"Christian","Liste":"COEUR DE VILLAGE CAP 2026","Sièges / Elu":"19","Sièges Secteur":0,"Sièges CC":2,"Voix":609,"% Voix/Ins":30.33,"% Voix/Exp":65.2},{"N.Pan.":2,"Code Nuance":"LNC","Sexe":"M","Nom":"RAZIA","Prénom":"Alban","Liste":"LOZANNE ALTERNATIVE 2020","Sièges / Elu":"4","Sièges Secteur":0,"Sièges CC":1,"Voix":325,"% Voix/Ins":16.19,"% Voix/Exp":34.8}]},"population":{"F0-2":53.3469464487342,"F3-5":62.0696620736899,"F6-10":90.0085937066574,"F11-17":116.246972229555,"F18-24":106.177063841528,"F25-39":317.254782153811,"F40-54":263.543574722146,"F55-64":153.222373631725,"F65-79":216.970074819353,"F80+":90.0175143584117,"H0-2":75.6054228770058,"H3-5":64.408188171767,"H6-10":99.1910541164323,"H11-17":108.030392087319,"H18-24":99.0989983399885,"H25-39":308.375308625319,"H40-54":286.834518287008,"H55-64":140.245570982786,"H65-79":168.975893215349,"H80+":60.3770953114141},"Analyse":{"Votes décisifs":285,"tour décisif":1,"majeurs":2211.092768288839,"Non votants de 18-24":116.80031387070207}}