{"id":7264,"slug":"69-154-pollionnay","nom_standard":"Pollionnay","code_postal":"69","code_departement":"69","libelle_departement":"Rhône","code_commune":"154","Tour 1":{"Inscrits":1609,"Abstentions":926,"% Abs/Ins":57.55,"Votants":683,"% Vot/Ins":42.45,"Blancs":7,"% Blancs/Ins":0.44,"% Blancs/Vot":1.02,"Nuls":8,"% Nuls/Ins":0.5,"% Nuls/Vot":1.17,"Exprimés":668,"% Exp/Ins":41.52,"% Exp/Vot":97.8,"resultats":[{"N.Pan.":null,"Code Nuance":"LNC","Sexe":"M","Nom":"TISSOT","Prénom":"Philippe","Liste":"L'esprit village","Sièges / Elu":"20","Sièges Secteur":0,"Sièges CC":3,"Voix":464,"% Voix/Ins":28.84,"% Voix/Exp":69.46},{"N.Pan.":2,"Code Nuance":"LNC","Sexe":"F","Nom":"BLATH","Prénom":"Danielle","Liste":"VOUS ET NOUS AVANCONS ENSEMBLE","Sièges / Elu":"3","Sièges Secteur":0,"Sièges CC":0,"Voix":204,"% Voix/Ins":12.68,"% Voix/Exp":30.54}]},"population":{"F0-2":62.4378767600993,"F3-5":79.0779581736901,"F6-10":89.435370512279,"F11-17":117.541252030171,"F18-24":63.626690049753,"F25-39":299.088973084371,"F40-54":276.294142538292,"F55-64":147.133514504398,"F65-79":150.363879890271,"F80+":180.343179496167,"H0-2":56.1997606030884,"H3-5":73.8918181162824,"H6-10":95.6261272324774,"H11-17":123.773628509463,"H18-24":86.4484588136826,"H25-39":276.299941113262,"H40-54":282.535580985179,"H55-64":145.242262876763,"H65-79":167.903925837638,"H80+":94.7356588726729},"Analyse":{"Votes décisifs":261,"tour décisif":1,"majeurs":2170.0162080624496,"Non votants de 18-24":102.83986725913493}}