{"id":7665,"slug":"73-151-porte-de-savoie","nom_standard":"Porte-de-Savoie","code_postal":"73","code_departement":"73","libelle_departement":"Savoie","code_commune":"151","Tour 1":{"Inscrits":2708,"Abstentions":1370,"% Abs/Ins":50.59,"Votants":1338,"% Vot/Ins":49.41,"Blancs":18,"% Blancs/Ins":0.66,"% Blancs/Vot":1.35,"Nuls":11,"% Nuls/Ins":0.41,"% Nuls/Vot":0.82,"Exprimés":1309,"% Exp/Ins":48.34,"% Exp/Vot":97.83,"resultats":[{"N.Pan.":null,"Code Nuance":"LDIV","Sexe":"M","Nom":"GARLATTI","Prénom":"Ghislain","Liste":"Francin-Les Marches 2020 : Renouveau Démocratique","Sièges / Elu":"6","Sièges Secteur":0,"Sièges CC":1,"Voix":593,"% Voix/Ins":21.9,"% Voix/Exp":45.3},{"N.Pan.":2,"Code Nuance":"LDIV","Sexe":"M","Nom":"VILLAND","Prénom":"Franck","Liste":"BATISSONS NOTRE AVENIR","Sièges / Elu":"23","Sièges Secteur":0,"Sièges CC":5,"Voix":716,"% Voix/Ins":26.44,"% Voix/Exp":54.7}]},"population":{"F0-2":67.5330351933236,"F3-5":71.8370700143693,"F6-10":155.760349902728,"F11-17":156.210918832751,"F18-24":96.110960043849,"F25-39":351.805058344907,"F40-54":419.714744867997,"F55-64":237.534204946236,"F65-79":270.542911182011,"F80+":104.990924497012,"H0-2":82.536115234984,"H3-5":79.3985757836933,"H6-10":115.222644578058,"H11-17":191.185666621702,"H18-24":114.443472663225,"H25-39":363.086618780508,"H40-54":372.662237146651,"H55-64":266.570609270571,"H65-79":242.908917703239,"H80+":69.9449643921851},"Analyse":{"Votes décisifs":124,"tour décisif":1,"majeurs":2910.315623838391,"Non votants de 18-24":113.7533061713533}}