{"id":7673,"slug":"73-182-mouxy","nom_standard":"Mouxy","code_postal":"73","code_departement":"73","libelle_departement":"Savoie","code_commune":"182","Tour 1":{"Inscrits":1779,"Abstentions":999,"% Abs/Ins":56.16,"Votants":780,"% Vot/Ins":43.84,"Blancs":15,"% Blancs/Ins":0.84,"% Blancs/Vot":1.92,"Nuls":10,"% Nuls/Ins":0.56,"% Nuls/Vot":1.28,"Exprimés":755,"% Exp/Ins":42.44,"% Exp/Vot":96.79,"resultats":[{"N.Pan.":null,"Code Nuance":"LNC","Sexe":"M","Nom":"FILIPPI","Prénom":"Laurent","Liste":"MOUXY AGIR ENSEMBLE POUR L'AVENIR","Sièges / Elu":"15","Sièges Secteur":0,"Sièges CC":2,"Voix":397,"% Voix/Ins":22.32,"% Voix/Exp":52.58},{"N.Pan.":2,"Code Nuance":"LNC","Sexe":"F","Nom":"KOEHREN","Prénom":"Gabrielle","Liste":"MOUXY ENSEMBLE, pour un village et un territoire d'équilibre","Sièges / Elu":"4","Sièges Secteur":0,"Sièges CC":0,"Voix":358,"% Voix/Ins":20.12,"% Voix/Exp":47.42}]},"population":{"F0-2":25.8117458898384,"F3-5":36.9272611964571,"F6-10":76.1200892580195,"F11-17":84.4101854932391,"F18-24":53.0701764102474,"F25-39":178.901420396345,"F40-54":253.417281889474,"F55-64":177.889142936883,"F65-79":172.401484156867,"F80+":46.531617542612,"H0-2":36.1183879925683,"H3-5":36.382062923099,"H6-10":83.8179409264708,"H11-17":115.312651634291,"H18-24":53.029684093945,"H25-39":182.089344130585,"H40-54":274.183069397362,"H55-64":147.660495442057,"H65-79":179.308066081659,"H80+":34.6178922079828},"Analyse":{"Votes décisifs":40,"tour décisif":1,"majeurs":1753.0996746860192,"Non votants de 18-24":58.893251326028}}