{"id":7695,"slug":"73-263-saint-offenge","nom_standard":"Saint-Offenge","code_postal":"73","code_departement":"73","libelle_departement":"Savoie","code_commune":"263","Tour 1":{"Inscrits":774,"Abstentions":204,"% Abs/Ins":26.36,"Votants":570,"% Vot/Ins":73.64,"Blancs":1,"% Blancs/Ins":0.13,"% Blancs/Vot":0.18,"Nuls":5,"% Nuls/Ins":0.65,"% Nuls/Vot":0.88,"Exprimés":564,"% Exp/Ins":72.87,"% Exp/Vot":98.95,"resultats":[{"N.Pan.":null,"Code Nuance":"LNC","Sexe":"M","Nom":"GELLOZ","Prénom":"Bernard","Liste":"Agir ensemble pour Saint-Offenge","Sièges / Elu":"16","Sièges Secteur":0,"Sièges CC":1,"Voix":391,"% Voix/Ins":50.52,"% Voix/Exp":69.33},{"N.Pan.":2,"Code Nuance":"LNC","Sexe":"M","Nom":"BURNAT","Prénom":"Daniel","Liste":"UN VILLAGE UN TERROIR DES VALEURS","Sièges / Elu":"3","Sièges Secteur":0,"Sièges CC":0,"Voix":173,"% Voix/Ins":22.35,"% Voix/Exp":30.67}]},"population":{"F0-2":16.3030931680941,"F3-5":27.9348146319948,"F6-10":53.8842039516341,"F11-17":55.0468167631349,"F18-24":19.077817150276,"F25-39":107.983081449464,"F40-54":131.346007929232,"F55-64":65.7185851062702,"F65-79":65.4358460087671,"F80+":24.1317491140028,"H0-2":28.0723543478602,"H3-5":25.9272316298185,"H6-10":56.3270987450959,"H11-17":53.5114364207015,"H18-24":24.5410173004613,"H25-39":113.213137288714,"H40-54":116.545239150822,"H55-64":79.7720640808404,"H65-79":72.6144317344769,"H80+":13.6139740283394},"Analyse":{"Votes décisifs":219,"tour décisif":1,"majeurs":833.9929503416661,"Non votants de 18-24":13.807148840283853}}