{"id":7698,"slug":"73-282-saint-thibaud-de-couz","nom_standard":"Saint-Thibaud-de-Couz","code_postal":"73","code_departement":"73","libelle_departement":"Savoie","code_commune":"282","Tour 1":{"Inscrits":810,"Abstentions":555,"% Abs/Ins":68.52,"Votants":255,"% Vot/Ins":31.48,"Blancs":9,"% Blancs/Ins":1.11,"% Blancs/Vot":3.53,"Nuls":28,"% Nuls/Ins":3.46,"% Nuls/Vot":10.98,"Exprimés":218,"% Exp/Ins":26.91,"% Exp/Vot":85.49,"resultats":[{"N.Pan.":null,"Code Nuance":"LNC","Sexe":"M","Nom":"BLANQUET","Prénom":"Denis","Liste":"ENSEMBLE POUR SAINT THIBAUD","Sièges / Elu":"15","Sièges Secteur":0,"Sièges CC":2,"Voix":218,"% Voix/Ins":26.91,"% Voix/Exp":100}]},"population":{"F0-2":22.5809382391572,"F3-5":22.6989919796675,"F6-10":49.3810852045249,"F11-17":67.1292633271318,"F18-24":28.4753687711149,"F25-39":95.1488123717639,"F40-54":124.442340367292,"F55-64":52.3471618599714,"F65-79":63.9252389373702,"F80+":13.5315659088017,"H0-2":23.5994422883432,"H3-5":19.7439014933813,"H6-10":36.4819911100873,"H11-17":56.2591970190497,"H18-24":31.3882309213962,"H25-39":95.8908504876522,"H40-54":123.507856556522,"H55-64":61.2465393895996,"H65-79":70.7115616404365,"H80+":15.5096621267366},"Analyse":{"Votes décisifs":219,"tour décisif":1,"majeurs":776.125189338657,"Non votants de 18-24":40.19510016268917}}