{"id":7682,"slug":"73-222-saint-alban-leysse","nom_standard":"Saint-Alban-Leysse","code_postal":"73","code_departement":"73","libelle_departement":"Savoie","code_commune":"222","Tour 1":{"Inscrits":4892,"Abstentions":2868,"% Abs/Ins":58.63,"Votants":2024,"% Vot/Ins":41.37,"Blancs":44,"% Blancs/Ins":0.9,"% Blancs/Vot":2.17,"Nuls":26,"% Nuls/Ins":0.53,"% Nuls/Vot":1.28,"Exprimés":1954,"% Exp/Ins":39.94,"% Exp/Vot":96.54,"resultats":[{"N.Pan.":null,"Code Nuance":"LDVD","Sexe":"M","Nom":"DYEN","Prénom":"Michel","Liste":"TOUJOURS AVEC VOUS POUR SAINT ALBAN LEYSSE","Sièges / Elu":"23","Sièges Secteur":0,"Sièges CC":2,"Voix":1097,"% Voix/Ins":22.42,"% Voix/Exp":56.14},{"N.Pan.":2,"Code Nuance":"LDVD","Sexe":"M","Nom":"SAUREL","Prénom":"Alain","Liste":"TOUS REUNIS POUR DEMAIN","Sièges / Elu":"6","Sièges Secteur":0,"Sièges CC":1,"Voix":857,"% Voix/Ins":17.52,"% Voix/Exp":43.86}]},"population":{"F0-2":99.2751457761497,"F3-5":95.1458047009238,"F6-10":154.970135083294,"F11-17":257.854180703502,"F18-24":210.928279204447,"F25-39":569.111741401804,"F40-54":647.921586650565,"F55-64":505.648398746105,"F65-79":523.471726889631,"F80+":255.7750103826,"H0-2":97.4079104251299,"H3-5":76.7342253692646,"H6-10":157.977949943174,"H11-17":269.714631536506,"H18-24":200.580468308723,"H25-39":520.933995200553,"H40-54":590.206932830259,"H55-64":427.390856361533,"H65-79":467.079316082609,"H80+":157.871704403228},"Analyse":{"Votes décisifs":241,"tour décisif":1,"majeurs":5076.920016462057,"Non votants de 18-24":247.45382794264796}}