{"id":7706,"slug":"73-303-ugine","nom_standard":"Ugine","code_postal":"73","code_departement":"73","libelle_departement":"Savoie","code_commune":"303","Tour 1":{"Inscrits":4971,"Abstentions":3105,"% Abs/Ins":62.46,"Votants":1866,"% Vot/Ins":37.54,"Blancs":29,"% Blancs/Ins":0.58,"% Blancs/Vot":1.55,"Nuls":70,"% Nuls/Ins":1.41,"% Nuls/Vot":3.75,"Exprimés":1767,"% Exp/Ins":35.55,"% Exp/Vot":94.69,"resultats":[{"N.Pan.":null,"Code Nuance":"LDIV","Sexe":"M","Nom":"LOMBARD","Prénom":"Franck","Liste":"LA PASSION D'AGIR","Sièges / Elu":"26","Sièges Secteur":0,"Sièges CC":7,"Voix":1370,"% Voix/Ins":27.56,"% Voix/Exp":77.53},{"N.Pan.":2,"Code Nuance":"LDVG","Sexe":"F","Nom":"CREPY","Prénom":"Agnès","Liste":"Ugine, décidons ensemble !","Sièges / Elu":"3","Sièges Secteur":0,"Sièges CC":0,"Voix":397,"% Voix/Ins":7.99,"% Voix/Exp":22.47}]},"population":{"F0-2":111.863448029763,"F3-5":89.7839522695705,"F6-10":202.339284093572,"F11-17":325.037548828881,"F18-24":193.792233601828,"F25-39":574.436347706987,"F40-54":675.336800566092,"F55-64":507.09441244411,"F65-79":589.450989718414,"F80+":357.608827010808,"H0-2":97.157418477431,"H3-5":128.3458175989,"H6-10":200.279502646306,"H11-17":315.928630923776,"H18-24":279.894565051054,"H25-39":599.345465536828,"H40-54":699.6108082792,"H55-64":467.377629202777,"H65-79":513.445628748872,"H80+":206.870689264831},"Analyse":{"Votes décisifs":974,"tour décisif":1,"majeurs":5664.2643971318,"Non votants de 18-24":317.63836865129946}}