{"id":7641,"slug":"73-43-la-biolle","nom_standard":"La Biolle","code_postal":"73","code_departement":"73","libelle_departement":"Savoie","code_commune":"43","Tour 1":{"Inscrits":2014,"Abstentions":1028,"% Abs/Ins":51.04,"Votants":986,"% Vot/Ins":48.96,"Blancs":8,"% Blancs/Ins":0.4,"% Blancs/Vot":0.81,"Nuls":31,"% Nuls/Ins":1.54,"% Nuls/Vot":3.14,"Exprimés":947,"% Exp/Ins":47.02,"% Exp/Vot":96.04,"resultats":[{"N.Pan.":null,"Code Nuance":"LNC","Sexe":"F","Nom":"NOVELLI","Prénom":"Julie","Liste":"ESPRIT VILLAGE","Sièges / Elu":"18","Sièges Secteur":0,"Sièges CC":2,"Voix":498,"% Voix/Ins":24.73,"% Voix/Exp":52.59},{"N.Pan.":2,"Code Nuance":"LNC","Sexe":"M","Nom":"PITILLI","Prénom":"Christophe","Liste":"Mieux Vivre La Biolle","Sièges / Elu":"5","Sièges Secteur":0,"Sièges CC":0,"Voix":449,"% Voix/Ins":22.29,"% Voix/Exp":47.41}]},"population":{"F0-2":55.2585681674699,"F3-5":33.1679448303376,"F6-10":94.9423421227724,"F11-17":154.38945685525,"F18-24":85.2405524967195,"F25-39":274.377371123976,"F40-54":318.717166011774,"F55-64":199.725198291694,"F65-79":150.81906113723,"F80+":42.9318138534068,"H0-2":51.9757316103844,"H3-5":76.1645876546122,"H6-10":124.421577677188,"H11-17":154.368437426167,"H18-24":106.428444615936,"H25-39":253.565616679379,"H40-54":315.540159231073,"H55-64":177.017768770283,"H65-79":172.028609162689,"H80+":25.9195922816591},"Analyse":{"Votes décisifs":50,"tour décisif":1,"majeurs":2122.3113536558194,"Non votants de 18-24":102.621916048165}}