{"id":7312,"slug":"69-246-theize","nom_standard":"Theizé","code_postal":"69","code_departement":"69","libelle_departement":"Rhône","code_commune":"246","Tour 1":{"Inscrits":985,"Abstentions":634,"% Abs/Ins":64.37,"Votants":351,"% Vot/Ins":35.63,"Blancs":14,"% Blancs/Ins":1.42,"% Blancs/Vot":3.99,"Nuls":51,"% Nuls/Ins":5.18,"% Nuls/Vot":14.53,"Exprimés":286,"% Exp/Ins":29.04,"% Exp/Vot":81.48,"resultats":[{"N.Pan.":null,"Code Nuance":"LNC","Sexe":"M","Nom":"VIVIER MERLE","Prénom":"Christian","Liste":"THEIZE ENSEMBLE","Sièges / Elu":"15","Sièges Secteur":0,"Sièges CC":1,"Voix":286,"% Voix/Ins":29.04,"% Voix/Exp":100}]},"population":{"F0-2":35.2065949829856,"F3-5":29.1306823544875,"F6-10":56.8506387401469,"F11-17":76.4066669925751,"F18-24":29.080472697649,"F25-39":128.720444419098,"F40-54":147.248321705209,"F55-64":59.2764439356729,"F65-79":90.684285440189,"F80+":39.8521843366344,"H0-2":25.5929277867849,"H3-5":24.9438682766161,"H6-10":47.7221618148683,"H11-17":66.6233388255605,"H18-24":19.1610124178225,"H25-39":111.247718591997,"H40-54":136.578976258338,"H55-64":93.0669634684531,"H65-79":81.8835481749868,"H80+":24.7227487799257},"Analyse":{"Votes décisifs":287,"tour décisif":1,"majeurs":961.5231202259754,"Non votants de 18-24":30.631132416359087}}