{"id":7326,"slug":"69-270-chaponnay","nom_standard":"Chaponnay","code_postal":"69","code_departement":"69","libelle_departement":"Rhône","code_commune":"270","Tour 1":{"Inscrits":3394,"Abstentions":1428,"% Abs/Ins":42.07,"Votants":1966,"% Vot/Ins":57.93,"Blancs":8,"% Blancs/Ins":0.24,"% Blancs/Vot":0.41,"Nuls":19,"% Nuls/Ins":0.56,"% Nuls/Vot":0.97,"Exprimés":1939,"% Exp/Ins":57.13,"% Exp/Vot":98.63,"resultats":[{"N.Pan.":null,"Code Nuance":"LDVC","Sexe":"F","Nom":"ALLAGNAT","Prénom":"Valérie","Liste":"Chaponnay Durable et Citoyen","Sièges / Elu":"5","Sièges Secteur":0,"Sièges CC":1,"Voix":792,"% Voix/Ins":23.34,"% Voix/Exp":40.85},{"N.Pan.":2,"Code Nuance":"LDVC","Sexe":"M","Nom":"DURAND","Prénom":"Raymond","Liste":"CHAPONNAY DEMAIN","Sièges / Elu":"22","Sièges Secteur":0,"Sièges CC":4,"Voix":1147,"% Voix/Ins":33.79,"% Voix/Exp":59.15}]},"population":{"F0-2":57.5403458887731,"F3-5":76.0794604434124,"F6-10":148.251493410192,"F11-17":239.932790253531,"F18-24":117.996295873302,"F25-39":322.798107985848,"F40-54":480.761405575812,"F55-64":293.427658626763,"F65-79":356.85988361581,"F80+":138.892158115218,"H0-2":69.2450775942678,"H3-5":85.8271231170223,"H6-10":169.714210639599,"H11-17":259.435856184548,"H18-24":110.204667317447,"H25-39":309.125215809558,"H40-54":460.282517859683,"H55-64":308.165943448278,"H65-79":306.087828917372,"H80+":100.371959323562},"Analyse":{"Votes décisifs":356,"tour décisif":1,"majeurs":3304.9736424686535,"Non votants de 18-24":92.45310491194648}}