{"id":7368,"slug":"70-279-gray","nom_standard":"Gray","code_postal":"70","code_departement":"70","libelle_departement":"Haute-Saône","code_commune":"279","Tour 1":{"Inscrits":3243,"Abstentions":1675,"% Abs/Ins":51.65,"Votants":1568,"% Vot/Ins":48.35,"Blancs":15,"% Blancs/Ins":0.46,"% Blancs/Vot":0.96,"Nuls":37,"% Nuls/Ins":1.14,"% Nuls/Vot":2.36,"Exprimés":1516,"% Exp/Ins":46.75,"% Exp/Vot":96.68,"resultats":[{"N.Pan.":null,"Code Nuance":"LDIV","Sexe":"M","Nom":"DUREUX","Prénom":"Christophe","Liste":"NOUVEL HORIZON","Sièges / Elu":"2","Sièges Secteur":0,"Sièges CC":1,"Voix":212,"% Voix/Ins":6.54,"% Voix/Exp":13.98},{"N.Pan.":2,"Code Nuance":"LDVD","Sexe":"M","Nom":"LAURENÇOT","Prénom":"Christophe","Liste":"UNIS POUR GRAY","Sièges / Elu":"25","Sièges Secteur":0,"Sièges CC":13,"Voix":1034,"% Voix/Ins":31.88,"% Voix/Exp":68.21},{"N.Pan.":3,"Code Nuance":"LDIV","Sexe":"M","Nom":"PIERROT","Prénom":"Jean-Baptiste","Liste":"AGIR ENSEMBLE POUR MIEUX VIVRE A GRAY","Sièges / Elu":2,"Sièges CC":1,"Voix":270,"% Voix/Ins":8.33,"% Voix/Exp":17.81}]},"population":{"F0-2":76.2996389886259,"F3-5":77.3061452887485,"F6-10":136.551093217687,"F11-17":214.819277671162,"F18-24":232.855453444319,"F25-39":389.472535833905,"F40-54":510.880307721924,"F55-64":351.234742252633,"F65-79":499.647772994187,"F80+":484.848831785392,"H0-2":68.2721418094813,"H3-5":74.2937547269948,"H6-10":143.577945847683,"H11-17":262.022122401001,"H18-24":321.039774652708,"H25-39":408.513977715205,"H40-54":474.730293226785,"H55-64":334.191043208113,"H65-79":316.05174547203,"H80+":183.391401741416},"Analyse":{"Votes décisifs":553,"tour décisif":1,"majeurs":4506.857880048617,"Non votants de 18-24":361.1871949680193}}