{"id":7384,"slug":"70-447-rioz","nom_standard":"Rioz","code_postal":"70","code_departement":"70","libelle_departement":"Haute-Saône","code_commune":"447","Tour 1":{"Inscrits":1567,"Abstentions":661,"% Abs/Ins":42.18,"Votants":906,"% Vot/Ins":57.82,"Blancs":7,"% Blancs/Ins":0.45,"% Blancs/Vot":0.77,"Nuls":13,"% Nuls/Ins":0.83,"% Nuls/Vot":1.43,"Exprimés":886,"% Exp/Ins":56.54,"% Exp/Vot":97.79,"resultats":[{"N.Pan.":null,"Code Nuance":"LNC","Sexe":"F","Nom":"WANTZ","Prénom":"Nadine","Liste":"RIOZ, NOTRE AVENIR","Sièges / Elu":"15","Sièges Secteur":0,"Sièges CC":7,"Voix":522,"% Voix/Ins":33.31,"% Voix/Exp":58.92},{"N.Pan.":2,"Code Nuance":"LNC","Sexe":"M","Nom":"SANCHEZ","Prénom":"Bruno","Liste":"RIOZ DEMAIN AVEC VOUS","Sièges / Elu":"4","Sièges Secteur":0,"Sièges CC":2,"Voix":364,"% Voix/Ins":23.23,"% Voix/Exp":41.08}]},"population":{"F0-2":31.00688151795,"F3-5":52.6745354721552,"F6-10":86.5519780286367,"F11-17":138.479943804299,"F18-24":87.1886778821053,"F25-39":261.560734456133,"F40-54":275.516543674927,"F55-64":119.186209037604,"F65-79":142.792200980657,"F80+":55.8872082722512,"H0-2":40.390484551422,"H3-5":48.4027341119727,"H6-10":115.538115138624,"H11-17":122.996689081381,"H18-24":86.3067063464517,"H25-39":234.280264075565,"H40-54":245.410682526234,"H55-64":113.680313700412,"H65-79":100.274359583762,"H80+":36.8747377574565},"Analyse":{"Votes décisifs":159,"tour décisif":1,"majeurs":1758.9586382935586,"Non votants de 18-24":84.13181723555122}}