{"id":7395,"slug":"71-2-l-abergement-sainte-colombe","nom_standard":"L'Abergement-Sainte-Colombe","code_postal":"71","code_departement":"71","libelle_departement":"Saône-et-Loire","code_commune":"2","Tour 1":{"Inscrits":945,"Abstentions":618,"% Abs/Ins":65.4,"Votants":327,"% Vot/Ins":34.6,"Blancs":66,"% Blancs/Ins":6.98,"% Blancs/Vot":20.18,"Nuls":0,"% Nuls/Ins":0,"% Nuls/Vot":0,"Exprimés":261,"% Exp/Ins":27.62,"% Exp/Vot":79.82,"resultats":[{"N.Pan.":null,"Code Nuance":"LNC","Sexe":"M","Nom":"VIVIER","Prénom":"Stéphane Luc","Liste":"ENSEMBLE POUR L'ABERGEMENT-SAINTE-COLOMBE","Sièges / Elu":"15","Sièges Secteur":0,"Sièges CC":2,"Voix":261,"% Voix/Ins":27.62,"% Voix/Exp":100}]},"population":{"F0-2":18.9234426048866,"F3-5":17.0035715886405,"F6-10":32.7921817095387,"F11-17":52.6520105257744,"F18-24":34.1685339305029,"F25-39":118.793335064474,"F40-54":138.849695785225,"F55-64":97.1288351463369,"F65-79":61.4696384059392,"F80+":16.7973546644593,"H0-2":31.0034939921729,"H3-5":32.9001759968319,"H6-10":40.4742121914039,"H11-17":66.6737371002095,"H18-24":37.0001856807732,"H25-39":124.173392986408,"H40-54":154.530464394304,"H55-64":85.7895641351654,"H65-79":64.330303242001,"H80+":15.5458708549526},"Analyse":{"Votes décisifs":262,"tour décisif":1,"majeurs":948.5771742905415,"Non votants de 18-24":46.634952677349006}}