{"id":7782,"slug":"74-134-les-gets","nom_standard":"Les Gets","code_postal":"74","code_departement":"74","libelle_departement":"Haute-Savoie","code_commune":"134","Tour 1":{"Inscrits":1077,"Abstentions":304,"% Abs/Ins":28.23,"Votants":773,"% Vot/Ins":71.77,"Blancs":26,"% Blancs/Ins":2.41,"% Blancs/Vot":3.36,"Nuls":12,"% Nuls/Ins":1.11,"% Nuls/Vot":1.55,"Exprimés":735,"% Exp/Ins":68.25,"% Exp/Vot":95.08,"resultats":[{"N.Pan.":null,"Code Nuance":"LNC","Sexe":"M","Nom":"HOMINAL","Prénom":"Pierre","Liste":"LES GETS, VILLAGE A VIVRE","Sièges / Elu":"3","Sièges Secteur":0,"Sièges CC":1,"Voix":286,"% Voix/Ins":26.56,"% Voix/Exp":38.91},{"N.Pan.":2,"Code Nuance":"LNC","Sexe":"M","Nom":"VINET","Prénom":"Philippe","Liste":"GÉNÉRATIONS UNIES POUR LES GETS","Sièges / Elu":"12","Sièges Secteur":0,"Sièges CC":2,"Voix":449,"% Voix/Ins":41.69,"% Voix/Exp":61.09}]},"population":{"F0-2":16.012636645736,"F3-5":20.9311932601392,"F6-10":31.8944945151095,"F11-17":33.9784253922095,"F18-24":24.2628780292316,"F25-39":129.85022022711,"F40-54":106.591447384691,"F55-64":105.160500831242,"F65-79":98.3109279032432,"F80+":42.6484050091173,"H0-2":17.9895963783445,"H3-5":19.9540031782779,"H6-10":32.8908132896799,"H11-17":34.9671847543549,"H18-24":22.98758129769,"H25-39":135.095406965955,"H40-54":114.641858348842,"H55-64":104.116559319087,"H65-79":109.405825265632,"H80+":22.310042004307},"Analyse":{"Votes décisifs":164,"tour décisif":1,"majeurs":1015.3816525861481,"Non votants de 18-24":11.279152413227356}}