{"id":7812,"slug":"74-180-messery","nom_standard":"Messery","code_postal":"74","code_departement":"74","libelle_departement":"Haute-Savoie","code_commune":"180","Tour 1":{"Inscrits":1383,"Abstentions":732,"% Abs/Ins":52.93,"Votants":651,"% Vot/Ins":47.07,"Blancs":3,"% Blancs/Ins":0.22,"% Blancs/Vot":0.46,"Nuls":10,"% Nuls/Ins":0.72,"% Nuls/Vot":1.54,"Exprimés":638,"% Exp/Ins":46.13,"% Exp/Vot":98,"resultats":[{"N.Pan.":null,"Code Nuance":"LNC","Sexe":"M","Nom":"BEL","Prénom":"Serge","Liste":"MESSERY MIEUX VIVRE","Sièges / Elu":"15","Sièges Secteur":0,"Sièges CC":1,"Voix":344,"% Voix/Ins":24.87,"% Voix/Exp":53.92},{"N.Pan.":2,"Code Nuance":"LNC","Sexe":"M","Nom":"GROSJEAN","Prénom":"Jacques","Liste":"MESSERY TOUS ENSEMBLE","Sièges / Elu":"4","Sièges Secteur":0,"Sièges CC":0,"Voix":294,"% Voix/Ins":21.26,"% Voix/Exp":46.08}]},"population":{"F0-2":34.1118829514149,"F3-5":41.1681463896044,"F6-10":90.0106616593763,"F11-17":124.068603508605,"F18-24":58.4403193818591,"F25-39":185.695029656904,"F40-54":272.057605942176,"F55-64":134.840736489253,"F65-79":143.328485892029,"F80+":35.1974135525367,"H0-2":33.0852466895268,"H3-5":53.1263192308321,"H6-10":78.2206587446637,"H11-17":131.160289359455,"H18-24":51.4937376682259,"H25-39":153.596451537508,"H40-54":271.213463468152,"H55-64":122.957469932305,"H65-79":121.364633339353,"H80+":28.8628446062204},"Analyse":{"Votes décisifs":51,"tour décisif":1,"majeurs":1579.0481914665222,"Non votants de 18-24":64.61113940490644}}