{"id":7789,"slug":"74-146-larringes","nom_standard":"Larringes","code_postal":"74","code_departement":"74","libelle_departement":"Haute-Savoie","code_commune":"146","Tour 1":{"Inscrits":977,"Abstentions":639,"% Abs/Ins":65.4,"Votants":338,"% Vot/Ins":34.6,"Blancs":20,"% Blancs/Ins":2.05,"% Blancs/Vot":5.92,"Nuls":21,"% Nuls/Ins":2.15,"% Nuls/Vot":6.21,"Exprimés":297,"% Exp/Ins":30.4,"% Exp/Vot":87.87,"resultats":[{"N.Pan.":null,"Code Nuance":"LNC","Sexe":"M","Nom":"BOURON","Prénom":"Jean-René","Liste":"LARRINGES DÉCÉNNIE 2020","Sièges / Elu":"15","Sièges Secteur":0,"Sièges CC":2,"Voix":297,"% Voix/Ins":30.4,"% Voix/Exp":100}]},"population":{"F0-2":25.2689305138078,"F3-5":31.7428592480572,"F6-10":69.8431004708534,"F11-17":96.0531822545282,"F18-24":39.2213701532007,"F25-39":139.18768826806,"F40-54":214.051521233566,"F55-64":81.8395950988892,"F65-79":74.3119339725595,"F80+":29.8998912338586,"H0-2":20.8287420039806,"H3-5":43.7487066878803,"H6-10":71.7658481913735,"H11-17":77.8205955851183,"H18-24":57.7706825955921,"H25-39":127.55523167964,"H40-54":205.615577394856,"H55-64":93.0492962799493,"H65-79":68.5102989045312,"H80+":15.9149482296987},"Analyse":{"Votes décisifs":298,"tour décisif":1,"majeurs":1146.9280350444014,"Non votants de 18-24":68.40846875102017}}