{"id":7805,"slug":"74-168-marlioz","nom_standard":"Marlioz","code_postal":"74","code_departement":"74","libelle_departement":"Haute-Savoie","code_commune":"168","Tour 1":{"Inscrits":702,"Abstentions":146,"% Abs/Ins":20.8,"Votants":556,"% Vot/Ins":79.2,"Blancs":8,"% Blancs/Ins":1.14,"% Blancs/Vot":1.44,"Nuls":5,"% Nuls/Ins":0.71,"% Nuls/Vot":0.9,"Exprimés":543,"% Exp/Ins":77.35,"% Exp/Vot":97.66,"resultats":[{"N.Pan.":null,"Code Nuance":"LNC","Sexe":"M","Nom":"DUTOIT","Prénom":"Vincent","Liste":"FAIRE BATTRE LE COEUR DE MARLIOZ","Sièges / Elu":"12","Sièges Secteur":0,"Sièges CC":2,"Voix":277,"% Voix/Ins":39.46,"% Voix/Exp":51.01},{"N.Pan.":2,"Code Nuance":"LNC","Sexe":"M","Nom":"PENASA","Prénom":"Bruno","Liste":"continuons ensemble pour marlioz","Sièges / Elu":"3","Sièges Secteur":0,"Sièges CC":0,"Voix":266,"% Voix/Ins":37.89,"% Voix/Exp":48.99}]},"population":{"F0-2":26.084247302869,"F3-5":35.254666006258,"F6-10":41.3682084560061,"F11-17":56.5327270204319,"F18-24":17.0002007633523,"F25-39":136.299929290877,"F40-54":106.049548099771,"F55-64":50.6191521675162,"F65-79":50.458971560456,"F80+":15.8154024460844,"H0-2":28.1935668716894,"H3-5":29.2011399295929,"H6-10":45.3895456089955,"H11-17":47.3282171366664,"H18-24":24.0868647480317,"H25-39":110.019757417774,"H40-54":125.243917830357,"H55-64":54.5478325265805,"H65-79":45.5986185956914,"H80+":7.90748622099938},"Analyse":{"Votes décisifs":12,"tour décisif":1,"majeurs":743.6476816674908,"Non votants de 18-24":10.367668426590848}}