{"id":7868,"slug":"74-299-veyrier-du-lac","nom_standard":"Veyrier-du-Lac","code_postal":"74","code_departement":"74","libelle_departement":"Haute-Savoie","code_commune":"299","Tour 1":{"Inscrits":1919,"Abstentions":1145,"% Abs/Ins":59.67,"Votants":774,"% Vot/Ins":40.33,"Blancs":12,"% Blancs/Ins":0.63,"% Blancs/Vot":1.55,"Nuls":4,"% Nuls/Ins":0.21,"% Nuls/Vot":0.52,"Exprimés":758,"% Exp/Ins":39.5,"% Exp/Vot":97.93,"resultats":[{"N.Pan.":null,"Code Nuance":"LNC","Sexe":"M","Nom":"TERRIER","Prénom":"Thomas","Liste":"VEYRIER ENSEMBLE","Sièges / Elu":"15","Sièges Secteur":0,"Sièges CC":1,"Voix":444,"% Voix/Ins":23.14,"% Voix/Exp":58.58},{"N.Pan.":2,"Code Nuance":"LNC","Sexe":"M","Nom":"ROLLOT","Prénom":"Gérard","Liste":"VEYRIER, C'EST VOUS !","Sièges / Elu":"4","Sièges Secteur":0,"Sièges CC":0,"Voix":314,"% Voix/Ins":16.36,"% Voix/Exp":41.42}]},"population":{"F0-2":17.2703756144186,"F3-5":26.4124734687256,"F6-10":58.9074220485989,"F11-17":118.835748217532,"F18-24":36.5858322580689,"F25-39":148.324937125325,"F40-54":257.089676018982,"F55-64":131.128396450279,"F65-79":233.701273455809,"F80+":149.500339673969,"H0-2":29.4529409328832,"H3-5":26.3821461011647,"H6-10":75.129562723611,"H11-17":99.513848858745,"H18-24":53.8391372179675,"H25-39":133.123430542256,"H40-54":227.578436465178,"H55-64":155.51704294186,"H65-79":211.377305728049,"H80+":96.3296741565779},"Analyse":{"Votes décisifs":131,"tour décisif":1,"majeurs":1834.095482034321,"Non votants de 18-24":52.26505519675217}}