{"id":7839,"slug":"74-238-saint-jean-d-aulps","nom_standard":"Saint-Jean-d'Aulps","code_postal":"74","code_departement":"74","libelle_departement":"Haute-Savoie","code_commune":"238","Tour 1":{"Inscrits":859,"Abstentions":384,"% Abs/Ins":44.7,"Votants":475,"% Vot/Ins":55.3,"Blancs":13,"% Blancs/Ins":1.51,"% Blancs/Vot":2.74,"Nuls":25,"% Nuls/Ins":2.91,"% Nuls/Vot":5.26,"Exprimés":437,"% Exp/Ins":50.87,"% Exp/Vot":92,"resultats":[{"N.Pan.":null,"Code Nuance":"LNC","Sexe":"M","Nom":"CHALENÇON","Prénom":"William","Liste":"ST-JEAN-D'AULPS VILLAGE D'AVENIR","Sièges / Elu":"12","Sièges Secteur":0,"Sièges CC":2,"Voix":258,"% Voix/Ins":30.03,"% Voix/Exp":59.04},{"N.Pan.":2,"Code Nuance":"LNC","Sexe":"F","Nom":"COTTET","Prénom":"Sophie","Liste":"S'UNIR POUR ST JEAN D'AULPS","Sièges / Elu":"3","Sièges Secteur":0,"Sièges CC":1,"Voix":179,"% Voix/Ins":20.84,"% Voix/Exp":40.96}]},"population":{"F0-2":30.072141260821,"F3-5":34.8570505496806,"F6-10":54.9534487255243,"F11-17":52.0706582857833,"F18-24":33.1664445434116,"F25-39":178.261866517253,"F40-54":175.027453389935,"F55-64":84.9039297601237,"F65-79":95.2575862262328,"F80+":58.3428930536144,"H0-2":47.3719061994926,"H3-5":35.784844149649,"H6-10":53.8214287369382,"H11-17":70.580888737964,"H18-24":43.3519511658143,"H25-39":161.082085110043,"H40-54":174.826354548946,"H55-64":77.8040162861444,"H65-79":81.7380041810678,"H80+":36.7250485715609},"Analyse":{"Votes décisifs":80,"tour décisif":1,"majeurs":1200.4876333541467,"Non votants de 18-24":46.24216715672395}}