{"id":7714,"slug":"74-2-alby-sur-cheran","nom_standard":"Alby-sur-Chéran","code_postal":"74","code_departement":"74","libelle_departement":"Haute-Savoie","code_commune":"2","Tour 1":{"Inscrits":1589,"Abstentions":850,"% Abs/Ins":53.49,"Votants":739,"% Vot/Ins":46.51,"Blancs":4,"% Blancs/Ins":0.25,"% Blancs/Vot":0.54,"Nuls":8,"% Nuls/Ins":0.5,"% Nuls/Vot":1.08,"Exprimés":727,"% Exp/Ins":45.75,"% Exp/Vot":98.38,"resultats":[{"N.Pan.":null,"Code Nuance":"LNC","Sexe":"M","Nom":"MARTIN","Prénom":"Jean-Claude","Liste":"ALBY HORIZON 2026","Sièges / Elu":"18","Sièges Secteur":0,"Sièges CC":1,"Voix":415,"% Voix/Ins":26.12,"% Voix/Exp":57.08},{"N.Pan.":2,"Code Nuance":"LNC","Sexe":"M","Nom":"BOUSSIS","Prénom":"Mohamed","Liste":"ALBY C'EST VOUS!","Sièges / Elu":"5","Sièges Secteur":0,"Sièges CC":0,"Voix":312,"% Voix/Ins":19.63,"% Voix/Exp":42.92}]},"population":{"F0-2":47.2552190854054,"F3-5":56.3444306543411,"F6-10":117.468158543434,"F11-17":161.302494232625,"F18-24":72.1573567296194,"F25-39":262.871654795991,"F40-54":327.164951279865,"F55-64":149.282715462521,"F65-79":99.0042670633632,"F80+":34.7460646923954,"H0-2":45.2440560879369,"H3-5":54.1947064454928,"H6-10":87.6826246725798,"H11-17":158.115588495639,"H18-24":100.162182443328,"H25-39":271.664695000919,"H40-54":333.677155561506,"H55-64":150.753570123565,"H65-79":108.584883757777,"H80+":27.3232248716978},"Analyse":{"Votes décisifs":104,"tour décisif":1,"majeurs":1937.3927217825478,"Non votants de 18-24":106.58989230422071}}