{"id":7736,"slug":"74-37-boege","nom_standard":"Boëge","code_postal":"74","code_departement":"74","libelle_departement":"Haute-Savoie","code_commune":"37","Tour 1":{"Inscrits":1307,"Abstentions":549,"% Abs/Ins":42,"Votants":758,"% Vot/Ins":58,"Blancs":11,"% Blancs/Ins":0.84,"% Blancs/Vot":1.45,"Nuls":8,"% Nuls/Ins":0.61,"% Nuls/Vot":1.06,"Exprimés":739,"% Exp/Ins":56.54,"% Exp/Vot":97.49,"resultats":[{"N.Pan.":null,"Code Nuance":"LNC","Sexe":"M","Nom":"SAILLET","Prénom":"Patrick","Liste":"REUNIR ET AGIR POUR BOËGE","Sièges / Elu":"3","Sièges Secteur":0,"Sièges CC":1,"Voix":270,"% Voix/Ins":20.66,"% Voix/Exp":36.54},{"N.Pan.":2,"Code Nuance":"LNC","Sexe":"F","Nom":"SCHERRER","Prénom":"Fabienne","Liste":"ÊTRE ACTEUR DU BIEN-VIVRE À BOËGE","Sièges / Elu":"16","Sièges Secteur":0,"Sièges CC":5,"Voix":469,"% Voix/Ins":35.88,"% Voix/Exp":63.46}]},"population":{"F0-2":40.1099820980152,"F3-5":38.0110616694623,"F6-10":62.4643678256011,"F11-17":69.6737172597765,"F18-24":57.8258904342684,"F25-39":199.596124260993,"F40-54":191.807800534896,"F55-64":124.819200578291,"F65-79":121.918747553066,"F80+":46.9681747375105,"H0-2":35.9108174804728,"H3-5":42.0863154778539,"H6-10":65.4662913348747,"H11-17":95.3506467126518,"H18-24":64.0034683548483,"H25-39":187.982165809071,"H40-54":175.418593600827,"H55-64":114.152206245803,"H65-79":112.459131300999,"H80+":23.9752967307179},"Analyse":{"Votes décisifs":200,"tour décisif":1,"majeurs":1420.926800141291,"Non votants de 18-24":56.83892159490804}}