{"id":7869,"slug":"74-302-les-villards-sur-thones","nom_standard":"Les Villards-sur-Thônes","code_postal":"74","code_departement":"74","libelle_departement":"Haute-Savoie","code_commune":"302","Tour 1":{"Inscrits":838,"Abstentions":554,"% Abs/Ins":66.11,"Votants":284,"% Vot/Ins":33.89,"Blancs":18,"% Blancs/Ins":2.15,"% Blancs/Vot":6.34,"Nuls":31,"% Nuls/Ins":3.7,"% Nuls/Vot":10.92,"Exprimés":235,"% Exp/Ins":28.04,"% Exp/Vot":82.75,"resultats":[{"N.Pan.":null,"Code Nuance":"LNC","Sexe":"M","Nom":"FOURNIER-BIDOZ","Prénom":"Gérard","Liste":"ENSEMBLE POUR LES VILLARDS","Sièges / Elu":"15","Sièges Secteur":0,"Sièges CC":2,"Voix":235,"% Voix/Ins":28.04,"% Voix/Exp":100}]},"population":{"F0-2":11.1023594373788,"F3-5":23.0314846025222,"F6-10":42.4351839929824,"F11-17":47.4235643016708,"F18-24":35.6301483283055,"F25-39":106.612785161987,"F40-54":110.460784827235,"F55-64":85.4566696930664,"F65-79":56.9715259387451,"F80+":24.0705662661105,"H0-2":16.9161143817329,"H3-5":14.1777937130856,"H6-10":35.2567619125597,"H11-17":53.3347055958879,"H18-24":28.4246776181386,"H25-39":100.156618217254,"H40-54":124.651959469822,"H55-64":87.1696890431902,"H65-79":61.3368898335936,"H80+":24.3797176647316},"Analyse":{"Votes décisifs":236,"tour décisif":1,"majeurs":845.3220320621798,"Non votants de 18-24":42.534541511870174}}