{"id":7744,"slug":"74-53-cervens","nom_standard":"Cervens","code_postal":"74","code_departement":"74","libelle_departement":"Haute-Savoie","code_commune":"53","Tour 1":{"Inscrits":819,"Abstentions":486,"% Abs/Ins":59.34,"Votants":333,"% Vot/Ins":40.66,"Blancs":15,"% Blancs/Ins":1.83,"% Blancs/Vot":4.5,"Nuls":16,"% Nuls/Ins":1.95,"% Nuls/Vot":4.8,"Exprimés":302,"% Exp/Ins":36.87,"% Exp/Vot":90.69,"resultats":[{"N.Pan.":null,"Code Nuance":"LNC","Sexe":"M","Nom":"THOMAS","Prénom":"Gil","Liste":"CERVENS, UNE QUALITE DE VIE","Sièges / Elu":"15","Sièges Secteur":0,"Sièges CC":1,"Voix":302,"% Voix/Ins":36.87,"% Voix/Exp":100}]},"population":{"F0-2":19.3096861776593,"F3-5":30.5555220240298,"F6-10":39.26075033686,"F11-17":70.2736618454126,"F18-24":25.5559592708008,"F25-39":107.060750712117,"F40-54":135.526433107202,"F55-64":64.2485456825662,"F65-79":78.8093663267361,"F80+":75.2391859727301,"H0-2":22.8042206845296,"H3-5":18.2625881969657,"H6-10":57.7818851994073,"H11-17":66.385653158162,"H18-24":26.5189857558029,"H25-39":98.653805451093,"H40-54":142.763676251761,"H55-64":69.1211456333798,"H65-79":63.0863236619498,"H80+":25.7818545508354},"Analyse":{"Votes décisifs":303,"tour décisif":1,"majeurs":912.3660323769741,"Non votants de 18-24":33.06836644028688}}