{"id":7749,"slug":"74-64-chatillon-sur-cluses","nom_standard":"Châtillon-sur-Cluses","code_postal":"74","code_departement":"74","libelle_departement":"Haute-Savoie","code_commune":"64","Tour 1":{"Inscrits":1031,"Abstentions":427,"% Abs/Ins":41.42,"Votants":604,"% Vot/Ins":58.58,"Blancs":10,"% Blancs/Ins":0.97,"% Blancs/Vot":1.66,"Nuls":4,"% Nuls/Ins":0.39,"% Nuls/Vot":0.66,"Exprimés":590,"% Exp/Ins":57.23,"% Exp/Vot":97.68,"resultats":[{"N.Pan.":null,"Code Nuance":"LNC","Sexe":"M","Nom":"CATHELINEAU","Prénom":"Cyril","Liste":"CHATILLON LA DYN@MIQUE","Sièges / Elu":"12","Sièges Secteur":0,"Sièges CC":2,"Voix":361,"% Voix/Ins":35.01,"% Voix/Exp":61.19},{"N.Pan.":2,"Code Nuance":"LNC","Sexe":"M","Nom":"GRANGER","Prénom":"Eric","Liste":"DEMAIN CHÂTILLON","Sièges / Elu":"3","Sièges Secteur":0,"Sièges CC":1,"Voix":229,"% Voix/Ins":22.21,"% Voix/Exp":38.81}]},"population":{"F0-2":13.8162381414336,"F3-5":13.7817063809742,"F6-10":37.3701678965671,"F11-17":52.1711927836629,"F18-24":18.8125065702849,"F25-39":94.2547703860041,"F40-54":149.167457228902,"F55-64":70.5044671879455,"F65-79":96.9199562055294,"F80+":25.2447875418104,"H0-2":19.7387882215649,"H3-5":23.6912638139939,"H6-10":40.4618329506032,"H11-17":56.1347724652201,"H18-24":38.7571776120746,"H25-39":88.6667384667963,"H40-54":160.122823476024,"H55-64":80.5074605849119,"H65-79":90.7287436315125,"H80+":19.1471484541849},"Analyse":{"Votes décisifs":133,"tour décisif":1,"majeurs":932.8340373459805,"Non votants de 18-24":20.2939332405567}}