{"id":7762,"slug":"74-90-cornier","nom_standard":"Cornier","code_postal":"74","code_departement":"74","libelle_departement":"Haute-Savoie","code_commune":"90","Tour 1":{"Inscrits":952,"Abstentions":621,"% Abs/Ins":65.23,"Votants":331,"% Vot/Ins":34.77,"Blancs":5,"% Blancs/Ins":0.53,"% Blancs/Vot":1.51,"Nuls":25,"% Nuls/Ins":2.63,"% Nuls/Vot":7.55,"Exprimés":301,"% Exp/Ins":31.62,"% Exp/Vot":90.94,"resultats":[{"N.Pan.":null,"Code Nuance":"LNC","Sexe":"M","Nom":"ROUX","Prénom":"Michel","Liste":"UNISSONS NOS TALENTS POUR CORNIER","Sièges / Elu":"15","Sièges Secteur":0,"Sièges CC":2,"Voix":301,"% Voix/Ins":31.62,"% Voix/Exp":100}]},"population":{"F0-2":25.7138919807926,"F3-5":18.4709090441694,"F6-10":52.5938057264796,"F11-17":59.2343311509916,"F18-24":30.5637630302288,"F25-39":154.903989701613,"F40-54":160.889068481834,"F55-64":79.9500626022325,"F65-79":78.8661381421925,"F80+":40.0323109459436,"H0-2":22.784547280059,"H3-5":30.402156058901,"H6-10":57.1660289320833,"H11-17":51.4060806674954,"H18-24":42.5165504268486,"H25-39":149.572233145981,"H40-54":167.143964019551,"H55-64":78.9333811937761,"H65-79":63.8911087745929,"H80+":19.965678694234},"Analyse":{"Votes décisifs":302,"tour décisif":1,"majeurs":1067.2282491590279,"Non votants de 18-24":50.41451185994585}}