{"id":7409,"slug":"71-106-charolles","nom_standard":"Charolles","code_postal":"71","code_departement":"71","libelle_departement":"Saône-et-Loire","code_commune":"106","Tour 1":{"Inscrits":1902,"Abstentions":915,"% Abs/Ins":48.11,"Votants":987,"% Vot/Ins":51.89,"Blancs":12,"% Blancs/Ins":0.63,"% Blancs/Vot":1.22,"Nuls":20,"% Nuls/Ins":1.05,"% Nuls/Vot":2.03,"Exprimés":955,"% Exp/Ins":50.21,"% Exp/Vot":96.76,"resultats":[{"N.Pan.":null,"Code Nuance":"LDVD","Sexe":"M","Nom":"BERTHIER","Prénom":"Pierre","Liste":"TOUS POUR CHAROLLES","Sièges / Elu":"20","Sièges Secteur":0,"Sièges CC":4,"Voix":647,"% Voix/Ins":34.02,"% Voix/Exp":67.75},{"N.Pan.":2,"Code Nuance":"LDVD","Sexe":"F","Nom":"BAUJON","Prénom":"Marie-Thérèse","Liste":"FIDELES A CHAROLLES","Sièges / Elu":"3","Sièges Secteur":0,"Sièges CC":0,"Voix":308,"% Voix/Ins":16.19,"% Voix/Exp":32.25}]},"population":{"F0-2":19.1488142535891,"F3-5":36.9428057518077,"F6-10":70.029956083621,"F11-17":97.8550769593011,"F18-24":114.762078584563,"F25-39":183.848017772025,"F40-54":256.937209427276,"F55-64":195.589765711224,"F65-79":331.065528313056,"F80+":234.323236687696,"H0-2":36.5533761931922,"H3-5":34.0760166735171,"H6-10":79.2966673634403,"H11-17":109.827613566553,"H18-24":103.416094356789,"H25-39":155.636404984653,"H40-54":227.958055023226,"H55-64":189.035429758516,"H65-79":254.912243580575,"H80+":117.78560895538},"Analyse":{"Votes décisifs":340,"tour décisif":1,"majeurs":2365.269673154979,"Non votants de 18-24":127.13491511025872}}