{"id":7414,"slug":"71-132-ciry-le-noble","nom_standard":"Ciry-le-Noble","code_postal":"71","code_departement":"71","libelle_departement":"Saône-et-Loire","code_commune":"132","Tour 1":{"Inscrits":1639,"Abstentions":875,"% Abs/Ins":53.39,"Votants":764,"% Vot/Ins":46.61,"Blancs":9,"% Blancs/Ins":0.55,"% Blancs/Vot":1.18,"Nuls":8,"% Nuls/Ins":0.49,"% Nuls/Vot":1.05,"Exprimés":747,"% Exp/Ins":45.58,"% Exp/Vot":97.77,"resultats":[{"N.Pan.":null,"Code Nuance":"LNC","Sexe":"M","Nom":"DIRY","Prénom":"Jean-Charles","Liste":"CIRY TOUT SIMPLEMENT","Sièges / Elu":"0","Sièges Secteur":0,"Sièges CC":0,"Voix":321,"% Voix/Ins":19.59,"% Voix/Exp":42.97},{"N.Pan.":2,"Code Nuance":"LNC","Sexe":"M","Nom":"ROBERT","Prénom":"Alain","Liste":"NOUVEL ELAN CIRYSIEN","Sièges / Elu":"0","Sièges Secteur":0,"Sièges CC":0,"Voix":289,"% Voix/Ins":17.63,"% Voix/Exp":38.69},{"N.Pan.":3,"Code Nuance":"LNC","Sexe":"M","Nom":"BOUFFANGE","Prénom":"Daniel","Liste":"ENSEMBLE POUR L'AVENIR DE CIRY","Sièges / Elu":0,"Sièges CC":0,"Voix":137,"% Voix/Ins":8.36,"% Voix/Exp":18.34}]},"Tour 2":{"Inscrits":1636,"Abstentions":817,"% Abs/Ins":49.94,"Votants":819,"% Vot/Ins":50.06,"Blancs":4,"% Blancs/Ins":0.24,"% Blancs/Vot":0.49,"Nuls":9,"% Nuls/Ins":0.55,"% Nuls/Vot":1.1,"Exprimés":806,"% Exp/Ins":49.27,"% Exp/Vot":98.41,"resultats":[{"N.Pan.":1,"Code Nuance":"LNC","Sexe":"M","Nom":"DIRY","Prénom":"Jean-Charles","Liste":"CIRY TOUT SIMPLEMENT","Sièges / Elu":4,"Sièges Secteur":0,"Sièges CC":0,"Voix":379,"% Voix/Ins":23.17,"% Voix/Exp":47.02},{"N.Pan.":2,"Code Nuance":"LNC","Sexe":"M","Nom":"ROBERT","Prénom":"Alain","Liste":"NOUVEL ELAN CIRYSIEN","Sièges / Elu":15,"Sièges Secteur":0,"Sièges CC":1,"Voix":427,"% Voix/Ins":26.1,"% Voix/Exp":52.98}]},"population":{"F0-2":22.8088419375604,"F3-5":43.6049888981875,"F6-10":70.3805459908851,"F11-17":102.182638805211,"F18-24":42.7326739452516,"F25-39":185.819012686365,"F40-54":194.104899417112,"F55-64":177.627846727927,"F65-79":214.702527254271,"F80+":94.9871244132989,"H0-2":28.7633801235721,"H3-5":37.625656687292,"H6-10":73.3385508451376,"H11-17":81.3364902924409,"H18-24":59.6649787710191,"H25-39":182.020104015737,"H40-54":211.06562830911,"H55-64":165.646251474449,"H65-79":204.674810068421,"H80+":58.9130493367525},"Analyse":{"Votes décisifs":48,"tour décisif":2,"majeurs":1791.9589064197141,"Non votants de 18-24":55.59765229539995}}