{"id":7417,"slug":"71-149-couches","nom_standard":"Couches","code_postal":"71","code_departement":"71","libelle_departement":"Saône-et-Loire","code_commune":"149","Tour 1":{"Inscrits":967,"Abstentions":611,"% Abs/Ins":63.19,"Votants":356,"% Vot/Ins":36.81,"Blancs":17,"% Blancs/Ins":1.76,"% Blancs/Vot":4.78,"Nuls":55,"% Nuls/Ins":5.69,"% Nuls/Vot":15.45,"Exprimés":284,"% Exp/Ins":29.37,"% Exp/Vot":79.78,"resultats":[{"N.Pan.":null,"Code Nuance":"LNC","Sexe":"M","Nom":"LECONTE","Prénom":"Emile","Liste":"COUCHES 2020, BIEN VIVRE ENSEMBLE","Sièges / Elu":"15","Sièges Secteur":0,"Sièges CC":2,"Voix":284,"% Voix/Ins":29.37,"% Voix/Exp":100}]},"population":{"F0-2":11.3465745400729,"F3-5":9.58850837834872,"F6-10":24.0894592834166,"F11-17":42.2682077227055,"F18-24":18.8595340377933,"F25-39":71.4787774841934,"F40-54":113.026602607262,"F55-64":109.26957604383,"F65-79":135.272353984136,"F80+":141.715953261126,"H0-2":12.2388866532423,"H3-5":16.9778335547467,"H6-10":28.5120339059983,"H11-17":40.2829769937271,"H18-24":31.4079305990906,"H25-39":79.5214269583963,"H40-54":108.830290566314,"H55-64":94.2295480069479,"H65-79":150.055350803959,"H80+":46.0281746146936},"Analyse":{"Votes décisifs":285,"tour décisif":1,"majeurs":1099.6955189677421,"Non votants de 18-24":33.994580823072894}}