{"id":7450,"slug":"71-309-montcenis","nom_standard":"Montcenis","code_postal":"71","code_departement":"71","libelle_departement":"Saône-et-Loire","code_commune":"309","Tour 1":{"Inscrits":1770,"Abstentions":1258,"% Abs/Ins":71.07,"Votants":512,"% Vot/Ins":28.93,"Blancs":15,"% Blancs/Ins":0.85,"% Blancs/Vot":2.93,"Nuls":53,"% Nuls/Ins":2.99,"% Nuls/Vot":10.35,"Exprimés":444,"% Exp/Ins":25.08,"% Exp/Vot":86.72,"resultats":[{"N.Pan.":null,"Code Nuance":"LNC","Sexe":"M","Nom":"BUISSON","Prénom":"Thierry","Liste":"VIVRE ENSEMBLE A MONTCENIS","Sièges / Elu":"19","Sièges Secteur":0,"Sièges CC":1,"Voix":444,"% Voix/Ins":25.08,"% Voix/Exp":100}]},"population":{"F0-2":10.5303136342878,"F3-5":15.1859649487557,"F6-10":25.0360276836251,"F11-17":56.4361918036331,"F18-24":40.2348892957996,"F25-39":91.6404499410277,"F40-54":179.950583084441,"F55-64":169.605953833968,"F65-79":243.387939027743,"F80+":159.666287558839,"H0-2":18.2737805414124,"H3-5":22.9088576417565,"H6-10":45.5825099270817,"H11-17":60.4517431425291,"H18-24":56.4768613870027,"H25-39":97.7103812090062,"H40-54":161.470652742785,"H55-64":144.311973947323,"H65-79":221.724295262256,"H80+":84.4143433867274},"Analyse":{"Votes décisifs":445,"tour décisif":1,"majeurs":1650.5946106769184,"Non votants de 18-24":66.71261217277905}}