{"id":7458,"slug":"71-346-perrecy-les-forges","nom_standard":"Perrecy-les-Forges","code_postal":"71","code_departement":"71","libelle_departement":"Saône-et-Loire","code_commune":"346","Tour 1":{"Inscrits":1158,"Abstentions":817,"% Abs/Ins":70.55,"Votants":341,"% Vot/Ins":29.45,"Blancs":15,"% Blancs/Ins":1.3,"% Blancs/Vot":4.4,"Nuls":54,"% Nuls/Ins":4.66,"% Nuls/Vot":15.84,"Exprimés":272,"% Exp/Ins":23.49,"% Exp/Vot":79.77,"resultats":[{"N.Pan.":null,"Code Nuance":"LNC","Sexe":"M","Nom":"BAUDIN","Prénom":"Jean-Paul","Liste":"RASSEMBLES POUR PERRECY","Sièges / Elu":"19","Sièges Secteur":0,"Sièges CC":1,"Voix":272,"% Voix/Ins":23.49,"% Voix/Exp":100}]},"population":{"F0-2":11.7764476323073,"F3-5":17.6775024067085,"F6-10":42.2129008455578,"F11-17":61.8472469474409,"F18-24":25.6969632818146,"F25-39":105.570651401096,"F40-54":151.611518993755,"F55-64":110.990860624854,"F65-79":194.270000534131,"F80+":70.3172742775033,"H0-2":13.783076482171,"H3-5":22.5964219019234,"H6-10":52.8892609353687,"H11-17":64.8518279396074,"H18-24":37.5084158203434,"H25-39":103.745148556166,"H40-54":130.697075200894,"H55-64":131.896093730966,"H65-79":154.972737632944,"H80+":52.088574854446},"Analyse":{"Votes décisifs":273,"tour décisif":1,"majeurs":1269.3653149089134,"Non votants de 18-24":46.226000494052215}}