{"id":7465,"slug":"71-379-sagy","nom_standard":"Sagy","code_postal":"71","code_departement":"71","libelle_departement":"Saône-et-Loire","code_commune":"379","Tour 1":{"Inscrits":970,"Abstentions":613,"% Abs/Ins":63.2,"Votants":357,"% Vot/Ins":36.8,"Blancs":5,"% Blancs/Ins":0.52,"% Blancs/Vot":1.4,"Nuls":68,"% Nuls/Ins":7.01,"% Nuls/Vot":19.05,"Exprimés":284,"% Exp/Ins":29.28,"% Exp/Vot":79.55,"resultats":[{"N.Pan.":null,"Code Nuance":"LNC","Sexe":"M","Nom":"PARISOT","Prénom":"Denis","Liste":"LISTE REPUBLICAINE POUR L'AVENIR DE SAGY","Sièges / Elu":"15","Sièges Secteur":0,"Sièges CC":2,"Voix":284,"% Voix/Ins":29.28,"% Voix/Exp":100}]},"population":{"F0-2":12.4697654863049,"F3-5":20.2803164641225,"F6-10":37.2784594083858,"F11-17":39.6832231766783,"F18-24":21.0232322448846,"F25-39":85.4995097199196,"F40-54":107.716478046541,"F55-64":95.2228019896285,"F65-79":130.584602647409,"F80+":45.8353904916975,"H0-2":14.7033562537761,"H3-5":17.9538918856247,"H6-10":38.01486927269,"H11-17":47.8969491134233,"H18-24":28.5386911793869,"H25-39":87.1180588379222,"H40-54":121.105332627085,"H55-64":103.830041158792,"H65-79":136.664205366532,"H80+":39.5808246291962},"Analyse":{"Votes décisifs":285,"tour décisif":1,"majeurs":1002.7191689389946,"Non votants de 18-24":31.91629819783145}}