{"id":7473,"slug":"71-442-saint-leger-sur-dheune","nom_standard":"Saint-Léger-sur-Dheune","code_postal":"71","code_departement":"71","libelle_departement":"Saône-et-Loire","code_commune":"442","Tour 1":{"Inscrits":1219,"Abstentions":550,"% Abs/Ins":45.12,"Votants":669,"% Vot/Ins":54.88,"Blancs":8,"% Blancs/Ins":0.66,"% Blancs/Vot":1.2,"Nuls":12,"% Nuls/Ins":0.98,"% Nuls/Vot":1.79,"Exprimés":649,"% Exp/Ins":53.24,"% Exp/Vot":97.01,"resultats":[{"N.Pan.":null,"Code Nuance":"LNC","Sexe":"M","Nom":"LINDEPERG","Prénom":"Mathias","Liste":"avec vous, continuons pour Saint Léger Sur Dheune","Sièges / Elu":"4","Sièges Secteur":0,"Sièges CC":0,"Voix":306,"% Voix/Ins":25.1,"% Voix/Exp":47.15},{"N.Pan.":2,"Code Nuance":"LNC","Sexe":"M","Nom":"LERICHE","Prénom":"Daniel","Liste":"UNE VISION, DES PROJETS, UN AVENIR","Sièges / Elu":"15","Sièges Secteur":0,"Sièges CC":1,"Voix":343,"% Voix/Ins":28.14,"% Voix/Exp":52.85}]},"population":{"F0-2":21.3191457391201,"F3-5":31.3616485784443,"F6-10":49.6631243266827,"F11-17":60.7325044227988,"F18-24":33.6552663704833,"F25-39":143.655839723057,"F40-54":155.053350811496,"F55-64":107.857406774278,"F65-79":132.668366475204,"F80+":66.9825286401454,"H0-2":22.3084407425711,"H3-5":34.4549960617678,"H6-10":61.847654233022,"H11-17":75.0334871590327,"H18-24":49.9983168043156,"H25-39":136.593857276634,"H40-54":172.34207299174,"H55-64":99.5888141629352,"H65-79":99.6330252070044,"H80+":45.2501534992671},"Analyse":{"Votes décisifs":38,"tour décisif":1,"majeurs":1243.27899873656,"Non votants de 18-24":38.64015722550496}}