{"id":7479,"slug":"71-475-saint-remy","nom_standard":"Saint-Rémy","code_postal":"71","code_departement":"71","libelle_departement":"Saône-et-Loire","code_commune":"475","Tour 1":{"Inscrits":4853,"Abstentions":2704,"% Abs/Ins":55.72,"Votants":2149,"% Vot/Ins":44.28,"Blancs":20,"% Blancs/Ins":0.41,"% Blancs/Vot":0.93,"Nuls":51,"% Nuls/Ins":1.05,"% Nuls/Vot":2.37,"Exprimés":2078,"% Exp/Ins":42.82,"% Exp/Vot":96.7,"resultats":[{"N.Pan.":null,"Code Nuance":"LDVG","Sexe":"M","Nom":"BATHIARD","Prénom":"Tristan-Ludovic","Liste":"UNIS POUR SAINT-REMY","Sièges / Elu":"6","Sièges Secteur":0,"Sièges CC":1,"Voix":832,"% Voix/Ins":17.14,"% Voix/Exp":40.04},{"N.Pan.":2,"Code Nuance":"LDVD","Sexe":"F","Nom":"PLISSONNIER","Prénom":"Florence","Liste":"SAINT REMY CITOYENNE","Sièges / Elu":"23","Sièges Secteur":0,"Sièges CC":3,"Voix":1246,"% Voix/Ins":25.67,"% Voix/Exp":59.96}]},"population":{"F0-2":97.1951141316563,"F3-5":119.91241367079,"F6-10":212.03647610887,"F11-17":298.178944767762,"F18-24":136.921469564333,"F25-39":523.404911681419,"F40-54":673.475543630936,"F55-64":438.726658893118,"F65-79":598.711385980522,"F80+":411.750015183766,"H0-2":102.3614381969,"H3-5":136.976867343162,"H6-10":204.056740913754,"H11-17":282.708499423245,"H18-24":162.058824928254,"H25-39":473.261758304834,"H40-54":607.864126362555,"H55-64":418.084134645988,"H65-79":491.358916666299,"H80+":215.955759601837},"Analyse":{"Votes décisifs":415,"tour décisif":1,"majeurs":5151.57350544386,"Non votants de 18-24":174.2594393624784}}