{"id":7495,"slug":"71-540-torcy","nom_standard":"Torcy","code_postal":"71","code_departement":"71","libelle_departement":"Saône-et-Loire","code_commune":"540","Tour 1":{"Inscrits":2256,"Abstentions":1293,"% Abs/Ins":57.31,"Votants":963,"% Vot/Ins":42.69,"Blancs":13,"% Blancs/Ins":0.58,"% Blancs/Vot":1.35,"Nuls":27,"% Nuls/Ins":1.2,"% Nuls/Vot":2.8,"Exprimés":923,"% Exp/Ins":40.91,"% Exp/Vot":95.85,"resultats":[{"N.Pan.":null,"Code Nuance":"LNC","Sexe":"M","Nom":"PIGEAU","Prénom":"Philippe","Liste":"TORCY, UNE NOUVELLE EQUIPE, UN NOUVEAU REGARD","Sièges / Elu":"18","Sièges Secteur":0,"Sièges CC":2,"Voix":528,"% Voix/Ins":23.4,"% Voix/Exp":57.2},{"N.Pan.":2,"Code Nuance":"LNC","Sexe":"M","Nom":"FUCHET","Prénom":"Roland","Liste":"TORCY AU COEUR","Sièges / Elu":"5","Sièges Secteur":0,"Sièges CC":0,"Voix":395,"% Voix/Ins":17.51,"% Voix/Exp":42.8}]},"population":{"F0-2":42.9430029649428,"F3-5":66.9067055020096,"F6-10":106.858938844262,"F11-17":114.849213715221,"F18-24":87.8921446152246,"F25-39":209.755293919865,"F40-54":253.72560098352,"F55-64":209.828705829959,"F65-79":265.796865937143,"F80+":86.9387546949931,"H0-2":64.9131760949423,"H3-5":57.9226236902596,"H6-10":114.845912408754,"H11-17":145.803751645263,"H18-24":96.8852102038271,"H25-39":188.781027822968,"H40-54":226.742970444451,"H55-64":176.842462446431,"H65-79":226.819271278162,"H80+":64.9483669578022},"Analyse":{"Votes décisifs":134,"tour décisif":1,"majeurs":2094.9566751343464,"Non votants de 18-24":99.83975453224113}}