{"id":75,"slug":"1-211-lent","nom_standard":"Lent","code_postal":"1","code_departement":"1","libelle_departement":"Ain","code_commune":"211","Tour 1":{"Inscrits":1008,"Abstentions":648,"% Abs/Ins":64.29,"Votants":360,"% Vot/Ins":35.71,"Blancs":8,"% Blancs/Ins":0.79,"% Blancs/Vot":2.22,"Nuls":60,"% Nuls/Ins":5.95,"% Nuls/Vot":16.67,"Exprimés":292,"% Exp/Ins":28.97,"% Exp/Vot":81.11,"resultats":[{"N.Pan.":null,"Code Nuance":"LNC","Sexe":"M","Nom":"CRISTIN","Prénom":"Yves","Liste":"LENT DEMAIN","Sièges / Elu":"15","Sièges Secteur":0,"Sièges CC":1,"Voix":292,"% Voix/Ins":28.97,"% Voix/Exp":100}]},"population":{"F0-2":14.6533064523678,"F3-5":19.2809218547465,"F6-10":53.5188204205809,"F11-17":72.2992149876511,"F18-24":33.7028107170113,"F25-39":125.626717916757,"F40-54":150.353306080529,"F55-64":85.4066919870513,"F65-79":101.131686505418,"F80+":40.5454436559021,"H0-2":23.6896008843922,"H3-5":19.6110541104881,"H6-10":55.0504725280729,"H11-17":65.4676409895411,"H18-24":43.1953421795986,"H25-39":115.593549798513,"H40-54":174.523686187354,"H55-64":79.8573260604118,"H65-79":100.896308055532,"H80+":22.5960986280811},"Analyse":{"Votes décisifs":293,"tour décisif":1,"majeurs":1073.428967772159,"Non votants de 18-24":51.10852370462456}}