{"id":7514,"slug":"72-25-bazouges-cre-sur-loir","nom_standard":"Bazouges Cré sur Loir","code_postal":"72","code_departement":"72","libelle_departement":"Sarthe","code_commune":"25","Tour 1":{"Inscrits":1500,"Abstentions":747,"% Abs/Ins":49.8,"Votants":753,"% Vot/Ins":50.2,"Blancs":9,"% Blancs/Ins":0.6,"% Blancs/Vot":1.2,"Nuls":24,"% Nuls/Ins":1.6,"% Nuls/Vot":3.19,"Exprimés":720,"% Exp/Ins":48,"% Exp/Vot":95.62,"resultats":[{"N.Pan.":null,"Code Nuance":"LNC","Sexe":"M","Nom":"DE SAGAZAN","Prénom":"Gwénaël","Liste":"ENSEMBLE POUR L'AVENIR","Sièges / Elu":"19","Sièges Secteur":0,"Sièges CC":3,"Voix":473,"% Voix/Ins":31.53,"% Voix/Exp":65.69},{"N.Pan.":2,"Code Nuance":"LNC","Sexe":"M","Nom":"BOIS","Prénom":"Hervé","Liste":"MIEUX VIVRE ENSEMBLE","Sièges / Elu":"4","Sièges Secteur":0,"Sièges CC":1,"Voix":247,"% Voix/Ins":16.47,"% Voix/Exp":34.31}]},"population":{"F0-2":25.4667419258427,"F3-5":24.0493366085061,"F6-10":46.3888018878871,"F11-17":123.420906581109,"F18-24":46.6402174457396,"F25-39":147.335297819152,"F40-54":233.649476440652,"F55-64":126.048056661829,"F65-79":139.751320825118,"F80+":68.2876893411275,"H0-2":31.1079690753619,"H3-5":35.9754028414275,"H6-10":58.2861665451099,"H11-17":114.509539178792,"H18-24":59.1406266075135,"H25-39":152.414050646085,"H40-54":221.865154852343,"H55-64":128.627719733249,"H65-79":145.487902343608,"H80+":46.5476226395455},"Analyse":{"Votes décisifs":227,"tour décisif":1,"majeurs":1515.7951353559622,"Non votants de 18-24":53.232202278258725}}