{"id":7520,"slug":"72-46-le-breil-sur-merize","nom_standard":"Le Breil-sur-Mérize","code_postal":"72","code_departement":"72","libelle_departement":"Sarthe","code_commune":"46","Tour 1":{"Inscrits":1039,"Abstentions":621,"% Abs/Ins":59.77,"Votants":418,"% Vot/Ins":40.23,"Blancs":6,"% Blancs/Ins":0.58,"% Blancs/Vot":1.44,"Nuls":57,"% Nuls/Ins":5.49,"% Nuls/Vot":13.64,"Exprimés":355,"% Exp/Ins":34.17,"% Exp/Vot":84.93,"resultats":[{"N.Pan.":null,"Code Nuance":"LNC","Sexe":"M","Nom":"HUBERT","Prénom":"Jean-Paul","Liste":"Le Breil sur Mérize : Poursuivons et Construisons Ensemble son Avenir","Sièges / Elu":"19","Sièges Secteur":0,"Sièges CC":2,"Voix":355,"% Voix/Ins":34.17,"% Voix/Exp":100}]},"population":{"F0-2":34.1083711582716,"F3-5":26.0871406500696,"F6-10":54.2250131410924,"F11-17":72.3034668182053,"F18-24":37.028906444343,"F25-39":181.273965465852,"F40-54":122.026360441135,"F55-64":80.6239146513891,"F65-79":90.5144288580968,"F80+":45.7177921396992,"H0-2":28.0945159523574,"H3-5":45.1843109461458,"H6-10":76.3929534644757,"H11-17":64.3133661780051,"H18-24":58.0343981305473,"H25-39":162.034384096262,"H40-54":163.955198107527,"H55-64":76.7081404540955,"H65-79":81.6156197844894,"H80+":43.7577531179409},"Analyse":{"Votes décisifs":356,"tour décisif":1,"majeurs":1143.2908616913774,"Non votants de 18-24":60.30709104798581}}