{"id":7547,"slug":"72-137-villeneuve-en-perseigne","nom_standard":"Villeneuve en Perseigne","code_postal":"72","code_departement":"72","libelle_departement":"Sarthe","code_commune":"137","Tour 1":{"Inscrits":1690,"Abstentions":754,"% Abs/Ins":44.62,"Votants":936,"% Vot/Ins":55.38,"Blancs":14,"% Blancs/Ins":0.83,"% Blancs/Vot":1.5,"Nuls":29,"% Nuls/Ins":1.72,"% Nuls/Vot":3.1,"Exprimés":893,"% Exp/Ins":52.84,"% Exp/Vot":95.41,"resultats":[{"N.Pan.":null,"Code Nuance":"LNC","Sexe":"M","Nom":"ANFRAY","Prénom":"Dominique","Liste":"Une Equipe Nouvelle","Sièges / Elu":"3","Sièges Secteur":0,"Sièges CC":0,"Voix":232,"% Voix/Ins":13.73,"% Voix/Exp":25.98},{"N.Pan.":2,"Code Nuance":"LNC","Sexe":"M","Nom":"TROTTET","Prénom":"André","Liste":"Tous Unis pour Villeneuve en Perseigne","Sièges / Elu":"20","Sièges Secteur":0,"Sièges CC":2,"Voix":661,"% Voix/Ins":39.11,"% Voix/Exp":74.02}]},"population":{"F0-2":33.4379777315363,"F3-5":53.765245327243,"F6-10":71.0596611222683,"F11-17":98.4042483688488,"F18-24":50.5330479965571,"F25-39":181.158353436019,"F40-54":214.217601284777,"F55-64":177.08742246994,"F65-79":165.953398078193,"F80+":54.2213688500944,"H0-2":40.5177573556154,"H3-5":45.675978850139,"H6-10":76.1435185694967,"H11-17":101.433389878454,"H18-24":59.7182658564275,"H25-39":191.080028651558,"H40-54":206.198894974803,"H55-64":189.215664996185,"H65-79":169.972459946878,"H80+":38.2057162549678},"Analyse":{"Votes décisifs":430,"tour décisif":1,"majeurs":1697.5622227964,"Non votants de 18-24":49.461065118302145}}