{"id":7570,"slug":"72-191-mayet","nom_standard":"Mayet","code_postal":"72","code_departement":"72","libelle_departement":"Sarthe","code_commune":"191","Tour 1":{"Inscrits":2332,"Abstentions":1128,"% Abs/Ins":48.37,"Votants":1204,"% Vot/Ins":51.63,"Blancs":20,"% Blancs/Ins":0.86,"% Blancs/Vot":1.66,"Nuls":18,"% Nuls/Ins":0.77,"% Nuls/Vot":1.5,"Exprimés":1166,"% Exp/Ins":50,"% Exp/Vot":96.84,"resultats":[{"N.Pan.":null,"Code Nuance":"LNC","Sexe":"M","Nom":"CHAPELLIERE","Prénom":"Jean-François","Liste":"MAYET, LE FUTUR  C'EST AUJOURD'HUI","Sièges / Elu":"4","Sièges Secteur":0,"Sièges CC":1,"Voix":473,"% Voix/Ins":20.28,"% Voix/Exp":40.57},{"N.Pan.":2,"Code Nuance":"LNC","Sexe":"M","Nom":"OUVRARD","Prénom":"Pierre","Liste":"L'AVENIR DE MAYET ENSEMBLE","Sièges / Elu":"19","Sièges Secteur":0,"Sièges CC":4,"Voix":693,"% Voix/Ins":29.72,"% Voix/Exp":59.43}]},"population":{"F0-2":44.7857016072309,"F3-5":32.7782906051925,"F6-10":102.029731842587,"F11-17":141.212085419155,"F18-24":79.9996264845535,"F25-39":225.391171981798,"F40-54":280.352321407332,"F55-64":202.176936356429,"F65-79":302.812031431492,"F80+":205.819547632836,"H0-2":55.6287052451624,"H3-5":43.9737308282848,"H6-10":88.8791889818338,"H11-17":130.827417473262,"H18-24":91.5633212436559,"H25-39":216.159916754021,"H40-54":296.209413669247,"H55-64":209.862794779695,"H65-79":256.621609371696,"H80+":134.916456884535},"Analyse":{"Votes décisifs":221,"tour décisif":1,"majeurs":2501.8851479972905,"Non votants de 18-24":89.00048908372976}}