{"id":7575,"slug":"72-213-mulsanne","nom_standard":"Mulsanne","code_postal":"72","code_departement":"72","libelle_departement":"Sarthe","code_commune":"213","Tour 1":{"Inscrits":4178,"Abstentions":2897,"% Abs/Ins":69.34,"Votants":1281,"% Vot/Ins":30.66,"Blancs":63,"% Blancs/Ins":1.51,"% Blancs/Vot":4.92,"Nuls":50,"% Nuls/Ins":1.2,"% Nuls/Vot":3.9,"Exprimés":1168,"% Exp/Ins":27.96,"% Exp/Vot":91.18,"resultats":[{"N.Pan.":null,"Code Nuance":"LDIV","Sexe":"M","Nom":"LECOQ","Prénom":"Jean-Yves","Liste":"Mulsanne Pour Tous","Sièges / Elu":"29","Sièges Secteur":0,"Sièges CC":3,"Voix":1168,"% Voix/Ins":27.96,"% Voix/Exp":100}]},"population":{"F0-2":69.3841223005208,"F3-5":109.933641942414,"F6-10":154.068514405955,"F11-17":245.207500990602,"F18-24":173.504997136256,"F25-39":412.939623551555,"F40-54":544.388220842576,"F55-64":410.809408995602,"F65-79":473.681344686987,"F80+":170.986453614302,"H0-2":61.2787987422539,"H3-5":87.950846373846,"H6-10":164.981237539117,"H11-17":256.008040412775,"H18-24":186.323646942344,"H25-39":347.481846057976,"H40-54":467.080931428514,"H55-64":351.377926611104,"H65-79":421.182457809749,"H80+":122.430439615551},"Analyse":{"Votes décisifs":1169,"tour décisif":1,"majeurs":4082.1872972925157,"Non votants de 18-24":246.9135670632944}}