{"id":7582,"slug":"72-231-parigne-l-eveque","nom_standard":"Parigné-l'Evêque","code_postal":"72","code_departement":"72","libelle_departement":"Sarthe","code_commune":"231","Tour 1":{"Inscrits":3937,"Abstentions":2829,"% Abs/Ins":71.86,"Votants":1108,"% Vot/Ins":28.14,"Blancs":90,"% Blancs/Ins":2.29,"% Blancs/Vot":8.12,"Nuls":150,"% Nuls/Ins":3.81,"% Nuls/Vot":13.54,"Exprimés":868,"% Exp/Ins":22.05,"% Exp/Vot":78.34,"resultats":[{"N.Pan.":null,"Code Nuance":"LDVG","Sexe":"F","Nom":"MORGANT","Prénom":"Nathalie","Liste":"ENSEMBLE POUR PARIGNE","Sièges / Elu":"29","Sièges Secteur":0,"Sièges CC":9,"Voix":868,"% Voix/Ins":22.05,"% Voix/Exp":100}]},"population":{"F0-2":97.2757901712352,"F3-5":111.869643775655,"F6-10":151.442247152049,"F11-17":235.392717730416,"F18-24":158.861455341898,"F25-39":438.925024825484,"F40-54":554.47807110591,"F55-64":359.594012701557,"F65-79":404.613852086351,"F80+":240.507740494928,"H0-2":77.631926420727,"H3-5":99.5579185295018,"H6-10":186.716418245456,"H11-17":288.441648996511,"H18-24":138.302568084914,"H25-39":419.561468913322,"H40-54":505.187486006745,"H55-64":357.994635085891,"H65-79":383.841062274738,"H80+":109.804312056709},"Analyse":{"Votes décisifs":869,"tour décisif":1,"majeurs":4071.671688978447,"Non votants de 18-24":216.29853055120245}}