{"id":7589,"slug":"72-257-rouillon","nom_standard":"Rouillon","code_postal":"72","code_departement":"72","libelle_departement":"Sarthe","code_commune":"257","Tour 1":{"Inscrits":1974,"Abstentions":1305,"% Abs/Ins":66.11,"Votants":669,"% Vot/Ins":33.89,"Blancs":30,"% Blancs/Ins":1.52,"% Blancs/Vot":4.48,"Nuls":25,"% Nuls/Ins":1.27,"% Nuls/Vot":3.74,"Exprimés":614,"% Exp/Ins":31.1,"% Exp/Vot":91.78,"resultats":[{"N.Pan.":null,"Code Nuance":"LNC","Sexe":"M","Nom":"PARIS","Prénom":"Laurent","Liste":"Vivons Rouillon Avec Vous","Sièges / Elu":"19","Sièges Secteur":0,"Sièges CC":2,"Voix":614,"% Voix/Ins":31.1,"% Voix/Exp":100}]},"population":{"F0-2":15.1661512825551,"F3-5":36.1779812047542,"F6-10":59.264235819709,"F11-17":96.2691709583553,"F18-24":66.4326562676986,"F25-39":132.10500562052,"F40-54":224.565981342092,"F55-64":210.27958531855,"F65-79":214.915177323662,"F80+":126.13728808928,"H0-2":29.2600149823839,"H3-5":40.8139754008332,"H6-10":53.6653409133547,"H11-17":99.9484252827432,"H18-24":94.1086829162321,"H25-39":123.669517161002,"H40-54":229.519781823635,"H55-64":191.315549734808,"H65-79":201.756422813921,"H80+":51.6290557439108},"Analyse":{"Votes décisifs":615,"tour décisif":1,"majeurs":1866.4347041553115,"Non votants de 18-24":102.99731920030293}}