{"id":7928,"slug":"76-178-cleon","nom_standard":"Cléon","code_postal":"76","code_departement":"76","libelle_departement":"Seine-Maritime","code_commune":"178","Tour 1":{"Inscrits":3155,"Abstentions":1686,"% Abs/Ins":53.44,"Votants":1469,"% Vot/Ins":46.56,"Blancs":20,"% Blancs/Ins":0.63,"% Blancs/Vot":1.36,"Nuls":11,"% Nuls/Ins":0.35,"% Nuls/Vot":0.75,"Exprimés":1438,"% Exp/Ins":45.58,"% Exp/Vot":97.89,"resultats":[{"N.Pan.":null,"Code Nuance":"LSOC","Sexe":"F","Nom":"BUREL","Prénom":"Michèle","Liste":"Cléon, nous y tenons","Sièges / Elu":"2","Sièges Secteur":0,"Sièges CC":0,"Voix":202,"% Voix/Ins":6.4,"% Voix/Exp":14.05},{"N.Pan.":2,"Code Nuance":"LDVG","Sexe":"M","Nom":"MARCHE","Prénom":"Frédéric","Liste":"Aimons et transformons CLEON","Sièges / Elu":"21","Sièges Secteur":0,"Sièges CC":1,"Voix":721,"% Voix/Ins":22.85,"% Voix/Exp":50.14},{"N.Pan.":3,"Code Nuance":"LDVG","Sexe":"F","Nom":"LEFEBVRE BELLEGUEULLE","Prénom":"Laëtitia","Liste":"UN NOUVEL ELAN POUR CLEON","Sièges / Elu":2,"Sièges CC":0,"Voix":276,"% Voix/Ins":8.75,"% Voix/Exp":19.19},{"N.Pan.":4,"Code Nuance":"LDIV","Sexe":"M","Nom":"DEM","Prénom":"Ibrahim","Liste":"\"CLEON, IL EST TEMPS D'AGIR\"","Sièges / Elu":2,"Sièges CC":0,"Voix":239,"% Voix/Ins":7.58,"% Voix/Exp":16.62}]},"population":{"F0-2":104.732460709615,"F3-5":105.474628404389,"F6-10":167.630101670952,"F11-17":244.59089560954,"F18-24":201.329582108082,"F25-39":416.272785321635,"F40-54":440.83627682527,"F55-64":357.331936372563,"F65-79":351.51993634119,"F80+":151.159827118296,"H0-2":121.35164854185,"H3-5":124.101690392294,"H6-10":173.413141497858,"H11-17":271.485978772748,"H18-24":179.960935865499,"H25-39":385.753218573023,"H40-54":397.023448185091,"H55-64":284.075939607418,"H65-79":362.469709410441,"H80+":78.4858586722468},"Analyse":{"Votes décisifs":5,"tour décisif":1,"majeurs":3606.2194544007543,"Non votants de 18-24":225.9711376680735}}