{"id":7897,"slug":"76-14-angerville-l-orcher","nom_standard":"Angerville-l'Orcher","code_postal":"76","code_departement":"76","libelle_departement":"Seine-Maritime","code_commune":"14","Tour 1":{"Inscrits":1112,"Abstentions":748,"% Abs/Ins":67.27,"Votants":364,"% Vot/Ins":32.73,"Blancs":7,"% Blancs/Ins":0.63,"% Blancs/Vot":1.92,"Nuls":18,"% Nuls/Ins":1.62,"% Nuls/Vot":4.95,"Exprimés":339,"% Exp/Ins":30.49,"% Exp/Vot":93.13,"resultats":[{"N.Pan.":null,"Code Nuance":"LNC","Sexe":"M","Nom":"BASILLE","Prénom":"Frédéric","Liste":"CONTINUONS A BATIR L'AVENIR DE NOTRE VILLAGE","Sièges / Elu":"15","Sièges Secteur":0,"Sièges CC":1,"Voix":339,"% Voix/Ins":30.49,"% Voix/Exp":100}]},"population":{"F0-2":15.8306159653747,"F3-5":19.6271123353624,"F6-10":50.9610498111556,"F11-17":52.8333384655963,"F18-24":40.7202343132174,"F25-39":118.894911012577,"F40-54":141.069317303158,"F55-64":87.7837293146212,"F65-79":113.381786484376,"F80+":50.934305425566,"H0-2":22.6608148541758,"H3-5":23.630269779998,"H6-10":53.9938109578729,"H11-17":65.7966326887474,"H18-24":49.4213912529466,"H25-39":120.26590779856,"H40-54":128.926234762544,"H55-64":100.705433579433,"H65-79":108.157985214683,"H80+":34.405118680036},"Analyse":{"Votes décisifs":340,"tour décisif":1,"majeurs":1094.6663551417182,"Non votants de 18-24":60.16760512425882}}