{"id":7926,"slug":"76-167-cauville-sur-mer","nom_standard":"Cauville-sur-Mer","code_postal":"76","code_departement":"76","libelle_departement":"Seine-Maritime","code_commune":"167","Tour 1":{"Inscrits":1125,"Abstentions":503,"% Abs/Ins":44.71,"Votants":622,"% Vot/Ins":55.29,"Blancs":13,"% Blancs/Ins":1.16,"% Blancs/Vot":2.09,"Nuls":13,"% Nuls/Ins":1.16,"% Nuls/Vot":2.09,"Exprimés":596,"% Exp/Ins":52.98,"% Exp/Vot":95.82,"resultats":[{"N.Pan.":null,"Code Nuance":"LNC","Sexe":"M","Nom":"HAUCHARD","Prénom":"Pascal","Liste":"LE RENOUVEAU DE CAUVILLE SUR MER","Sièges / Elu":"2","Sièges Secteur":0,"Sièges CC":0,"Voix":151,"% Voix/Ins":13.42,"% Voix/Exp":25.34},{"N.Pan.":2,"Code Nuance":"LNC","Sexe":"M","Nom":"GRANCHER","Prénom":"Christian","Liste":"ENSEMBLE POUR CAUVILLE-SUR-MER","Sièges / Elu":"17","Sièges Secteur":0,"Sièges CC":1,"Voix":445,"% Voix/Ins":39.56,"% Voix/Exp":74.66}]},"population":{"F0-2":34.0121825067108,"F3-5":38.0097676507044,"F6-10":52.0070869234586,"F11-17":76.9316688812156,"F18-24":33.0196943109024,"F25-39":145.202443500337,"F40-54":171.547306414757,"F55-64":104.743368963616,"F65-79":95.8099575482824,"F80+":17.1528256154781,"H0-2":30.0530774142588,"H3-5":41.9689760834124,"H6-10":58.9635249128268,"H11-17":71.9797801236189,"H18-24":59.1285135624611,"H25-39":143.272358225686,"H40-54":171.364596607706,"H55-64":121.77881320638,"H65-79":108.848912169513,"H80+":23.2051453786757},"Analyse":{"Votes décisifs":295,"tour décisif":1,"majeurs":1195.0739355037947,"Non votants de 18-24":44.18784023881216}}