{"id":7949,"slug":"76-260-ferrieres-en-bray","nom_standard":"Ferrières-en-Bray","code_postal":"76","code_departement":"76","libelle_departement":"Seine-Maritime","code_commune":"260","Tour 1":{"Inscrits":1270,"Abstentions":601,"% Abs/Ins":47.32,"Votants":669,"% Vot/Ins":52.68,"Blancs":5,"% Blancs/Ins":0.39,"% Blancs/Vot":0.75,"Nuls":7,"% Nuls/Ins":0.55,"% Nuls/Vot":1.05,"Exprimés":657,"% Exp/Ins":51.73,"% Exp/Vot":98.21,"resultats":[{"N.Pan.":null,"Code Nuance":"LNC","Sexe":"M","Nom":"CANU","Prénom":"Jean-Noël","Liste":"NOUVEL ELAN","Sièges / Elu":"3","Sièges Secteur":0,"Sièges CC":1,"Voix":239,"% Voix/Ins":18.82,"% Voix/Exp":36.38},{"N.Pan.":2,"Code Nuance":"LNC","Sexe":"F","Nom":"DEVILLERVAL","Prénom":"Marie-France","Liste":"Continuons d'innover ENSEMBLE","Sièges / Elu":"16","Sièges Secteur":0,"Sièges CC":2,"Voix":418,"% Voix/Ins":32.91,"% Voix/Exp":63.62}]},"population":{"F0-2":17.9031310973603,"F3-5":23.8735897946228,"F6-10":41.738749972447,"F11-17":75.5609467802237,"F18-24":39.8390253300192,"F25-39":141.3618796639,"F40-54":141.424725669941,"F55-64":117.77634229703,"F65-79":192.630791451518,"F80+":67.911045097075,"H0-2":23.8752580156006,"H3-5":28.8247771029885,"H6-10":54.6626278182867,"H11-17":86.504029810513,"H18-24":34.8481493742969,"H25-39":101.565887652975,"H40-54":146.390839269211,"H55-64":110.745126194061,"H65-79":163.653652226052,"H80+":57.9094253818769},"Analyse":{"Votes décisifs":180,"tour décisif":1,"majeurs":1316.0568896079558,"Non votants de 18-24":36.720943706451024}}