{"id":7944,"slug":"76-252-etalondes","nom_standard":"Etalondes","code_postal":"76","code_departement":"76","libelle_departement":"Seine-Maritime","code_commune":"252","Tour 1":{"Inscrits":819,"Abstentions":263,"% Abs/Ins":32.11,"Votants":556,"% Vot/Ins":67.89,"Blancs":7,"% Blancs/Ins":0.85,"% Blancs/Vot":1.26,"Nuls":7,"% Nuls/Ins":0.85,"% Nuls/Vot":1.26,"Exprimés":542,"% Exp/Ins":66.18,"% Exp/Vot":97.48,"resultats":[{"N.Pan.":null,"Code Nuance":"LNC","Sexe":"M","Nom":"LELONG","Prénom":"Gianni","Liste":"Etalondes une nouvelle équipe communale a votre écoute","Sièges / Elu":"3","Sièges Secteur":0,"Sièges CC":0,"Voix":251,"% Voix/Ins":30.65,"% Voix/Exp":46.31},{"N.Pan.":2,"Code Nuance":"LNC","Sexe":"M","Nom":"DONA","Prénom":"Mario","Liste":"ETALONDES CITOYENNE","Sièges / Elu":"12","Sièges Secteur":0,"Sièges CC":1,"Voix":291,"% Voix/Ins":35.53,"% Voix/Exp":53.69}]},"population":{"F0-2":9.85137758454685,"F3-5":15.7552951189779,"F6-10":19.6782234873353,"F11-17":49.1633876402207,"F18-24":19.570449278234,"F25-39":83.3934713702042,"F40-54":106.544478109778,"F55-64":86.6762904256527,"F65-79":104.095321748453,"F80+":21.366173735434,"H0-2":14.7230694105508,"H3-5":12.7763318328419,"H6-10":33.4818842514928,"H11-17":55.9968745196704,"H18-24":28.4288226798051,"H25-39":83.232372053137,"H40-54":91.9683544416528,"H55-64":87.6691965737395,"H65-79":97.3397429953874,"H80+":25.2888827428861},"Analyse":{"Votes décisifs":41,"tour décisif":1,"majeurs":835.5735561543638,"Non votants de 18-24":16.060018959779452}}