{"id":7950,"slug":"76-263-la-feuillie","nom_standard":"La Feuillie","code_postal":"76","code_departement":"76","libelle_departement":"Seine-Maritime","code_commune":"263","Tour 1":{"Inscrits":956,"Abstentions":406,"% Abs/Ins":42.47,"Votants":550,"% Vot/Ins":57.53,"Blancs":10,"% Blancs/Ins":1.05,"% Blancs/Vot":1.82,"Nuls":3,"% Nuls/Ins":0.31,"% Nuls/Vot":0.55,"Exprimés":537,"% Exp/Ins":56.17,"% Exp/Vot":97.64,"resultats":[{"N.Pan.":null,"Code Nuance":"LNC","Sexe":"M","Nom":"DEVAUX","Prénom":"Laurent","Liste":"L'avenir de la Feuilie avec vous","Sièges / Elu":"3","Sièges Secteur":0,"Sièges CC":1,"Voix":205,"% Voix/Ins":21.44,"% Voix/Exp":38.18},{"N.Pan.":2,"Code Nuance":"LNC","Sexe":"M","Nom":"LEGAY","Prénom":"Pascal","Liste":"LA FEUILLIE DYNAMIQUE","Sièges / Elu":"12","Sièges Secteur":0,"Sièges CC":2,"Voix":332,"% Voix/Ins":34.73,"% Voix/Exp":61.82}]},"population":{"F0-2":13.1492149361658,"F3-5":18.826176827668,"F6-10":28.983379350959,"F11-17":59.6402351427277,"F18-24":27.6459419946161,"F25-39":83.4501074894536,"F40-54":126.031452515841,"F55-64":105.845891377505,"F65-79":106.193377284486,"F80+":98.0333414998824,"H0-2":17.2369231314368,"H3-5":19.6879790205752,"H6-10":36.7423887087508,"H11-17":65.0810567235532,"H18-24":35.3146072272192,"H25-39":93.1348338068859,"H40-54":101.721924885062,"H55-64":96.2703971275208,"H65-79":101.138528554908,"H80+":45.8722423947831},"Analyse":{"Votes décisifs":128,"tour décisif":1,"majeurs":1020.6526461581632,"Non votants de 18-24":29.03294201643222}}