{"id":7902,"slug":"76-35-aumale","nom_standard":"Aumale","code_postal":"76","code_departement":"76","libelle_departement":"Seine-Maritime","code_commune":"35","Tour 1":{"Inscrits":1531,"Abstentions":1008,"% Abs/Ins":65.84,"Votants":523,"% Vot/Ins":34.16,"Blancs":34,"% Blancs/Ins":2.22,"% Blancs/Vot":6.5,"Nuls":99,"% Nuls/Ins":6.47,"% Nuls/Vot":18.93,"Exprimés":390,"% Exp/Ins":25.47,"% Exp/Vot":74.57,"resultats":[{"N.Pan.":null,"Code Nuance":"LNC","Sexe":"F","Nom":"LUCOT AVRIL","Prénom":"Virginie","Liste":"AVEC VOUS POUR AUMALE","Sièges / Elu":"19","Sièges Secteur":0,"Sièges CC":6,"Voix":390,"% Voix/Ins":25.47,"% Voix/Exp":100}]},"population":{"F0-2":16.77145161511,"F3-5":16.5973184204021,"F6-10":41.5738482971643,"F11-17":65.4616071762313,"F18-24":68.2300644551198,"F25-39":124.809311478499,"F40-54":166.542149446663,"F55-64":170.881517287438,"F65-79":217.956071778346,"F80+":165.025104031433,"H0-2":14.9354011734506,"H3-5":19.0046781056697,"H6-10":39.2602442969453,"H11-17":69.5530541067132,"H18-24":62.5439683185563,"H25-39":126.169722500257,"H40-54":149.710665884061,"H55-64":163.133792123048,"H65-79":177.161284295325,"H80+":87.6787452095677},"Analyse":{"Votes décisifs":391,"tour décisif":1,"majeurs":1679.8423968083139,"Non votants de 18-24":90.05901137013126}}