{"id":7962,"slug":"76-307-gonneville-la-mallet","nom_standard":"Gonneville-la-Mallet","code_postal":"76","code_departement":"76","libelle_departement":"Seine-Maritime","code_commune":"307","Tour 1":{"Inscrits":948,"Abstentions":498,"% Abs/Ins":52.53,"Votants":450,"% Vot/Ins":47.47,"Blancs":16,"% Blancs/Ins":1.69,"% Blancs/Vot":3.56,"Nuls":35,"% Nuls/Ins":3.69,"% Nuls/Vot":7.78,"Exprimés":399,"% Exp/Ins":42.09,"% Exp/Vot":88.67,"resultats":[{"N.Pan.":null,"Code Nuance":"LNC","Sexe":"M","Nom":"LEPILEUR","Prénom":"Hervé","Liste":"TOUJOURS MIEUX VIVRE A GONNEVILLE LA MALLET","Sièges / Elu":"15","Sièges Secteur":0,"Sièges CC":1,"Voix":399,"% Voix/Ins":42.09,"% Voix/Exp":100}]},"population":{"F0-2":18.5328425031477,"F3-5":29.8306527104035,"F6-10":42.1389902042434,"F11-17":50.3446604035726,"F18-24":55.6705896793232,"F25-39":105.063044580745,"F40-54":131.977112165464,"F55-64":92.0402408538647,"F65-79":109.693324356771,"F80+":42.4667095508185,"H0-2":21.6118733694181,"H3-5":32.8938512191987,"H6-10":49.3393535194859,"H11-17":69.9514555243612,"H18-24":56.6994941861049,"H25-39":99.9632610391557,"H40-54":135.093488156021,"H55-64":96.1402188223004,"H65-79":98.2729572945938,"H80+":38.2758798610065},"Analyse":{"Votes décisifs":400,"tour décisif":1,"majeurs":1061.3563205461687,"Non votants de 18-24":64.72676487768103}}