{"id":8040,"slug":"76-599-saint-leger-du-bourg-denis","nom_standard":"Saint-Léger-du-Bourg-Denis","code_postal":"76","code_departement":"76","libelle_departement":"Seine-Maritime","code_commune":"599","Tour 1":{"Inscrits":2602,"Abstentions":1484,"% Abs/Ins":57.03,"Votants":1118,"% Vot/Ins":42.97,"Blancs":19,"% Blancs/Ins":0.73,"% Blancs/Vot":1.7,"Nuls":11,"% Nuls/Ins":0.42,"% Nuls/Vot":0.98,"Exprimés":1088,"% Exp/Ins":41.81,"% Exp/Vot":97.32,"resultats":[{"N.Pan.":null,"Code Nuance":"LNC","Sexe":"F","Nom":"DERIVIERE-JULIEN","Prénom":"Thérèse","Liste":"Pour un avenir éco-responsable et solidaire","Sièges / Elu":"5","Sièges Secteur":0,"Sièges CC":0,"Voix":467,"% Voix/Ins":17.95,"% Voix/Exp":42.92},{"N.Pan.":2,"Code Nuance":"LNC","Sexe":"F","Nom":"THÉRY","Prénom":"Géraldine","Liste":"Liste citoyenne pour agir ensemble","Sièges / Elu":"18","Sièges Secteur":0,"Sièges CC":1,"Voix":621,"% Voix/Ins":23.87,"% Voix/Exp":57.08}]},"population":{"F0-2":63.8340616885493,"F3-5":67.2226175163399,"F6-10":103.492259851513,"F11-17":141.970922947045,"F18-24":147.691578901536,"F25-39":362.65682983865,"F40-54":370.581270884728,"F55-64":276.371621430635,"F65-79":254.554259957666,"F80+":151.965682790986,"H0-2":68.1306937771527,"H3-5":59.6626913332761,"H6-10":135.130726684364,"H11-17":154.414201237153,"H18-24":161.112354575266,"H25-39":295.953357125748,"H40-54":320.667348958642,"H55-64":212.056873287796,"H65-79":198.702262399306,"H80+":70.8283848136472},"Analyse":{"Votes décisifs":155,"tour décisif":1,"majeurs":2823.1418249646063,"Non votants de 18-24":186.51365582438797}}