{"id":7908,"slug":"76-57-barentin","nom_standard":"Barentin","code_postal":"76","code_departement":"76","libelle_departement":"Seine-Maritime","code_commune":"57","Tour 1":{"Inscrits":8667,"Abstentions":6074,"% Abs/Ins":70.08,"Votants":2593,"% Vot/Ins":29.92,"Blancs":108,"% Blancs/Ins":1.25,"% Blancs/Vot":4.17,"Nuls":135,"% Nuls/Ins":1.56,"% Nuls/Vot":5.21,"Exprimés":2350,"% Exp/Ins":27.11,"% Exp/Vot":90.63,"resultats":[{"N.Pan.":null,"Code Nuance":"LDVG","Sexe":"M","Nom":"BOUILLON","Prénom":"Christophe","Liste":"J'AIME BARENTIN","Sièges / Elu":"33","Sièges Secteur":0,"Sièges CC":18,"Voix":2350,"% Voix/Ins":27.11,"% Voix/Exp":100}]},"population":{"F0-2":226.032600677532,"F3-5":205.579370009177,"F6-10":391.560249293259,"F11-17":643.359261453386,"F18-24":441.052571622527,"F25-39":1095.82015766145,"F40-54":1252.78880951299,"F55-64":751.448340662521,"F65-79":968.286899132451,"F80+":490.425328865755,"H0-2":171.983452791353,"H3-5":231.687479941146,"H6-10":451.571553246719,"H11-17":587.377370818774,"H18-24":446.913359789299,"H25-39":1015.9775713383,"H40-54":1147.21890330094,"H55-64":781.806465396841,"H65-79":726.123044395546,"H80+":211.987210090029},"Analyse":{"Votes décisifs":2351,"tour décisif":1,"majeurs":9329.848661768647,"Non votants de 18-24":641.1778275933891}}