{"id":8023,"slug":"76-541-roumare","nom_standard":"Roumare","code_postal":"76","code_departement":"76","libelle_departement":"Seine-Maritime","code_commune":"541","Tour 1":{"Inscrits":1115,"Abstentions":404,"% Abs/Ins":36.23,"Votants":711,"% Vot/Ins":63.77,"Blancs":15,"% Blancs/Ins":1.35,"% Blancs/Vot":2.11,"Nuls":7,"% Nuls/Ins":0.63,"% Nuls/Vot":0.98,"Exprimés":689,"% Exp/Ins":61.79,"% Exp/Vot":96.91,"resultats":[{"N.Pan.":null,"Code Nuance":"LNC","Sexe":"F","Nom":"LELIEVRE","Prénom":"Josiane","Liste":"REUNIS POUR ROUMARE","Sièges / Elu":"15","Sièges Secteur":0,"Sièges CC":2,"Voix":397,"% Voix/Ins":35.61,"% Voix/Exp":57.62},{"N.Pan.":2,"Code Nuance":"LNC","Sexe":"F","Nom":"TALBOT","Prénom":"Christine","Liste":"Ensemble, donnons une nouvelle énergie à notre village","Sièges / Elu":"4","Sièges Secteur":0,"Sièges CC":0,"Voix":292,"% Voix/Ins":26.19,"% Voix/Exp":42.38}]},"population":{"F0-2":23.7783575835412,"F3-5":31.7367232815837,"F6-10":51.4360670992435,"F11-17":75.2773889978889,"F18-24":50.2944258288418,"F25-39":123.316176521147,"F40-54":172.242163628397,"F55-64":109.589930292273,"F65-79":114.341507459963,"F80+":27.314353627703,"H0-2":22.7372098101493,"H3-5":31.6627289442837,"H6-10":58.4900791339351,"H11-17":75.2431246713669,"H18-24":31.5948852305928,"H25-39":109.295570274771,"H40-54":179.04653347725,"H55-64":118.493944788084,"H65-79":114.458235492167,"H80+":15.6505938568187},"Analyse":{"Votes décisifs":106,"tour décisif":1,"majeurs":1165.6383204780082,"Non votants de 18-24":31.939597550203345}}