{"id":8051,"slug":"76-631-saint-paer","nom_standard":"Saint-Paër","code_postal":"76","code_departement":"76","libelle_departement":"Seine-Maritime","code_commune":"631","Tour 1":{"Inscrits":1041,"Abstentions":647,"% Abs/Ins":62.15,"Votants":394,"% Vot/Ins":37.85,"Blancs":25,"% Blancs/Ins":2.4,"% Blancs/Vot":6.35,"Nuls":30,"% Nuls/Ins":2.88,"% Nuls/Vot":7.61,"Exprimés":339,"% Exp/Ins":32.56,"% Exp/Vot":86.04,"resultats":[{"N.Pan.":null,"Code Nuance":"LNC","Sexe":"M","Nom":"HIS","Prénom":"Valère","Liste":"CONTINUONS ENSEMBLE POUR SAINT PAER","Sièges / Elu":"15","Sièges Secteur":0,"Sièges CC":1,"Voix":339,"% Voix/Ins":32.56,"% Voix/Exp":100}]},"population":{"F0-2":16.8922728097663,"F3-5":23.7711769126568,"F6-10":44.5933240936544,"F11-17":53.5565686179563,"F18-24":28.8736026467842,"F25-39":119.243031795829,"F40-54":116.597374304497,"F55-64":89.1527988926044,"F65-79":105.277074869311,"F80+":37.1866244303648,"H0-2":21.8511080392764,"H3-5":19.8145740676698,"H6-10":63.379135235684,"H11-17":49.6002204561031,"H18-24":35.8216205904046,"H25-39":128.424690037947,"H40-54":130.584162528039,"H55-64":86.0709141436252,"H65-79":111.27546540089,"H80+":25.034260126937},"Analyse":{"Votes décisifs":340,"tour décisif":1,"majeurs":1013.541619767233,"Non votants de 18-24":39.54586828390496}}