{"id":8058,"slug":"76-655-saint-valery-en-caux","nom_standard":"Saint-Valery-en-Caux","code_postal":"76","code_departement":"76","libelle_departement":"Seine-Maritime","code_commune":"655","Tour 1":{"Inscrits":3049,"Abstentions":1448,"% Abs/Ins":47.49,"Votants":1601,"% Vot/Ins":52.51,"Blancs":28,"% Blancs/Ins":0.92,"% Blancs/Vot":1.75,"Nuls":31,"% Nuls/Ins":1.02,"% Nuls/Vot":1.94,"Exprimés":1542,"% Exp/Ins":50.57,"% Exp/Vot":96.31,"resultats":[{"N.Pan.":null,"Code Nuance":"LDVG","Sexe":"M","Nom":"SALLÉ","Prénom":"Joël","Liste":"SAINT VALERY AU COEUR","Sièges / Elu":"4","Sièges Secteur":0,"Sièges CC":1,"Voix":462,"% Voix/Ins":15.15,"% Voix/Exp":29.96},{"N.Pan.":2,"Code Nuance":"LDVD","Sexe":"M","Nom":"OUVRY","Prénom":"Jean-François","Liste":"Changeons de Cap pour Saint Valery en Caux","Sièges / Elu":"21","Sièges Secteur":0,"Sièges CC":9,"Voix":798,"% Voix/Ins":26.17,"% Voix/Exp":51.75},{"N.Pan.":3,"Code Nuance":"LDVD","Sexe":"M","Nom":"DISTANTE","Prénom":"Raphaël","Liste":"ENSEMBLE POUR SAINT VALERY","Sièges / Elu":2,"Sièges CC":1,"Voix":282,"% Voix/Ins":9.25,"% Voix/Exp":18.29}]},"population":{"F0-2":42.2807335014279,"F3-5":55.173855201179,"F6-10":90.544849706735,"F11-17":161.810789320815,"F18-24":101.694306181232,"F25-39":244.451754835343,"F40-54":389.884436348314,"F55-64":303.279743002037,"F65-79":416.84985711748,"F80+":247.854977377493,"H0-2":38.4083458085077,"H3-5":55.0876618079694,"H6-10":88.2672995803346,"H11-17":163.610577357739,"H18-24":130.384726213033,"H25-39":300.836461172051,"H40-54":373.655654919631,"H55-64":283.704990201929,"H65-79":308.316455784934,"H80+":109.902524561814},"Analyse":{"Votes décisifs":55,"tour décisif":1,"majeurs":3210.815887715291,"Non votants de 18-24":116.35812410898588}}