{"id":8044,"slug":"76-614-saint-martin-de-boscherville","nom_standard":"Saint-Martin-de-Boscherville","code_postal":"76","code_departement":"76","libelle_departement":"Seine-Maritime","code_commune":"614","Tour 1":{"Inscrits":1283,"Abstentions":538,"% Abs/Ins":41.93,"Votants":745,"% Vot/Ins":58.07,"Blancs":21,"% Blancs/Ins":1.64,"% Blancs/Vot":2.82,"Nuls":11,"% Nuls/Ins":0.86,"% Nuls/Vot":1.48,"Exprimés":713,"% Exp/Ins":55.57,"% Exp/Vot":95.7,"resultats":[{"N.Pan.":null,"Code Nuance":"LNC","Sexe":"M","Nom":"VEYRONNET","Prénom":"Alain","Liste":"ENSEMBLE,L'AVENIR GRANDEUR NATURE","Sièges / Elu":"4","Sièges Secteur":0,"Sièges CC":0,"Voix":343,"% Voix/Ins":26.73,"% Voix/Exp":48.11},{"N.Pan.":2,"Code Nuance":"LNC","Sexe":"M","Nom":"CHAUVIN","Prénom":"Thierry","Liste":"NOTRE VILLAGE,NOTRE FUTUR","Sièges / Elu":"15","Sièges Secteur":0,"Sièges CC":1,"Voix":370,"% Voix/Ins":28.84,"% Voix/Exp":51.89}]},"population":{"F0-2":19.0574807786545,"F3-5":19.014751876595,"F6-10":53.059718632767,"F11-17":82.118318900316,"F18-24":42.1139386029043,"F25-39":88.2776504479803,"F40-54":169.591171669896,"F55-64":102.734729445281,"F65-79":160.267483190595,"F80+":51.4648076083111,"H0-2":26.0418399942167,"H3-5":18.0413888881881,"H6-10":50.0713445025908,"H11-17":79.0673269899632,"H18-24":37.1132127485704,"H25-39":87.3615543673182,"H40-54":166.502907357409,"H55-64":101.692845808097,"H65-79":146.118912793427,"H80+":36.2886153969191},"Analyse":{"Votes décisifs":28,"tour décisif":1,"majeurs":1189.5278294367083,"Non votants de 18-24":29.607271684767685}}