{"id":8076,"slug":"76-751-yebleron","nom_standard":"Yébleron","code_postal":"76","code_departement":"76","libelle_departement":"Seine-Maritime","code_commune":"751","Tour 1":{"Inscrits":933,"Abstentions":413,"% Abs/Ins":44.27,"Votants":520,"% Vot/Ins":55.73,"Blancs":14,"% Blancs/Ins":1.5,"% Blancs/Vot":2.69,"Nuls":7,"% Nuls/Ins":0.75,"% Nuls/Vot":1.35,"Exprimés":499,"% Exp/Ins":53.48,"% Exp/Vot":95.96,"resultats":[{"N.Pan.":null,"Code Nuance":"LNC","Sexe":"M","Nom":"QUESNEL","Prénom":"Marcel","Liste":"ENSEMBLE POUR UN NOUVEL ELAN","Sièges / Elu":"3","Sièges Secteur":0,"Sièges CC":0,"Voix":216,"% Voix/Ins":23.15,"% Voix/Exp":43.29},{"N.Pan.":2,"Code Nuance":"LNC","Sexe":"F","Nom":"LEMESLE","Prénom":"Nathalie","Liste":"AGISSONS ENSEMBLE POUR L'AVENIR DE YEBLERON","Sièges / Elu":"12","Sièges Secteur":0,"Sièges CC":1,"Voix":283,"% Voix/Ins":30.33,"% Voix/Exp":56.71}]},"population":{"F0-2":21.6837962348903,"F3-5":23.6833578222207,"F6-10":46.2056872752441,"F11-17":57.2194943747221,"F18-24":29.7492410793078,"F25-39":111.920280143042,"F40-54":110.094252016715,"F55-64":107.950397957455,"F65-79":93.0476263700156,"F80+":35.0928250953303,"H0-2":16.777906442671,"H3-5":21.6714639018874,"H6-10":38.3748256377275,"H11-17":75.923335816919,"H18-24":47.5270291454184,"H25-39":116.075583271659,"H40-54":115.180997872917,"H55-64":94.7723819396861,"H65-79":86.0427169416246,"H80+":25.0068006605476},"Analyse":{"Votes décisifs":68,"tour décisif":1,"majeurs":972.4601324937183,"Non votants de 18-24":35.9546168487538}}