{"id":7604,"slug":"72-308-saint-paterne-le-chevain","nom_standard":"Saint Paterne-Le Chevain","code_postal":"72","code_departement":"72","libelle_departement":"Sarthe","code_commune":"308","Tour 1":{"Inscrits":1585,"Abstentions":1074,"% Abs/Ins":67.76,"Votants":511,"% Vot/Ins":32.24,"Blancs":21,"% Blancs/Ins":1.32,"% Blancs/Vot":4.11,"Nuls":113,"% Nuls/Ins":7.13,"% Nuls/Vot":22.11,"Exprimés":377,"% Exp/Ins":23.79,"% Exp/Vot":73.78,"resultats":[{"N.Pan.":null,"Code Nuance":"LNC","Sexe":"M","Nom":"TOUCHARD","Prénom":"Joël","Liste":"Construisons Ensemble Saint Paterne Le Chevain","Sièges / Elu":"23","Sièges Secteur":0,"Sièges CC":2,"Voix":377,"% Voix/Ins":23.79,"% Voix/Exp":100}]},"population":{"F0-2":27.6971360548074,"F3-5":22.5994059600246,"F6-10":62.9216632830271,"F11-17":92.6576667884623,"F18-24":59.701145308519,"F25-39":117.058590861393,"F40-54":203.189800200889,"F55-64":195.540625384697,"F65-79":203.89251709367,"F80+":93.242671068352,"H0-2":22.4087832248437,"H3-5":24.6114149963755,"H6-10":50.1459809010952,"H11-17":86.5344246720954,"H18-24":132.187687441607,"H25-39":121.200144830807,"H40-54":184.175132016906,"H55-64":159.967686519586,"H65-79":184.674278492138,"H80+":58.5932449007039},"Analyse":{"Votes décisifs":378,"tour décisif":1,"majeurs":1713.423524119268,"Non votants de 18-24":134.66118753863833}}