{"id":7613,"slug":"72-344-spay","nom_standard":"Spay","code_postal":"72","code_departement":"72","libelle_departement":"Sarthe","code_commune":"344","Tour 1":{"Inscrits":2327,"Abstentions":1053,"% Abs/Ins":45.25,"Votants":1274,"% Vot/Ins":54.75,"Blancs":18,"% Blancs/Ins":0.77,"% Blancs/Vot":1.41,"Nuls":14,"% Nuls/Ins":0.6,"% Nuls/Vot":1.1,"Exprimés":1242,"% Exp/Ins":53.37,"% Exp/Vot":97.49,"resultats":[{"N.Pan.":null,"Code Nuance":"LNC","Sexe":"F","Nom":"BRUNET","Prénom":"Joëlle","Liste":"RÉUNIS POUR L'INTÉRÊT COMMUN","Sièges / Elu":"3","Sièges Secteur":0,"Sièges CC":0,"Voix":351,"% Voix/Ins":15.08,"% Voix/Exp":28.26},{"N.Pan.":2,"Code Nuance":"LNC","Sexe":"M","Nom":"AVIGNON","Prénom":"Jean-Yves","Liste":"Construisons Ensemble L'Avenir De Spay","Sièges / Elu":"20","Sièges Secteur":0,"Sièges CC":4,"Voix":891,"% Voix/Ins":38.29,"% Voix/Exp":71.74}]},"population":{"F0-2":32.3729691965158,"F3-5":52.4708763442961,"F6-10":103.251028043831,"F11-17":120.806823784438,"F18-24":68.125265914253,"F25-39":211.92197598367,"F40-54":326.727475879031,"F55-64":226.134140767662,"F65-79":234.247591852798,"F80+":61.1721096763889,"H0-2":43.0198761466745,"H3-5":49.8903193132137,"H6-10":100.455320076613,"H11-17":140.435979248237,"H18-24":65.055662367433,"H25-39":185.91693875807,"H40-54":326.527267422727,"H55-64":235.012577076438,"H65-79":233.854271363975,"H80+":45.6015307837342},"Analyse":{"Votes décisifs":541,"tour décisif":1,"majeurs":2220.2968078461804,"Non votants de 18-24":56.762090029398315}}