{"id":7617,"slug":"72-358-thorigne-sur-due","nom_standard":"Thorigné-sur-Dué","code_postal":"72","code_departement":"72","libelle_departement":"Sarthe","code_commune":"358","Tour 1":{"Inscrits":1199,"Abstentions":750,"% Abs/Ins":62.55,"Votants":449,"% Vot/Ins":37.45,"Blancs":31,"% Blancs/Ins":2.59,"% Blancs/Vot":6.9,"Nuls":49,"% Nuls/Ins":4.09,"% Nuls/Vot":10.91,"Exprimés":369,"% Exp/Ins":30.78,"% Exp/Vot":82.18,"resultats":[{"N.Pan.":null,"Code Nuance":"LNC","Sexe":"F","Nom":"GAUTHIER CHAILLOUX","Prénom":"Nathalie","Liste":"ENSEMBLE CONSTUISONS LE MEILLEUR POUR  THORIGNE-SUR-DUE","Sièges / Elu":"19","Sièges Secteur":0,"Sièges CC":3,"Voix":369,"% Voix/Ins":30.78,"% Voix/Exp":100}]},"population":{"F0-2":24.8363911547716,"F3-5":26.7438900338613,"F6-10":53.5307935148299,"F11-17":64.527180399042,"F18-24":51.9545876383398,"F25-39":113.405806179279,"F40-54":162.652036958841,"F55-64":110.452765584,"F65-79":107.552759211763,"F80+":104.375388697824,"H0-2":26.8209337138814,"H3-5":19.8215412852514,"H6-10":53.5588428129613,"H11-17":72.3290998407934,"H18-24":62.7876756484312,"H25-39":110.794618664775,"H40-54":169.73638011699,"H55-64":114.375021171718,"H65-79":102.513521193605,"H80+":60.2307661790413},"Analyse":{"Votes décisifs":370,"tour décisif":1,"majeurs":1270.8313272446073,"Non votants de 18-24":74.20244095845045}}