{"id":763,"slug":"11-410-villalier","nom_standard":"Villalier","code_postal":"11","code_departement":"11","libelle_departement":"Aude","code_commune":"410","Tour 1":{"Inscrits":684,"Abstentions":383,"% Abs/Ins":55.99,"Votants":301,"% Vot/Ins":44.01,"Blancs":6,"% Blancs/Ins":0.88,"% Blancs/Vot":1.99,"Nuls":31,"% Nuls/Ins":4.53,"% Nuls/Vot":10.3,"Exprimés":264,"% Exp/Ins":38.6,"% Exp/Vot":87.71,"resultats":[{"N.Pan.":null,"Code Nuance":"LNC","Sexe":"M","Nom":"ZOCCARATO","Prénom":"Michel","Liste":"CONTINUONS D'AVANCER ENSEMBLE POUR VILLALIER","Sièges / Elu":"15","Sièges Secteur":0,"Sièges CC":1,"Voix":264,"% Voix/Ins":38.6,"% Voix/Exp":100}]},"population":{"F0-2":13.5496145915421,"F3-5":14.3399636313036,"F6-10":29.7579370491097,"F11-17":44.2092069126016,"F18-24":11.6641359522093,"F25-39":69.2986970300003,"F40-54":91.1419141454165,"F55-64":67.8104347726144,"F65-79":74.1378674676244,"F80+":88.221087746679,"H0-2":9.62804685529515,"H3-5":19.4530917858406,"H6-10":30.6878797065636,"H11-17":44.1874494968496,"H18-24":21.5602506502511,"H25-39":75.772108892665,"H40-54":85.6324958580637,"H55-64":70.7362049023552,"H65-79":76.1940497973956,"H80+":32.0175627556196},"Analyse":{"Votes décisifs":265,"tour décisif":1,"majeurs":764.186809970894,"Non votants de 18-24":20.137873937158737}}