{"id":7653,"slug":"73-96-cruet","nom_standard":"Cruet","code_postal":"73","code_departement":"73","libelle_departement":"Savoie","code_commune":"96","Tour 1":{"Inscrits":834,"Abstentions":476,"% Abs/Ins":57.07,"Votants":358,"% Vot/Ins":42.93,"Blancs":11,"% Blancs/Ins":1.32,"% Blancs/Vot":3.07,"Nuls":63,"% Nuls/Ins":7.55,"% Nuls/Vot":17.6,"Exprimés":284,"% Exp/Ins":34.05,"% Exp/Vot":79.33,"resultats":[{"N.Pan.":null,"Code Nuance":"LNC","Sexe":"M","Nom":"BLONDET","Prénom":"Jean-Michel","Liste":"AVEC VOUS POUR CRUET","Sièges / Elu":"15","Sièges Secteur":0,"Sièges CC":1,"Voix":284,"% Voix/Ins":34.05,"% Voix/Exp":100}]},"population":{"F0-2":12.9917174418017,"F3-5":16.918457280503,"F6-10":34.8203208317837,"F11-17":39.8915963842256,"F18-24":24.0241446299667,"F25-39":74.0788532415026,"F40-54":106.104298178822,"F55-64":92.8939753958155,"F65-79":80.9405469894138,"F80+":42.5829706734735,"H0-2":9.9878963474704,"H3-5":18.9118448337445,"H6-10":40.8541773811625,"H11-17":57.7660242319996,"H18-24":23.0675854440713,"H25-39":79.171279777089,"H40-54":104.063691129001,"H55-64":84.8048854481585,"H65-79":80.8855726129953,"H80+":20.2401617470007},"Analyse":{"Votes décisifs":285,"tour décisif":1,"majeurs":812.85796526731,"Non votants de 18-24":26.35152688126798}}