{"id":7659,"slug":"73-128-gresy-sur-aix","nom_standard":"Grésy-sur-Aix","code_postal":"73","code_departement":"73","libelle_departement":"Savoie","code_commune":"128","Tour 1":{"Inscrits":3310,"Abstentions":2314,"% Abs/Ins":69.91,"Votants":996,"% Vot/Ins":30.09,"Blancs":30,"% Blancs/Ins":0.91,"% Blancs/Vot":3.01,"Nuls":52,"% Nuls/Ins":1.57,"% Nuls/Vot":5.22,"Exprimés":914,"% Exp/Ins":27.61,"% Exp/Vot":91.77,"resultats":[{"N.Pan.":null,"Code Nuance":"LDVD","Sexe":"M","Nom":"MAITRE","Prénom":"Florian","Liste":"Vivons Grésy-sur-Aix","Sièges / Elu":"27","Sièges Secteur":0,"Sièges CC":4,"Voix":914,"% Voix/Ins":27.61,"% Voix/Exp":100}]},"population":{"F0-2":77.5775178183995,"F3-5":94.3004479669685,"F6-10":146.829775623421,"F11-17":191.646756416716,"F18-24":127.715812833503,"F25-39":445.696687046069,"F40-54":522.086067546254,"F55-64":321.550855299771,"F65-79":298.96342737981,"F80+":88.9434815727751,"H0-2":77.5364024203027,"H3-5":86.4026864072545,"H6-10":185.535122116266,"H11-17":193.434304233008,"H18-24":153.767820221605,"H25-39":418.032183502444,"H40-54":488.92192754504,"H55-64":312.841907818379,"H65-79":283.435967690736,"H80+":82.7808485412799},"Analyse":{"Votes décisifs":915,"tour décisif":1,"majeurs":3544.7369869976656,"Non votants de 18-24":202.39237761041394}}