{"id":7678,"slug":"73-204-le-pont-de-beauvoisin","nom_standard":"Le Pont-de-Beauvoisin","code_postal":"73","code_departement":"73","libelle_departement":"Savoie","code_commune":"204","Tour 1":{"Inscrits":1198,"Abstentions":761,"% Abs/Ins":63.52,"Votants":437,"% Vot/Ins":36.48,"Blancs":12,"% Blancs/Ins":1,"% Blancs/Vot":2.75,"Nuls":12,"% Nuls/Ins":1,"% Nuls/Vot":2.75,"Exprimés":413,"% Exp/Ins":34.47,"% Exp/Vot":94.51,"resultats":[{"N.Pan.":null,"Code Nuance":"LNC","Sexe":"M","Nom":"LECOCQ","Prénom":"Pascal","Liste":"VOTRE COMMUNE VOUS APPARTIENT","Sièges / Elu":"4","Sièges Secteur":0,"Sièges CC":1,"Voix":170,"% Voix/Ins":14.19,"% Voix/Exp":41.16},{"N.Pan.":2,"Code Nuance":"LNC","Sexe":"M","Nom":"BERTHOLLIER","Prénom":"Christian","Liste":"REUNIR POUR AGIR","Sièges / Elu":"15","Sièges Secteur":0,"Sièges CC":5,"Voix":243,"% Voix/Ins":20.28,"% Voix/Exp":58.84}]},"population":{"F0-2":34.297509401388,"F3-5":35.9465049608277,"F6-10":76.7666983301498,"F11-17":83.7788241641688,"F18-24":69.9295056752598,"F25-39":158.930359978127,"F40-54":186.436407691805,"F55-64":122.384179988594,"F65-79":178.730785695757,"F80+":161.501894896662,"H0-2":31.1461618078897,"H3-5":30.2386571350382,"H6-10":85.1669675364734,"H11-17":97.0220013015202,"H18-24":67.8210802228628,"H25-39":154.395039914156,"H40-54":192.955555250418,"H55-64":105.443407736801,"H65-79":119.007427329126,"H80+":77.1010309829754},"Analyse":{"Votes décisifs":74,"tour décisif":1,"majeurs":1594.6366753625439,"Non votants de 18-24":100.0009172949007}}