{"id":7694,"slug":"73-261-saint-michel-de-maurienne","nom_standard":"Saint-Michel-de-Maurienne","code_postal":"73","code_departement":"73","libelle_departement":"Savoie","code_commune":"261","Tour 1":{"Inscrits":1800,"Abstentions":842,"% Abs/Ins":46.78,"Votants":958,"% Vot/Ins":53.22,"Blancs":10,"% Blancs/Ins":0.56,"% Blancs/Vot":1.04,"Nuls":22,"% Nuls/Ins":1.22,"% Nuls/Vot":2.3,"Exprimés":926,"% Exp/Ins":51.44,"% Exp/Vot":96.66,"resultats":[{"N.Pan.":null,"Code Nuance":"LNC","Sexe":"M","Nom":"MANCUSO","Prénom":"Gaetan","Liste":"SAINT MICHEL PASSIONNEMENT","Sièges / Elu":"15","Sièges Secteur":0,"Sièges CC":9,"Voix":489,"% Voix/Ins":27.17,"% Voix/Exp":52.81},{"N.Pan.":2,"Code Nuance":"LNC","Sexe":"F","Nom":"SAINTIER","Prénom":"Isabelle","Liste":"SAINT MICHEL 2020-2026. Une nouvelle équipe, une nouvelle dynamique","Sièges / Elu":"3","Sièges Secteur":0,"Sièges CC":2,"Voix":293,"% Voix/Ins":16.28,"% Voix/Exp":31.64},{"N.Pan.":3,"Code Nuance":"LNC","Sexe":"M","Nom":"ROSSERO","Prénom":"Gabriel","Liste":"MON PARTI c'est MA COMMUNE","Sièges / Elu":1,"Sièges CC":0,"Voix":144,"% Voix/Ins":8,"% Voix/Exp":15.55}]},"population":{"F0-2":30.9309796474638,"F3-5":38.9220658426727,"F6-10":70.7122184771109,"F11-17":70.6627920655117,"F18-24":40.1002897761492,"F25-39":188.024584070468,"F40-54":209.566353495349,"F55-64":181.276178469761,"F65-79":223.758145292324,"F80+":169.136754773066,"H0-2":29.8496220926059,"H3-5":36.8750370886949,"H6-10":80.6486966341882,"H11-17":94.8019254296958,"H18-24":118.197233359627,"H25-39":198.541828921129,"H40-54":230.756264961132,"H55-64":171.040169481291,"H65-79":211.638486472481,"H80+":78.5603736492793},"Analyse":{"Votes décisifs":53,"tour décisif":1,"majeurs":2020.5966627220566,"Non votants de 18-24":83.24591587449385}}