{"id":7697,"slug":"73-278-saint-remy-de-maurienne","nom_standard":"Saint-Rémy-de-Maurienne","code_postal":"73","code_departement":"73","libelle_departement":"Savoie","code_commune":"278","Tour 1":{"Inscrits":978,"Abstentions":511,"% Abs/Ins":52.25,"Votants":467,"% Vot/Ins":47.75,"Blancs":26,"% Blancs/Ins":2.66,"% Blancs/Vot":5.57,"Nuls":84,"% Nuls/Ins":8.59,"% Nuls/Vot":17.99,"Exprimés":357,"% Exp/Ins":36.5,"% Exp/Vot":76.45,"resultats":[{"N.Pan.":null,"Code Nuance":"LNC","Sexe":"M","Nom":"MONDET","Prénom":"Bertrand","Liste":"UNE NOUVELLE DYNAMIQUE","Sièges / Elu":"15","Sièges Secteur":0,"Sièges CC":4,"Voix":357,"% Voix/Ins":36.5,"% Voix/Exp":100}]},"population":{"F0-2":16.7055088806788,"F3-5":18.4818511407378,"F6-10":52.7070699413941,"F11-17":64.6064980697304,"F18-24":26.9315543297448,"F25-39":93.0252151837402,"F40-54":138.710776494065,"F55-64":78.3854220791719,"F65-79":93.1549122969399,"F80+":43.23675892689,"H0-2":14.6886392433206,"H3-5":21.6271014270617,"H6-10":53.6685136732363,"H11-17":53.1956512400362,"H18-24":30.5910860615671,"H25-39":98.0048373828129,"H40-54":149.888868315285,"H55-64":71.0232612736944,"H65-79":89.7076344437627,"H80+":29.6588395961311},"Analyse":{"Votes décisifs":358,"tour décisif":1,"majeurs":942.3191663838049,"Non votants de 18-24":29.015236508367447}}