{"id":8120,"slug":"77-109-chenoise-cucharmoy","nom_standard":"Chenoise-Cucharmoy","code_postal":"77","code_departement":"77","libelle_departement":"Seine-et-Marne","code_commune":"109","Tour 1":{"Inscrits":1038,"Abstentions":748,"% Abs/Ins":72.06,"Votants":290,"% Vot/Ins":27.94,"Blancs":36,"% Blancs/Ins":3.47,"% Blancs/Vot":12.41,"Nuls":11,"% Nuls/Ins":1.06,"% Nuls/Vot":3.79,"Exprimés":243,"% Exp/Ins":23.41,"% Exp/Vot":83.79,"resultats":[{"N.Pan.":null,"Code Nuance":"LNC","Sexe":"M","Nom":"BONTOUR","Prénom":"Alain","Liste":"ENSEMBLE ! POUR CHENOISE-CUCHARMOY","Sièges / Elu":"23","Sièges Secteur":0,"Sièges CC":2,"Voix":243,"% Voix/Ins":23.41,"% Voix/Exp":100}]},"population":{"F0-2":31.3468587883983,"F3-5":40.3466510814082,"F6-10":59.773080261265,"F11-17":67.930283102214,"F18-24":55.5227372704763,"F25-39":136.289216717298,"F40-54":175.030815226182,"F55-64":99.6883198123247,"F65-79":111.864612612869,"F80+":61.6227358521311,"H0-2":26.2679558029026,"H3-5":26.3644643818275,"H6-10":59.6776389928677,"H11-17":85.8233636525346,"H18-24":47.6242472326258,"H25-39":129.344141519393,"H40-54":184.682927656808,"H55-64":122.902867102973,"H65-79":96.6763745692852,"H80+":34.2207083642158},"Analyse":{"Votes décisifs":244,"tour décisif":1,"majeurs":1255.469703936582,"Non votants de 18-24":79.32114034923106}}