{"id":8184,"slug":"77-254-liverdy-en-brie","nom_standard":"Liverdy-en-Brie","code_postal":"77","code_departement":"77","libelle_departement":"Seine-et-Marne","code_commune":"254","Tour 1":{"Inscrits":999,"Abstentions":424,"% Abs/Ins":42.44,"Votants":575,"% Vot/Ins":57.56,"Blancs":18,"% Blancs/Ins":1.8,"% Blancs/Vot":3.13,"Nuls":8,"% Nuls/Ins":0.8,"% Nuls/Vot":1.39,"Exprimés":549,"% Exp/Ins":54.95,"% Exp/Vot":95.48,"resultats":[{"N.Pan.":null,"Code Nuance":"LNC","Sexe":"M","Nom":"MARCELOT","Prénom":"Hugues","Liste":"LIVERDY HERITAGE ET AVENIR","Sièges / Elu":"12","Sièges Secteur":0,"Sièges CC":1,"Voix":314,"% Voix/Ins":31.43,"% Voix/Exp":57.19},{"N.Pan.":2,"Code Nuance":"LNC","Sexe":"M","Nom":"CAUCHIE","Prénom":"Dominique","Liste":"ENSEMBLE, CONTINUONS D'AGIR POUR LIVERDY","Sièges / Elu":"3","Sièges Secteur":0,"Sièges CC":0,"Voix":235,"% Voix/Ins":23.52,"% Voix/Exp":42.81}]},"population":{"F0-2":25.9278902578057,"F3-5":28.8992854039729,"F6-10":44.8045517491673,"F11-17":67.8233307674065,"F18-24":45.2000439640787,"F25-39":112.459084951204,"F40-54":152.929999810237,"F55-64":89.6157285370587,"F65-79":74.7782975166007,"F80+":20.5490531216028,"H0-2":20.059348981211,"H3-5":21.994873063727,"H6-10":39.8223258612051,"H11-17":60.7702676251493,"H18-24":51.0922024110444,"H25-39":103.674403493868,"H40-54":143.904622073526,"H55-64":105.845481009804,"H65-79":70.4805926193118,"H80+":14.3686167820186},"Analyse":{"Votes décisifs":80,"tour décisif":1,"majeurs":984.8981262903546,"Non votants de 18-24":40.07522231168924}}