{"id":8234,"slug":"77-363-le-pin","nom_standard":"Le Pin","code_postal":"77","code_departement":"77","libelle_departement":"Seine-et-Marne","code_commune":"363","Tour 1":{"Inscrits":1028,"Abstentions":673,"% Abs/Ins":65.47,"Votants":355,"% Vot/Ins":34.53,"Blancs":31,"% Blancs/Ins":3.02,"% Blancs/Vot":8.73,"Nuls":25,"% Nuls/Ins":2.43,"% Nuls/Vot":7.04,"Exprimés":299,"% Exp/Ins":29.09,"% Exp/Vot":84.23,"resultats":[{"N.Pan.":null,"Code Nuance":"LNC","Sexe":"F","Nom":"WALLEZ","Prénom":"Lydie","Liste":"CONTINUONS ENSEMBLE POUR LE PIN","Sièges / Elu":"15","Sièges Secteur":0,"Sièges CC":2,"Voix":299,"% Voix/Ins":29.09,"% Voix/Exp":100}]},"population":{"F0-2":26.7259868208471,"F3-5":33.4792719747115,"F6-10":48.9490117334877,"F11-17":61.6092950142573,"F18-24":63.8345404967662,"F25-39":182.830644094461,"F40-54":166.642578535461,"F55-64":106.686547412448,"F65-79":85.9591187751401,"F80+":26.6269566000973,"H0-2":34.5591945482816,"H3-5":34.4013964989624,"H6-10":52.9884807979175,"H11-17":60.9674000317835,"H18-24":52.6063105517977,"H25-39":185.563034226843,"H40-54":147.582572995475,"H55-64":105.003685850729,"H65-79":73.5368284387409,"H80+":18.4471446017926},"Analyse":{"Votes décisifs":300,"tour décisif":1,"majeurs":1215.3199625797517,"Non votants de 18-24":82.42799567301698}}