{"id":8233,"slug":"77-359-perthes","nom_standard":"Perthes","code_postal":"77","code_departement":"77","libelle_departement":"Seine-et-Marne","code_commune":"359","Tour 1":{"Inscrits":1527,"Abstentions":1039,"% Abs/Ins":68.04,"Votants":488,"% Vot/Ins":31.96,"Blancs":29,"% Blancs/Ins":1.9,"% Blancs/Vot":5.94,"Nuls":38,"% Nuls/Ins":2.49,"% Nuls/Vot":7.79,"Exprimés":421,"% Exp/Ins":27.57,"% Exp/Vot":86.27,"resultats":[{"N.Pan.":null,"Code Nuance":"LNC","Sexe":"M","Nom":"LARCHÉ","Prénom":"Fabrice","Liste":"L'AVENIR PERTHOIS 2020-2026","Sièges / Elu":"19","Sièges Secteur":0,"Sièges CC":2,"Voix":421,"% Voix/Ins":27.57,"% Voix/Exp":100}]},"population":{"F0-2":35.1515785628121,"F3-5":18.5905610318277,"F6-10":55.7464146471399,"F11-17":70.3438005001017,"F18-24":67.1305496583033,"F25-39":170.768006902118,"F40-54":202.693750383106,"F55-64":141.141497270682,"F65-79":172.319381690656,"F80+":58.2281268327962,"H0-2":26.2838531835393,"H3-5":39.9977069539195,"H6-10":72.452929801849,"H11-17":94.1295680221596,"H18-24":72.8898613173143,"H25-39":173.514314485521,"H40-54":195.822829802681,"H55-64":145.228997224875,"H65-79":142.901202827331,"H80+":51.6650689012677},"Analyse":{"Votes décisifs":422,"tour décisif":1,"majeurs":1594.3035872966516,"Non votants de 18-24":97.16159719601389}}