{"id":8243,"slug":"77-384-reau","nom_standard":"Réau","code_postal":"77","code_departement":"77","libelle_departement":"Seine-et-Marne","code_commune":"384","Tour 1":{"Inscrits":743,"Abstentions":492,"% Abs/Ins":66.22,"Votants":251,"% Vot/Ins":33.78,"Blancs":7,"% Blancs/Ins":0.94,"% Blancs/Vot":2.79,"Nuls":12,"% Nuls/Ins":1.62,"% Nuls/Vot":4.78,"Exprimés":232,"% Exp/Ins":31.22,"% Exp/Vot":92.43,"resultats":[{"N.Pan.":null,"Code Nuance":"LNC","Sexe":"M","Nom":"AUZET","Prénom":"Alain","Liste":"REAU ENSEMBLE","Sièges / Elu":"19","Sièges Secteur":0,"Sièges CC":1,"Voix":232,"% Voix/Ins":31.22,"% Voix/Exp":100}]},"population":{"F0-2":27.9674035858896,"F3-5":35.6118866159361,"F6-10":53.3745097525895,"F11-17":69.3951670085578,"F18-24":42.8989777558592,"F25-39":159.026849191805,"F40-54":163.608359089107,"F55-64":81.2146083369939,"F65-79":55.8490228388773,"F80+":57.7001619396347,"H0-2":31.3349748877799,"H3-5":15.0166704178977,"H6-10":34.0513650472214,"H11-17":61.2640408678859,"H18-24":99.198668604283,"H25-39":493.365247789682,"H40-54":281.276026491285,"H55-64":116.808961568554,"H65-79":51.1476998513643,"H80+":23.8893983587968},"Analyse":{"Votes décisifs":233,"tour décisif":1,"majeurs":1625.983981816242,"Non votants de 18-24":120.16230773733741}}