{"id":8229,"slug":"77-349-othis","nom_standard":"Othis","code_postal":"77","code_departement":"77","libelle_departement":"Seine-et-Marne","code_commune":"349","Tour 1":{"Inscrits":4737,"Abstentions":2593,"% Abs/Ins":54.74,"Votants":2144,"% Vot/Ins":45.26,"Blancs":17,"% Blancs/Ins":0.36,"% Blancs/Vot":0.79,"Nuls":17,"% Nuls/Ins":0.36,"% Nuls/Vot":0.79,"Exprimés":2110,"% Exp/Ins":44.54,"% Exp/Vot":98.41,"resultats":[{"N.Pan.":null,"Code Nuance":"LDVG","Sexe":"M","Nom":"CORNEILLE","Prénom":"Bernard","Liste":"OTHIS POUR TOUS","Sièges / Elu":"24","Sièges Secteur":0,"Sièges CC":1,"Voix":1265,"% Voix/Ins":26.7,"% Voix/Exp":59.95},{"N.Pan.":2,"Code Nuance":"LDVG","Sexe":"F","Nom":"YOT","Prénom":"Lydia","Liste":"OTHIS ENSEMBLE","Sièges / Elu":"3","Sièges Secteur":0,"Sièges CC":0,"Voix":507,"% Voix/Ins":10.7,"% Voix/Exp":24.03},{"N.Pan.":3,"Code Nuance":"LDVD","Sexe":"M","Nom":"SORNIQUE","Prénom":"Marc","Liste":"UN AVENIR POUR OTHIS 2020","Sièges / Elu":2,"Sièges CC":0,"Voix":338,"% Voix/Ins":7.14,"% Voix/Exp":16.02}]},"population":{"F0-2":119.254706047639,"F3-5":140.691216988032,"F6-10":269.377891903364,"F11-17":386.85958952561,"F18-24":222.408309632688,"F25-39":581.622358964171,"F40-54":818.155546284848,"F55-64":399.116540958113,"F65-79":415.792680552939,"F80+":115.122113852925,"H0-2":108.805742740937,"H3-5":144.709152532603,"H6-10":259.834079003093,"H11-17":358.857684814984,"H18-24":311.867498867148,"H25-39":541.297874926814,"H40-54":746.413767480263,"H55-64":386.301068083198,"H65-79":334.068233768125,"H80+":76.4439430725053},"Analyse":{"Votes décisifs":421,"tour décisif":1,"majeurs":4948.609936443737,"Non votants de 18-24":302.7992225220695}}