{"id":8235,"slug":"77-371-pommeuse","nom_standard":"Pommeuse","code_postal":"77","code_departement":"77","libelle_departement":"Seine-et-Marne","code_commune":"371","Tour 1":{"Inscrits":2000,"Abstentions":1542,"% Abs/Ins":77.1,"Votants":458,"% Vot/Ins":22.9,"Blancs":36,"% Blancs/Ins":1.8,"% Blancs/Vot":7.86,"Nuls":30,"% Nuls/Ins":1.5,"% Nuls/Vot":6.55,"Exprimés":392,"% Exp/Ins":19.6,"% Exp/Vot":85.59,"resultats":[{"N.Pan.":null,"Code Nuance":"LNC","Sexe":"M","Nom":"DE CLERCK","Prénom":"Christophe","Liste":"UNE NOUVELLE ENERGIE POUR POMMEUSE","Sièges / Elu":"23","Sièges Secteur":0,"Sièges CC":2,"Voix":392,"% Voix/Ins":19.6,"% Voix/Exp":100}]},"population":{"F0-2":49.7309079571908,"F3-5":56.6831146964048,"F6-10":124.046322768011,"F11-17":164.027844138489,"F18-24":105.356169884308,"F25-39":269.254343063107,"F40-54":351.658117058178,"F55-64":180.953298325162,"F65-79":157.031373738277,"F80+":58.3931068840292,"H0-2":59.049617487153,"H3-5":41.150054919084,"H6-10":117.168830371905,"H11-17":158.757450938876,"H18-24":123.072925957803,"H25-39":289.957684896024,"H40-54":333.638155346196,"H55-64":169.42841042901,"H65-79":150.517607197532,"H80+":30.1246639432613},"Analyse":{"Votes décisifs":393,"tour décisif":1,"majeurs":2219.385856722887,"Non votants de 18-24":181.28969212879366}}