{"id":8231,"slug":"77-352-ozouer-le-voulgis","nom_standard":"Ozouer-le-Voulgis","code_postal":"77","code_departement":"77","libelle_departement":"Seine-et-Marne","code_commune":"352","Tour 1":{"Inscrits":1277,"Abstentions":846,"% Abs/Ins":66.25,"Votants":431,"% Vot/Ins":33.75,"Blancs":21,"% Blancs/Ins":1.64,"% Blancs/Vot":4.87,"Nuls":42,"% Nuls/Ins":3.29,"% Nuls/Vot":9.74,"Exprimés":368,"% Exp/Ins":28.82,"% Exp/Vot":85.38,"resultats":[{"N.Pan.":null,"Code Nuance":"LNC","Sexe":"M","Nom":"GUILLEN","Prénom":"Nicolas","Liste":"ENSEMBLE OZOUER AVANCE","Sièges / Elu":"19","Sièges Secteur":0,"Sièges CC":2,"Voix":368,"% Voix/Ins":28.82,"% Voix/Exp":100}]},"population":{"F0-2":41.5786845368268,"F3-5":33.4400473317121,"F6-10":68.8710297641723,"F11-17":101.159131284863,"F18-24":74.0496715505682,"F25-39":189.900682359558,"F40-54":228.459012082864,"F55-64":109.117248646664,"F65-79":83.756369618088,"F80+":36.7877798896288,"H0-2":35.4866097149537,"H3-5":47.6110391605876,"H6-10":79.9146595433175,"H11-17":112.258358479229,"H18-24":74.0575461677739,"H25-39":180.764653003071,"H40-54":227.362260370109,"H55-64":123.367807770114,"H65-79":83.6523945386119,"H80+":19.4050141872873},"Analyse":{"Votes décisifs":369,"tour décisif":1,"majeurs":1430.680440184338,"Non votants de 18-24":103.48914016331476}}