{"id":8301,"slug":"77-529-voulangis","nom_standard":"Voulangis","code_postal":"77","code_departement":"77","libelle_departement":"Seine-et-Marne","code_commune":"529","Tour 1":{"Inscrits":1172,"Abstentions":803,"% Abs/Ins":68.52,"Votants":369,"% Vot/Ins":31.48,"Blancs":5,"% Blancs/Ins":0.43,"% Blancs/Vot":1.36,"Nuls":14,"% Nuls/Ins":1.19,"% Nuls/Vot":3.79,"Exprimés":350,"% Exp/Ins":29.86,"% Exp/Vot":94.85,"resultats":[{"N.Pan.":null,"Code Nuance":"LNC","Sexe":"M","Nom":"MOLET","Prénom":"Franz","Liste":"VOULANGIS, NOTRE VILLAGE","Sièges / Elu":"19","Sièges Secteur":0,"Sièges CC":1,"Voix":350,"% Voix/Ins":29.86,"% Voix/Exp":100}]},"population":{"F0-2":24.7569233617616,"F3-5":24.7388505631217,"F6-10":40.4960676926854,"F11-17":75.125933327608,"F18-24":55.6088991568686,"F25-39":111.501047360551,"F40-54":173.132030123463,"F55-64":109.621682470917,"F65-79":97.8824414332358,"F80+":28.2586978516562,"H0-2":18.8628604076059,"H3-5":29.6792543574074,"H6-10":46.4805030718795,"H11-17":73.1998783505467,"H18-24":66.3715697173291,"H25-39":105.543219282173,"H40-54":170.227646065704,"H55-64":115.479769475336,"H65-79":104.856673116407,"H80+":18.1760528137423},"Analyse":{"Votes décisifs":351,"tour décisif":1,"majeurs":1156.659728867383,"Non votants de 18-24":83.0660051894854}}