{"id":8300,"slug":"77-528-voisenon","nom_standard":"Voisenon","code_postal":"77","code_departement":"77","libelle_departement":"Seine-et-Marne","code_commune":"528","Tour 1":{"Inscrits":893,"Abstentions":324,"% Abs/Ins":36.28,"Votants":569,"% Vot/Ins":63.72,"Blancs":17,"% Blancs/Ins":1.9,"% Blancs/Vot":2.99,"Nuls":5,"% Nuls/Ins":0.56,"% Nuls/Vot":0.88,"Exprimés":547,"% Exp/Ins":61.25,"% Exp/Vot":96.13,"resultats":[{"N.Pan.":null,"Code Nuance":"LNC","Sexe":"M","Nom":"AGUIN","Prénom":"Julien","Liste":"REALISONS L'AVENIR","Sièges / Elu":"13","Sièges Secteur":0,"Sièges CC":1,"Voix":399,"% Voix/Ins":44.68,"% Voix/Exp":72.94},{"N.Pan.":2,"Code Nuance":"LNC","Sexe":"M","Nom":"LELOUP","Prénom":"Jacques","Liste":"TOUS POUR VOISENON","Sièges / Elu":"2","Sièges Secteur":0,"Sièges CC":0,"Voix":148,"% Voix/Ins":16.57,"% Voix/Exp":27.06}]},"population":{"F0-2":16.8739841383335,"F3-5":13.6906687890944,"F6-10":34.7514633783451,"F11-17":47.276980736471,"F18-24":45.5779540864398,"F25-39":95.8116451674009,"F40-54":127.086745937589,"F55-64":78.9623343992865,"F65-79":88.3759570525658,"F80+":16.977202083875,"H0-2":18.9059524694533,"H3-5":34.5853345260665,"H6-10":47.4366633070631,"H11-17":52.5060450148351,"H18-24":64.9913815838188,"H25-39":91.2950906846315,"H40-54":121.901509294997,"H55-64":69.1359731783373,"H65-79":85.7882364422035,"H80+":16.0688777291931},"Analyse":{"Votes décisifs":252,"tour décisif":1,"majeurs":901.9729076403382,"Non votants de 18-24":40.81784816608615}}