{"id":8106,"slug":"77-79-champagne-sur-seine","nom_standard":"Champagne-sur-Seine","code_postal":"77","code_departement":"77","libelle_departement":"Seine-et-Marne","code_commune":"79","Tour 1":{"Inscrits":3835,"Abstentions":2248,"% Abs/Ins":58.62,"Votants":1587,"% Vot/Ins":41.38,"Blancs":27,"% Blancs/Ins":0.7,"% Blancs/Vot":1.7,"Nuls":30,"% Nuls/Ins":0.78,"% Nuls/Vot":1.89,"Exprimés":1530,"% Exp/Ins":39.9,"% Exp/Vot":96.41,"resultats":[{"N.Pan.":null,"Code Nuance":"LDVG","Sexe":"F","Nom":"AUFILS","Prénom":"Dominique","Liste":"CHAMPAGNE AUTREMENT","Sièges / Elu":"6","Sièges Secteur":0,"Sièges CC":1,"Voix":622,"% Voix/Ins":16.22,"% Voix/Exp":40.65},{"N.Pan.":2,"Code Nuance":"LDVG","Sexe":"M","Nom":"GONORD","Prénom":"Michel","Liste":"CHAMPAGNE C'EST VOUS","Sièges / Elu":"23","Sièges Secteur":0,"Sièges CC":6,"Voix":908,"% Voix/Ins":23.68,"% Voix/Exp":59.35}]},"population":{"F0-2":92.6868141639637,"F3-5":111.531610399891,"F6-10":204.201556702953,"F11-17":315.733945946267,"F18-24":258.648629620762,"F25-39":566.596437283773,"F40-54":646.127280531194,"F55-64":453.536971506852,"F65-79":379.751032019084,"F80+":196.084846582858,"H0-2":98.6853185917425,"H3-5":131.507571625674,"H6-10":208.069331748791,"H11-17":283.908540206635,"H18-24":391.768248375392,"H25-39":615.350714682219,"H40-54":616.170362067867,"H55-64":350.997477189365,"H65-79":320.155270136932,"H80+":112.488040617783},"Analyse":{"Votes décisifs":287,"tour décisif":1,"majeurs":4907.67531061408,"Non votants de 18-24":440.0909048928642}}