{"id":770,"slug":"11-434-villepinte","nom_standard":"Villepinte","code_postal":"11","code_departement":"11","libelle_departement":"Aude","code_commune":"434","Tour 1":{"Inscrits":829,"Abstentions":502,"% Abs/Ins":60.55,"Votants":327,"% Vot/Ins":39.45,"Blancs":17,"% Blancs/Ins":2.05,"% Blancs/Vot":5.2,"Nuls":23,"% Nuls/Ins":2.77,"% Nuls/Vot":7.03,"Exprimés":287,"% Exp/Ins":34.62,"% Exp/Vot":87.77,"resultats":[{"N.Pan.":null,"Code Nuance":"LNC","Sexe":"M","Nom":"ROUQUET","Prénom":"Alain","Liste":"UNE ÉQUIPE POUR AGIR ET VIVRE ENSEMBLE","Sièges / Elu":"15","Sièges Secteur":0,"Sièges CC":4,"Voix":287,"% Voix/Ins":34.62,"% Voix/Exp":100}]},"population":{"F0-2":18.4480430348387,"F3-5":25.2708526654642,"F6-10":50.3853962944949,"F11-17":57.3804259927174,"F18-24":46.5081233095256,"F25-39":103.032093608006,"F40-54":129.149038388305,"F55-64":76.9392121819119,"F65-79":103.228982302632,"F80+":43.1477877552682,"H0-2":13.6865605075649,"H3-5":22.3656793764998,"H6-10":36.8936668792298,"H11-17":60.0520900541316,"H18-24":51.6385212268552,"H25-39":96.5925311004893,"H40-54":144.409404950515,"H55-64":67.8644607240799,"H65-79":90.0087785805558,"H80+":22.9983510669143},"Analyse":{"Votes décisifs":288,"tour décisif":1,"majeurs":975.5172851950582,"Non votants de 18-24":65.24722465887528}}