{"id":7709,"slug":"73-326-vimines","nom_standard":"Vimines","code_postal":"73","code_departement":"73","libelle_departement":"Savoie","code_commune":"326","Tour 1":{"Inscrits":1627,"Abstentions":1045,"% Abs/Ins":64.23,"Votants":582,"% Vot/Ins":35.77,"Blancs":30,"% Blancs/Ins":1.84,"% Blancs/Vot":5.15,"Nuls":51,"% Nuls/Ins":3.13,"% Nuls/Vot":8.76,"Exprimés":501,"% Exp/Ins":30.79,"% Exp/Vot":86.08,"resultats":[{"N.Pan.":null,"Code Nuance":"LNC","Sexe":"F","Nom":"WOLFF","Prénom":"Corine","Liste":"VIMINES ENERGIE PARTAGEE","Sièges / Elu":"19","Sièges Secteur":0,"Sièges CC":1,"Voix":501,"% Voix/Ins":30.79,"% Voix/Exp":100}]},"population":{"F0-2":38.6627370867706,"F3-5":49.5186099233868,"F6-10":67.9836481746447,"F11-17":110.853815647917,"F18-24":48.7723357117526,"F25-39":203.632813628159,"F40-54":240.228591407846,"F55-64":131.915403948181,"F65-79":159.216041557579,"F80+":30.4893591302623,"H0-2":42.9435126023347,"H3-5":57.1283219182634,"H6-10":73.4174114777776,"H11-17":117.853542476025,"H18-24":49.8447605402684,"H25-39":198.616164674179,"H40-54":233.592929654056,"H55-64":128.30218024492,"H65-79":153.212118851372,"H80+":35.8157013443036},"Analyse":{"Votes décisifs":502,"tour décisif":1,"majeurs":1613.638400692879,"Non votants de 18-24":63.04831579040622}}