{"id":7724,"slug":"74-15-arbusigny","nom_standard":"Arbusigny","code_postal":"74","code_departement":"74","libelle_departement":"Haute-Savoie","code_commune":"15","Tour 1":{"Inscrits":830,"Abstentions":508,"% Abs/Ins":61.2,"Votants":322,"% Vot/Ins":38.8,"Blancs":33,"% Blancs/Ins":3.98,"% Blancs/Vot":10.25,"Nuls":57,"% Nuls/Ins":6.87,"% Nuls/Vot":17.7,"Exprimés":232,"% Exp/Ins":27.95,"% Exp/Vot":72.05,"resultats":[{"N.Pan.":null,"Code Nuance":"LNC","Sexe":"F","Nom":"REMILLON","Prénom":"Régine","Liste":"continuons ensemble vers l'avenir","Sièges / Elu":"15","Sièges Secteur":0,"Sièges CC":2,"Voix":232,"% Voix/Ins":27.95,"% Voix/Exp":100}]},"population":{"F0-2":21.8021945670926,"F3-5":30.5007446005104,"F6-10":38.9657075197896,"F11-17":56.095556324709,"F18-24":32.6475736127319,"F25-39":131.622566291599,"F40-54":129.167089350261,"F55-64":56.7706962642346,"F65-79":47.7056056143151,"F80+":10.0357003107905,"H0-2":22.6702106636142,"H3-5":28.4730117323344,"H6-10":37.2734891561634,"H11-17":54.9065586595733,"H18-24":39.6395964354948,"H25-39":129.586023184643,"H40-54":141.575321889938,"H55-64":62.7661109068648,"H65-79":50.5974060768554,"H80+":12.1988368384846},"Analyse":{"Votes décisifs":233,"tour décisif":1,"majeurs":844.3125267762127,"Non votants de 18-24":44.71862402131398}}