{"id":7732,"slug":"74-26-la-balme-de-sillingy","nom_standard":"La Balme-de-Sillingy","code_postal":"74","code_departement":"74","libelle_departement":"Haute-Savoie","code_commune":"26","Tour 1":{"Inscrits":3593,"Abstentions":2169,"% Abs/Ins":60.37,"Votants":1424,"% Vot/Ins":39.63,"Blancs":19,"% Blancs/Ins":0.53,"% Blancs/Vot":1.33,"Nuls":20,"% Nuls/Ins":0.56,"% Nuls/Vot":1.4,"Exprimés":1385,"% Exp/Ins":38.55,"% Exp/Vot":97.26,"resultats":[{"N.Pan.":null,"Code Nuance":"LDVD","Sexe":"F","Nom":"MUGNIER","Prénom":"Séverine","Liste":"UN COEUR QUI BALME","Sièges / Elu":"22","Sièges Secteur":0,"Sièges CC":7,"Voix":723,"% Voix/Ins":20.12,"% Voix/Exp":52.2},{"N.Pan.":2,"Code Nuance":"LLR","Sexe":"M","Nom":"DAVIET","Prénom":"François","Liste":"VIVRE ET AGIR À LA BALME","Sièges / Elu":"7","Sièges Secteur":0,"Sièges CC":2,"Voix":662,"% Voix/Ins":18.42,"% Voix/Exp":47.8}]},"population":{"F0-2":89.887567914425,"F3-5":101.125677901447,"F6-10":213.62477731068,"F11-17":234.586853922864,"F18-24":162.761851592592,"F25-39":512.742445179769,"F40-54":529.728479751993,"F55-64":329.583626430149,"F65-79":357.520140954777,"F80+":83.2585781537852,"H0-2":78.5289121038276,"H3-5":107.583423577722,"H6-10":175.327444079166,"H11-17":267.292199699631,"H18-24":185.649976186998,"H25-39":495.543759118519,"H40-54":513.860389041228,"H55-64":310.876145704084,"H65-79":312.324838142302,"H80+":57.1929132340407},"Analyse":{"Votes décisifs":62,"tour décisif":1,"majeurs":3851.0431434902366,"Non votants de 18-24":219.57960641203576}}