{"id":7771,"slug":"74-112-epagny-metz-tessy","nom_standard":"Epagny Metz-Tessy","code_postal":"74","code_departement":"74","libelle_departement":"Haute-Savoie","code_commune":"112","Tour 1":{"Inscrits":5200,"Abstentions":3843,"% Abs/Ins":73.9,"Votants":1357,"% Vot/Ins":26.1,"Blancs":50,"% Blancs/Ins":0.96,"% Blancs/Vot":3.68,"Nuls":69,"% Nuls/Ins":1.33,"% Nuls/Vot":5.08,"Exprimés":1238,"% Exp/Ins":23.81,"% Exp/Vot":91.23,"resultats":[{"N.Pan.":null,"Code Nuance":"LDVD","Sexe":"M","Nom":"DAVIET","Prénom":"Roland","Liste":"EPAGNY METZ-TESSY POUR UNE QUALITE DE VIE DURABLE","Sièges / Elu":"33","Sièges Secteur":0,"Sièges CC":4,"Voix":1238,"% Voix/Ins":23.81,"% Voix/Exp":100}]},"population":{"F0-2":173.534364456657,"F3-5":164.126171335934,"F6-10":275.315646989798,"F11-17":393.274307276153,"F18-24":261.617677882371,"F25-39":922.859096854352,"F40-54":974.606176147223,"F55-64":502.096004764793,"F65-79":457.366465746291,"F80+":104.97267278867,"H0-2":164.836745543553,"H3-5":125.299449372602,"H6-10":296.273443117081,"H11-17":375.224453991231,"H18-24":262.843693004929,"H25-39":907.888078212205,"H40-54":923.593297716813,"H55-64":471.403111850016,"H65-79":412.357000974084,"H80+":101.512141975244},"Analyse":{"Votes décisifs":1239,"tour décisif":1,"majeurs":6303.115417916992,"Non votants de 18-24":411.54989249821136}}