{"id":7778,"slug":"74-127-feternes","nom_standard":"Féternes","code_postal":"74","code_departement":"74","libelle_departement":"Haute-Savoie","code_commune":"127","Tour 1":{"Inscrits":1056,"Abstentions":650,"% Abs/Ins":61.55,"Votants":406,"% Vot/Ins":38.45,"Blancs":35,"% Blancs/Ins":3.31,"% Blancs/Vot":8.62,"Nuls":36,"% Nuls/Ins":3.41,"% Nuls/Vot":8.87,"Exprimés":335,"% Exp/Ins":31.72,"% Exp/Vot":82.51,"resultats":[{"N.Pan.":null,"Code Nuance":"LNC","Sexe":"M","Nom":"JULLIARD","Prénom":"Maxime","Liste":"FETERNES NOUS RESSEMBLE, FETERNES NOUS RASSEMBLE","Sièges / Elu":"15","Sièges Secteur":0,"Sièges CC":2,"Voix":335,"% Voix/Ins":31.72,"% Voix/Exp":100}]},"population":{"F0-2":35.430877636098,"F3-5":32.0410305726899,"F6-10":37.6059856200194,"F11-17":71.7139332738139,"F18-24":40.2349995112441,"F25-39":156.271056738227,"F40-54":173.2528904103,"F55-64":102.124255934866,"F65-79":75.5883181964308,"F80+":28.2796259371712,"H0-2":35.0742294508194,"H3-5":29.9384315586519,"H6-10":50.5272663497167,"H11-17":56.7592776405807,"H18-24":36.9871934358971,"H25-39":150.069385916376,"H40-54":157.842464727884,"H55-64":102.532991230223,"H65-79":68.1298011626327,"H80+":20.5959846963584},"Analyse":{"Votes décisifs":336,"tour décisif":1,"majeurs":1111.9089678976104,"Non votants de 18-24":49.02545091004812}}