{"id":7786,"slug":"74-139-habere-lullin","nom_standard":"Habère-Lullin","code_postal":"74","code_departement":"74","libelle_departement":"Haute-Savoie","code_commune":"139","Tour 1":{"Inscrits":738,"Abstentions":473,"% Abs/Ins":64.09,"Votants":265,"% Vot/Ins":35.91,"Blancs":1,"% Blancs/Ins":0.14,"% Blancs/Vot":0.38,"Nuls":21,"% Nuls/Ins":2.85,"% Nuls/Vot":7.92,"Exprimés":243,"% Exp/Ins":32.93,"% Exp/Vot":91.7,"resultats":[{"N.Pan.":null,"Code Nuance":"LNC","Sexe":"M","Nom":"DESBIOLLES","Prénom":"Laurent","Liste":"HABÈRE-LULLIN, ENSEMBLE POUR CONSTRUIRE DEMAIN","Sièges / Elu":"15","Sièges Secteur":0,"Sièges CC":3,"Voix":243,"% Voix/Ins":32.93,"% Voix/Exp":100}]},"population":{"F0-2":21.2912404248122,"F3-5":19.1567879708863,"F6-10":49.6720236819046,"F11-17":55.8051576263773,"F18-24":19.927202912498,"F25-39":108.076048338651,"F40-54":126.747303887541,"F55-64":42.2461617931412,"F65-79":50.0213450777996,"F80+":45.1266315771709,"H0-2":19.2971540734409,"H3-5":27.9455155658613,"H6-10":40.1631830050915,"H11-17":59.8727694236209,"H18-24":27.6065034592339,"H25-39":105.749886894324,"H40-54":131.162965300277,"H55-64":45.3142252391377,"H65-79":40.2001438442993,"H80+":13.6177499039312},"Analyse":{"Votes décisifs":244,"tour décisif":1,"majeurs":755.7961682280048,"Non votants de 18-24":30.867265447531654}}