{"id":7792,"slug":"74-152-lovagny","nom_standard":"Lovagny","code_postal":"74","code_departement":"74","libelle_departement":"Haute-Savoie","code_commune":"152","Tour 1":{"Inscrits":910,"Abstentions":560,"% Abs/Ins":61.54,"Votants":350,"% Vot/Ins":38.46,"Blancs":16,"% Blancs/Ins":1.76,"% Blancs/Vot":4.57,"Nuls":18,"% Nuls/Ins":1.98,"% Nuls/Vot":5.14,"Exprimés":316,"% Exp/Ins":34.73,"% Exp/Vot":90.29,"resultats":[{"N.Pan.":null,"Code Nuance":"LNC","Sexe":"M","Nom":"CARELLI","Prénom":"Henri","Liste":"LOVAGNY ENSEMBLE","Sièges / Elu":"15","Sièges Secteur":0,"Sièges CC":3,"Voix":316,"% Voix/Ins":34.73,"% Voix/Exp":100}]},"population":{"F0-2":11.9362258980092,"F3-5":17.9153165720804,"F6-10":41.6772203198889,"F11-17":78.3076919129316,"F18-24":30.2718226799571,"F25-39":93.716562627501,"F40-54":197.912479788413,"F55-64":63.9468060984081,"F65-79":69.277367186431,"F80+":25.0544102346445,"H0-2":13.9573587034418,"H3-5":29.7438859903496,"H6-10":46.6247914265432,"H11-17":74.5051108727296,"H18-24":38.3906198545484,"H25-39":86.8475272939323,"H40-54":178.818236197564,"H55-64":78.9808613583498,"H65-79":76.5119767704339,"H80+":16.603728213842},"Analyse":{"Votes décisifs":317,"tour décisif":1,"majeurs":956.3323983040251,"Non votants de 18-24":43.53325635437044}}