{"id":8328,"slug":"78-124-carrieres-sur-seine","nom_standard":"Carrières-sur-Seine","code_postal":"78","code_departement":"78","libelle_departement":"Yvelines","code_commune":"124","Tour 1":{"Inscrits":9511,"Abstentions":5479,"% Abs/Ins":57.61,"Votants":4032,"% Vot/Ins":42.39,"Blancs":43,"% Blancs/Ins":0.45,"% Blancs/Vot":1.07,"Nuls":54,"% Nuls/Ins":0.57,"% Nuls/Vot":1.34,"Exprimés":3935,"% Exp/Ins":41.37,"% Exp/Vot":97.59,"resultats":[{"N.Pan.":null,"Code Nuance":"LDVD","Sexe":"M","Nom":"DE BOURROUSSE","Prénom":"Arnaud","Liste":"MIEUX VIVRE À CARRIÈRES","Sièges / Elu":"26","Sièges Secteur":0,"Sièges CC":3,"Voix":2063,"% Voix/Ins":21.69,"% Voix/Exp":52.43},{"N.Pan.":2,"Code Nuance":"LECO","Sexe":"M","Nom":"CUISIGNIEZ","Prénom":"François-Charles","Liste":"Carrières Ensemble","Sièges / Elu":"5","Sièges Secteur":0,"Sièges CC":1,"Voix":1325,"% Voix/Ins":13.93,"% Voix/Exp":33.67},{"N.Pan.":3,"Code Nuance":"LDVC","Sexe":"M","Nom":"DROUGARD","Prénom":"Laurent","Liste":"AGIR POUR CARRIERES SUR SEINE","Sièges / Elu":2,"Sièges CC":0,"Voix":547,"% Voix/Ins":5.75,"% Voix/Exp":13.9}]},"population":{"F0-2":285.457852386725,"F3-5":311.567546818218,"F6-10":435.538408967719,"F11-17":826.462236593825,"F18-24":647.877834092571,"F25-39":1326.51307639729,"F40-54":1817.76750204458,"F55-64":889.562486560559,"F65-79":745.243863185458,"F80+":252.361889000862,"H0-2":301.714032130688,"H3-5":277.551641351943,"H6-10":589.01960940706,"H11-17":875.946152940774,"H18-24":715.406939333698,"H25-39":1264.33355640354,"H40-54":1758.17305493827,"H55-64":917.868493063479,"H65-79":671.364905672038,"H80+":205.268918710713},"Analyse":{"Votes décisifs":192,"tour décisif":1,"majeurs":11211.742519403058,"Non votants de 18-24":873.0162717244142}}