{"id":8334,"slug":"78-143-chateaufort","nom_standard":"Châteaufort","code_postal":"78","code_departement":"78","libelle_departement":"Yvelines","code_commune":"143","Tour 1":{"Inscrits":1284,"Abstentions":582,"% Abs/Ins":45.33,"Votants":702,"% Vot/Ins":54.67,"Blancs":9,"% Blancs/Ins":0.7,"% Blancs/Vot":1.28,"Nuls":8,"% Nuls/Ins":0.62,"% Nuls/Vot":1.14,"Exprimés":685,"% Exp/Ins":53.35,"% Exp/Vot":97.58,"resultats":[{"N.Pan.":null,"Code Nuance":"LNC","Sexe":"M","Nom":"BERQUET","Prénom":"Patrice","Liste":"CHATEAUFORT, NATURELLEMENT !","Sièges / Elu":"13","Sièges Secteur":0,"Sièges CC":1,"Voix":446,"% Voix/Ins":34.74,"% Voix/Exp":65.11},{"N.Pan.":2,"Code Nuance":"LNC","Sexe":"F","Nom":"LATRACE","Prénom":"Christiane","Liste":"CHATEAUFORT : NOTRE VILLAGE - NOTRE AVENIR","Sièges / Elu":"2","Sièges Secteur":0,"Sièges CC":0,"Voix":239,"% Voix/Ins":18.61,"% Voix/Exp":34.89}]},"population":{"F0-2":13.5618773187645,"F3-5":30.2538674444504,"F6-10":57.4067952099548,"F11-17":86.6504331960649,"F18-24":49.0015273594431,"F25-39":95.8444176446445,"F40-54":187.649440506066,"F55-64":117.527957762043,"F65-79":80.0405103659667,"F80+":24.928321897759,"H0-2":18.7670603467875,"H3-5":26.0920505243355,"H6-10":54.2844715583837,"H11-17":93.9150753985514,"H18-24":46.9167424358558,"H25-39":101.026291146187,"H40-54":164.728370451281,"H55-64":123.811489274822,"H65-79":76.9336563942861,"H80+":17.6596437643525},"Analyse":{"Votes décisifs":208,"tour décisif":1,"majeurs":1086.0683690027065,"Non votants de 18-24":33.91975541251604}}