{"id":8389,"slug":"78-384-medan","nom_standard":"Médan","code_postal":"78","code_departement":"78","libelle_departement":"Yvelines","code_commune":"384","Tour 1":{"Inscrits":1113,"Abstentions":528,"% Abs/Ins":47.44,"Votants":585,"% Vot/Ins":52.56,"Blancs":2,"% Blancs/Ins":0.18,"% Blancs/Vot":0.34,"Nuls":6,"% Nuls/Ins":0.54,"% Nuls/Vot":1.03,"Exprimés":577,"% Exp/Ins":51.84,"% Exp/Vot":98.63,"resultats":[{"N.Pan.":null,"Code Nuance":"LNC","Sexe":"F","Nom":"KAUFFMANN","Prénom":"Karine","Liste":"Notre Village, passionnément","Sièges / Elu":"12","Sièges Secteur":0,"Sièges CC":1,"Voix":334,"% Voix/Ins":30.01,"% Voix/Exp":57.89},{"N.Pan.":2,"Code Nuance":"LNC","Sexe":"M","Nom":"FOURNIER","Prénom":"Patrick","Liste":"MEDAN À VENIR","Sièges / Elu":"2","Sièges Secteur":0,"Sièges CC":0,"Voix":147,"% Voix/Ins":13.21,"% Voix/Exp":25.48},{"N.Pan.":3,"Code Nuance":"LNC","Sexe":"F","Nom":"LELARGE","Prénom":"Laurence","Liste":"MEDAN NATURELLEMENT","Sièges / Elu":1,"Sièges CC":0,"Voix":96,"% Voix/Ins":8.63,"% Voix/Exp":16.64}]},"population":{"F0-2":8.47619685702317,"F3-5":23.3737375159564,"F6-10":35.634853615866,"F11-17":81.9759397510791,"F18-24":45.5047442815746,"F25-39":80.4299670040992,"F40-54":177.902305392478,"F55-64":103.698332453141,"F65-79":93.5231069527297,"F80+":30.6201737730941,"H0-2":15.7763605042018,"H3-5":20.9835699009881,"H6-10":43.4489626987823,"H11-17":61.5444771645442,"H18-24":44.1844007742032,"H25-39":71.4534247487012,"H40-54":175.265210915352,"H55-64":89.6124019990801,"H65-79":98.7427955050783,"H80+":29.8490381920271},"Analyse":{"Votes décisifs":92,"tour décisif":1,"majeurs":1040.7859019915586,"Non votants de 18-24":39.27709608659839}}