{"id":8398,"slug":"78-423-montigny-le-bretonneux","nom_standard":"Montigny-le-Bretonneux","code_postal":"78","code_departement":"78","libelle_departement":"Yvelines","code_commune":"423","Tour 1":{"Inscrits":23332,"Abstentions":14477,"% Abs/Ins":62.05,"Votants":8855,"% Vot/Ins":37.95,"Blancs":65,"% Blancs/Ins":0.28,"% Blancs/Vot":0.73,"Nuls":143,"% Nuls/Ins":0.61,"% Nuls/Vot":1.61,"Exprimés":8647,"% Exp/Ins":37.06,"% Exp/Vot":97.65,"resultats":[{"N.Pan.":null,"Code Nuance":"LDVD","Sexe":"M","Nom":"MERCKAERT","Prénom":"Lorrain","Liste":"MONTIGNY ENSEMBLE","Sièges / Elu":"32","Sièges Secteur":0,"Sièges CC":10,"Voix":5422,"% Voix/Ins":23.24,"% Voix/Exp":62.7},{"N.Pan.":2,"Code Nuance":"LECO","Sexe":"M","Nom":"GASQ","Prénom":"Vivien","Liste":"AIMES MONTIGNY","Sièges / Elu":"5","Sièges Secteur":0,"Sièges CC":1,"Voix":2303,"% Voix/Ins":9.87,"% Voix/Exp":26.63},{"N.Pan.":3,"Code Nuance":"LDVG","Sexe":"M","Nom":"DEJEAN","Prénom":"Pierre","Liste":"MONTIGNY SOLIDARITE 2020","Sièges / Elu":2,"Sièges CC":0,"Voix":922,"% Voix/Ins":3.95,"% Voix/Exp":10.66}]},"population":{"F0-2":538.449521907166,"F3-5":583.373443895383,"F6-10":955.400343792503,"F11-17":1437.51599398716,"F18-24":1357.83479887247,"F25-39":3211.869801272,"F40-54":3355.94829876012,"F55-64":2391.94363105966,"F65-79":1892.75378792347,"F80+":512.595932937108,"H0-2":573.495058310664,"H3-5":625.991041445284,"H6-10":1010.86521232457,"H11-17":1504.68358506427,"H18-24":1475.87486276786,"H25-39":3130.61273769842,"H40-54":3229.36300204162,"H55-64":2031.58771725448,"H65-79":1712.19541779041,"H80+":321.645810895355},"Analyse":{"Votes décisifs":2198,"tour décisif":1,"majeurs":24624.225799272976,"Non votants de 18-24":1814.6928909865303}}