{"id":8396,"slug":"78-418-montesson","nom_standard":"Montesson","code_postal":"78","code_departement":"78","libelle_departement":"Yvelines","code_commune":"418","Tour 1":{"Inscrits":10362,"Abstentions":5716,"% Abs/Ins":55.16,"Votants":4646,"% Vot/Ins":44.84,"Blancs":66,"% Blancs/Ins":0.64,"% Blancs/Vot":1.42,"Nuls":60,"% Nuls/Ins":0.58,"% Nuls/Vot":1.29,"Exprimés":4520,"% Exp/Ins":43.62,"% Exp/Vot":97.29,"resultats":[{"N.Pan.":null,"Code Nuance":"LREM","Sexe":"M","Nom":"BILLIARD","Prénom":"Cyril","Liste":"MONTESSON C'EST VOUS !","Sièges / Elu":"5","Sièges Secteur":0,"Sièges CC":1,"Voix":1432,"% Voix/Ins":13.82,"% Voix/Exp":31.68},{"N.Pan.":2,"Code Nuance":"LDVD","Sexe":"F","Nom":"BRISTOL","Prénom":"Nicole","Liste":"Mon Parti C'est MONTESSON","Sièges / Elu":"26","Sièges Secteur":0,"Sièges CC":3,"Voix":2423,"% Voix/Ins":23.38,"% Voix/Exp":53.61},{"N.Pan.":3,"Code Nuance":"LDIV","Sexe":"F","Nom":"LALLEMANT-RACHID","Prénom":"Valérie","Liste":"MONTESSON CITOYENNE","Sièges / Elu":2,"Sièges CC":0,"Voix":665,"% Voix/Ins":6.42,"% Voix/Exp":14.71}]},"population":{"F0-2":220.264382486079,"F3-5":271.114610989708,"F6-10":494.283339805072,"F11-17":796.323505866854,"F18-24":620.727476685119,"F25-39":1143.46274120888,"F40-54":1779.27554533695,"F55-64":1135.24269585597,"F65-79":899.173893631082,"F80+":417.778605452083,"H0-2":160.584623268885,"H3-5":278.586291703218,"H6-10":477.815715199904,"H11-17":788.674434764894,"H18-24":623.154039328053,"H25-39":1119.62525383816,"H40-54":1574.00872695829,"H55-64":944.058123995574,"H65-79":835.613614555093,"H80+":231.232379070136},"Analyse":{"Votes décisifs":327,"tour décisif":1,"majeurs":11323.353095915389,"Non votants de 18-24":733.5138294767652}}