{"id":8446,"slug":"78-686-viroflay","nom_standard":"Viroflay","code_postal":"78","code_departement":"78","libelle_departement":"Yvelines","code_commune":"686","Tour 1":{"Inscrits":11576,"Abstentions":6494,"% Abs/Ins":56.1,"Votants":5082,"% Vot/Ins":43.9,"Blancs":47,"% Blancs/Ins":0.41,"% Blancs/Vot":0.92,"Nuls":65,"% Nuls/Ins":0.56,"% Nuls/Vot":1.28,"Exprimés":4970,"% Exp/Ins":42.93,"% Exp/Vot":97.8,"resultats":[{"N.Pan.":null,"Code Nuance":"LDVG","Sexe":"F","Nom":"EGAL","Prénom":"Suzanne","Liste":"CITOYENNETÉ, TRANSITION ECOLOGIQUE ET SOLIDAIRE","Sièges / Elu":"3","Sièges Secteur":0,"Sièges CC":0,"Voix":1092,"% Voix/Ins":9.43,"% Voix/Exp":21.97},{"N.Pan.":2,"Code Nuance":"LDVD","Sexe":"M","Nom":"LEBRUN","Prénom":"Olivier","Liste":"UNION POUR VIROFLAY","Sièges / Elu":"26","Sièges Secteur":0,"Sièges CC":4,"Voix":2767,"% Voix/Ins":23.9,"% Voix/Exp":55.67},{"N.Pan.":3,"Code Nuance":"LDVC","Sexe":"F","Nom":"CHOPARD","Prénom":"Cécile","Liste":"VIROFLAY C'EST VOUS","Sièges / Elu":4,"Sièges CC":0,"Voix":1111,"% Voix/Ins":9.6,"% Voix/Exp":22.35}]},"population":{"F0-2":316.085153846579,"F3-5":311.060517443676,"F6-10":552.412291060832,"F11-17":788.080484361651,"F18-24":655.100365446595,"F25-39":1638.80865723088,"F40-54":1864.57618278175,"F55-64":874.875649746762,"F65-79":1077.14134459708,"F80+":604.184396156542,"H0-2":292.084002381088,"H3-5":311.81108858741,"H6-10":601.447877948337,"H11-17":836.0907295052,"H18-24":694.093603748469,"H25-39":1577.49929450186,"H40-54":1724.23157283672,"H55-64":906.140366023694,"H65-79":754.677489908324,"H80+":363.598931886555},"Analyse":{"Votes décisifs":565,"tour décisif":1,"majeurs":12734.927854865231,"Non votants de 18-24":810.7846566656781}}