{"id":8430,"slug":"78-609-tessancourt-sur-aubette","nom_standard":"Tessancourt-sur-Aubette","code_postal":"78","code_departement":"78","libelle_departement":"Yvelines","code_commune":"609","Tour 1":{"Inscrits":782,"Abstentions":320,"% Abs/Ins":40.92,"Votants":462,"% Vot/Ins":59.08,"Blancs":2,"% Blancs/Ins":0.26,"% Blancs/Vot":0.43,"Nuls":4,"% Nuls/Ins":0.51,"% Nuls/Vot":0.87,"Exprimés":456,"% Exp/Ins":58.31,"% Exp/Vot":98.7,"resultats":[{"N.Pan.":null,"Code Nuance":"LNC","Sexe":"M","Nom":"REUBRECHT","Prénom":"Maurice","Liste":"S'UNIR POUR CONSTRUIRE ENSEMBLE","Sièges / Elu":"3","Sièges Secteur":0,"Sièges CC":0,"Voix":203,"% Voix/Ins":25.96,"% Voix/Exp":44.52},{"N.Pan.":2,"Code Nuance":"LNC","Sexe":"F","Nom":"FAVROU","Prénom":"Paulette","Liste":"Tessancourt, Poursuivons Ensemble","Sièges / Elu":"12","Sièges Secteur":0,"Sièges CC":1,"Voix":253,"% Voix/Ins":32.35,"% Voix/Exp":55.48}]},"population":{"F0-2":11.7958634639394,"F3-5":8.87972288594584,"F6-10":42.2326645844245,"F11-17":40.3879328310233,"F18-24":38.0352044237633,"F25-39":89.4896021466204,"F40-54":102.68183876529,"F55-64":75.6907269270417,"F65-79":67.0899644948544,"F80+":17.8429655533162,"H0-2":14.4840020330116,"H3-5":19.1381409440607,"H6-10":51.2319744282975,"H11-17":44.2938570161924,"H18-24":45.9306255313908,"H25-39":89.0599001552759,"H40-54":103.79586521729,"H55-64":74.9443894343685,"H65-79":70.7138445939669,"H80+":16.2809145699261},"Analyse":{"Votes décisifs":51,"tour décisif":1,"majeurs":791.5558418131043,"Non votants de 18-24":34.95827876277658}}