{"id":8445,"slug":"78-683-villiers-saint-frederic","nom_standard":"Villiers-Saint-Fréderic","code_postal":"78","code_departement":"78","libelle_departement":"Yvelines","code_commune":"683","Tour 1":{"Inscrits":2140,"Abstentions":1418,"% Abs/Ins":66.26,"Votants":722,"% Vot/Ins":33.74,"Blancs":27,"% Blancs/Ins":1.26,"% Blancs/Vot":3.74,"Nuls":34,"% Nuls/Ins":1.59,"% Nuls/Vot":4.71,"Exprimés":661,"% Exp/Ins":30.89,"% Exp/Vot":91.55,"resultats":[{"N.Pan.":null,"Code Nuance":"LNC","Sexe":"M","Nom":"DURAND","Prénom":"Sylvain","Liste":"UNIS POUR VILLIERS","Sièges / Elu":"23","Sièges Secteur":0,"Sièges CC":3,"Voix":661,"% Voix/Ins":30.89,"% Voix/Exp":100}]},"population":{"F0-2":51.6635385616936,"F3-5":52.2929570247471,"F6-10":93.0997858981926,"F11-17":146.258053293689,"F18-24":104.755333579412,"F25-39":237.004264818209,"F40-54":337.664698910121,"F55-64":208.293343329758,"F65-79":203.181140229357,"F80+":56.3938689203024,"H0-2":28.8941196244601,"H3-5":41.4248125165763,"H6-10":97.4604987116454,"H11-17":139.232783569975,"H18-24":100.95239009636,"H25-39":227.775147841673,"H40-54":300.152528929514,"H55-64":211.64112831765,"H65-79":207.878043326372,"H80+":48.9815625002929},"Analyse":{"Votes décisifs":662,"tour décisif":1,"majeurs":2244.673450799021,"Non votants de 18-24":139.5417624572084}}