{"id":7827,"slug":"74-211-pers-jussy","nom_standard":"Pers-Jussy","code_postal":"74","code_departement":"74","libelle_departement":"Haute-Savoie","code_commune":"211","Tour 1":{"Inscrits":2380,"Abstentions":1124,"% Abs/Ins":47.23,"Votants":1256,"% Vot/Ins":52.77,"Blancs":13,"% Blancs/Ins":0.55,"% Blancs/Vot":1.04,"Nuls":11,"% Nuls/Ins":0.46,"% Nuls/Vot":0.88,"Exprimés":1232,"% Exp/Ins":51.76,"% Exp/Vot":98.09,"resultats":[{"N.Pan.":null,"Code Nuance":"LNC","Sexe":"F","Nom":"BARONI-CHAPPAZ","Prénom":"Chantal","Liste":"Innover-Partager-Agir","Sièges / Elu":"5","Sièges Secteur":0,"Sièges CC":1,"Voix":587,"% Voix/Ins":24.66,"% Voix/Exp":47.65},{"N.Pan.":2,"Code Nuance":"LNC","Sexe":"F","Nom":"ROGUET","Prénom":"Isabelle","Liste":"pers jussy nos valeurs notre avenir","Sièges / Elu":"18","Sièges Secteur":0,"Sièges CC":4,"Voix":645,"% Voix/Ins":27.1,"% Voix/Exp":52.35}]},"population":{"F0-2":70.1753684506455,"F3-5":58.795331364042,"F6-10":97.2187966485344,"F11-17":159.356465017821,"F18-24":85.4861987946247,"F25-39":314.301636510779,"F40-54":387.916946906892,"F55-64":176.667639656109,"F65-79":183.348992491899,"F80+":49.4963967549309,"H0-2":57.9729139765619,"H3-5":66.8884042570584,"H6-10":127.803886925526,"H11-17":155.343363621451,"H18-24":86.5840015187235,"H25-39":275.760748379708,"H40-54":364.301128522123,"H55-64":199.110542250302,"H65-79":187.255808882898,"H80+":41.2154290693712},"Analyse":{"Votes décisifs":59,"tour décisif":1,"majeurs":2351.4454697383603,"Non votants de 18-24":80.16070278304292}}