{"id":786,"slug":"12-89-decazeville","nom_standard":"Decazeville","code_postal":"12","code_departement":"12","libelle_departement":"Aveyron","code_commune":"89","Tour 1":{"Inscrits":3648,"Abstentions":1695,"% Abs/Ins":46.46,"Votants":1953,"% Vot/Ins":53.54,"Blancs":20,"% Blancs/Ins":0.55,"% Blancs/Vot":1.02,"Nuls":34,"% Nuls/Ins":0.93,"% Nuls/Vot":1.74,"Exprimés":1899,"% Exp/Ins":52.06,"% Exp/Vot":97.24,"resultats":[{"N.Pan.":null,"Code Nuance":"LDVG","Sexe":"M","Nom":"MAZET","Prénom":"Pascal","Liste":"AGIR AVEC LES DECAZEVILLOIS","Sièges / Elu":"5","Sièges Secteur":0,"Sièges CC":1,"Voix":661,"% Voix/Ins":18.12,"% Voix/Exp":34.81},{"N.Pan.":2,"Code Nuance":"LDVC","Sexe":"M","Nom":"MARTY","Prénom":"François","Liste":"DECAZEVILLOIS POURSUIVONS ENSEMBLE","Sièges / Elu":"24","Sièges Secteur":0,"Sièges CC":8,"Voix":1238,"% Voix/Ins":33.94,"% Voix/Exp":65.19}]},"population":{"F0-2":56.7052795608581,"F3-5":56.8959438958637,"F6-10":127.787776906651,"F11-17":173.486276804965,"F18-24":145.225548300004,"F25-39":277.453080998239,"F40-54":460.980881062784,"F55-64":344.586698352243,"F65-79":617.834778147244,"F80+":425.785044483566,"H0-2":48.5853758905821,"H3-5":64.1090908678231,"H6-10":123.160439730251,"H11-17":194.135748483133,"H18-24":210.747753137605,"H25-39":309.408263281416,"H40-54":452.293279317377,"H55-64":320.07457464107,"H65-79":534.025178614348,"H80+":252.718987523977},"Analyse":{"Votes décisifs":578,"tour décisif":1,"majeurs":4351.1340678598735,"Non votants de 18-24":196.19521901929465}}