{"id":8489,"slug":"79-172-mazieres-en-gatine","nom_standard":"Mazières-en-Gâtine","code_postal":"79","code_departement":"79","libelle_departement":"Deux-Sèvres","code_commune":"172","Tour 1":{"Inscrits":773,"Abstentions":379,"% Abs/Ins":49.03,"Votants":394,"% Vot/Ins":50.97,"Blancs":15,"% Blancs/Ins":1.94,"% Blancs/Vot":3.81,"Nuls":26,"% Nuls/Ins":3.36,"% Nuls/Vot":6.6,"Exprimés":353,"% Exp/Ins":45.67,"% Exp/Vot":89.59,"resultats":[{"N.Pan.":null,"Code Nuance":"LNC","Sexe":"M","Nom":"FRADIN","Prénom":"Jacques","Liste":"TOUJOURS ENSEMBLE POUR MAZIÈRES EN GÂTINE","Sièges / Elu":"15","Sièges Secteur":0,"Sièges CC":2,"Voix":353,"% Voix/Ins":45.67,"% Voix/Exp":100}]},"population":{"F0-2":15.9479521198628,"F3-5":14.9216325706274,"F6-10":28.8614353905882,"F11-17":33.8542596364029,"F18-24":32.0476261162451,"F25-39":93.9832045256143,"F40-54":107.243556541682,"F55-64":68.5735676517394,"F65-79":77.6973251933556,"F80+":50.5676004748419,"H0-2":13.9457402337252,"H3-5":22.8557050429762,"H6-10":33.82904603181,"H11-17":48.7897386567108,"H18-24":24.0140753413925,"H25-39":92.2144575036296,"H40-54":97.2653943359144,"H55-64":59.4121674994714,"H65-79":79.6802976949088,"H80+":33.2952174385019},"Analyse":{"Votes décisifs":354,"tour décisif":1,"majeurs":815.9944903172969,"Non votants de 18-24":28.99251087312735}}