{"id":8487,"slug":"79-162-magne","nom_standard":"Magné","code_postal":"79","code_departement":"79","libelle_departement":"Deux-Sèvres","code_commune":"162","Tour 1":{"Inscrits":2351,"Abstentions":1045,"% Abs/Ins":44.45,"Votants":1306,"% Vot/Ins":55.55,"Blancs":7,"% Blancs/Ins":0.3,"% Blancs/Vot":0.54,"Nuls":18,"% Nuls/Ins":0.77,"% Nuls/Vot":1.38,"Exprimés":1281,"% Exp/Ins":54.49,"% Exp/Vot":98.09,"resultats":[{"N.Pan.":null,"Code Nuance":"LNC","Sexe":"M","Nom":"LABORDERIE","Prénom":"Gérard","Liste":"AGISSONS DURABLEMENT POUR MAGNE","Sièges / Elu":"19","Sièges Secteur":0,"Sièges CC":1,"Voix":772,"% Voix/Ins":32.84,"% Voix/Exp":60.27},{"N.Pan.":2,"Code Nuance":"LNC","Sexe":"F","Nom":"DAMBRINE","Prénom":"Catherine","Liste":"Magné au quotidien","Sièges / Elu":"4","Sièges Secteur":0,"Sièges CC":0,"Voix":509,"% Voix/Ins":21.65,"% Voix/Exp":39.73}]},"population":{"F0-2":22.410383881614,"F3-5":24.2474179281681,"F6-10":64.9244853000509,"F11-17":93.1129870230226,"F18-24":35.8467929916146,"F25-39":151.382422481729,"F40-54":263.266593418157,"F55-64":292.652058690798,"F65-79":355.185632695431,"F80+":107.794719936901,"H0-2":28.3734737287212,"H3-5":25.0253587533513,"H6-10":60.9665260532329,"H11-17":102.271011005211,"H18-24":39.6336561282525,"H25-39":134.787529214352,"H40-54":262.420706030383,"H55-64":233.1515969348,"H65-79":310.004107614134,"H80+":81.5425401900758},"Analyse":{"Votes décisifs":264,"tour décisif":1,"majeurs":2267.668356326628,"Non votants de 18-24":32.00960106771584}}