{"id":8483,"slug":"79-130-frontenay-rohan-rohan","nom_standard":"Frontenay-Rohan-Rohan","code_postal":"79","code_departement":"79","libelle_departement":"Deux-Sèvres","code_commune":"130","Tour 1":{"Inscrits":2207,"Abstentions":1557,"% Abs/Ins":70.55,"Votants":650,"% Vot/Ins":29.45,"Blancs":22,"% Blancs/Ins":1,"% Blancs/Vot":3.38,"Nuls":67,"% Nuls/Ins":3.04,"% Nuls/Vot":10.31,"Exprimés":561,"% Exp/Ins":25.42,"% Exp/Vot":86.31,"resultats":[{"N.Pan.":null,"Code Nuance":"LNC","Sexe":"M","Nom":"POIRAUD","Prénom":"Olivier","Liste":"FRONTENAY-ROHAN-ROHAN, UN AVENIR À PARTAGER !","Sièges / Elu":"23","Sièges Secteur":0,"Sièges CC":1,"Voix":561,"% Voix/Ins":25.42,"% Voix/Exp":100}]},"population":{"F0-2":32.8596819844329,"F3-5":34.8983827500287,"F6-10":92.210872421223,"F11-17":137.807305842089,"F18-24":67.9918378454101,"F25-39":202.55984372197,"F40-54":349.07015469878,"F55-64":239.501408971564,"F65-79":230.461326262794,"F80+":126.775481678412,"H0-2":36.196998287167,"H3-5":35.6821805461459,"H6-10":89.2437447658762,"H11-17":167.491967474979,"H18-24":85.0215402004143,"H25-39":195.760559237151,"H40-54":318.059075801224,"H55-64":201.106848161353,"H65-79":208.524001120229,"H80+":72.7767882287566},"Analyse":{"Votes décisifs":562,"tour décisif":1,"majeurs":2297.6088659280585,"Non votants de 18-24":109.72546372555469}}