{"id":8519,"slug":"79-293-saint-remy","nom_standard":"Saint-Rémy","code_postal":"79","code_departement":"79","libelle_departement":"Deux-Sèvres","code_commune":"293","Tour 1":{"Inscrits":760,"Abstentions":360,"% Abs/Ins":47.37,"Votants":400,"% Vot/Ins":52.63,"Blancs":10,"% Blancs/Ins":1.32,"% Blancs/Vot":2.5,"Nuls":17,"% Nuls/Ins":2.24,"% Nuls/Vot":4.25,"Exprimés":373,"% Exp/Ins":49.08,"% Exp/Vot":93.25,"resultats":[{"N.Pan.":null,"Code Nuance":"LNC","Sexe":"F","Nom":"MAILLARD","Prénom":"Elisabeth","Liste":"ENSEMBLE POUR SAINT-RÉMY !","Sièges / Elu":"13","Sièges Secteur":0,"Sièges CC":1,"Voix":248,"% Voix/Ins":32.63,"% Voix/Exp":66.49},{"N.Pan.":2,"Code Nuance":"LNC","Sexe":"M","Nom":"SOULET","Prénom":"Aurélien","Liste":"VIVONS A SAINT-RÉMY","Sièges / Elu":"2","Sièges Secteur":0,"Sièges CC":0,"Voix":125,"% Voix/Ins":16.45,"% Voix/Exp":33.51}]},"population":{"F0-2":10.6669143128372,"F3-5":23.8446433485823,"F6-10":45.2056178634098,"F11-17":57.4793837410702,"F18-24":24.7302220407935,"F25-39":114.332386171856,"F40-54":120.967165760301,"F55-64":63.4282595644218,"F65-79":78.9159359706933,"F80+":16.6786737671325,"H0-2":27.1225307691945,"H3-5":20.6132098932988,"H6-10":36.4489009329662,"H11-17":62.7888108580313,"H18-24":32.3137138738196,"H25-39":96.5576968550935,"H40-54":116.278641086972,"H55-64":65.2850792084035,"H65-79":86.1716553061407,"H80+":15.1705586749818},"Analyse":{"Votes décisifs":124,"tour décisif":1,"majeurs":830.8299882806092,"Non votants de 18-24":29.580345664258893}}