{"id":8527,"slug":"79-326-thenezay","nom_standard":"Thénezay","code_postal":"79","code_departement":"79","libelle_departement":"Deux-Sèvres","code_commune":"326","Tour 1":{"Inscrits":1013,"Abstentions":579,"% Abs/Ins":57.16,"Votants":434,"% Vot/Ins":42.84,"Blancs":35,"% Blancs/Ins":3.46,"% Blancs/Vot":8.06,"Nuls":78,"% Nuls/Ins":7.7,"% Nuls/Vot":17.97,"Exprimés":321,"% Exp/Ins":31.69,"% Exp/Vot":73.96,"resultats":[{"N.Pan.":null,"Code Nuance":"LNC","Sexe":"F","Nom":"CORNUAULT-PARADIS","Prénom":"Chantal","Liste":"THÉNEZÉENS, PRÉPARONS DEMAIN.","Sièges / Elu":"15","Sièges Secteur":0,"Sièges CC":2,"Voix":321,"% Voix/Ins":31.69,"% Voix/Exp":100}]},"population":{"F0-2":14.0907154219776,"F3-5":29.3131795955801,"F6-10":34.4108674709084,"F11-17":53.6065219861951,"F18-24":32.1928728354913,"F25-39":96.6181575047472,"F40-54":147.57994057564,"F55-64":96.8812966068378,"F65-79":113.665581472487,"F80+":94.7876841897642,"H0-2":22.3219296125413,"H3-5":28.2988249009072,"H6-10":49.5273928331047,"H11-17":71.8131281353685,"H18-24":27.1744085381911,"H25-39":88.5150238754056,"H40-54":138.580034137014,"H55-64":97.9089255100416,"H65-79":109.796014567727,"H80+":60.9175002300705},"Analyse":{"Votes décisifs":322,"tour décisif":1,"majeurs":1104.6174400434174,"Non votants de 18-24":36.04210182992521}}