{"id":8524,"slug":"79-307-sauze-vaussais","nom_standard":"Sauzé-Vaussais","code_postal":"79","code_departement":"79","libelle_departement":"Deux-Sèvres","code_commune":"307","Tour 1":{"Inscrits":1136,"Abstentions":679,"% Abs/Ins":59.77,"Votants":457,"% Vot/Ins":40.23,"Blancs":15,"% Blancs/Ins":1.32,"% Blancs/Vot":3.28,"Nuls":70,"% Nuls/Ins":6.16,"% Nuls/Vot":15.32,"Exprimés":372,"% Exp/Ins":32.75,"% Exp/Vot":81.4,"resultats":[{"N.Pan.":null,"Code Nuance":"LNC","Sexe":"M","Nom":"RAGOT","Prénom":"Nicolas","Liste":"bâtissons ensemble l'avenir de sauzé-vaussais","Sièges / Elu":"19","Sièges Secteur":0,"Sièges CC":2,"Voix":372,"% Voix/Ins":32.75,"% Voix/Exp":100}]},"population":{"F0-2":14.7517282594788,"F3-5":17.5475590922422,"F6-10":17.664380847893,"F11-17":51.8562582385845,"F18-24":40.6683011689202,"F25-39":86.7963697179001,"F40-54":129.816906331971,"F55-64":110.980937925841,"F65-79":189.26458330747,"F80+":113.694718071868,"H0-2":16.5699094460121,"H3-5":16.612212342984,"H6-10":31.2587021824741,"H11-17":48.976627970922,"H18-24":53.2954110772417,"H25-39":92.318460687509,"H40-54":116.926271172789,"H55-64":106.856375601273,"H65-79":170.95484487246,"H80+":78.1894416841667},"Analyse":{"Votes décisifs":373,"tour décisif":1,"majeurs":1289.7626216194096,"Non votants de 18-24":60.66966590251822}}