{"id":8466,"slug":"79-76-la-chapelle-saint-laurent","nom_standard":"La Chapelle-Saint-Laurent","code_postal":"79","code_departement":"79","libelle_departement":"Deux-Sèvres","code_commune":"76","Tour 1":{"Inscrits":1481,"Abstentions":657,"% Abs/Ins":44.36,"Votants":824,"% Vot/Ins":55.64,"Blancs":12,"% Blancs/Ins":0.81,"% Blancs/Vot":1.46,"Nuls":40,"% Nuls/Ins":2.7,"% Nuls/Vot":4.85,"Exprimés":772,"% Exp/Ins":52.13,"% Exp/Vot":93.69,"resultats":[{"N.Pan.":null,"Code Nuance":"LNC","Sexe":"F","Nom":"RIOLON","Prénom":"Patricia","Liste":"Aujourd'hui, avec vous...","Sièges / Elu":"4","Sièges Secteur":0,"Sièges CC":0,"Voix":329,"% Voix/Ins":22.21,"% Voix/Exp":42.62},{"N.Pan.":2,"Code Nuance":"LNC","Sexe":"M","Nom":"BILHEU","Prénom":"Jean-Yves","Liste":"DE NOUVELLES ENERGIES POUR CONSTRUIRE L'AVENIR","Sièges / Elu":"15","Sièges Secteur":0,"Sièges CC":2,"Voix":443,"% Voix/Ins":29.91,"% Voix/Exp":57.38}]},"population":{"F0-2":32.3547121489637,"F3-5":41.5741918066282,"F6-10":51.8066337531942,"F11-17":95.3143835975333,"F18-24":54.4242872764606,"F25-39":164.652114200881,"F40-54":170.626924087093,"F55-64":113.255741041784,"F65-79":171.224963238515,"F80+":144.934086506403,"H0-2":35.426140628795,"H3-5":35.4747332476916,"H6-10":73.1272078116019,"H11-17":101.50066681288,"H18-24":52.4517495582209,"H25-39":170.541054882246,"H40-54":182.649161257588,"H55-64":119.295862684485,"H65-79":148.281801784663,"H80+":90.0835836743734},"Analyse":{"Votes décisifs":115,"tour décisif":1,"majeurs":1582.4213301927127,"Non votants de 18-24":51.22344123863212}}