{"id":790,"slug":"12-101-flagnac","nom_standard":"Flagnac","code_postal":"12","code_departement":"12","libelle_departement":"Aveyron","code_commune":"101","Tour 1":{"Inscrits":804,"Abstentions":400,"% Abs/Ins":49.75,"Votants":404,"% Vot/Ins":50.25,"Blancs":18,"% Blancs/Ins":2.24,"% Blancs/Vot":4.46,"Nuls":53,"% Nuls/Ins":6.59,"% Nuls/Vot":13.12,"Exprimés":333,"% Exp/Ins":41.42,"% Exp/Vot":82.43,"resultats":[{"N.Pan.":null,"Code Nuance":"LNC","Sexe":"M","Nom":"TIEULIÉ","Prénom":"Pierre","Liste":"FLAGNAC, AGIR POUR DEMAIN","Sièges / Elu":"15","Sièges Secteur":0,"Sièges CC":1,"Voix":333,"% Voix/Ins":41.42,"% Voix/Exp":100}]},"population":{"F0-2":14.0838974850277,"F3-5":19.1410620579197,"F6-10":28.2195219828834,"F11-17":54.5602254469443,"F18-24":13.1974404916204,"F25-39":65.88069098464,"F40-54":101.928399757227,"F55-64":86.2680728003988,"F65-79":133.203482415707,"F80+":47.0169330283484,"H0-2":9.05259741498497,"H3-5":12.0906699826542,"H6-10":26.1651342383569,"H11-17":41.3542705046449,"H18-24":20.3359250021946,"H25-39":49.9551182881998,"H40-54":116.056968462035,"H55-64":85.9260667757659,"H65-79":117.702416658732,"H80+":38.8611062217147},"Analyse":{"Votes décisifs":334,"tour décisif":1,"majeurs":876.3326208865836,"Non votants de 18-24":18.074076022432195}}