{"id":792,"slug":"12-105-la-fouillade","nom_standard":"La Fouillade","code_postal":"12","code_departement":"12","libelle_departement":"Aveyron","code_commune":"105","Tour 1":{"Inscrits":928,"Abstentions":215,"% Abs/Ins":23.17,"Votants":713,"% Vot/Ins":76.83,"Blancs":11,"% Blancs/Ins":1.19,"% Blancs/Vot":1.54,"Nuls":24,"% Nuls/Ins":2.59,"% Nuls/Vot":3.37,"Exprimés":678,"% Exp/Ins":73.06,"% Exp/Vot":95.09,"resultats":[{"N.Pan.":null,"Code Nuance":"LNC","Sexe":"M","Nom":"RIGAL","Prénom":"Dominique","Liste":"REUSSIR ENSEMBLE POUR LA FOUILLADE","Sièges / Elu":"12","Sièges Secteur":0,"Sièges CC":1,"Voix":417,"% Voix/Ins":44.94,"% Voix/Exp":61.5},{"N.Pan.":2,"Code Nuance":"LNC","Sexe":"F","Nom":"TREZIERES","Prénom":"Christiane","Liste":"AGIR ENSEMBLE POUR LA FOUILLADE","Sièges / Elu":"3","Sièges Secteur":0,"Sièges CC":0,"Voix":261,"% Voix/Ins":28.13,"% Voix/Exp":38.5}]},"population":{"F0-2":10.954716503496,"F3-5":15.8962640604458,"F6-10":26.7945031397951,"F11-17":43.7172900661836,"F18-24":20.9970463208381,"F25-39":63.806264857394,"F40-54":85.8193796767084,"F55-64":92.2548321822788,"F65-79":134.532947842846,"F80+":61.3120071232083,"H0-2":7.9620232759351,"H3-5":14.9206552031095,"H6-10":24.7967655882699,"H11-17":57.6162266779614,"H18-24":23.9653951485702,"H25-39":64.9354826278117,"H40-54":93.8509271277454,"H55-64":92.21207589072,"H65-79":123.459787854473,"H80+":48.1954088322098},"Analyse":{"Votes décisifs":157,"tour décisif":1,"majeurs":905.3415554848037,"Non votants de 18-24":9.552357205109642}}