{"id":7920,"slug":"76-143-bretteville-du-grand-caux","nom_standard":"Bretteville-du-Grand-Caux","code_postal":"76","code_departement":"76","libelle_departement":"Seine-Maritime","code_commune":"143","Tour 1":{"Inscrits":1016,"Abstentions":635,"% Abs/Ins":62.5,"Votants":381,"% Vot/Ins":37.5,"Blancs":13,"% Blancs/Ins":1.28,"% Blancs/Vot":3.41,"Nuls":40,"% Nuls/Ins":3.94,"% Nuls/Vot":10.5,"Exprimés":328,"% Exp/Ins":32.28,"% Exp/Vot":86.09,"resultats":[{"N.Pan.":null,"Code Nuance":"LNC","Sexe":"M","Nom":"BLONDEL","Prénom":"André-Pierre","Liste":"BIEN VIVRE A BRETTEVILLE","Sièges / Elu":"15","Sièges Secteur":0,"Sièges CC":3,"Voix":328,"% Voix/Ins":32.28,"% Voix/Exp":100}]},"population":{"F0-2":19.9742448189727,"F3-5":26.8070570450426,"F6-10":56.5541809749638,"F11-17":88.2268946854255,"F18-24":33.1191768688071,"F25-39":118.937005519277,"F40-54":154.580748641048,"F55-64":76.3442540029256,"F65-79":84.7438138673179,"F80+":31.6460199157197,"H0-2":15.89943991353,"H3-5":25.9147313968281,"H6-10":47.5939176777486,"H11-17":83.5103361987538,"H18-24":41.0493276727879,"H25-39":111.300004927163,"H40-54":153.50305667015,"H55-64":84.2199289277039,"H65-79":87.6953440826147,"H80+":24.3805161932204},"Analyse":{"Votes décisifs":329,"tour décisif":1,"majeurs":1001.5191972887353,"Non votants de 18-24":45.953168972544574}}