{"id":7923,"slug":"76-159-cany-barville","nom_standard":"Cany-Barville","code_postal":"76","code_departement":"76","libelle_departement":"Seine-Maritime","code_commune":"159","Tour 1":{"Inscrits":2040,"Abstentions":736,"% Abs/Ins":36.08,"Votants":1304,"% Vot/Ins":63.92,"Blancs":10,"% Blancs/Ins":0.49,"% Blancs/Vot":0.77,"Nuls":19,"% Nuls/Ins":0.93,"% Nuls/Vot":1.46,"Exprimés":1275,"% Exp/Ins":62.5,"% Exp/Vot":97.78,"resultats":[{"N.Pan.":null,"Code Nuance":"LNC","Sexe":"M","Nom":"BATUT","Prénom":"Xavier","Liste":"DEMAIN AVEC VOUS, UN NOUVEAU CAP POUR CANY-BARVILLE","Sièges / Elu":"3","Sièges Secteur":0,"Sièges CC":1,"Voix":399,"% Voix/Ins":19.56,"% Voix/Exp":31.29},{"N.Pan.":2,"Code Nuance":"LNC","Sexe":"M","Nom":"THEVENOT","Prénom":"Jean-Pierre","Liste":"AGIR ENSEMBLE POUR CANY BARVILLE","Sièges / Elu":"20","Sièges Secteur":0,"Sièges CC":7,"Voix":876,"% Voix/Ins":42.94,"% Voix/Exp":68.71}]},"population":{"F0-2":49.7248211201809,"F3-5":55.7735414813742,"F6-10":95.9962265656441,"F11-17":132.623675970958,"F18-24":96.6015155072817,"F25-39":244.435808938923,"F40-54":243.013488903279,"F55-64":247.7982812039,"F65-79":286.300586142123,"F80+":123.707016540009,"H0-2":45.4977433606306,"H3-5":47.7985081576643,"H6-10":96.7286491720761,"H11-17":130.810790909085,"H18-24":107.753413660457,"H25-39":253.266736226542,"H40-54":233.987096025025,"H55-64":199.833037595283,"H65-79":243.227427624956,"H80+":62.1216348946071},"Analyse":{"Votes décisifs":478,"tour décisif":1,"majeurs":2342.046043262386,"Non votants de 18-24":90.57457527532084}}