{"id":7937,"slug":"76-224-ecrainville","nom_standard":"Ecrainville","code_postal":"76","code_departement":"76","libelle_departement":"Seine-Maritime","code_commune":"224","Tour 1":{"Inscrits":730,"Abstentions":369,"% Abs/Ins":50.55,"Votants":361,"% Vot/Ins":49.45,"Blancs":8,"% Blancs/Ins":1.1,"% Blancs/Vot":2.22,"Nuls":40,"% Nuls/Ins":5.48,"% Nuls/Vot":11.08,"Exprimés":313,"% Exp/Ins":42.88,"% Exp/Vot":86.7,"resultats":[{"N.Pan.":null,"Code Nuance":"LNC","Sexe":"M","Nom":"PAUMELLE","Prénom":"René","Liste":"ecrainville ensemble avançons","Sièges / Elu":"15","Sièges Secteur":0,"Sièges CC":2,"Voix":313,"% Voix/Ins":42.88,"% Voix/Exp":100}]},"population":{"F0-2":11.7558761969184,"F3-5":15.6260835521772,"F6-10":28.3295017188552,"F11-17":50.9619206077412,"F18-24":16.8703883253675,"F25-39":81.1112037337863,"F40-54":103.11195973391,"F55-64":57.6128569532091,"F65-79":84.2997149494263,"F80+":17.3025556990335,"H0-2":12.6883265004165,"H3-5":23.4648628911115,"H6-10":38.1105303762531,"H11-17":60.5502402943762,"H18-24":25.7709981870079,"H25-39":72.3780083313046,"H40-54":108.01170736994,"H55-64":61.5822932216466,"H65-79":83.1328843466107,"H80+":19.3280870109078},"Analyse":{"Votes décisifs":314,"tour décisif":1,"majeurs":730.5126578621504,"Non votants de 18-24":21.569143115502847}}