{"id":7983,"slug":"76-391-la-londe","nom_standard":"La Londe","code_postal":"76","code_departement":"76","libelle_departement":"Seine-Maritime","code_commune":"391","Tour 1":{"Inscrits":1972,"Abstentions":1262,"% Abs/Ins":64,"Votants":710,"% Vot/Ins":36,"Blancs":12,"% Blancs/Ins":0.61,"% Blancs/Vot":1.69,"Nuls":24,"% Nuls/Ins":1.22,"% Nuls/Vot":3.38,"Exprimés":674,"% Exp/Ins":34.18,"% Exp/Vot":94.93,"resultats":[{"N.Pan.":null,"Code Nuance":"LNC","Sexe":"M","Nom":"JAOUEN","Prénom":"Jean-Pierre","Liste":"ENSEMBLE VIVONS LA LONDE","Sièges / Elu":"19","Sièges Secteur":0,"Sièges CC":1,"Voix":674,"% Voix/Ins":34.18,"% Voix/Exp":100}]},"population":{"F0-2":34.6350710892832,"F3-5":59.1179217553649,"F6-10":70.8022265332017,"F11-17":106.86831581071,"F18-24":54.8893370211568,"F25-39":176.093198597537,"F40-54":302.185041586657,"F55-64":156.470304461415,"F65-79":193.03886433453,"F80+":69.6162177853771,"H0-2":33.6046122986124,"H3-5":32.7075491262915,"H6-10":90.6858664903362,"H11-17":113.591979017317,"H18-24":59.6367578246231,"H25-39":162.423049432315,"H40-54":272.949968044859,"H55-64":153.984458395987,"H65-79":157.749559398047,"H80+":49.9497009963791},"Analyse":{"Votes décisifs":675,"tour décisif":1,"majeurs":1808.9864578788831,"Non votants de 18-24":69.57632367068364}}