{"id":7990,"slug":"76-410-maromme","nom_standard":"Maromme","code_postal":"76","code_departement":"76","libelle_departement":"Seine-Maritime","code_commune":"410","Tour 1":{"Inscrits":6404,"Abstentions":3802,"% Abs/Ins":59.37,"Votants":2602,"% Vot/Ins":40.63,"Blancs":43,"% Blancs/Ins":0.67,"% Blancs/Vot":1.65,"Nuls":40,"% Nuls/Ins":0.62,"% Nuls/Vot":1.54,"Exprimés":2519,"% Exp/Ins":39.33,"% Exp/Vot":96.81,"resultats":[{"N.Pan.":null,"Code Nuance":"LDVD","Sexe":"F","Nom":"HENRI","Prénom":"Sandrine","Liste":"AGIR POUR MAROMME","Sièges / Elu":"2","Sièges Secteur":0,"Sièges CC":0,"Voix":420,"% Voix/Ins":6.56,"% Voix/Exp":16.67},{"N.Pan.":2,"Code Nuance":"LDVG","Sexe":"M","Nom":"LAMIRAY","Prénom":"David","Liste":"ENSEMBLE CONTINUONS - Maromme","Sièges / Elu":"31","Sièges Secteur":0,"Sièges CC":2,"Voix":2099,"% Voix/Ins":32.78,"% Voix/Exp":83.33}]},"population":{"F0-2":155.853883606318,"F3-5":225.917759068941,"F6-10":249.110144281992,"F11-17":419.861575325578,"F18-24":465.27161889683,"F25-39":1029.06498634324,"F40-54":1061.3028925438,"F55-64":786.065261063694,"F65-79":907.513333571243,"F80+":523.051927257927,"H0-2":220.769491499826,"H3-5":211.848108519522,"H6-10":310.830287301609,"H11-17":419.20691130676,"H18-24":447.012969919246,"H25-39":981.523955189994,"H40-54":910.153809849131,"H55-64":623.563706853132,"H65-79":661.556874829463,"H80+":235.520502771748},"Analyse":{"Votes décisifs":1680,"tour décisif":1,"majeurs":8631.601839089448,"Non votants de 18-24":637.2760163226719}}