{"id":7998,"slug":"76-452-montville","nom_standard":"Montville","code_postal":"76","code_departement":"76","libelle_departement":"Seine-Maritime","code_commune":"452","Tour 1":{"Inscrits":3600,"Abstentions":1754,"% Abs/Ins":48.72,"Votants":1846,"% Vot/Ins":51.28,"Blancs":32,"% Blancs/Ins":0.89,"% Blancs/Vot":1.73,"Nuls":24,"% Nuls/Ins":0.67,"% Nuls/Vot":1.3,"Exprimés":1790,"% Exp/Ins":49.72,"% Exp/Vot":96.97,"resultats":[{"N.Pan.":null,"Code Nuance":"LDIV","Sexe":"M","Nom":"LANGLOIS","Prénom":"Thierry","Liste":"ENSEMBLE POUR MONTVILLE","Sièges / Elu":"4","Sièges Secteur":0,"Sièges CC":1,"Voix":609,"% Voix/Ins":16.92,"% Voix/Exp":34.02},{"N.Pan.":2,"Code Nuance":"LDVD","Sexe":"F","Nom":"CLABAUT","Prénom":"Anne-Sophie","Liste":"SERVIR MONTVILLE","Sièges / Elu":"23","Sièges Secteur":0,"Sièges CC":6,"Voix":1181,"% Voix/Ins":32.81,"% Voix/Exp":65.98}]},"population":{"F0-2":59.7142725913981,"F3-5":67.3823578460465,"F6-10":132.736542300151,"F11-17":209.478275109683,"F18-24":148.3920334239,"F25-39":336.548591801453,"F40-54":481.012569614325,"F55-64":328.819012971645,"F65-79":389.357436701137,"F80+":234.041968781028,"H0-2":64.4923170675672,"H3-5":69.3389746614142,"H6-10":160.706210515807,"H11-17":230.990759217561,"H18-24":187.261876222988,"H25-39":339.849947759638,"H40-54":461.614778412933,"H55-64":287.596155405993,"H65-79":293.560953383046,"H80+":110.104966212286},"Analyse":{"Votes décisifs":573,"tour décisif":1,"majeurs":3598.160290690372,"Non votants de 18-24":163.45004235078417}}