{"id":607,"slug":"8-367-rocroi","nom_standard":"Rocroi","code_postal":"8","code_departement":"8","libelle_departement":"Ardennes","code_commune":"367","Tour 1":{"Inscrits":1668,"Abstentions":839,"% Abs/Ins":50.3,"Votants":829,"% Vot/Ins":49.7,"Blancs":7,"% Blancs/Ins":0.42,"% Blancs/Vot":0.84,"Nuls":20,"% Nuls/Ins":1.2,"% Nuls/Vot":2.41,"Exprimés":802,"% Exp/Ins":48.08,"% Exp/Vot":96.74,"resultats":[{"N.Pan.":null,"Code Nuance":"LNC","Sexe":"M","Nom":"FAGIS","Prénom":"Lysian","Liste":"VIVRE ENSEMBLE","Sièges / Elu":"2","Sièges Secteur":0,"Sièges CC":0,"Voix":187,"% Voix/Ins":11.21,"% Voix/Exp":23.32},{"N.Pan.":2,"Code Nuance":"LNC","Sexe":"M","Nom":"BINET","Prénom":"Denis","Liste":"ROCROI  UNE PASSION UN AVENIR","Sièges / Elu":"17","Sièges Secteur":0,"Sièges CC":4,"Voix":615,"% Voix/Ins":36.87,"% Voix/Exp":76.68}]},"population":{"F0-2":33.5093137722467,"F3-5":38.3614878011398,"F6-10":61.887015932899,"F11-17":91.6018271155758,"F18-24":57.4501105555521,"F25-39":179.016726378943,"F40-54":241.101963554138,"F55-64":177.741086214951,"F65-79":188.891190423332,"F80+":113.193025140305,"H0-2":35.5324317920035,"H3-5":39.393370514245,"H6-10":57.0405892997216,"H11-17":106.221331897899,"H18-24":59.3245051250236,"H25-39":181.315891744557,"H40-54":228.07238847769,"H55-64":174.628039885016,"H65-79":153.702570061547,"H80+":48.015134313215},"Analyse":{"Votes décisifs":429,"tour décisif":1,"majeurs":1802.4526318742699,"Non votants de 18-24":63.06659878887301}}