{"id":613,"slug":"8-448-thilay","nom_standard":"Thilay","code_postal":"8","code_departement":"8","libelle_departement":"Ardennes","code_commune":"448","Tour 1":{"Inscrits":847,"Abstentions":345,"% Abs/Ins":40.73,"Votants":502,"% Vot/Ins":59.27,"Blancs":8,"% Blancs/Ins":0.94,"% Blancs/Vot":1.59,"Nuls":19,"% Nuls/Ins":2.24,"% Nuls/Vot":3.78,"Exprimés":475,"% Exp/Ins":56.08,"% Exp/Vot":94.62,"resultats":[{"N.Pan.":null,"Code Nuance":"LNC","Sexe":"F","Nom":"QUAEGEBEUR","Prénom":"Katty","Liste":"THILAY AUJOURD'HUI ET DEMAIN","Sièges / Elu":"3","Sièges Secteur":0,"Sièges CC":0,"Voix":198,"% Voix/Ins":23.38,"% Voix/Exp":41.68},{"N.Pan.":2,"Code Nuance":"LNC","Sexe":"F","Nom":"JEANNESSON","Prénom":"Nicole","Liste":"ENSEMBLE ALLONS VERS L'AVENIR","Sièges / Elu":"12","Sièges Secteur":0,"Sièges CC":2,"Voix":277,"% Voix/Ins":32.7,"% Voix/Exp":58.32}]},"population":{"F0-2":8.24771307003664,"F3-5":11.7378870771471,"F6-10":31.7803474146911,"F11-17":44.8153192661575,"F18-24":22.463877819469,"F25-39":70.903981295572,"F40-54":112.108985640055,"F55-64":86.7649389276646,"F65-79":107.964631202975,"F80+":42.7582208426959,"H0-2":9.39370095542484,"H3-5":18.1099192616889,"H6-10":25.5460912173507,"H11-17":39.3809812184327,"H18-24":34.5959979927529,"H25-39":63.8437693676066,"H40-54":103.100114694549,"H55-64":77.1575157822514,"H65-79":92.3480154044938,"H80+":28.9779915489844},"Analyse":{"Votes décisifs":80,"tour décisif":1,"majeurs":842.9880405190696,"Non votants de 18-24":23.080677673067015}}