{"id":571,"slug":"8-53-bazeilles","nom_standard":"Bazeilles","code_postal":"8","code_departement":"8","libelle_departement":"Ardennes","code_commune":"53","Tour 1":{"Inscrits":1704,"Abstentions":1138,"% Abs/Ins":66.78,"Votants":566,"% Vot/Ins":33.22,"Blancs":9,"% Blancs/Ins":0.53,"% Blancs/Vot":1.59,"Nuls":64,"% Nuls/Ins":3.76,"% Nuls/Vot":11.31,"Exprimés":493,"% Exp/Ins":28.93,"% Exp/Vot":87.1,"resultats":[{"N.Pan.":null,"Code Nuance":"LNC","Sexe":"M","Nom":"BONNE","Prénom":"Francis","Liste":"UNISSONS NOUS POUR LA COMMUNE NOUVELLE DE BAZEILLES","Sièges / Elu":"23","Sièges Secteur":0,"Sièges CC":1,"Voix":493,"% Voix/Ins":28.93,"% Voix/Exp":100}]},"population":{"F0-2":38.143390950304,"F3-5":28.8870109503652,"F6-10":75.2167006632466,"F11-17":116.203783167098,"F18-24":133.071998029511,"F25-39":193.114132162613,"F40-54":243.924892163495,"F55-64":180.021418093166,"F65-79":215.092899528432,"F80+":94.7605429723232,"H0-2":27.7915582449489,"H3-5":38.1645105253147,"H6-10":77.1033271231785,"H11-17":117.144137944469,"H18-24":113.834919006177,"H25-39":174.687785625502,"H40-54":237.406468920257,"H55-64":173.771018938004,"H65-79":211.063952158497,"H80+":47.595552833097},"Analyse":{"Votes décisifs":494,"tour décisif":1,"majeurs":2018.345580431074,"Non votants de 18-24":177.6673792691416}}