{"id":8550,"slug":"80-168-candas","nom_standard":"Candas","code_postal":"80","code_departement":"80","libelle_departement":"Somme","code_commune":"168","Tour 1":{"Inscrits":798,"Abstentions":510,"% Abs/Ins":63.91,"Votants":288,"% Vot/Ins":36.09,"Blancs":11,"% Blancs/Ins":1.38,"% Blancs/Vot":3.82,"Nuls":30,"% Nuls/Ins":3.76,"% Nuls/Vot":10.42,"Exprimés":247,"% Exp/Ins":30.95,"% Exp/Vot":85.76,"resultats":[{"N.Pan.":null,"Code Nuance":"LNC","Sexe":"M","Nom":"HERSIN","Prénom":"Dominique","Liste":"\"BIEN VIVRE ENSEMBLE\"","Sièges / Elu":"15","Sièges Secteur":0,"Sièges CC":2,"Voix":247,"% Voix/Ins":30.95,"% Voix/Exp":100}]},"population":{"F0-2":19.0014165396565,"F3-5":22.9098725615176,"F6-10":46.1471044757779,"F11-17":56.7218750925977,"F18-24":30.003778055729,"F25-39":89.054098393804,"F40-54":125.276341220343,"F55-64":53.3925832743799,"F65-79":66.6328279165456,"F80+":28.8729588082138,"H0-2":17.422700583124,"H3-5":18.2228183126965,"H6-10":37.8789661457061,"H11-17":67.6138027876569,"H18-24":40.3131981170626,"H25-39":85.422158706471,"H40-54":139.891012648936,"H55-64":62.2433185706355,"H65-79":64.1719983530788,"H80+":14.8071694360678},"Analyse":{"Votes décisifs":248,"tour décisif":1,"majeurs":800.0814435012671,"Non votants de 18-24":45.005441575586666}}