{"id":8538,"slug":"80-16-albert","nom_standard":"Albert","code_postal":"80","code_departement":"80","libelle_departement":"Somme","code_commune":"16","Tour 1":{"Inscrits":7152,"Abstentions":3865,"% Abs/Ins":54.04,"Votants":3287,"% Vot/Ins":45.96,"Blancs":18,"% Blancs/Ins":0.25,"% Blancs/Vot":0.55,"Nuls":94,"% Nuls/Ins":1.31,"% Nuls/Vot":2.86,"Exprimés":3175,"% Exp/Ins":44.39,"% Exp/Vot":96.59,"resultats":[{"N.Pan.":null,"Code Nuance":"LDVG","Sexe":"M","Nom":"MAREEN","Prénom":"Romain","Liste":"Albert, de toutes nos forces.","Sièges / Elu":"3","Sièges Secteur":0,"Sièges CC":2,"Voix":647,"% Voix/Ins":9.05,"% Voix/Exp":20.38},{"N.Pan.":2,"Code Nuance":"LDVD","Sexe":"M","Nom":"COULON","Prénom":"Eric","Liste":"La parole aux albertins 2020","Sièges / Elu":"4","Sièges Secteur":0,"Sièges CC":3,"Voix":910,"% Voix/Ins":12.72,"% Voix/Exp":28.66},{"N.Pan.":3,"Code Nuance":"LUDI","Sexe":"M","Nom":"DEMILLY","Prénom":"Stéphane","Liste":"Plus haut, plus fort, plus loin pour Albert!","Sièges / Elu":22,"Sièges CC":19,"Voix":1618,"% Voix/Ins":22.62,"% Voix/Exp":50.96}]},"population":{"F0-2":129.973810179862,"F3-5":160.611216424882,"F6-10":324.335606175878,"F11-17":443.883876938237,"F18-24":395.945080604575,"F25-39":836.711788462565,"F40-54":949.300857653611,"F55-64":692.695463351422,"F65-79":772.718676818035,"F80+":574.174281835941,"H0-2":173.135705070568,"H3-5":157.549986156443,"H6-10":317.611095544856,"H11-17":420.111369826957,"H18-24":356.394576375575,"H25-39":912.729420527456,"H40-54":831.382768024197,"H55-64":560.972952866128,"H65-79":553.156228248489,"H80+":250.605238914322},"Analyse":{"Votes décisifs":62,"tour décisif":1,"majeurs":7686.787333682317,"Non votants de 18-24":430.62652181148087}}