{"id":8564,"slug":"80-271-epehy","nom_standard":"Epehy","code_postal":"80","code_departement":"80","libelle_departement":"Somme","code_commune":"271","Tour 1":{"Inscrits":792,"Abstentions":333,"% Abs/Ins":42.05,"Votants":459,"% Vot/Ins":57.95,"Blancs":6,"% Blancs/Ins":0.76,"% Blancs/Vot":1.31,"Nuls":6,"% Nuls/Ins":0.76,"% Nuls/Vot":1.31,"Exprimés":447,"% Exp/Ins":56.44,"% Exp/Vot":97.39,"resultats":[{"N.Pan.":null,"Code Nuance":"LNC","Sexe":"M","Nom":"MARTIN","Prénom":"Jean-Michel","Liste":"Ensemble pour Epehy","Sièges / Elu":"13","Sièges Secteur":0,"Sièges CC":2,"Voix":300,"% Voix/Ins":37.88,"% Voix/Exp":67.11},{"N.Pan.":2,"Code Nuance":"LNC","Sexe":"F","Nom":"ANDRYJASKIEWICZ","Prénom":"Lise","Liste":"Souffle nouveau.","Sièges / Elu":"2","Sièges Secteur":0,"Sièges CC":0,"Voix":147,"% Voix/Ins":18.56,"% Voix/Exp":32.89}]},"population":{"F0-2":11.0094874737949,"F3-5":16.7708964590998,"F6-10":38.0380602152547,"F11-17":65.12302030438,"F18-24":32.2243283962802,"F25-39":91.1067298486208,"F40-54":110.271121161213,"F55-64":59.1724423841355,"F65-79":83.684225990353,"F80+":99.4450236227137,"H0-2":8.61052956917006,"H3-5":14.2184403167088,"H6-10":41.368457963774,"H11-17":57.115744638877,"H18-24":34.3752177607205,"H25-39":77.2191994508367,"H40-54":125.599649877524,"H55-64":55.0318239133325,"H65-79":76.0714478672035,"H80+":28.5441527860072},"Analyse":{"Votes décisifs":154,"tour décisif":1,"majeurs":872.7453630589406,"Non votants de 18-24":31.57307339647016}}