{"id":8556,"slug":"80-222-crecy-en-ponthieu","nom_standard":"Crécy-en-Ponthieu","code_postal":"80","code_departement":"80","libelle_departement":"Somme","code_commune":"222","Tour 1":{"Inscrits":1048,"Abstentions":363,"% Abs/Ins":34.64,"Votants":685,"% Vot/Ins":65.36,"Blancs":18,"% Blancs/Ins":1.72,"% Blancs/Vot":2.63,"Nuls":26,"% Nuls/Ins":2.48,"% Nuls/Vot":3.8,"Exprimés":641,"% Exp/Ins":61.16,"% Exp/Vot":93.58,"resultats":[{"N.Pan.":null,"Code Nuance":"LNC","Sexe":"M","Nom":"KLAPSIA","Prénom":"Michel","Liste":"ENSEMBLE CONSTRUISONS DEMAIN","Sièges / Elu":"3","Sièges Secteur":0,"Sièges CC":1,"Voix":300,"% Voix/Ins":28.63,"% Voix/Exp":46.8},{"N.Pan.":2,"Code Nuance":"LNC","Sexe":"M","Nom":"LHEUREUX","Prénom":"Gérard","Liste":"Ensemble pour continuer","Sièges / Elu":"12","Sièges Secteur":0,"Sièges CC":2,"Voix":341,"% Voix/Ins":32.54,"% Voix/Exp":53.2}]},"population":{"F0-2":21.6967525929148,"F3-5":14.7146097249264,"F6-10":36.2848741242168,"F11-17":66.9053428572276,"F18-24":36.7253376843454,"F25-39":91.1159557948851,"F40-54":120.402765290429,"F55-64":88.4912738211764,"F65-79":123.920122278043,"F80+":119.773876751453,"H0-2":17.7419416806055,"H3-5":20.6620542127668,"H6-10":41.2838363317876,"H11-17":65.1093460732903,"H18-24":30.8586476923302,"H25-39":96.4510717607843,"H40-54":129.488593446352,"H55-64":101.53275097056,"H65-79":94.6144280302358,"H80+":48.2264188816699},"Analyse":{"Votes décisifs":42,"tour décisif":1,"majeurs":1081.6012424022642,"Non votants de 18-24":24.78167693978778}}