{"id":8573,"slug":"80-368-friville-escarbotin","nom_standard":"Friville-Escarbotin","code_postal":"80","code_departement":"80","libelle_departement":"Somme","code_commune":"368","Tour 1":{"Inscrits":3460,"Abstentions":2266,"% Abs/Ins":65.49,"Votants":1194,"% Vot/Ins":34.51,"Blancs":55,"% Blancs/Ins":1.59,"% Blancs/Vot":4.61,"Nuls":167,"% Nuls/Ins":4.83,"% Nuls/Vot":13.99,"Exprimés":972,"% Exp/Ins":28.09,"% Exp/Vot":81.41,"resultats":[{"N.Pan.":null,"Code Nuance":"LDVG","Sexe":"F","Nom":"MOREL","Prénom":"Nicole","Liste":"CONSTRUIRE DEMAIN","Sièges / Elu":"27","Sièges Secteur":0,"Sièges CC":8,"Voix":972,"% Voix/Ins":28.09,"% Voix/Exp":100}]},"population":{"F0-2":74.4422187485157,"F3-5":79.138668796444,"F6-10":113.874392290397,"F11-17":205.929116356919,"F18-24":158.939961790423,"F25-39":367.409939162503,"F40-54":441.977581862776,"F55-64":321.777133505492,"F65-79":406.942197617787,"F80+":214.776017001367,"H0-2":47.8579061425919,"H3-5":71.5507845059538,"H6-10":131.860862351402,"H11-17":191.942992842652,"H18-24":168.514567185275,"H25-39":371.889019285466,"H40-54":400.658060516679,"H55-64":294.953035916236,"H65-79":318.080259800153,"H80+":109.485284320966},"Analyse":{"Votes décisifs":973,"tour décisif":1,"majeurs":3575.403057965123,"Non votants de 18-24":218.10162490912737}}