{"id":8572,"slug":"80-360-fressenneville","nom_standard":"Fressenneville","code_postal":"80","code_departement":"80","libelle_departement":"Somme","code_commune":"360","Tour 1":{"Inscrits":1749,"Abstentions":825,"% Abs/Ins":47.17,"Votants":924,"% Vot/Ins":52.83,"Blancs":28,"% Blancs/Ins":1.6,"% Blancs/Vot":3.03,"Nuls":38,"% Nuls/Ins":2.17,"% Nuls/Vot":4.11,"Exprimés":858,"% Exp/Ins":49.06,"% Exp/Vot":92.86,"resultats":[{"N.Pan.":null,"Code Nuance":"LNC","Sexe":"M","Nom":"CRAMET","Prénom":"Armel","Liste":"FRESSENNEVILLE ENSEMBLE","Sièges / Elu":"2","Sièges Secteur":0,"Sièges CC":0,"Voix":167,"% Voix/Ins":9.55,"% Voix/Exp":19.46},{"N.Pan.":2,"Code Nuance":"LNC","Sexe":"M","Nom":"DORÉ","Prénom":"René","Liste":"HUMANITÉ - SOLIDARITÉ - FRESSENNEVILLE 2020","Sièges / Elu":"2","Sièges Secteur":0,"Sièges CC":1,"Voix":250,"% Voix/Ins":14.29,"% Voix/Exp":29.14},{"N.Pan.":3,"Code Nuance":"LNC","Sexe":"M","Nom":"LELEU","Prénom":"Jean-Jacques","Liste":"ENSEMBLE, CONTINUONS D'AGIR POUR FRESSENNEVILLE","Sièges / Elu":15,"Sièges CC":2,"Voix":441,"% Voix/Ins":25.21,"% Voix/Exp":51.4}]},"population":{"F0-2":34.0600531190866,"F3-5":31.0352740548373,"F6-10":54.5567157895633,"F11-17":84.9173864902284,"F18-24":70.306193244406,"F25-39":156.739198055331,"F40-54":231.331890283225,"F55-64":167.27516422764,"F65-79":193.399418439941,"F80+":114.671433340924,"H0-2":41.1133589433093,"H3-5":27.4742930108263,"H6-10":60.8191877005794,"H11-17":77.0538219084377,"H18-24":77.3797099060367,"H25-39":152.148740094203,"H40-54":205.366010377698,"H55-64":158.370751235407,"H65-79":157.08976811153,"H80+":72.8916316667902},"Analyse":{"Votes décisifs":25,"tour décisif":1,"majeurs":1756.9699089831315,"Non votants de 18-24":70.01708605044578}}