{"id":8610,"slug":"80-696-sains-en-amienois","nom_standard":"Sains-en-Amiénois","code_postal":"80","code_departement":"80","libelle_departement":"Somme","code_commune":"696","Tour 1":{"Inscrits":1035,"Abstentions":679,"% Abs/Ins":65.6,"Votants":356,"% Vot/Ins":34.4,"Blancs":41,"% Blancs/Ins":3.96,"% Blancs/Vot":11.52,"Nuls":33,"% Nuls/Ins":3.19,"% Nuls/Vot":9.27,"Exprimés":282,"% Exp/Ins":27.25,"% Exp/Vot":79.21,"resultats":[{"N.Pan.":null,"Code Nuance":"LNC","Sexe":"M","Nom":"LEPOETRE","Prénom":"Pierre","Liste":"SAINS ME PLAIT","Sièges / Elu":"15","Sièges Secteur":0,"Sièges CC":1,"Voix":282,"% Voix/Ins":27.25,"% Voix/Exp":100}]},"population":{"F0-2":7.82115339605465,"F3-5":16.526343788864,"F6-10":51.5763631636284,"F11-17":45.0621241032435,"F18-24":30.7307560075808,"F25-39":91.9929219473601,"F40-54":124.712982348346,"F55-64":102.607035134073,"F65-79":122.438097856556,"F80+":30.5248657055515,"H0-2":17.6599056365131,"H3-5":19.6146338539403,"H6-10":28.1319521190178,"H11-17":49.5775187695775,"H18-24":32.5139032350499,"H25-39":80.1997004558791,"H40-54":132.645911787017,"H55-64":86.3247697644048,"H65-79":122.103817225218,"H80+":20.2352437021251},"Analyse":{"Votes décisifs":283,"tour décisif":1,"majeurs":977.0300051691613,"Non votants de 18-24":40.20023013476691}}