{"id":8615,"slug":"80-716-saint-riquier","nom_standard":"Saint-Riquier","code_postal":"80","code_departement":"80","libelle_departement":"Somme","code_commune":"716","Tour 1":{"Inscrits":885,"Abstentions":166,"% Abs/Ins":18.76,"Votants":719,"% Vot/Ins":81.24,"Blancs":6,"% Blancs/Ins":0.68,"% Blancs/Vot":0.83,"Nuls":18,"% Nuls/Ins":2.03,"% Nuls/Vot":2.5,"Exprimés":695,"% Exp/Ins":78.53,"% Exp/Vot":96.66,"resultats":[{"N.Pan.":null,"Code Nuance":"LNC","Sexe":"M","Nom":"COURTECUISSE","Prénom":"Joseph","Liste":"ENSEMBLE VERS UN NOUVEL AVENIR POUR SAINT RIQUIER","Sièges / Elu":"0","Sièges Secteur":0,"Sièges CC":0,"Voix":35,"% Voix/Ins":3.95,"% Voix/Exp":5.04},{"N.Pan.":2,"Code Nuance":"LNC","Sexe":"M","Nom":"MONIN","Prénom":"Yves","Liste":"UNION ET INTERET COMMUNAL","Sièges / Elu":"13","Sièges Secteur":0,"Sièges CC":3,"Voix":449,"% Voix/Ins":50.73,"% Voix/Exp":64.6},{"N.Pan.":3,"Code Nuance":"LNC","Sexe":"M","Nom":"BALAVOINE","Prénom":"Daniel","Liste":"SAINT RIQUIER AUTREMENT","Sièges / Elu":2,"Sièges CC":0,"Voix":211,"% Voix/Ins":23.84,"% Voix/Exp":30.36}]},"population":{"F0-2":13.4836397654571,"F3-5":18.1547262991176,"F6-10":32.6383284925756,"F11-17":33.5017920434908,"F18-24":32.5615099052409,"F25-39":84.3563169118758,"F40-54":124.494189935539,"F55-64":100.188163795382,"F65-79":118.511160574469,"F80+":106.060777720115,"H0-2":13.55970324641,"H3-5":15.2930398295047,"H6-10":28.4933482915789,"H11-17":42.4380956675564,"H18-24":43.8166668618179,"H25-39":76.9044366055388,"H40-54":112.371841480088,"H55-64":101.638794289938,"H65-79":114.105383239468,"H80+":47.4280850448365},"Analyse":{"Votes décisifs":204,"tour décisif":1,"majeurs":1062.4373263643088,"Non votants de 18-24":24.689566311852836}}