{"id":8014,"slug":"76-499-petiville","nom_standard":"Petiville","code_postal":"76","code_departement":"76","libelle_departement":"Seine-Maritime","code_commune":"499","Tour 1":{"Inscrits":895,"Abstentions":363,"% Abs/Ins":40.56,"Votants":532,"% Vot/Ins":59.44,"Blancs":6,"% Blancs/Ins":0.67,"% Blancs/Vot":1.13,"Nuls":176,"% Nuls/Ins":19.66,"% Nuls/Vot":33.08,"Exprimés":350,"% Exp/Ins":39.11,"% Exp/Vot":65.79,"resultats":[{"N.Pan.":null,"Code Nuance":"LNC","Sexe":"M","Nom":"LEBER","Prénom":"Benoît","Liste":"PETIVILLE POUR SES VALEURS","Sièges / Elu":"0","Sièges Secteur":0,"Sièges CC":0,"Voix":0,"% Voix/Ins":0,"% Voix/Exp":0},{"N.Pan.":2,"Code Nuance":"LNC","Sexe":"M","Nom":"MOREIRA","Prénom":"Moïse","Liste":"ENSEMBLE POUR PETIVILLE","Sièges / Elu":"15","Sièges Secteur":0,"Sièges CC":1,"Voix":350,"% Voix/Ins":39.11,"% Voix/Exp":100}]},"population":{"F0-2":24.925688580821,"F3-5":24.7543914581103,"F6-10":42.463667879881,"F11-17":51.4542481187274,"F18-24":29.0382424496176,"F25-39":111.56819958636,"F40-54":108.039117791024,"F55-64":75.0016622012923,"F65-79":67.2543181849963,"F80+":30.6254461685318,"H0-2":22.8332487244403,"H3-5":31.7487642890021,"H6-10":35.613715555584,"H11-17":47.4415685712098,"H18-24":37.9899321691668,"H25-39":106.936699384583,"H40-54":114.987437093115,"H55-64":77.9237448417058,"H65-79":57.9397940658068,"H80+":25.4601128860245},"Analyse":{"Votes décisifs":351,"tour décisif":1,"majeurs":842.764706822224,"Non votants de 18-24":24.716259313679732}}