{"id":8021,"slug":"76-536-roncherolles-sur-le-vivier","nom_standard":"Roncherolles-sur-le-Vivier","code_postal":"76","code_departement":"76","libelle_departement":"Seine-Maritime","code_commune":"536","Tour 1":{"Inscrits":927,"Abstentions":530,"% Abs/Ins":57.17,"Votants":397,"% Vot/Ins":42.83,"Blancs":17,"% Blancs/Ins":1.83,"% Blancs/Vot":4.28,"Nuls":18,"% Nuls/Ins":1.94,"% Nuls/Vot":4.53,"Exprimés":362,"% Exp/Ins":39.05,"% Exp/Vot":91.18,"resultats":[{"N.Pan.":null,"Code Nuance":"LNC","Sexe":"F","Nom":"SANTO","Prénom":"Sylvaine","Liste":"Bien vivre ensemble","Sièges / Elu":"15","Sièges Secteur":0,"Sièges CC":1,"Voix":362,"% Voix/Ins":39.05,"% Voix/Exp":100}]},"population":{"F0-2":28.0136663036296,"F3-5":16.9891132537604,"F6-10":33.9751105801062,"F11-17":41.957306032222,"F18-24":38.0262808979272,"F25-39":112.168919166484,"F40-54":114.202594649557,"F55-64":84.4532811831929,"F65-79":117.6984916675,"F80+":29.2129961825046,"H0-2":15.0030171345072,"H3-5":22.0111850849094,"H6-10":49.9047563525041,"H11-17":65.9419935863669,"H18-24":30.006134310815,"H25-39":97.1753398898686,"H40-54":102.147047404228,"H55-64":81.3600481746818,"H65-79":107.603241788391,"H80+":24.1494763568447},"Analyse":{"Votes décisifs":363,"tour décisif":1,"majeurs":938.2038516719947,"Non votants de 18-24":39.244568314128074}}