{"id":8026,"slug":"76-552-sainte-adresse","nom_standard":"Sainte-Adresse","code_postal":"76","code_departement":"76","libelle_departement":"Seine-Maritime","code_commune":"552","Tour 1":{"Inscrits":5589,"Abstentions":4037,"% Abs/Ins":72.23,"Votants":1552,"% Vot/Ins":27.77,"Blancs":118,"% Blancs/Ins":2.11,"% Blancs/Vot":7.6,"Nuls":76,"% Nuls/Ins":1.36,"% Nuls/Vot":4.9,"Exprimés":1358,"% Exp/Ins":24.3,"% Exp/Vot":87.5,"resultats":[{"N.Pan.":null,"Code Nuance":"LDVD","Sexe":"M","Nom":"DEJEAN DE LA BATIE","Prénom":"Hubert","Liste":"CAP SUR 2030","Sièges / Elu":"29","Sièges Secteur":0,"Sièges CC":3,"Voix":1358,"% Voix/Ins":24.3,"% Voix/Exp":100}]},"population":{"F0-2":64.9775828827884,"F3-5":89.6314271807452,"F6-10":195.488315469604,"F11-17":285.300833559362,"F18-24":150.238252215197,"F25-39":444.553022798566,"F40-54":740.109489492212,"F55-64":537.457050307426,"F65-79":884.867885019745,"F80+":426.226851207226,"H0-2":75.757886999852,"H3-5":84.3406980441527,"H6-10":193.288458075993,"H11-17":354.582147326861,"H18-24":180.047130521877,"H25-39":394.171257157719,"H40-54":662.456795557772,"H55-64":516.393006124711,"H65-79":712.749683098366,"H80+":223.362226959825},"Analyse":{"Votes décisifs":1359,"tour décisif":1,"majeurs":5872.632650460642,"Non votants de 18-24":242.99865044542776}}