{"id":8045,"slug":"76-616-saint-martin-du-manoir","nom_standard":"Saint-Martin-du-Manoir","code_postal":"76","code_departement":"76","libelle_departement":"Seine-Maritime","code_commune":"616","Tour 1":{"Inscrits":1232,"Abstentions":562,"% Abs/Ins":45.62,"Votants":670,"% Vot/Ins":54.38,"Blancs":9,"% Blancs/Ins":0.73,"% Blancs/Vot":1.34,"Nuls":7,"% Nuls/Ins":0.57,"% Nuls/Vot":1.04,"Exprimés":654,"% Exp/Ins":53.08,"% Exp/Vot":97.61,"resultats":[{"N.Pan.":null,"Code Nuance":"LNC","Sexe":"M","Nom":"FORT","Prénom":"Jean-Luc","Liste":"SAINT-MARTIN, ENSEMBLE AUTREMENT","Sièges / Elu":"17","Sièges Secteur":0,"Sièges CC":1,"Voix":475,"% Voix/Ins":38.56,"% Voix/Exp":72.63},{"N.Pan.":2,"Code Nuance":"LNC","Sexe":"F","Nom":"SANGUINETTI","Prénom":"Cécile","Liste":"AVEC VOUS POUR SAINT MARTIN DU MANOIR","Sièges / Elu":"2","Sièges Secteur":0,"Sièges CC":0,"Voix":179,"% Voix/Ins":14.53,"% Voix/Exp":27.37}]},"population":{"F0-2":13.7284285006379,"F3-5":24.3159341124209,"F6-10":49.6441301859999,"F11-17":59.41563123968,"F18-24":41.0527724540326,"F25-39":104.605804662414,"F40-54":166.020400351287,"F55-64":106.393578067668,"F65-79":146.710570448142,"F80+":20.4380128282761,"H0-2":17.6684116297307,"H3-5":28.2534485863022,"H6-10":48.5680912597117,"H11-17":84.8785254693009,"H18-24":35.159420793851,"H25-39":100.985195271967,"H40-54":155.660682177219,"H55-64":97.1086734620267,"H65-79":134.002107696618,"H80+":25.3901808027148},"Analyse":{"Votes décisifs":297,"tour décisif":1,"majeurs":1133.5273990162163,"Non votants de 18-24":31.165051449283357}}