{"id":8047,"slug":"76-618-petit-caux","nom_standard":"Petit-Caux","code_postal":"76","code_departement":"76","libelle_departement":"Seine-Maritime","code_commune":"618","Tour 1":{"Inscrits":7357,"Abstentions":3235,"% Abs/Ins":43.97,"Votants":4122,"% Vot/Ins":56.03,"Blancs":59,"% Blancs/Ins":0.8,"% Blancs/Vot":1.43,"Nuls":111,"% Nuls/Ins":1.51,"% Nuls/Vot":2.69,"Exprimés":3952,"% Exp/Ins":53.72,"% Exp/Vot":95.88,"resultats":[{"N.Pan.":null,"Code Nuance":"LDIV","Sexe":"M","Nom":"MARTIN","Prénom":"Patrick","Liste":"PETIT-CAUX, LA FORCE DE NOS VILLAGES","Sièges / Elu":"15","Sièges Secteur":0,"Sièges CC":4,"Voix":1715,"% Voix/Ins":23.31,"% Voix/Exp":43.4},{"N.Pan.":2,"Code Nuance":"LDIV","Sexe":"M","Nom":"PHILIPPE","Prénom":"Patrice","Liste":"Petit-Caux : une commune, 18 villages","Sièges / Elu":"54","Sièges Secteur":0,"Sièges CC":14,"Voix":2237,"% Voix/Ins":30.41,"% Voix/Exp":56.6}]},"population":{"F0-2":157.860496066776,"F3-5":183.449601569255,"F6-10":326.409564881392,"F11-17":489.34012441381,"F18-24":243.466615791421,"F25-39":881.569783395494,"F40-54":1073.14774736033,"F55-64":598.929898852109,"F65-79":640.299179203396,"F80+":238.20870716771,"H0-2":174.60303982017,"H3-5":200.262862976409,"H6-10":346.964764965252,"H11-17":495.010608026394,"H18-24":294.660053798513,"H25-39":856.1406874788,"H40-54":1036.36070539151,"H55-64":671.287870389519,"H65-79":594.466937947587,"H80+":151.560750504154},"Analyse":{"Votes décisifs":523,"tour décisif":1,"majeurs":7280.098937280544,"Non votants de 18-24":233.43875927998243}}