{"id":8050,"slug":"76-627-saint-nicolas-de-la-taille","nom_standard":"Saint-Nicolas-de-la-Taille","code_postal":"76","code_departement":"76","libelle_departement":"Seine-Maritime","code_commune":"627","Tour 1":{"Inscrits":1175,"Abstentions":470,"% Abs/Ins":40,"Votants":705,"% Vot/Ins":60,"Blancs":8,"% Blancs/Ins":0.68,"% Blancs/Vot":1.13,"Nuls":11,"% Nuls/Ins":0.94,"% Nuls/Vot":1.56,"Exprimés":686,"% Exp/Ins":58.38,"% Exp/Vot":97.3,"resultats":[{"N.Pan.":null,"Code Nuance":"LNC","Sexe":"M","Nom":"CAVELIER","Prénom":"Michel","Liste":"FAIRE VIVRE ENSEMBLE SAINT NICOLAS DE LA TAILLE","Sièges / Elu":"17","Sièges Secteur":0,"Sièges CC":1,"Voix":497,"% Voix/Ins":42.3,"% Voix/Exp":72.45},{"N.Pan.":2,"Code Nuance":"LNC","Sexe":"M","Nom":"TUBEUF","Prénom":"Antoine","Liste":"UN NOUVEAU SOUFFLE POUR SAINT NICOLAS","Sièges / Elu":"2","Sièges Secteur":0,"Sièges CC":0,"Voix":189,"% Voix/Ins":16.09,"% Voix/Exp":27.55}]},"population":{"F0-2":30.2194103964343,"F3-5":32.2471226751126,"F6-10":51.7863768664937,"F11-17":98.4572072842647,"F18-24":45.06560479833,"F25-39":175.737455546274,"F40-54":165.505913178646,"F55-64":87.4054614292299,"F65-79":86.5264812389692,"F80+":20.4217501624382,"H0-2":45.8567276050826,"H3-5":40.4195775815033,"H6-10":68.2481988758509,"H11-17":97.4773411130768,"H18-24":58.4391626500085,"H25-39":171.154371637692,"H40-54":177.878790849641,"H55-64":96.9040017842486,"H65-79":85.364001576108,"H80+":13.8850427505955},"Analyse":{"Votes décisifs":309,"tour décisif":1,"majeurs":1184.2880376021808,"Non votants de 18-24":41.888962226813}}