{"id":8054,"slug":"76-640-saint-pierre-les-elbeuf","nom_standard":"Saint-Pierre-lès-Elbeuf","code_postal":"76","code_departement":"76","libelle_departement":"Seine-Maritime","code_commune":"640","Tour 1":{"Inscrits":6408,"Abstentions":3653,"% Abs/Ins":57.01,"Votants":2755,"% Vot/Ins":42.99,"Blancs":34,"% Blancs/Ins":0.53,"% Blancs/Vot":1.23,"Nuls":21,"% Nuls/Ins":0.33,"% Nuls/Vot":0.76,"Exprimés":2700,"% Exp/Ins":42.13,"% Exp/Vot":98,"resultats":[{"N.Pan.":null,"Code Nuance":"LDVG","Sexe":"F","Nom":"MEZRAR","Prénom":"Nadia","Liste":"Saint-Pierre l'avenir ensemble","Sièges / Elu":"23","Sièges Secteur":0,"Sièges CC":1,"Voix":1442,"% Voix/Ins":22.5,"% Voix/Exp":53.41},{"N.Pan.":2,"Code Nuance":"LSOC","Sexe":"M","Nom":"DESANGLOIS","Prénom":"Patrice","Liste":"AVEC VOUS POUR UN NOUVEL ELAN","Sièges / Elu":"6","Sièges Secteur":0,"Sièges CC":0,"Voix":1258,"% Voix/Ins":19.63,"% Voix/Exp":46.59}]},"population":{"F0-2":125.349379199844,"F3-5":127.42448743496,"F6-10":268.623896587181,"F11-17":388.651426968094,"F18-24":249.516946128658,"F25-39":685.508292441566,"F40-54":849.52760944159,"F55-64":591.332360809308,"F65-79":746.836451967648,"F80+":307.422477554593,"H0-2":131.707921400887,"H3-5":134.374503991623,"H6-10":274.374023675506,"H11-17":414.779235305011,"H18-24":271.552296399341,"H25-39":598.88909008088,"H40-54":795.336243648245,"H55-64":500.282813555926,"H65-79":613.422335494026,"H80+":176.088207915114},"Analyse":{"Votes décisifs":185,"tour décisif":1,"majeurs":6385.7151254368955,"Non votants de 18-24":296.2634478807753}}