{"id":8061,"slug":"76-673-servaville-salmonville","nom_standard":"Servaville-Salmonville","code_postal":"76","code_departement":"76","libelle_departement":"Seine-Maritime","code_commune":"673","Tour 1":{"Inscrits":884,"Abstentions":394,"% Abs/Ins":44.57,"Votants":490,"% Vot/Ins":55.43,"Blancs":7,"% Blancs/Ins":0.79,"% Blancs/Vot":1.43,"Nuls":3,"% Nuls/Ins":0.34,"% Nuls/Vot":0.61,"Exprimés":480,"% Exp/Ins":54.3,"% Exp/Vot":97.96,"resultats":[{"N.Pan.":null,"Code Nuance":"LNC","Sexe":"F","Nom":"DUCLOS-TAÏB","Prénom":"Catherine","Liste":"Mieux vivre à Servaville-Salmonville","Sièges / Elu":"2","Sièges Secteur":0,"Sièges CC":0,"Voix":163,"% Voix/Ins":18.44,"% Voix/Exp":33.96},{"N.Pan.":2,"Code Nuance":"LNC","Sexe":"M","Nom":"DUPRESSOIR","Prénom":"Jean-Paul","Liste":"Ensemble pour notre commune","Sièges / Elu":"13","Sièges Secteur":0,"Sièges CC":1,"Voix":317,"% Voix/Ins":35.86,"% Voix/Exp":66.04}]},"population":{"F0-2":20.4202409244777,"F3-5":21.2564060764978,"F6-10":40.3186441972214,"F11-17":37.3020732797376,"F18-24":34.4083554992815,"F25-39":119.470884401654,"F40-54":123.134047295052,"F55-64":70.8091446932953,"F65-79":55.107528932025,"F80+":15.905990193708,"H0-2":31.1949228751437,"H3-5":33.4000785813423,"H6-10":39.0139692175184,"H11-17":58.5946609596807,"H18-24":33.6195478527224,"H25-39":100.703966234174,"H40-54":139.137445309005,"H55-64":81.3096912549384,"H65-79":64.2593794584469,"H80+":11.6330227640773},"Analyse":{"Votes décisifs":155,"tour décisif":1,"majeurs":849.4990038883798,"Non votants de 18-24":28.788690015784614}}