{"id":8084,"slug":"77-16-bagneaux-sur-loing","nom_standard":"Bagneaux-sur-Loing","code_postal":"77","code_departement":"77","libelle_departement":"Seine-et-Marne","code_commune":"16","Tour 1":{"Inscrits":997,"Abstentions":560,"% Abs/Ins":56.17,"Votants":437,"% Vot/Ins":43.83,"Blancs":6,"% Blancs/Ins":0.6,"% Blancs/Vot":1.37,"Nuls":36,"% Nuls/Ins":3.61,"% Nuls/Vot":8.24,"Exprimés":395,"% Exp/Ins":39.62,"% Exp/Vot":90.39,"resultats":[{"N.Pan.":null,"Code Nuance":"LNC","Sexe":"M","Nom":"JAMET","Prénom":"Claude René Alexandre","Liste":"BAGNEAUX TOURNÉE VERS L'AVENIR","Sièges / Elu":"19","Sièges Secteur":0,"Sièges CC":2,"Voix":395,"% Voix/Ins":39.62,"% Voix/Exp":100}]},"population":{"F0-2":24.5920332837878,"F3-5":31.26626829963,"F6-10":50.818290239281,"F11-17":70.4405191633824,"F18-24":66.9464180751183,"F25-39":146.246854931231,"F40-54":169.071231477847,"F55-64":112.003038195886,"F65-79":111.473452389764,"F80+":50.2430502012253,"H0-2":18.630358566547,"H3-5":29.2888497851212,"H6-10":42.8556032625057,"H11-17":71.0597691743501,"H18-24":65.8874347684517,"H25-39":123.601555005099,"H40-54":170.392934077225,"H55-64":124.825948046677,"H65-79":96.273266867499,"H80+":31.083124189372},"Analyse":{"Votes décisifs":396,"tour décisif":1,"majeurs":1268.0483082253954,"Non votants de 18-24":87.05610658887291}}