{"id":8089,"slug":"77-39-boissise-la-bertrand","nom_standard":"Boissise-la-Bertrand","code_postal":"77","code_departement":"77","libelle_departement":"Seine-et-Marne","code_commune":"39","Tour 1":{"Inscrits":777,"Abstentions":524,"% Abs/Ins":67.44,"Votants":253,"% Vot/Ins":32.56,"Blancs":18,"% Blancs/Ins":2.32,"% Blancs/Vot":7.11,"Nuls":24,"% Nuls/Ins":3.09,"% Nuls/Vot":9.49,"Exprimés":211,"% Exp/Ins":27.16,"% Exp/Vot":83.4,"resultats":[{"N.Pan.":null,"Code Nuance":"LNC","Sexe":"M","Nom":"DELMER","Prénom":"Olivier","Liste":"AVEC VOUS, BOISSISE DEMAIN","Sièges / Elu":"15","Sièges Secteur":0,"Sièges CC":1,"Voix":211,"% Voix/Ins":27.16,"% Voix/Exp":100}]},"population":{"F0-2":9.95271843238996,"F3-5":18.9800445994731,"F6-10":49.4799240872181,"F11-17":47.5667803847161,"F18-24":29.4134721538355,"F25-39":80.8949166748877,"F40-54":101.614326325012,"F55-64":85.8910013629656,"F65-79":105.03828582236,"F80+":124.263830341721,"H0-2":12.9443842529946,"H3-5":12.9907089460099,"H6-10":29.0290546750238,"H11-17":41.5523198050956,"H18-24":33.0527874095941,"H25-39":79.1476998350963,"H40-54":96.1135768217453,"H55-64":90.0188414915741,"H65-79":88.4891434658689,"H80+":32.566183112418},"Analyse":{"Votes décisifs":212,"tour décisif":1,"majeurs":946.5040648170784,"Non votants de 18-24":45.76906379110932}}