{"id":8094,"slug":"77-51-bray-sur-seine","nom_standard":"Bray-sur-Seine","code_postal":"77","code_departement":"77","libelle_departement":"Seine-et-Marne","code_commune":"51","Tour 1":{"Inscrits":1495,"Abstentions":647,"% Abs/Ins":43.28,"Votants":848,"% Vot/Ins":56.72,"Blancs":8,"% Blancs/Ins":0.54,"% Blancs/Vot":0.94,"Nuls":25,"% Nuls/Ins":1.67,"% Nuls/Vot":2.95,"Exprimés":815,"% Exp/Ins":54.52,"% Exp/Vot":96.11,"resultats":[{"N.Pan.":null,"Code Nuance":"LNC","Sexe":"M","Nom":"MARCADET","Prénom":"Emmanuel","Liste":"DE L'AVENIR POUR LES BRAYTOIS(ES)","Sièges / Elu":"2","Sièges Secteur":0,"Sièges CC":0,"Voix":199,"% Voix/Ins":13.31,"% Voix/Exp":24.42},{"N.Pan.":2,"Code Nuance":"LNC","Sexe":"M","Nom":"WALLON","Prénom":"Alain","Liste":"CHANGER BRAY 2020","Sièges / Elu":"1","Sièges Secteur":0,"Sièges CC":0,"Voix":93,"% Voix/Ins":6.22,"% Voix/Exp":11.41},{"N.Pan.":3,"Code Nuance":"LNC","Sexe":"M","Nom":"CARRASCO","Prénom":"Alain","Liste":"AGIR POUR BRAY SUR SEINE","Sièges / Elu":16,"Sièges CC":5,"Voix":523,"% Voix/Ins":34.98,"% Voix/Exp":64.17}]},"population":{"F0-2":29.5929559631419,"F3-5":34.7044792954515,"F6-10":75.7702621693882,"F11-17":105.357210428235,"F18-24":84.3122440726741,"F25-39":183.743543603123,"F40-54":214.809006446334,"F55-64":139.835333885978,"F65-79":169.742709369962,"F80+":182.202288246763,"H0-2":31.6520034647341,"H3-5":42.899673990402,"H6-10":65.4426413081588,"H11-17":119.656566373017,"H18-24":101.006397863504,"H25-39":222.727137544078,"H40-54":196.577888889291,"H55-64":132.982215048702,"H65-79":139.775633432832,"H80+":64.2098086042296},"Analyse":{"Votes décisifs":232,"tour décisif":1,"majeurs":1831.9242070074708,"Non votants de 18-24":99.53441147470564}}