{"id":8668,"slug":"81-170-monesties","nom_standard":"Monestiés","code_postal":"81","code_departement":"81","libelle_departement":"Tarn","code_commune":"170","Tour 1":{"Inscrits":1020,"Abstentions":509,"% Abs/Ins":49.9,"Votants":511,"% Vot/Ins":50.1,"Blancs":17,"% Blancs/Ins":1.67,"% Blancs/Vot":3.33,"Nuls":68,"% Nuls/Ins":6.67,"% Nuls/Vot":13.31,"Exprimés":426,"% Exp/Ins":41.76,"% Exp/Vot":83.37,"resultats":[{"N.Pan.":null,"Code Nuance":"LNC","Sexe":"M","Nom":"MARTY","Prénom":"Denis","Liste":"MONESTIES, ON AIME, ON S'ENGAGE","Sièges / Elu":"15","Sièges Secteur":0,"Sièges CC":2,"Voix":426,"% Voix/Ins":41.76,"% Voix/Exp":100}]},"population":{"F0-2":13.0329260620545,"F3-5":18.0056140746628,"F6-10":28.0601165451071,"F11-17":51.1877076467899,"F18-24":20.8719788802684,"F25-39":82.3718305620471,"F40-54":108.976301184649,"F55-64":112.577002069477,"F65-79":154.449199035077,"F80+":119.341285811669,"H0-2":12.0312371776767,"H3-5":16.003201982712,"H6-10":31.2888094952172,"H11-17":50.2111084864244,"H18-24":29.7933186045805,"H25-39":78.3429063082179,"H40-54":117.794818175786,"H55-64":112.817442243938,"H65-79":143.757322591261,"H80+":67.0858730623841},"Analyse":{"Votes décisifs":427,"tour décisif":1,"majeurs":1148.1792785293549,"Non votants de 18-24":28.116582751101966}}