{"id":8664,"slug":"81-147-lombers","nom_standard":"Lombers","code_postal":"81","code_departement":"81","libelle_departement":"Tarn","code_commune":"147","Tour 1":{"Inscrits":840,"Abstentions":388,"% Abs/Ins":46.19,"Votants":452,"% Vot/Ins":53.81,"Blancs":16,"% Blancs/Ins":1.9,"% Blancs/Vot":3.54,"Nuls":56,"% Nuls/Ins":6.67,"% Nuls/Vot":12.39,"Exprimés":380,"% Exp/Ins":45.24,"% Exp/Vot":84.07,"resultats":[{"N.Pan.":null,"Code Nuance":"LNC","Sexe":"M","Nom":"ROQUES","Prénom":"Claude","Liste":"BIEN VIVRE A LOMBERS","Sièges / Elu":"15","Sièges Secteur":0,"Sièges CC":4,"Voix":380,"% Voix/Ins":45.24,"% Voix/Exp":100}]},"population":{"F0-2":16.7482720472666,"F3-5":19.9641610704112,"F6-10":47.3195713463308,"F11-17":64.37010094093,"F18-24":19.8890957769999,"F25-39":91.7975792670002,"F40-54":133.537374612863,"F55-64":73.6731367603438,"F65-79":74.8423008634636,"F80+":32.9698793820829,"H0-2":13.9029598885124,"H3-5":28.2638532966074,"H6-10":52.7835581226826,"H11-17":47.1347098410825,"H18-24":27.7098057551714,"H25-39":79.3584102452151,"H40-54":124.232739858711,"H55-64":68.8125091835945,"H65-79":85.5989584053288,"H80+":19.0910233354019},"Analyse":{"Votes décisifs":381,"tour décisif":1,"majeurs":831.5128134461762,"Non votants de 18-24":21.724732012913407}}