{"id":8657,"slug":"81-128-lacrouzette","nom_standard":"Lacrouzette","code_postal":"81","code_departement":"81","libelle_departement":"Tarn","code_commune":"128","Tour 1":{"Inscrits":1470,"Abstentions":898,"% Abs/Ins":61.09,"Votants":572,"% Vot/Ins":38.91,"Blancs":21,"% Blancs/Ins":1.43,"% Blancs/Vot":3.67,"Nuls":60,"% Nuls/Ins":4.08,"% Nuls/Vot":10.49,"Exprimés":491,"% Exp/Ins":33.4,"% Exp/Vot":85.84,"resultats":[{"N.Pan.":null,"Code Nuance":"LNC","Sexe":"M","Nom":"BONO","Prénom":"François","Liste":"AVANÇONS POUR LACROUZETTE","Sièges / Elu":"19","Sièges Secteur":0,"Sièges CC":4,"Voix":491,"% Voix/Ins":33.4,"% Voix/Exp":100}]},"population":{"F0-2":16.3583463577273,"F3-5":20.0089027632675,"F6-10":39.132179215242,"F11-17":55.4608387277389,"F18-24":26.6529185340852,"F25-39":106.029769810451,"F40-54":156.325639618533,"F55-64":120.597835952999,"F65-79":151.591057225344,"F80+":108.486580306982,"H0-2":10.569228735665,"H3-5":16.3332078204702,"H6-10":36.2653220478354,"H11-17":64.8314801087856,"H18-24":43.2668730593299,"H25-39":98.2956400279355,"H40-54":170.552486162697,"H55-64":131.495291059887,"H65-79":148.272643810158,"H80+":52.473758654867},"Analyse":{"Votes décisifs":492,"tour décisif":1,"majeurs":1314.0404942232688,"Non votants de 18-24":39.48380353425409}}