{"id":8688,"slug":"81-281-semalens","nom_standard":"Sémalens","code_postal":"81","code_departement":"81","libelle_departement":"Tarn","code_commune":"281","Tour 1":{"Inscrits":1733,"Abstentions":1062,"% Abs/Ins":61.28,"Votants":671,"% Vot/Ins":38.72,"Blancs":33,"% Blancs/Ins":1.9,"% Blancs/Vot":4.92,"Nuls":63,"% Nuls/Ins":3.64,"% Nuls/Vot":9.39,"Exprimés":575,"% Exp/Ins":33.18,"% Exp/Vot":85.69,"resultats":[{"N.Pan.":null,"Code Nuance":"LNC","Sexe":"F","Nom":"VEITH","Prénom":"Annette","Liste":"SÉMALENS DEMAIN","Sièges / Elu":"19","Sièges Secteur":0,"Sièges CC":3,"Voix":575,"% Voix/Ins":33.18,"% Voix/Exp":100}]},"population":{"F0-2":25.6901946454576,"F3-5":29.6232785658719,"F6-10":48.2812039866746,"F11-17":86.0862651972772,"F18-24":46.7352030408597,"F25-39":159.903223214092,"F40-54":225.51076641925,"F55-64":149.156141762493,"F65-79":172.668903078462,"F80+":74.9937008083354,"H0-2":23.7402810360563,"H3-5":29.5584337075935,"H6-10":71.9902535817452,"H11-17":103.124726514905,"H18-24":56.5732975291985,"H25-39":144.315665244086,"H40-54":188.506719651915,"H55-64":155.760190598358,"H65-79":154.271751381087,"H80+":59.5098000362826},"Analyse":{"Votes décisifs":576,"tour décisif":1,"majeurs":1587.905362764419,"Non votants de 18-24":59.653503548177525}}