{"id":8692,"slug":"81-289-soual","nom_standard":"Soual","code_postal":"81","code_departement":"81","libelle_departement":"Tarn","code_commune":"289","Tour 1":{"Inscrits":1865,"Abstentions":918,"% Abs/Ins":49.22,"Votants":947,"% Vot/Ins":50.78,"Blancs":14,"% Blancs/Ins":0.75,"% Blancs/Vot":1.48,"Nuls":35,"% Nuls/Ins":1.88,"% Nuls/Vot":3.7,"Exprimés":898,"% Exp/Ins":48.15,"% Exp/Vot":94.83,"resultats":[{"N.Pan.":null,"Code Nuance":"LNC","Sexe":"M","Nom":"ALIBERT","Prénom":"Jean-Luc","Liste":"#SOUALBOUGE2020","Sièges / Elu":"21","Sièges Secteur":0,"Sièges CC":4,"Voix":680,"% Voix/Ins":36.46,"% Voix/Exp":75.72},{"N.Pan.":2,"Code Nuance":"LNC","Sexe":"F","Nom":"CIORNEI","Prénom":"Jacqueline","Liste":"ACTION VERS LE BON SENS","Sièges / Elu":"2","Sièges Secteur":0,"Sièges CC":0,"Voix":218,"% Voix/Ins":11.69,"% Voix/Exp":24.28}]},"population":{"F0-2":30.9261758349564,"F3-5":38.9935416564096,"F6-10":102.335738558466,"F11-17":107.491186561531,"F18-24":71.796640957418,"F25-39":240.60424604225,"F40-54":269.227708613821,"F55-64":148.149235955791,"F65-79":224.078419576465,"F80+":114.892380140066,"H0-2":38.8991521278178,"H3-5":52.4572363836217,"H6-10":91.2057725633826,"H11-17":104.311417847454,"H18-24":80.7429498158431,"H25-39":221.620008021112,"H40-54":260.847435318592,"H55-64":153.675905295581,"H65-79":194.550866383915,"H80+":80.1939823455067},"Analyse":{"Votes décisifs":463,"tour décisif":1,"majeurs":2060.3797784663607,"Non votants de 18-24":82.42873355556748}}