{"id":8145,"slug":"77-155-dampmart","nom_standard":"Dampmart","code_postal":"77","code_departement":"77","libelle_departement":"Seine-et-Marne","code_commune":"155","Tour 1":{"Inscrits":2310,"Abstentions":1730,"% Abs/Ins":74.89,"Votants":580,"% Vot/Ins":25.11,"Blancs":45,"% Blancs/Ins":1.95,"% Blancs/Vot":7.76,"Nuls":32,"% Nuls/Ins":1.39,"% Nuls/Vot":5.52,"Exprimés":503,"% Exp/Ins":21.77,"% Exp/Vot":86.72,"resultats":[{"N.Pan.":null,"Code Nuance":"LNC","Sexe":"M","Nom":"DELPECH","Prénom":"Laurent","Liste":"DAMPMART L'AVENIR ENSEMBLE","Sièges / Elu":"23","Sièges Secteur":0,"Sièges CC":2,"Voix":503,"% Voix/Ins":21.77,"% Voix/Exp":100}]},"population":{"F0-2":59.1795432037176,"F3-5":54.3608364149511,"F6-10":111.756679677172,"F11-17":179.348704855549,"F18-24":114.821493096209,"F25-39":320.718502115632,"F40-54":400.904892844142,"F55-64":202.21267197872,"F65-79":217.667192643024,"F80+":121.426182168986,"H0-2":57.1427431525534,"H3-5":85.2831105183312,"H6-10":132.100459283749,"H11-17":196.080277856196,"H18-24":142.202076713658,"H25-39":299.402397729921,"H40-54":392.108408427653,"H55-64":178.870254972578,"H65-79":190.455649100882,"H80+":60.9579232463772},"Analyse":{"Votes décisifs":504,"tour décisif":1,"majeurs":2641.747645037782,"Non votants de 18-24":200.59362625725686}}