{"id":8148,"slug":"77-168-egreville","nom_standard":"Egreville","code_postal":"77","code_departement":"77","libelle_departement":"Seine-et-Marne","code_commune":"168","Tour 1":{"Inscrits":1585,"Abstentions":651,"% Abs/Ins":41.07,"Votants":934,"% Vot/Ins":58.93,"Blancs":12,"% Blancs/Ins":0.76,"% Blancs/Vot":1.28,"Nuls":14,"% Nuls/Ins":0.88,"% Nuls/Vot":1.5,"Exprimés":908,"% Exp/Ins":57.29,"% Exp/Vot":97.22,"resultats":[{"N.Pan.":null,"Code Nuance":"LNC","Sexe":"M","Nom":"BASCHET","Prénom":"Bruno","Liste":"AGIR ENSEMBLE POUR EGREVILLE","Sièges / Elu":"0","Sièges Secteur":0,"Sièges CC":0,"Voix":419,"% Voix/Ins":26.44,"% Voix/Exp":46.15},{"N.Pan.":2,"Code Nuance":"LNC","Sexe":"M","Nom":"POMMIER","Prénom":"Pascal","Liste":"EGREVILLE, NOTRE PRIORITÉ","Sièges / Elu":"0","Sièges Secteur":0,"Sièges CC":0,"Voix":489,"% Voix/Ins":30.85,"% Voix/Exp":53.85}]},"population":{"F0-2":32.3616604225285,"F3-5":43.1095437622075,"F6-10":62.7444960070429,"F11-17":105.138454467505,"F18-24":68.7814222940176,"F25-39":166.625590885571,"F40-54":225.818672343646,"F55-64":159.000188497048,"F65-79":171.769598104511,"F80+":77.9165222978875,"H0-2":33.3873780330971,"H3-5":42.1964451547772,"H6-10":72.6703070593926,"H11-17":131.496284569266,"H18-24":55.4270337955037,"H25-39":145.010717563242,"H40-54":226.424988439298,"H55-64":133.338691199024,"H65-79":161.950278567775,"H80+":35.8317265366598},"Analyse":{"Votes décisifs":71,"tour décisif":1,"majeurs":1627.8954305241837,"Non votants de 18-24":52.94423615725123}}