{"id":8153,"slug":"77-177-favieres","nom_standard":"Favières","code_postal":"77","code_departement":"77","libelle_departement":"Seine-et-Marne","code_commune":"177","Tour 1":{"Inscrits":836,"Abstentions":401,"% Abs/Ins":47.97,"Votants":435,"% Vot/Ins":52.03,"Blancs":3,"% Blancs/Ins":0.36,"% Blancs/Vot":0.69,"Nuls":0,"% Nuls/Ins":0,"% Nuls/Vot":0,"Exprimés":432,"% Exp/Ins":51.67,"% Exp/Vot":99.31,"resultats":[{"N.Pan.":null,"Code Nuance":"LNC","Sexe":"F","Nom":"GAUTIER","Prénom":"Valérie","Liste":"TOUS EN ACTION POUR FAVIERES","Sièges / Elu":"2","Sièges Secteur":0,"Sièges CC":0,"Voix":140,"% Voix/Ins":16.75,"% Voix/Exp":32.41},{"N.Pan.":2,"Code Nuance":"LNC","Sexe":"F","Nom":"MARTEL","Prénom":"Krystel","Liste":"FAVIERES LA ROUTE UN CARACTERE RURAL À PRESERVER","Sièges / Elu":"1","Sièges Secteur":0,"Sièges CC":0,"Voix":60,"% Voix/Ins":7.18,"% Voix/Exp":13.89},{"N.Pan.":3,"Code Nuance":"LNC","Sexe":"M","Nom":"PATU","Prénom":"Daniel","Liste":"Bien Vivre à FAVIERES","Sièges / Elu":12,"Sièges CC":1,"Voix":232,"% Voix/Ins":27.75,"% Voix/Exp":53.7}]},"population":{"F0-2":24.5223877216381,"F3-5":20.6359269057271,"F6-10":43.0901562359953,"F11-17":37.0421444989858,"F18-24":40.3698651902712,"F25-39":130.049590065716,"F40-54":109.85713395922,"F55-64":72.2049523852512,"F65-79":60.5253353376735,"F80+":29.0208848249689,"H0-2":29.1166892438106,"H3-5":24.3930366378165,"H6-10":29.0007356265099,"H11-17":55.1654368917359,"H18-24":45.7090754816897,"H25-39":137.884147686329,"H40-54":132.069970663903,"H55-64":68.4760949499381,"H65-79":68.8092466204276,"H80+":28.0571890723921},"Analyse":{"Votes décisifs":33,"tour décisif":1,"majeurs":923.0334862377803,"Non votants de 18-24":45.512330954556724}}