{"id":8160,"slug":"77-191-fontenailles","nom_standard":"Fontenailles","code_postal":"77","code_departement":"77","libelle_departement":"Seine-et-Marne","code_commune":"191","Tour 1":{"Inscrits":845,"Abstentions":322,"% Abs/Ins":38.11,"Votants":523,"% Vot/Ins":61.89,"Blancs":2,"% Blancs/Ins":0.24,"% Blancs/Vot":0.38,"Nuls":7,"% Nuls/Ins":0.83,"% Nuls/Vot":1.34,"Exprimés":514,"% Exp/Ins":60.83,"% Exp/Vot":98.28,"resultats":[{"N.Pan.":null,"Code Nuance":"LNC","Sexe":"F","Nom":"HARSCOET","Prénom":"Ghislaine","Liste":"FONTENAILLES UN ELAN DURABLE","Sièges / Elu":"14","Sièges Secteur":0,"Sièges CC":1,"Voix":393,"% Voix/Ins":46.51,"% Voix/Exp":76.46},{"N.Pan.":2,"Code Nuance":"LNC","Sexe":"F","Nom":"DEJEU","Prénom":"Martine","Liste":"ENSEMBLE VERS L'AVENIR","Sièges / Elu":"1","Sièges Secteur":0,"Sièges CC":0,"Voix":121,"% Voix/Ins":14.32,"% Voix/Exp":23.54}]},"population":{"F0-2":9.76334326003454,"F3-5":27.0961773184443,"F6-10":32.9402964828518,"F11-17":58.7567060434933,"F18-24":36.9543111245187,"F25-39":100.515375729849,"F40-54":124.883153465355,"F55-64":71.0239870149556,"F65-79":49.8924630023271,"F80+":14.2048579160288,"H0-2":15.3259482688216,"H3-5":15.1774327022747,"H6-10":34.3332067137997,"H11-17":60.0654444358641,"H18-24":29.8266707160324,"H25-39":94.5984033279096,"H40-54":141.342976897393,"H55-64":69.5948746025533,"H65-79":58.0734283494843,"H80+":7.63094262800919},"Analyse":{"Votes décisifs":273,"tour décisif":1,"majeurs":798.5414447744159,"Non votants de 18-24":23.043172449236696}}