{"id":8756,"slug":"82-190-verdun-sur-garonne","nom_standard":"Verdun-sur-Garonne","code_postal":"82","code_departement":"82","libelle_departement":"Tarn-et-Garonne","code_commune":"190","Tour 1":{"Inscrits":3521,"Abstentions":1710,"% Abs/Ins":48.57,"Votants":1811,"% Vot/Ins":51.43,"Blancs":19,"% Blancs/Ins":0.54,"% Blancs/Vot":1.05,"Nuls":13,"% Nuls/Ins":0.37,"% Nuls/Vot":0.72,"Exprimés":1779,"% Exp/Ins":50.53,"% Exp/Vot":98.23,"resultats":[{"N.Pan.":null,"Code Nuance":"LDIV","Sexe":"M","Nom":"RASPIDE","Prénom":"Jean-Marc","Liste":"VERDUN UN AVENIR POUR CHACUN","Sièges / Elu":"0","Sièges Secteur":0,"Sièges CC":0,"Voix":546,"% Voix/Ins":15.51,"% Voix/Exp":30.69},{"N.Pan.":2,"Code Nuance":"LDVG","Sexe":"M","Nom":"TUYERES","Prénom":"Stéphane","Liste":"Verdun pour Tous","Sièges / Elu":"0","Sièges Secteur":0,"Sièges CC":0,"Voix":884,"% Voix/Ins":25.11,"% Voix/Exp":49.69},{"N.Pan.":3,"Code Nuance":"LDIV","Sexe":"M","Nom":"SOTTERO","Prénom":"Roland","Liste":"Unis pour Verdun sur Garonne et Notre Dame","Sièges / Elu":0,"Sièges CC":0,"Voix":349,"% Voix/Ins":9.91,"% Voix/Exp":19.62}]},"Tour 2":{"Inscrits":3524,"Abstentions":1807,"% Abs/Ins":51.28,"Votants":1717,"% Vot/Ins":48.72,"Blancs":38,"% Blancs/Ins":1.08,"% Blancs/Vot":2.21,"Nuls":33,"% Nuls/Ins":0.94,"% Nuls/Vot":1.92,"Exprimés":1646,"% Exp/Ins":46.71,"% Exp/Vot":95.86,"resultats":[{"N.Pan.":1,"Code Nuance":"LDIV","Sexe":"M","Nom":"RASPIDE","Prénom":"Jean-Marc","Liste":"VERDUN UN AVENIR POUR CHACUN","Sièges / Elu":6,"Sièges Secteur":0,"Sièges CC":1,"Voix":739,"% Voix/Ins":20.97,"% Voix/Exp":44.9},{"N.Pan.":2,"Code Nuance":"LDVG","Sexe":"M","Nom":"TUYERES","Prénom":"Stéphane","Liste":"Verdun pour Tous","Sièges / Elu":21,"Sièges Secteur":0,"Sièges CC":5,"Voix":907,"% Voix/Ins":25.74,"% Voix/Exp":55.1}]},"population":{"F0-2":76.6663286754199,"F3-5":110.900968542531,"F6-10":186.442999490104,"F11-17":206.678860672316,"F18-24":101.014767613919,"F25-39":478.670065931177,"F40-54":508.266722735845,"F55-64":264.260224232865,"F65-79":315.888436120231,"F80+":209.991150154991,"H0-2":82.7049333226,"H3-5":134.08809562198,"H6-10":168.307874255386,"H11-17":225.865220147658,"H18-24":115.155865707948,"H25-39":464.811607003462,"H40-54":520.46736941398,"H55-64":253.051094389167,"H65-79":273.302316802122,"H80+":134.465099166297},"Analyse":{"Votes décisifs":168,"tour décisif":2,"majeurs":3639.3447192720037,"Non votants de 18-24":114.18387305479023}}