{"id":8752,"slug":"82-171-saint-porquier","nom_standard":"Saint-Porquier","code_postal":"82","code_departement":"82","libelle_departement":"Tarn-et-Garonne","code_commune":"171","Tour 1":{"Inscrits":935,"Abstentions":506,"% Abs/Ins":54.12,"Votants":429,"% Vot/Ins":45.88,"Blancs":51,"% Blancs/Ins":5.45,"% Blancs/Vot":11.89,"Nuls":0,"% Nuls/Ins":0,"% Nuls/Vot":0,"Exprimés":378,"% Exp/Ins":40.43,"% Exp/Vot":88.11,"resultats":[{"N.Pan.":null,"Code Nuance":"LNC","Sexe":"M","Nom":"PREVEDELLO","Prénom":"Xavier","Liste":"PERSPECTIVES POUR LES SAINT-PORQUIERAIN(E)S","Sièges / Elu":"15","Sièges Secteur":0,"Sièges CC":2,"Voix":378,"% Voix/Ins":40.43,"% Voix/Exp":100}]},"population":{"F0-2":17.0221224395253,"F3-5":16.8345122437115,"F6-10":43.4405308884103,"F11-17":77.7193826250732,"F18-24":49.6916798532833,"F25-39":102.832996668627,"F40-54":154.357171933281,"F55-64":82.168346999821,"F65-79":99.5227998322172,"F80+":36.9915671855061,"H0-2":24.3773036970417,"H3-5":15.9294939772475,"H6-10":50.4148486179126,"H11-17":84.0529656289572,"H18-24":61.2879975049727,"H25-39":113.466876328782,"H40-54":139.314733501406,"H55-64":95.3516528820663,"H65-79":83.808477291665,"H80+":35.4145399004933},"Analyse":{"Votes décisifs":379,"tour décisif":1,"majeurs":1054.2088398821209,"Non votants de 18-24":65.81758064123787}}