{"id":8739,"slug":"82-125-montech","nom_standard":"Montech","code_postal":"82","code_departement":"82","libelle_departement":"Tarn-et-Garonne","code_commune":"125","Tour 1":{"Inscrits":4439,"Abstentions":2262,"% Abs/Ins":50.96,"Votants":2177,"% Vot/Ins":49.04,"Blancs":39,"% Blancs/Ins":0.88,"% Blancs/Vot":1.79,"Nuls":48,"% Nuls/Ins":1.08,"% Nuls/Vot":2.2,"Exprimés":2090,"% Exp/Ins":47.08,"% Exp/Vot":96,"resultats":[{"N.Pan.":null,"Code Nuance":"LDVG","Sexe":"M","Nom":"MOIGNARD","Prénom":"Jacques","Liste":"Rassemblement pour Montech","Sièges / Elu":"25","Sièges Secteur":0,"Sièges CC":6,"Voix":1518,"% Voix/Ins":34.2,"% Voix/Exp":72.63},{"N.Pan.":2,"Code Nuance":"LDVD","Sexe":"M","Nom":"LAGRANGE","Prénom":"Eric","Liste":"EN AVANT MONTECH !","Sièges / Elu":"4","Sièges Secteur":0,"Sièges CC":1,"Voix":572,"% Voix/Ins":12.89,"% Voix/Exp":27.37}]},"population":{"F0-2":95.5045837597542,"F3-5":140.937825409571,"F6-10":223.588387735332,"F11-17":366.881092829478,"F18-24":167.989041797417,"F25-39":574.473712830275,"F40-54":747.196935254964,"F55-64":369.998310962721,"F65-79":477.623383084149,"F80+":294.234979949283,"H0-2":96.6109068482616,"H3-5":139.096264699021,"H6-10":254.419648185982,"H11-17":406.18727623718,"H18-24":163.603292661356,"H25-39":527.314182023717,"H40-54":741.617732752949,"H55-64":357.884632673093,"H65-79":364.557327871026,"H80+":159.28048243447},"Analyse":{"Votes décisifs":947,"tour décisif":1,"majeurs":4945.774014295421,"Non votants de 18-24":185.63408605716504}}