{"id":8729,"slug":"82-105-mas-grenier","nom_standard":"Mas-Grenier","code_postal":"82","code_departement":"82","libelle_departement":"Tarn-et-Garonne","code_commune":"105","Tour 1":{"Inscrits":965,"Abstentions":590,"% Abs/Ins":61.14,"Votants":375,"% Vot/Ins":38.86,"Blancs":14,"% Blancs/Ins":1.45,"% Blancs/Vot":3.73,"Nuls":67,"% Nuls/Ins":6.94,"% Nuls/Vot":17.87,"Exprimés":294,"% Exp/Ins":30.47,"% Exp/Vot":78.4,"resultats":[{"N.Pan.":null,"Code Nuance":"LNC","Sexe":"F","Nom":"PROUET","Prénom":"Bernadette","Liste":"ENSEMBLE,UNIS POUR LE BIEN VIVRE A MAS-GRENIER","Sièges / Elu":"15","Sièges Secteur":0,"Sièges CC":2,"Voix":294,"% Voix/Ins":30.47,"% Voix/Exp":100}]},"population":{"F0-2":19.0940296905406,"F3-5":38.1248948982481,"F6-10":54.8999872024303,"F11-17":66.299827653115,"F18-24":33.3054243504111,"F25-39":137.473718279851,"F40-54":159.544479537959,"F55-64":58.0007076858006,"F65-79":76.7317491464788,"F80+":43.8572764182105,"H0-2":29.0514837758411,"H3-5":29.0046747367677,"H6-10":57.0938229825883,"H11-17":56.3109200385392,"H18-24":36.509152161269,"H25-39":117.697387200417,"H40-54":169.619009588854,"H55-64":72.1474370640926,"H65-79":58.0963223456459,"H80+":31.1376952429404},"Analyse":{"Votes décisifs":295,"tour décisif":1,"majeurs":994.12035902193,"Non votants de 18-24":43.47926816165514}}