{"id":8712,"slug":"82-49-donzac","nom_standard":"Donzac","code_postal":"82","code_departement":"82","libelle_departement":"Tarn-et-Garonne","code_commune":"49","Tour 1":{"Inscrits":814,"Abstentions":402,"% Abs/Ins":49.39,"Votants":412,"% Vot/Ins":50.61,"Blancs":9,"% Blancs/Ins":1.11,"% Blancs/Vot":2.18,"Nuls":36,"% Nuls/Ins":4.42,"% Nuls/Vot":8.74,"Exprimés":367,"% Exp/Ins":45.09,"% Exp/Vot":89.08,"resultats":[{"N.Pan.":null,"Code Nuance":"LNC","Sexe":"M","Nom":"TERRENNE","Prénom":"Jean-Paul","Liste":"Ensemble pour l'Avenir de Donzac","Sièges / Elu":"15","Sièges Secteur":0,"Sièges CC":2,"Voix":367,"% Voix/Ins":45.09,"% Voix/Exp":100}]},"population":{"F0-2":19.0127026504298,"F3-5":14.4658695887514,"F6-10":29.1627702997563,"F11-17":48.3433707209561,"F18-24":25.8123299863862,"F25-39":78.1644236577974,"F40-54":124.357934980547,"F55-64":70.6185977392711,"F65-79":60.1327421675532,"F80+":34.2666658616149,"H0-2":20.1372918508155,"H3-5":16.0677980997044,"H6-10":35.3463768634629,"H11-17":41.816771044324,"H18-24":35.8344875138451,"H25-39":93.8186474382168,"H40-54":118.697498218688,"H55-64":79.4207289127396,"H65-79":53.7441354540393,"H80+":32.7788569511006},"Analyse":{"Votes décisifs":368,"tour décisif":1,"majeurs":807.6470488817993,"Non votants de 18-24":30.199307297278256}}