{"id":8207,"slug":"77-302-montcourt-fromonville","nom_standard":"Montcourt-Fromonville","code_postal":"77","code_departement":"77","libelle_departement":"Seine-et-Marne","code_commune":"302","Tour 1":{"Inscrits":1581,"Abstentions":767,"% Abs/Ins":48.51,"Votants":814,"% Vot/Ins":51.49,"Blancs":13,"% Blancs/Ins":0.82,"% Blancs/Vot":1.6,"Nuls":3,"% Nuls/Ins":0.19,"% Nuls/Vot":0.37,"Exprimés":798,"% Exp/Ins":50.47,"% Exp/Vot":98.03,"resultats":[{"N.Pan.":null,"Code Nuance":"LNC","Sexe":"M","Nom":"BEUGIN","Prénom":"Michaël","Liste":"L'ALTERNATIVE","Sièges / Elu":"15","Sièges Secteur":0,"Sièges CC":2,"Voix":469,"% Voix/Ins":29.66,"% Voix/Exp":58.77},{"N.Pan.":2,"Code Nuance":"LNC","Sexe":"F","Nom":"FARAO","Prénom":"Laurence","Liste":"BIEN VIVRE A MONCOURT-FROMONVILLE","Sièges / Elu":"4","Sièges Secteur":0,"Sièges CC":0,"Voix":329,"% Voix/Ins":20.81,"% Voix/Exp":41.23}]},"population":{"F0-2":15.7626983476939,"F3-5":25.9334128025315,"F6-10":48.5150318615904,"F11-17":106.670928664123,"F18-24":62.0133784980883,"F25-39":122.75021110386,"F40-54":215.787758101105,"F55-64":171.180597229045,"F65-79":167.225380602597,"F80+":50.773352832163,"H0-2":26.7574782234074,"H3-5":31.5879415254955,"H6-10":59.9479297143363,"H11-17":80.0268839399899,"H18-24":59.2623480392636,"H25-39":130.898105787929,"H40-54":217.093935952227,"H55-64":153.791800154317,"H65-79":166.074928658458,"H80+":30.9458979617786},"Analyse":{"Votes décisifs":141,"tour décisif":1,"majeurs":1547.7976949208314,"Non votants de 18-24":57.495788290025715}}