{"id":8211,"slug":"77-311-montigny-lencoup","nom_standard":"Montigny-Lencoup","code_postal":"77","code_departement":"77","libelle_departement":"Seine-et-Marne","code_commune":"311","Tour 1":{"Inscrits":1008,"Abstentions":639,"% Abs/Ins":63.39,"Votants":369,"% Vot/Ins":36.61,"Blancs":28,"% Blancs/Ins":2.78,"% Blancs/Vot":7.59,"Nuls":24,"% Nuls/Ins":2.38,"% Nuls/Vot":6.5,"Exprimés":317,"% Exp/Ins":31.45,"% Exp/Vot":85.91,"resultats":[{"N.Pan.":null,"Code Nuance":"LNC","Sexe":"M","Nom":"DENORMANDIE","Prénom":"Roger","Liste":"POUR UNE RURALITE MODERNE","Sièges / Elu":"15","Sièges Secteur":0,"Sièges CC":3,"Voix":317,"% Voix/Ins":31.45,"% Voix/Exp":100}]},"population":{"F0-2":23.1653373118704,"F3-5":18.9065101889312,"F6-10":45.6539299600102,"F11-17":83.3045010360008,"F18-24":46.7019920845784,"F25-39":125.47559957932,"F40-54":160.474609715888,"F55-64":78.7577826198696,"F65-79":85.2687388984676,"F80+":30.1545491709208,"H0-2":21.9664538965414,"H3-5":30.000779778988,"H6-10":62.5828805580882,"H11-17":78.8068114872534,"H18-24":59.7438453057261,"H25-39":102.98849506645,"H40-54":161.363227592381,"H55-64":83.7568967685709,"H65-79":85.3737053040975,"H80+":20.5533536760466},"Analyse":{"Votes décisifs":318,"tour décisif":1,"majeurs":1040.6127957823164,"Non votants de 18-24":68.70027616309184}}