{"id":8222,"slug":"77-330-nanteuil-les-meaux","nom_standard":"Nanteuil-lès-Meaux","code_postal":"77","code_departement":"77","libelle_departement":"Seine-et-Marne","code_commune":"330","Tour 1":{"Inscrits":4059,"Abstentions":2983,"% Abs/Ins":73.49,"Votants":1076,"% Vot/Ins":26.51,"Blancs":65,"% Blancs/Ins":1.6,"% Blancs/Vot":6.04,"Nuls":60,"% Nuls/Ins":1.48,"% Nuls/Vot":5.58,"Exprimés":951,"% Exp/Ins":23.43,"% Exp/Vot":88.38,"resultats":[{"N.Pan.":null,"Code Nuance":"LDVD","Sexe":"M","Nom":"SARAZIN","Prénom":"Régis","Liste":"Ensemble, vivre Nanteuil","Sièges / Elu":"29","Sièges Secteur":0,"Sièges CC":5,"Voix":951,"% Voix/Ins":23.43,"% Voix/Exp":100}]},"population":{"F0-2":105.467087153213,"F3-5":147.489472956393,"F6-10":226.54359457354,"F11-17":317.905039881708,"F18-24":264.030789684389,"F25-39":669.242129406318,"F40-54":712.948716514829,"F55-64":383.471142250841,"F65-79":362.730310320904,"F80+":138.808671357115,"H0-2":131.584915369693,"H3-5":138.9439912694,"H6-10":230.347620823726,"H11-17":334.477264053135,"H18-24":273.314900401144,"H25-39":642.937877114743,"H40-54":715.022297905549,"H55-64":347.0361119231,"H65-79":331.193161591941,"H80+":75.5049054483184},"Analyse":{"Votes décisifs":952,"tour décisif":1,"majeurs":4916.2410139191925,"Non votants de 18-24":419.73877030779215}}