{"id":8227,"slug":"77-339-noisy-sur-ecole","nom_standard":"Noisy-sur-Ecole","code_postal":"77","code_departement":"77","libelle_departement":"Seine-et-Marne","code_commune":"339","Tour 1":{"Inscrits":1581,"Abstentions":1118,"% Abs/Ins":70.71,"Votants":463,"% Vot/Ins":29.29,"Blancs":16,"% Blancs/Ins":1.01,"% Blancs/Vot":3.46,"Nuls":8,"% Nuls/Ins":0.51,"% Nuls/Vot":1.73,"Exprimés":439,"% Exp/Ins":27.77,"% Exp/Vot":94.82,"resultats":[{"N.Pan.":null,"Code Nuance":"LNC","Sexe":"M","Nom":"BOURNERY","Prénom":"Christian","Liste":"ENSEMBLE, PRESERVONS NOTRE VILLAGE","Sièges / Elu":"19","Sièges Secteur":0,"Sièges CC":2,"Voix":439,"% Voix/Ins":27.77,"% Voix/Exp":100}]},"population":{"F0-2":19.7660801445808,"F3-5":26.7859134699913,"F6-10":43.5315740414278,"F11-17":78.165740107953,"F18-24":38.7250047247586,"F25-39":104.706131536737,"F40-54":211.575483316299,"F55-64":172.49534515718,"F65-79":166.919036098934,"F80+":42.5454389964299,"H0-2":27.745190974566,"H3-5":27.7650131676916,"H6-10":56.3891661164704,"H11-17":87.1970043704653,"H18-24":48.8068690777334,"H25-39":94.889611802259,"H40-54":190.699681875744,"H55-64":179.220371434825,"H65-79":178.681475174282,"H80+":32.3898684116723},"Analyse":{"Votes décisifs":440,"tour décisif":1,"majeurs":1461.654317606854,"Non votants de 18-24":59.80489548595783}}