{"id":8237,"slug":"77-373-pontault-combault","nom_standard":"Pontault-Combault","code_postal":"77","code_departement":"77","libelle_departement":"Seine-et-Marne","code_commune":"373","Tour 1":{"Inscrits":22273,"Abstentions":15294,"% Abs/Ins":68.67,"Votants":6979,"% Vot/Ins":31.33,"Blancs":81,"% Blancs/Ins":0.36,"% Blancs/Vot":1.16,"Nuls":112,"% Nuls/Ins":0.5,"% Nuls/Vot":1.6,"Exprimés":6786,"% Exp/Ins":30.47,"% Exp/Vot":97.23,"resultats":[{"N.Pan.":null,"Code Nuance":"LDVG","Sexe":"M","Nom":"BORD","Prénom":"Gilles","Liste":"PONTAULT-COMBAULT ! POUR VOUS, POUR TOUS","Sièges / Elu":"32","Sièges Secteur":0,"Sièges CC":10,"Voix":4101,"% Voix/Ins":18.41,"% Voix/Exp":60.43},{"N.Pan.":2,"Code Nuance":"LRN","Sexe":"M","Nom":"DUMONT","Prénom":"Michel","Liste":"PONTAULT BLEU MARINE","Sièges / Elu":"2","Sièges Secteur":0,"Sièges CC":0,"Voix":801,"% Voix/Ins":3.6,"% Voix/Exp":11.8},{"N.Pan.":3,"Code Nuance":"LDVG","Sexe":"F","Nom":"HEUCLIN","Prénom":"Delphine","Liste":"UNIS POUR PONTAULT-COMBAULT","Sièges / Elu":3,"Sièges CC":1,"Voix":1008,"% Voix/Ins":4.53,"% Voix/Exp":14.85},{"N.Pan.":4,"Code Nuance":"LDVD","Sexe":"M","Nom":"FINANCE","Prénom":"Stephane","Liste":"PONTAULT-COMBAULT ENSEMBLE","Sièges / Elu":2,"Sièges CC":0,"Voix":876,"% Voix/Ins":3.93,"% Voix/Exp":12.91}]},"population":{"F0-2":742.324812048656,"F3-5":744.893591146683,"F6-10":1231.30179729664,"F11-17":1661.43909863806,"F18-24":1719.66557553958,"F25-39":4084.74773862366,"F40-54":3809.6273358956,"F55-64":2217.56194631708,"F65-79":2144.50305312802,"F80+":803.355869412236,"H0-2":722.963757907707,"H3-5":854.304538992887,"H6-10":1373.67479861116,"H11-17":1843.05222073959,"H18-24":1709.87866984461,"H25-39":3865.58437619928,"H40-54":3603.50885186806,"H55-64":2092.12034815302,"H65-79":1889.75979206785,"H80+":464.731827569618},"Analyse":{"Votes décisifs":1417,"tour décisif":1,"majeurs":28405.045384618617,"Non votants de 18-24":2586.9196706142093}}