{"id":8240,"slug":"77-378-pringy","nom_standard":"Pringy","code_postal":"77","code_departement":"77","libelle_departement":"Seine-et-Marne","code_commune":"378","Tour 1":{"Inscrits":2129,"Abstentions":1524,"% Abs/Ins":71.58,"Votants":605,"% Vot/Ins":28.42,"Blancs":47,"% Blancs/Ins":2.21,"% Blancs/Vot":7.77,"Nuls":39,"% Nuls/Ins":1.83,"% Nuls/Vot":6.45,"Exprimés":519,"% Exp/Ins":24.38,"% Exp/Vot":85.79,"resultats":[{"N.Pan.":null,"Code Nuance":"LNC","Sexe":"M","Nom":"CHOMAUDON","Prénom":"Eric","Liste":"PRINGY AUTREMENT DEMAIN","Sièges / Elu":"23","Sièges Secteur":0,"Sièges CC":2,"Voix":519,"% Voix/Ins":24.38,"% Voix/Exp":100}]},"population":{"F0-2":80.1663098160812,"F3-5":62.4596421695283,"F6-10":122.038184160365,"F11-17":139.017505179063,"F18-24":125.130624043249,"F25-39":371.514513004052,"F40-54":304.700541355839,"F55-64":183.427347955877,"F65-79":231.582860896248,"F80+":83.1619048368726,"H0-2":65.6705469351296,"H3-5":62.2476180821479,"H6-10":120.402146382212,"H11-17":174.064777275496,"H18-24":121.517439230541,"H25-39":347.64065765801,"H40-54":276.305569427804,"H55-64":153.874332123694,"H65-79":178.423978795962,"H80+":50.6535006718277},"Analyse":{"Votes décisifs":520,"tour décisif":1,"majeurs":2427.933269999976,"Non votants de 18-24":185.1875280422577}}