{"id":8246,"slug":"77-390-roissy-en-brie","nom_standard":"Roissy-en-Brie","code_postal":"77","code_departement":"77","libelle_departement":"Seine-et-Marne","code_commune":"390","Tour 1":{"Inscrits":13517,"Abstentions":8066,"% Abs/Ins":59.67,"Votants":5451,"% Vot/Ins":40.33,"Blancs":66,"% Blancs/Ins":0.49,"% Blancs/Vot":1.21,"Nuls":83,"% Nuls/Ins":0.61,"% Nuls/Vot":1.52,"Exprimés":5302,"% Exp/Ins":39.22,"% Exp/Vot":97.27,"resultats":[{"N.Pan.":null,"Code Nuance":"LUG","Sexe":"M","Nom":"DJEBARA","Prénom":"Smaïl","Liste":"ROISSY EN COMMUN","Sièges / Elu":"3","Sièges Secteur":0,"Sièges CC":0,"Voix":1043,"% Voix/Ins":7.72,"% Voix/Exp":19.67},{"N.Pan.":2,"Code Nuance":"LCOM","Sexe":"F","Nom":"FUCHS","Prénom":"Sylvie","Liste":"VIVRE ROISSY AUTREMENT","Sièges / Elu":"2","Sièges Secteur":0,"Sièges CC":0,"Voix":672,"% Voix/Ins":4.97,"% Voix/Exp":12.67},{"N.Pan.":3,"Code Nuance":"LDVC","Sexe":"M","Nom":"BOUCHART","Prénom":"François","Liste":"ROISSY UNIE VERS L'AVENIR","Sièges / Elu":29,"Sièges CC":7,"Voix":3146,"% Voix/Ins":23.27,"% Voix/Exp":59.34},{"N.Pan.":4,"Code Nuance":"LDIV","Sexe":"M","Nom":"CHAUVE","Prénom":"Jean-Luc","Liste":"MON PARTI C'EST ROISSY","Sièges / Elu":1,"Sièges CC":0,"Voix":441,"% Voix/Ins":3.26,"% Voix/Exp":8.32}]},"population":{"F0-2":404.439919184997,"F3-5":509.38526531126,"F6-10":894.681453382268,"F11-17":1195.60513220238,"F18-24":1005.35994542503,"F25-39":2288.04585374201,"F40-54":2401.25755252852,"F55-64":1343.7216673371,"F65-79":1128.0326943851,"F80+":446.778719510683,"H0-2":437.066529008413,"H3-5":445.482197468184,"H6-10":857.189506863548,"H11-17":1248.24884884585,"H18-24":1009.21868800434,"H25-39":2126.4618352906,"H40-54":2391.24798556371,"H55-64":1272.68193573482,"H65-79":1008.69465117127,"H80+":229.399619039908},"Analyse":{"Votes décisifs":991,"tour décisif":1,"majeurs":16650.90114773309,"Non votants de 18-24":1355.0666927006516}}