{"id":8252,"slug":"77-405-saint-cyr-sur-morin","nom_standard":"Saint-Cyr-sur-Morin","code_postal":"77","code_departement":"77","libelle_departement":"Seine-et-Marne","code_commune":"405","Tour 1":{"Inscrits":1437,"Abstentions":734,"% Abs/Ins":51.08,"Votants":703,"% Vot/Ins":48.92,"Blancs":11,"% Blancs/Ins":0.77,"% Blancs/Vot":1.56,"Nuls":19,"% Nuls/Ins":1.32,"% Nuls/Vot":2.7,"Exprimés":673,"% Exp/Ins":46.83,"% Exp/Vot":95.73,"resultats":[{"N.Pan.":null,"Code Nuance":"LNC","Sexe":"F","Nom":"THÉODOSE-POMA","Prénom":"Edith","Liste":"INDEPENDANCE, PROXIMITE ET DYNAMISME","Sièges / Elu":"17","Sièges Secteur":0,"Sièges CC":3,"Voix":497,"% Voix/Ins":34.59,"% Voix/Exp":73.85},{"N.Pan.":2,"Code Nuance":"LNC","Sexe":"M","Nom":"ALLARD","Prénom":"Pierre","Liste":"TOUS UNIS POUR ST CYR","Sièges / Elu":"2","Sièges Secteur":0,"Sièges CC":0,"Voix":176,"% Voix/Ins":12.25,"% Voix/Exp":26.15}]},"population":{"F0-2":26.49091940379,"F3-5":27.3047474275747,"F6-10":65.5249903781722,"F11-17":104.578124115098,"F18-24":62.4026576436108,"F25-39":171.979740369705,"F40-54":217.304164507544,"F55-64":132.589204247961,"F65-79":132.606888552014,"F80+":39.5202495534827,"H0-2":31.3768306908801,"H3-5":46.1478513068647,"H6-10":82.1305846696402,"H11-17":99.0088272735494,"H18-24":57.3618070010887,"H25-39":150.341367402068,"H40-54":221.397524974958,"H55-64":135.587727480179,"H65-79":134.202939515888,"H80+":17.1428534859317},"Analyse":{"Votes décisifs":322,"tour décisif":1,"majeurs":1472.4371247344309,"Non votants de 18-24":62.58414962078358}}