{"id":8273,"slug":"77-453-sivry-courtry","nom_standard":"Sivry-Courtry","code_postal":"77","code_departement":"77","libelle_departement":"Seine-et-Marne","code_commune":"453","Tour 1":{"Inscrits":861,"Abstentions":366,"% Abs/Ins":42.51,"Votants":495,"% Vot/Ins":57.49,"Blancs":6,"% Blancs/Ins":0.7,"% Blancs/Vot":1.21,"Nuls":4,"% Nuls/Ins":0.46,"% Nuls/Vot":0.81,"Exprimés":485,"% Exp/Ins":56.33,"% Exp/Vot":97.98,"resultats":[{"N.Pan.":null,"Code Nuance":"LNC","Sexe":"F","Nom":"HELLIAS","Prénom":"Aline","Liste":"VIVRE BIEN ENSEMBLE","Sièges / Elu":"12","Sièges Secteur":0,"Sièges CC":1,"Voix":256,"% Voix/Ins":29.73,"% Voix/Exp":52.78},{"N.Pan.":2,"Code Nuance":"LNC","Sexe":"M","Nom":"LAPORTE","Prénom":"Thomas","Liste":"PRESERVONS NOTRE VILLAGE","Sièges / Elu":"3","Sièges Secteur":0,"Sièges CC":0,"Voix":229,"% Voix/Ins":26.6,"% Voix/Exp":47.22}]},"population":{"F0-2":18.5094814240052,"F3-5":10.6111537109421,"F6-10":38.3124942415875,"F11-17":52.6125529056457,"F18-24":40.5685113306057,"F25-39":92.9482185505493,"F40-54":123.673477646042,"F55-64":90.7227782434477,"F65-79":79.8822306638023,"F80+":15.1955234540301,"H0-2":17.540893824396,"H3-5":23.1642716012668,"H6-10":49.1177925717199,"H11-17":64.0363860303897,"H18-24":46.8558450106298,"H25-39":76.0869554205404,"H40-54":132.111232285092,"H55-64":78.1780142075453,"H65-79":70.660029877765,"H80+":15.212156999998},"Analyse":{"Votes décisifs":28,"tour décisif":1,"majeurs":862.0949736900476,"Non votants de 18-24":37.22680536413118}}