{"id":8278,"slug":"77-463-thomery","nom_standard":"Thomery","code_postal":"77","code_departement":"77","libelle_departement":"Seine-et-Marne","code_commune":"463","Tour 1":{"Inscrits":2811,"Abstentions":1424,"% Abs/Ins":50.66,"Votants":1387,"% Vot/Ins":49.34,"Blancs":6,"% Blancs/Ins":0.21,"% Blancs/Vot":0.43,"Nuls":8,"% Nuls/Ins":0.28,"% Nuls/Vot":0.58,"Exprimés":1373,"% Exp/Ins":48.84,"% Exp/Vot":98.99,"resultats":[{"N.Pan.":null,"Code Nuance":"LNC","Sexe":"M","Nom":"COMBE","Prénom":"Xavier","Liste":"NOTRE PARTI C'EST THOMERY","Sièges / Elu":"1","Sièges Secteur":0,"Sièges CC":0,"Voix":127,"% Voix/Ins":4.52,"% Voix/Exp":9.25},{"N.Pan.":2,"Code Nuance":"LNC","Sexe":"F","Nom":"DE LA FUENTE","Prénom":"Rose","Liste":"THOMERY ENSEMBLE","Sièges / Elu":"1","Sièges Secteur":0,"Sièges CC":0,"Voix":157,"% Voix/Ins":5.59,"% Voix/Exp":11.43},{"N.Pan.":3,"Code Nuance":"LNC","Sexe":"M","Nom":"MICHEL","Prénom":"Bruno","Liste":"THOMERY POURSUIVRE ENSEMBLE AGIR POUR TOUS","Sièges / Elu":19,"Sièges CC":4,"Voix":815,"% Voix/Ins":28.99,"% Voix/Exp":59.36},{"N.Pan.":4,"Code Nuance":"LNC","Sexe":"M","Nom":"HELUIN","Prénom":"Michel Rene","Liste":"THOMERY, UNE HISTOIRE D'AVENIR","Sièges / Elu":2,"Sièges CC":0,"Voix":274,"% Voix/Ins":9.75,"% Voix/Exp":19.96}]},"population":{"F0-2":48.8589751559291,"F3-5":66.6883493462383,"F6-10":110.393275233275,"F11-17":174.194475521881,"F18-24":96.7662331855466,"F25-39":243.675619218037,"F40-54":413.484156862031,"F55-64":237.80483508219,"F65-79":282.288262786254,"F80+":105.682280880549,"H0-2":37.8693428817489,"H3-5":54.7074413457245,"H6-10":111.427611685479,"H11-17":167.135501515163,"H18-24":96.7532206719164,"H25-39":225.872621858643,"H40-54":395.460863060305,"H55-64":212.558049207301,"H65-79":241.93405682429,"H80+":95.4448276774985},"Analyse":{"Votes décisifs":258,"tour décisif":1,"majeurs":2647.7250273145614,"Non votants de 18-24":92.14507406677308}}