{"id":8831,"slug":"83-101-ramatuelle","nom_standard":"Ramatuelle","code_postal":"83","code_departement":"83","libelle_departement":"Var","code_commune":"101","Tour 1":{"Inscrits":1808,"Abstentions":833,"% Abs/Ins":46.07,"Votants":975,"% Vot/Ins":53.93,"Blancs":14,"% Blancs/Ins":0.77,"% Blancs/Vot":1.44,"Nuls":8,"% Nuls/Ins":0.44,"% Nuls/Vot":0.82,"Exprimés":953,"% Exp/Ins":52.71,"% Exp/Vot":97.74,"resultats":[{"N.Pan.":null,"Code Nuance":"LNC","Sexe":"M","Nom":"BRUNO","Prénom":"Roland","Liste":"UNION POUR RAMATUELLE","Sièges / Elu":"17","Sièges Secteur":0,"Sièges CC":2,"Voix":749,"% Voix/Ins":41.43,"% Voix/Exp":78.59},{"N.Pan.":2,"Code Nuance":"LNC","Sexe":"M","Nom":"GOETHALS","Prénom":"Bruno","Liste":"Ramatuelle : vivre ensemble !","Sièges / Elu":"2","Sièges Secteur":0,"Sièges CC":0,"Voix":204,"% Voix/Ins":11.28,"% Voix/Exp":21.41}]},"population":{"F0-2":23.8045878333988,"F3-5":24.8950958819418,"F6-10":58.4147976241174,"F11-17":59.4904167709799,"F18-24":30.9125917410676,"F25-39":141.553718856361,"F40-54":206.218937130737,"F55-64":175.710584541179,"F65-79":251.084982409095,"F80+":95.826004318865,"H0-2":17.3088129165417,"H3-5":28.1342867775872,"H6-10":44.4022554402317,"H11-17":68.1323816692209,"H18-24":44.5485331687818,"H25-39":114.485238921031,"H40-54":224.154924613395,"H55-64":144.485751559693,"H65-79":226.312427545182,"H80+":57.1236702805935},"Analyse":{"Votes décisifs":546,"tour décisif":1,"majeurs":1712.4173650859811,"Non votants de 18-24":32.49578346494473}}