{"id":8768,"slug":"83-19-bormes-les-mimosas","nom_standard":"Bormes-les-Mimosas","code_postal":"83","code_departement":"83","libelle_departement":"Var","code_commune":"19","Tour 1":{"Inscrits":6892,"Abstentions":3725,"% Abs/Ins":54.05,"Votants":3167,"% Vot/Ins":45.95,"Blancs":52,"% Blancs/Ins":0.75,"% Blancs/Vot":1.64,"Nuls":40,"% Nuls/Ins":0.58,"% Nuls/Vot":1.26,"Exprimés":3075,"% Exp/Ins":44.62,"% Exp/Vot":97.1,"resultats":[{"N.Pan.":null,"Code Nuance":"LDVD","Sexe":"M","Nom":"ARIZZI","Prénom":"François","Liste":"ENSEMBLE POUR BORMES","Sièges / Elu":"27","Sièges Secteur":0,"Sièges CC":4,"Voix":2497,"% Voix/Ins":36.23,"% Voix/Exp":81.2},{"N.Pan.":2,"Code Nuance":"LDIV","Sexe":"M","Nom":"CAREL","Prénom":"Olivier","Liste":"VIVONS BORMES","Sièges / Elu":"2","Sièges Secteur":0,"Sièges CC":0,"Voix":578,"% Voix/Ins":8.39,"% Voix/Exp":18.8}]},"population":{"F0-2":69.1713267103806,"F3-5":87.3135513532937,"F6-10":142.448557087281,"F11-17":251.435681325491,"F18-24":177.066241843965,"F25-39":495.486120285758,"F40-54":782.33020432705,"F55-64":625.127173833064,"F65-79":1086.81222379243,"F80+":465.329764836677,"H0-2":77.1483231643832,"H3-5":86.0124838803287,"H6-10":158.484798262633,"H11-17":251.975680348154,"H18-24":206.251874262877,"H25-39":502.647918446344,"H40-54":752.29976129231,"H55-64":594.346217020308,"H65-79":1012.75175195288,"H80+":337.560345974389},"Analyse":{"Votes décisifs":1920,"tour décisif":1,"majeurs":7038.009597868053,"Non votants de 18-24":210.83064549041902}}