{"id":8766,"slug":"83-17-belgentier","nom_standard":"Belgentier","code_postal":"83","code_departement":"83","libelle_departement":"Var","code_commune":"17","Tour 1":{"Inscrits":1823,"Abstentions":1233,"% Abs/Ins":67.64,"Votants":590,"% Vot/Ins":32.36,"Blancs":22,"% Blancs/Ins":1.21,"% Blancs/Vot":3.73,"Nuls":23,"% Nuls/Ins":1.26,"% Nuls/Vot":3.9,"Exprimés":545,"% Exp/Ins":29.9,"% Exp/Vot":92.37,"resultats":[{"N.Pan.":null,"Code Nuance":"LNC","Sexe":"M","Nom":"AYCARD","Prénom":"Bruno","Liste":"Liste Républicaine d'intérêt Local","Sièges / Elu":"19","Sièges Secteur":0,"Sièges CC":3,"Voix":545,"% Voix/Ins":29.9,"% Voix/Exp":100}]},"population":{"F0-2":36.5009353834691,"F3-5":29.0463288198405,"F6-10":65.5127295954204,"F11-17":101.472445649869,"F18-24":54.8594662911216,"F25-39":201.661976776776,"F40-54":275.631515523082,"F55-64":174.275644352244,"F65-79":211.24850064044,"F80+":46.3037210407016,"H0-2":27.9829036600652,"H3-5":31.9484525196146,"H6-10":75.8419897186829,"H11-17":129.213073666857,"H18-24":97.1934086334799,"H25-39":161.244486190674,"H40-54":244.192586097114,"H55-64":181.9584849385,"H65-79":234.611897034081,"H80+":30.2994534679677},"Analyse":{"Votes décisifs":546,"tour décisif":1,"majeurs":1913.4811409861816,"Non votants de 18-24":105.16911198389178}}