{"id":8860,"slug":"83-135-tavernes","nom_standard":"Tavernes","code_postal":"83","code_departement":"83","libelle_departement":"Var","code_commune":"135","Tour 1":{"Inscrits":1092,"Abstentions":343,"% Abs/Ins":31.41,"Votants":749,"% Vot/Ins":68.59,"Blancs":13,"% Blancs/Ins":1.19,"% Blancs/Vot":1.74,"Nuls":11,"% Nuls/Ins":1.01,"% Nuls/Vot":1.47,"Exprimés":725,"% Exp/Ins":66.39,"% Exp/Vot":96.8,"resultats":[{"N.Pan.":null,"Code Nuance":"LNC","Sexe":"M","Nom":"VAUZELLE","Prénom":"Didier","Liste":"L'UNION TAVERNAISE","Sièges / Elu":"12","Sièges Secteur":0,"Sièges CC":2,"Voix":396,"% Voix/Ins":36.26,"% Voix/Exp":54.62},{"N.Pan.":2,"Code Nuance":"LNC","Sexe":"F","Nom":"CHARRIER","Prénom":"Annie","Liste":"Tavernes : une identité, un territoire, un devenir","Sièges / Elu":"3","Sièges Secteur":0,"Sièges CC":0,"Voix":329,"% Voix/Ins":30.13,"% Voix/Exp":45.38}]},"population":{"F0-2":22.1529359154444,"F3-5":23.1662423083117,"F6-10":29.1166797927672,"F11-17":52.3084806788275,"F18-24":24.3270582741481,"F25-39":102.998052435707,"F40-54":126.656125079418,"F55-64":126.419359229547,"F65-79":153.103380880159,"F80+":51.1481316282669,"H0-2":20.1132569279608,"H3-5":23.0918431224605,"H6-10":44.1581428282693,"H11-17":68.3835900452713,"H18-24":25.2595410190228,"H25-39":101.06214433762,"H40-54":120.452123716194,"H55-64":94.7572576669449,"H65-79":183.684235317429,"H80+":32.6414187962302},"Analyse":{"Votes décisifs":68,"tour décisif":1,"majeurs":1142.508828380687,"Non votants de 18-24":17.078874234078636}}