{"id":8781,"slug":"83-35-le-castellet","nom_standard":"Le Castellet","code_postal":"83","code_departement":"83","libelle_departement":"Var","code_commune":"35","Tour 1":{"Inscrits":4062,"Abstentions":2100,"% Abs/Ins":51.7,"Votants":1962,"% Vot/Ins":48.3,"Blancs":23,"% Blancs/Ins":0.57,"% Blancs/Vot":1.17,"Nuls":33,"% Nuls/Ins":0.81,"% Nuls/Vot":1.68,"Exprimés":1906,"% Exp/Ins":46.92,"% Exp/Vot":97.15,"resultats":[{"N.Pan.":null,"Code Nuance":"LDIV","Sexe":"M","Nom":"CARAMELLO","Prénom":"Frank","Liste":"CASTELLANS UNE HISTOIRE UN PROJET","Sièges / Elu":"2","Sièges Secteur":0,"Sièges CC":0,"Voix":301,"% Voix/Ins":7.41,"% Voix/Exp":15.79},{"N.Pan.":2,"Code Nuance":"LDVD","Sexe":"F","Nom":"LONG","Prénom":"Sophie","Liste":"LE CASTELLET, TERROIR D'AVENIR !","Sièges / Elu":"3","Sièges Secteur":0,"Sièges CC":1,"Voix":495,"% Voix/Ins":12.19,"% Voix/Exp":25.97},{"N.Pan.":3,"Code Nuance":"LDIV","Sexe":"M","Nom":"FABRE","Prénom":"Christian","Liste":"CHOISISSONS NOTRE AVENIR","Sièges / Elu":1,"Sièges CC":0,"Voix":150,"% Voix/Ins":3.69,"% Voix/Exp":7.87},{"N.Pan.":4,"Code Nuance":"LDVD","Sexe":"M","Nom":"CASTELL","Prénom":"René","Liste":"ENSEMBLE POUR LE CASTELLET","Sièges / Elu":21,"Sièges CC":2,"Voix":960,"% Voix/Ins":23.63,"% Voix/Exp":50.37}]},"population":{"F0-2":62.6598360421183,"F3-5":72.1414497919093,"F6-10":139.633634612721,"F11-17":174.709915061119,"F18-24":113.941095120974,"F25-39":391.100907284713,"F40-54":501.510903297124,"F55-64":339.763404316605,"F65-79":413.605934705297,"F80+":128.231191600544,"H0-2":67.2006893768667,"H3-5":74.4525943517762,"H6-10":122.868532749513,"H11-17":174.438795641395,"H18-24":129.805083107634,"H25-39":354.939108050709,"H40-54":486.975582365745,"H55-64":321.17161987147,"H65-79":400.835199136002,"H80+":108.014523515764},"Analyse":{"Votes décisifs":15,"tour décisif":1,"majeurs":3689.8945523725806,"Non votants de 18-24":114.14084807709195}}