{"id":8815,"slug":"83-82-montferrat","nom_standard":"Montferrat","code_postal":"83","code_departement":"83","libelle_departement":"Var","code_commune":"82","Tour 1":{"Inscrits":488,"Abstentions":90,"% Abs/Ins":18.44,"Votants":398,"% Vot/Ins":81.56,"Blancs":6,"% Blancs/Ins":1.23,"% Blancs/Vot":1.51,"Nuls":5,"% Nuls/Ins":1.02,"% Nuls/Vot":1.26,"Exprimés":387,"% Exp/Ins":79.3,"% Exp/Vot":97.24,"resultats":[{"N.Pan.":null,"Code Nuance":"LNC","Sexe":"M","Nom":"FENECH","Prénom":"Robert","Liste":"POUR L'AVENIR... ENGAGEONS-NOUS !","Sièges / Elu":"3","Sièges Secteur":0,"Sièges CC":0,"Voix":125,"% Voix/Ins":25.61,"% Voix/Exp":32.3},{"N.Pan.":2,"Code Nuance":"LNC","Sexe":"M","Nom":"GRAS","Prénom":"Raymond","Liste":"TOUS UNIS POUR MONTFERRAT","Sièges / Elu":"16","Sièges Secteur":0,"Sièges CC":1,"Voix":262,"% Voix/Ins":53.69,"% Voix/Exp":67.7}]},"population":{"F0-2":9.72993960493672,"F3-5":18.6235163470379,"F6-10":31.9019059484671,"F11-17":52.5538267566295,"F18-24":98.7278989473809,"F25-39":119.495914362546,"F40-54":56.5024484044549,"F55-64":45.4498565762099,"F65-79":42.3131556657473,"F80+":15.9355146451167,"H0-2":23.9558620643553,"H3-5":14.5391363373233,"H6-10":32.5810522304034,"H11-17":38.2537847867077,"H18-24":430.732079145147,"H25-39":350.279208861224,"H40-54":120.937742206772,"H55-64":37.1759530241183,"H65-79":41.643157468321,"H80+":9.66804661710123},"Analyse":{"Votes décisifs":138,"tour décisif":1,"majeurs":1368.8609759241394,"Non votants de 18-24":375.51806946403303}}