{"id":8303,"slug":"77-533-vulaines-sur-seine","nom_standard":"Vulaines-sur-Seine","code_postal":"77","code_departement":"77","libelle_departement":"Seine-et-Marne","code_commune":"533","Tour 1":{"Inscrits":2077,"Abstentions":926,"% Abs/Ins":44.58,"Votants":1151,"% Vot/Ins":55.42,"Blancs":19,"% Blancs/Ins":0.91,"% Blancs/Vot":1.65,"Nuls":6,"% Nuls/Ins":0.29,"% Nuls/Vot":0.52,"Exprimés":1126,"% Exp/Ins":54.21,"% Exp/Vot":97.83,"resultats":[{"N.Pan.":null,"Code Nuance":"LNC","Sexe":"M","Nom":"CHADAILLAT","Prénom":"Patrick","Liste":"Vulaines, notre village avec Patrick Chadaillat","Sièges / Elu":"19","Sièges Secteur":0,"Sièges CC":2,"Voix":667,"% Voix/Ins":32.11,"% Voix/Exp":59.24},{"N.Pan.":2,"Code Nuance":"LNC","Sexe":"M","Nom":"AYMES","Prénom":"Michaël","Liste":"VULAINES 2020","Sièges / Elu":"4","Sièges Secteur":0,"Sièges CC":0,"Voix":459,"% Voix/Ins":22.1,"% Voix/Exp":40.76}]},"population":{"F0-2":32.9941574404885,"F3-5":40.6228415045245,"F6-10":72.4722671551512,"F11-17":150.048767927767,"F18-24":79.7905115418522,"F25-39":166.621179913679,"F40-54":296.31418633044,"F55-64":185.656059807699,"F65-79":236.904711322922,"F80+":117.550182740263,"H0-2":40.127291229666,"H3-5":51.6757757975489,"H6-10":96.1678801944147,"H11-17":138.187213393152,"H18-24":98.1514940829875,"H25-39":173.747176094797,"H40-54":295.349697284204,"H55-64":184.852253626434,"H65-79":220.95859411501,"H80+":64.8077584969989},"Analyse":{"Votes décisifs":209,"tour décisif":1,"majeurs":2120.7038053572865,"Non votants de 18-24":81.36498814752873}}