{"id":8306,"slug":"78-7-aigremont","nom_standard":"Aigremont","code_postal":"78","code_departement":"78","libelle_departement":"Yvelines","code_commune":"7","Tour 1":{"Inscrits":930,"Abstentions":340,"% Abs/Ins":36.56,"Votants":590,"% Vot/Ins":63.44,"Blancs":1,"% Blancs/Ins":0.11,"% Blancs/Vot":0.17,"Nuls":6,"% Nuls/Ins":0.65,"% Nuls/Vot":1.02,"Exprimés":583,"% Exp/Ins":62.69,"% Exp/Vot":98.81,"resultats":[{"N.Pan.":null,"Code Nuance":"LNC","Sexe":"M","Nom":"BENOUDIZ","Prénom":"Samuel","Liste":"AIGREMONT AIME L'AVENIR","Sièges / Elu":"12","Sièges Secteur":0,"Sièges CC":1,"Voix":358,"% Voix/Ins":38.49,"% Voix/Exp":61.41},{"N.Pan.":2,"Code Nuance":"LNC","Sexe":"F","Nom":"PANAK","Prénom":"Hélène","Liste":"AIGREMONT 2030","Sièges / Elu":"3","Sièges Secteur":0,"Sièges CC":0,"Voix":225,"% Voix/Ins":24.19,"% Voix/Exp":38.59}]},"population":{"F0-2":12.3233095099235,"F3-5":17.473189737066,"F6-10":29.8682766501197,"F11-17":70.0611181837964,"F18-24":31.7289514725645,"F25-39":51.8600232053346,"F40-54":135.808072804171,"F55-64":79.8294716397995,"F65-79":82.1981487338855,"F80+":28.5159193528717,"H0-2":10.3067277584168,"H3-5":19.553310339855,"H6-10":35.1776060663572,"H11-17":75.5552217457168,"H18-24":47.7948210023921,"H25-39":45.2888147868924,"H40-54":132.687094404225,"H55-64":79.4354235617804,"H65-79":68.5171741387762,"H80+":31.0173249060561},"Analyse":{"Votes décisifs":134,"tour décisif":1,"majeurs":814.681240008749,"Non votants de 18-24":21.931890575576517}}