{"id":8307,"slug":"78-10-les-alluets-le-roi","nom_standard":"Les Alluets-le-Roi","code_postal":"78","code_departement":"78","libelle_departement":"Yvelines","code_commune":"10","Tour 1":{"Inscrits":977,"Abstentions":575,"% Abs/Ins":58.85,"Votants":402,"% Vot/Ins":41.15,"Blancs":14,"% Blancs/Ins":1.43,"% Blancs/Vot":3.48,"Nuls":26,"% Nuls/Ins":2.66,"% Nuls/Vot":6.47,"Exprimés":362,"% Exp/Ins":37.05,"% Exp/Vot":90.05,"resultats":[{"N.Pan.":null,"Code Nuance":"LNC","Sexe":"F","Nom":"HOULLIER","Prénom":"Véronique","Liste":"Générations les Alluets-le-Roi 2020","Sièges / Elu":"15","Sièges Secteur":0,"Sièges CC":1,"Voix":362,"% Voix/Ins":37.05,"% Voix/Exp":100}]},"population":{"F0-2":9.96790105937399,"F3-5":18.581576197575,"F6-10":39.1657057435104,"F11-17":51.5146908645251,"F18-24":38.4352920717651,"F25-39":76.3150169174626,"F40-54":146.312618515039,"F55-64":96.7737198525714,"F65-79":99.1975946207587,"F80+":26.6137328043535,"H0-2":18.7495122762426,"H3-5":8.71422141011046,"H6-10":45.7849116662003,"H11-17":69.3144716719334,"H18-24":40.3384741464075,"H25-39":68.5117317059869,"H40-54":155.395124915613,"H55-64":90.9372131049438,"H65-79":96.4400889488481,"H80+":17.9364015067796},"Analyse":{"Votes décisifs":363,"tour décisif":1,"majeurs":953.2070091105292,"Non votants de 18-24":45.55217456280382}}