{"id":8318,"slug":"78-87-bonnelles","nom_standard":"Bonnelles","code_postal":"78","code_departement":"78","libelle_departement":"Yvelines","code_commune":"87","Tour 1":{"Inscrits":1516,"Abstentions":965,"% Abs/Ins":63.65,"Votants":551,"% Vot/Ins":36.35,"Blancs":14,"% Blancs/Ins":0.92,"% Blancs/Vot":2.54,"Nuls":32,"% Nuls/Ins":2.11,"% Nuls/Vot":5.81,"Exprimés":505,"% Exp/Ins":33.31,"% Exp/Vot":91.65,"resultats":[{"N.Pan.":null,"Code Nuance":"LNC","Sexe":"M","Nom":"ROUHAUD","Prénom":"Jean-Christophe","Liste":"Bonnelles, un village à vivre","Sièges / Elu":"19","Sièges Secteur":0,"Sièges CC":1,"Voix":505,"% Voix/Ins":33.31,"% Voix/Exp":100}]},"population":{"F0-2":26.1881645199684,"F3-5":32.2249116029363,"F6-10":62.401406878697,"F11-17":96.6371663856243,"F18-24":59.4474366238028,"F25-39":161.267855332234,"F40-54":227.780602038328,"F55-64":142.341870420177,"F65-79":146.435917629561,"F80+":33.3476252500826,"H0-2":21.1365875660801,"H3-5":30.2025309979171,"H6-10":84.546310886974,"H11-17":110.738807450532,"H18-24":86.4742573280906,"H25-39":230.134962864663,"H40-54":221.67107071511,"H55-64":149.352126172112,"H65-79":146.415612856557,"H80+":26.2547764805529},"Analyse":{"Votes décisifs":506,"tour décisif":1,"majeurs":1630.924113711271,"Non votants de 18-24":96.62273964032126}}