{"id":8322,"slug":"78-107-breval","nom_standard":"Bréval","code_postal":"78","code_departement":"78","libelle_departement":"Yvelines","code_commune":"107","Tour 1":{"Inscrits":1376,"Abstentions":879,"% Abs/Ins":63.88,"Votants":497,"% Vot/Ins":36.12,"Blancs":12,"% Blancs/Ins":0.87,"% Blancs/Vot":2.41,"Nuls":36,"% Nuls/Ins":2.62,"% Nuls/Vot":7.24,"Exprimés":449,"% Exp/Ins":32.63,"% Exp/Vot":90.34,"resultats":[{"N.Pan.":null,"Code Nuance":"LNC","Sexe":"M","Nom":"NAVELLO","Prénom":"Thierry","Liste":"ENSEMBLE POUR L'AVENIR DE BRÉVAL","Sièges / Elu":"19","Sièges Secteur":0,"Sièges CC":3,"Voix":449,"% Voix/Ins":32.63,"% Voix/Exp":100}]},"population":{"F0-2":17.4665836106796,"F3-5":18.3882630667138,"F6-10":55.3514113715872,"F11-17":112.009586681097,"F18-24":50.8357705562955,"F25-39":131.138690421496,"F40-54":219.981097706938,"F55-64":130.095253395236,"F65-79":161.273188506071,"F80+":81.4966650142992,"H0-2":24.764333764633,"H3-5":26.6647896006655,"H6-10":53.5106537936723,"H11-17":96.2396711839085,"H18-24":70.9228445429306,"H25-39":130.22611941304,"H40-54":205.306111274081,"H55-64":141.96814934473,"H65-79":130.881853896311,"H80+":42.4789628556145},"Analyse":{"Votes décisifs":450,"tour décisif":1,"majeurs":1496.6047069270428,"Non votants de 18-24":81.3244032968538}}