{"id":8323,"slug":"78-108-les-breviaires","nom_standard":"Les Bréviaires","code_postal":"78","code_departement":"78","libelle_departement":"Yvelines","code_commune":"108","Tour 1":{"Inscrits":868,"Abstentions":551,"% Abs/Ins":63.48,"Votants":317,"% Vot/Ins":36.52,"Blancs":6,"% Blancs/Ins":0.69,"% Blancs/Vot":1.89,"Nuls":17,"% Nuls/Ins":1.96,"% Nuls/Vot":5.36,"Exprimés":294,"% Exp/Ins":33.87,"% Exp/Vot":92.74,"resultats":[{"N.Pan.":null,"Code Nuance":"LNC","Sexe":"M","Nom":"FORMENTY","Prénom":"Jacques","Liste":"AGIR ENSEMBLE","Sièges / Elu":"15","Sièges Secteur":0,"Sièges CC":1,"Voix":294,"% Voix/Ins":33.87,"% Voix/Exp":100}]},"population":{"F0-2":14.0557363117742,"F3-5":20.1100120391238,"F6-10":49.3881812124104,"F11-17":72.3758287096445,"F18-24":31.1345294563675,"F25-39":82.1815408573247,"F40-54":160.289880062368,"F55-64":100.466053020994,"F65-79":76.5592883009275,"F80+":22.8453386003439,"H0-2":15.1245939441329,"H3-5":16.1180358999135,"H6-10":33.1895799159274,"H11-17":78.4767173529517,"H18-24":47.1142101898437,"H25-39":78.8791709280873,"H40-54":187.973071404738,"H55-64":105.40717418832,"H65-79":98.4219537658602,"H80+":14.8891038389464},"Analyse":{"Votes décisifs":295,"tour décisif":1,"majeurs":1006.1613146141212,"Non votants de 18-24":53.595783795526366}}