{"id":8354,"slug":"78-239-follainville-dennemont","nom_standard":"Follainville-Dennemont","code_postal":"78","code_departement":"78","libelle_departement":"Yvelines","code_commune":"239","Tour 1":{"Inscrits":1343,"Abstentions":785,"% Abs/Ins":58.45,"Votants":558,"% Vot/Ins":41.55,"Blancs":11,"% Blancs/Ins":0.82,"% Blancs/Vot":1.97,"Nuls":31,"% Nuls/Ins":2.31,"% Nuls/Vot":5.56,"Exprimés":516,"% Exp/Ins":38.42,"% Exp/Vot":92.47,"resultats":[{"N.Pan.":null,"Code Nuance":"LNC","Sexe":"M","Nom":"LAVANCIER","Prénom":"Sébastien","Liste":"ENSEMBLE PARTAGEONS L'AVENIR DE FOLLAINVILLE DENNEMONT","Sièges / Elu":"19","Sièges Secteur":0,"Sièges CC":1,"Voix":516,"% Voix/Ins":38.42,"% Voix/Exp":100}]},"population":{"F0-2":46.2741279475837,"F3-5":38.0795280329616,"F6-10":68.0035893880788,"F11-17":93.200249550864,"F18-24":75.9867068558754,"F25-39":204.369839860155,"F40-54":229.969387290158,"F55-64":113.491434497186,"F65-79":140.536519471358,"F80+":63.8555564793121,"H0-2":49.1893330988731,"H3-5":52.1745521966384,"H6-10":74.0116125474184,"H11-17":98.1159546829409,"H18-24":83.7769223829834,"H25-39":227.187522471578,"H40-54":217.315754888273,"H55-64":130.669033972867,"H65-79":125.00716935326,"H80+":35.7852050316348},"Analyse":{"Votes décisifs":517,"tour décisif":1,"majeurs":1647.9510525546407,"Non votants de 18-24":105.6672985395419}}