{"id":8366,"slug":"78-310-houdan","nom_standard":"Houdan","code_postal":"78","code_departement":"78","libelle_departement":"Yvelines","code_commune":"310","Tour 1":{"Inscrits":2357,"Abstentions":1595,"% Abs/Ins":67.67,"Votants":762,"% Vot/Ins":32.33,"Blancs":45,"% Blancs/Ins":1.91,"% Blancs/Vot":5.91,"Nuls":69,"% Nuls/Ins":2.93,"% Nuls/Vot":9.06,"Exprimés":648,"% Exp/Ins":27.49,"% Exp/Vot":85.04,"resultats":[{"N.Pan.":null,"Code Nuance":"LDVD","Sexe":"M","Nom":"TÉTART","Prénom":"Jean-Marie","Liste":"ENSEMBLE POUR HOUDAN ET LE PAYS HOUDANAIS","Sièges / Elu":"27","Sièges Secteur":0,"Sièges CC":7,"Voix":648,"% Voix/Ins":27.49,"% Voix/Exp":100}]},"population":{"F0-2":56.0572609585321,"F3-5":74.861311784741,"F6-10":110.815898899198,"F11-17":162.003177838391,"F18-24":146.639510083267,"F25-39":362.7167084894,"F40-54":390.922510211871,"F55-64":222.263760083518,"F65-79":323.349682785802,"F80+":220.763268232593,"H0-2":50.9917073691195,"H3-5":47.9892299893007,"H6-10":112.759700477885,"H11-17":147.914805390423,"H18-24":120.636835586417,"H25-39":314.823049973848,"H40-54":364.53352453115,"H55-64":176.560629288621,"H65-79":186.691109785972,"H80+":96.7063182399513},"Analyse":{"Votes décisifs":649,"tour décisif":1,"majeurs":2926.6069072924097,"Non votants de 18-24":197.6856620377909}}