{"id":8371,"slug":"78-327-juziers","nom_standard":"Juziers","code_postal":"78","code_departement":"78","libelle_departement":"Yvelines","code_commune":"327","Tour 1":{"Inscrits":2809,"Abstentions":1437,"% Abs/Ins":51.16,"Votants":1372,"% Vot/Ins":48.84,"Blancs":18,"% Blancs/Ins":0.64,"% Blancs/Vot":1.31,"Nuls":10,"% Nuls/Ins":0.36,"% Nuls/Vot":0.73,"Exprimés":1344,"% Exp/Ins":47.85,"% Exp/Vot":97.96,"resultats":[{"N.Pan.":null,"Code Nuance":"LDIV","Sexe":"M","Nom":"GUILLAUME","Prénom":"Cédric","Liste":"NOUS SOMMES JUZIERS !","Sièges / Elu":"22","Sièges Secteur":0,"Sièges CC":1,"Voix":788,"% Voix/Ins":28.05,"% Voix/Exp":58.63},{"N.Pan.":2,"Code Nuance":"LDIV","Sexe":"M","Nom":"HACK","Prénom":"Thierry Olivier","Liste":"JUZIERS PARTAGEONS DEMAIN","Sièges / Elu":"5","Sièges Secteur":0,"Sièges CC":0,"Voix":556,"% Voix/Ins":19.79,"% Voix/Exp":41.37}]},"population":{"F0-2":73.0772442670653,"F3-5":62.4271585305391,"F6-10":128.665344404833,"F11-17":173.065238503787,"F18-24":144.846715850744,"F25-39":375.318179683927,"F40-54":394.622532241567,"F55-64":260.130152479879,"F65-79":258.960399142304,"F80+":106.700216452975,"H0-2":80.0137557839124,"H3-5":89.4181497463904,"H6-10":127.748411584289,"H11-17":185.516042457275,"H18-24":147.687649839911,"H25-39":375.907905501218,"H40-54":387.846642542457,"H55-64":255.056618388256,"H65-79":224.428518622695,"H80+":60.5631239759742},"Analyse":{"Votes décisifs":233,"tour décisif":1,"majeurs":2992.068654721907,"Non votants de 18-24":158.3940112926433}}