{"id":8372,"slug":"78-334-levis-saint-nom","nom_standard":"Lévis-Saint-Nom","code_postal":"78","code_departement":"78","libelle_departement":"Yvelines","code_commune":"334","Tour 1":{"Inscrits":1358,"Abstentions":956,"% Abs/Ins":70.4,"Votants":402,"% Vot/Ins":29.6,"Blancs":14,"% Blancs/Ins":1.03,"% Blancs/Vot":3.48,"Nuls":17,"% Nuls/Ins":1.25,"% Nuls/Vot":4.23,"Exprimés":371,"% Exp/Ins":27.32,"% Exp/Vot":92.29,"resultats":[{"N.Pan.":null,"Code Nuance":"LNC","Sexe":"F","Nom":"GRIGNON","Prénom":"Anne","Liste":"Bien vivre à Lévis Saint Nom","Sièges / Elu":"19","Sièges Secteur":0,"Sièges CC":2,"Voix":371,"% Voix/Ins":27.32,"% Voix/Exp":100}]},"population":{"F0-2":28.0843247357199,"F3-5":27.874326893612,"F6-10":47.9536204358331,"F11-17":68.4323699335729,"F18-24":38.797582531792,"F25-39":106.9618259791,"F40-54":176.690161414042,"F55-64":109.257174793679,"F65-79":157.013161399943,"F80+":34.6022406072605,"H0-2":19.639111652119,"H3-5":24.7661193276693,"H6-10":58.6356167616264,"H11-17":72.7008885446626,"H18-24":47.5760132576472,"H25-39":92.5528614891992,"H40-54":192.005357819899,"H55-64":110.087266667218,"H65-79":158.048131945531,"H80+":32.3218438098745},"Analyse":{"Votes décisifs":372,"tour décisif":1,"majeurs":1255.9136217151854,"Non votants de 18-24":58.726642283245916}}