{"id":8385,"slug":"78-372-marly-le-roi","nom_standard":"Marly-le-Roi","code_postal":"78","code_departement":"78","libelle_departement":"Yvelines","code_commune":"372","Tour 1":{"Inscrits":12231,"Abstentions":6763,"% Abs/Ins":55.29,"Votants":5468,"% Vot/Ins":44.71,"Blancs":34,"% Blancs/Ins":0.28,"% Blancs/Vot":0.62,"Nuls":57,"% Nuls/Ins":0.47,"% Nuls/Vot":1.04,"Exprimés":5377,"% Exp/Ins":43.96,"% Exp/Vot":98.34,"resultats":[{"N.Pan.":null,"Code Nuance":"LDVD","Sexe":"M","Nom":"PERROT","Prénom":"Jean-Yves","Liste":"CHOISIR MARLY ENSEMBLE","Sièges / Elu":"26","Sièges Secteur":0,"Sièges CC":4,"Voix":2818,"% Voix/Ins":23.04,"% Voix/Exp":52.41},{"N.Pan.":2,"Code Nuance":"LUG","Sexe":"M","Nom":"RUELLAN","Prénom":"Tanguy","Liste":"ENSEMBLE POUR MARLY LE ROI","Sièges / Elu":"2","Sièges Secteur":0,"Sièges CC":0,"Voix":872,"% Voix/Ins":7.13,"% Voix/Exp":16.22},{"N.Pan.":3,"Code Nuance":"LDVC","Sexe":"F","Nom":"ARNAUDO","Prénom":"Noella","Liste":"Oxygène, du souffle pour Marly","Sièges / Elu":5,"Sièges CC":1,"Voix":1687,"% Voix/Ins":13.79,"% Voix/Exp":31.37}]},"population":{"F0-2":247.732409811642,"F3-5":266.934747691888,"F6-10":525.580504186496,"F11-17":840.63241314231,"F18-24":470.998010868163,"F25-39":1379.05118691969,"F40-54":1981.2305350976,"F55-64":1120.07769451379,"F65-79":1300.15046866016,"F80+":709.697061524212,"H0-2":230.755389474535,"H3-5":293.777021282291,"H6-10":545.728535898654,"H11-17":814.269270506333,"H18-24":522.667481291467,"H25-39":1200.79664800603,"H40-54":1677.22046420939,"H55-64":968.467614034202,"H65-79":925.726609639764,"H80+":330.505933241391},"Analyse":{"Votes décisifs":260,"tour décisif":1,"majeurs":12586.589708005858,"Non votants de 18-24":561.9867740019309}}