{"id":8954,"slug":"84-142-velleron","nom_standard":"Velleron","code_postal":"84","code_departement":"84","libelle_departement":"Vaucluse","code_commune":"142","Tour 1":{"Inscrits":2746,"Abstentions":1062,"% Abs/Ins":38.67,"Votants":1684,"% Vot/Ins":61.33,"Blancs":5,"% Blancs/Ins":0.18,"% Blancs/Vot":0.3,"Nuls":19,"% Nuls/Ins":0.69,"% Nuls/Vot":1.13,"Exprimés":1660,"% Exp/Ins":60.45,"% Exp/Vot":98.57,"resultats":[{"N.Pan.":null,"Code Nuance":"LNC","Sexe":"F","Nom":"BRUN","Prénom":"Danielle","Liste":"UNISSONS VELLERON","Sièges / Elu":"0","Sièges Secteur":0,"Sièges CC":0,"Voix":118,"% Voix/Ins":4.3,"% Voix/Exp":7.11},{"N.Pan.":2,"Code Nuance":"LNC","Sexe":"M","Nom":"PONCE","Prénom":"Michel","Liste":"VELLERON POUR TOUS","Sièges / Elu":"2","Sièges Secteur":0,"Sièges CC":0,"Voix":263,"% Voix/Ins":9.58,"% Voix/Exp":15.84},{"N.Pan.":3,"Code Nuance":"LNC","Sexe":"M","Nom":"ARMENGOL","Prénom":"Philippe","Liste":"VELLERON ENSEMBLE","Sièges / Elu":19,"Sièges CC":2,"Voix":937,"% Voix/Ins":34.12,"% Voix/Exp":56.45},{"N.Pan.":4,"Code Nuance":"LNC","Sexe":"M","Nom":"VITALBO","Prénom":"Yannick","Liste":"VELLERON À VENIR","Sièges / Elu":2,"Sièges CC":0,"Voix":342,"% Voix/Ins":12.45,"% Voix/Exp":20.6}]},"population":{"F0-2":45.407331565417,"F3-5":36.3046433088098,"F6-10":89.5742684404028,"F11-17":132.533196970867,"F18-24":95.7754136029852,"F25-39":209.592297814539,"F40-54":337.596841847044,"F55-64":229.522051213887,"F65-79":302.205035029924,"F80+":84.6783915124408,"H0-2":54.5105103350819,"H3-5":40.3260518332626,"H6-10":65.2172806304172,"H11-17":141.947696541026,"H18-24":97.0386598363739,"H25-39":223.265868932432,"H40-54":279.391912466098,"H55-64":207.259804355785,"H65-79":286.310214304367,"H80+":71.5425294588397},"Analyse":{"Votes décisifs":215,"tour décisif":1,"majeurs":2424.179020374716,"Non votants de 18-24":58.872274198108926}}