{"id":8891,"slug":"84-29-camaret-sur-aigues","nom_standard":"Camaret-sur-Aigues","code_postal":"84","code_departement":"84","libelle_departement":"Vaucluse","code_commune":"29","Tour 1":{"Inscrits":3834,"Abstentions":2006,"% Abs/Ins":52.32,"Votants":1828,"% Vot/Ins":47.68,"Blancs":37,"% Blancs/Ins":0.97,"% Blancs/Vot":2.02,"Nuls":48,"% Nuls/Ins":1.25,"% Nuls/Vot":2.63,"Exprimés":1743,"% Exp/Ins":45.46,"% Exp/Vot":95.35,"resultats":[{"N.Pan.":null,"Code Nuance":"LDVG","Sexe":"F","Nom":"THIBAUD","Prénom":"Marlène","Liste":"ENSEMBLE POUR CAMARET","Sièges / Elu":"4","Sièges Secteur":0,"Sièges CC":1,"Voix":519,"% Voix/Ins":13.54,"% Voix/Exp":29.78},{"N.Pan.":2,"Code Nuance":"LEXD","Sexe":"M","Nom":"DE BEAUREGARD","Prénom":"Philippe","Liste":"CAMARET, NOTRE VILLAGE, NOTRE FIERTÉ !","Sièges / Elu":"23","Sièges Secteur":0,"Sièges CC":6,"Voix":1224,"% Voix/Ins":31.92,"% Voix/Exp":70.22}]},"population":{"F0-2":61.2266184388812,"F3-5":67.3046770990266,"F6-10":167.16525979221,"F11-17":235.551845752465,"F18-24":102.151797529234,"F25-39":376.602575572988,"F40-54":524.363290347918,"F55-64":340.913519495209,"F65-79":299.031674361579,"F80+":115.285390221213,"H0-2":83.2629171161766,"H3-5":77.1930525399418,"H6-10":170.225113779398,"H11-17":228.419814259096,"H18-24":136.955786639492,"H25-39":357.182660574325,"H40-54":501.409027306216,"H55-64":310.19962174261,"H65-79":304.148283499447,"H80+":85.4070739325727},"Analyse":{"Votes décisifs":706,"tour décisif":1,"majeurs":3453.650701222804,"Non votants de 18-24":112.54913872267237}}