{"id":84,"slug":"1-241-meillonnas","nom_standard":"Meillonnas","code_postal":"1","code_departement":"1","libelle_departement":"Ain","code_commune":"241","Tour 1":{"Inscrits":988,"Abstentions":387,"% Abs/Ins":39.17,"Votants":601,"% Vot/Ins":60.83,"Blancs":11,"% Blancs/Ins":1.11,"% Blancs/Vot":1.83,"Nuls":15,"% Nuls/Ins":1.52,"% Nuls/Vot":2.5,"Exprimés":575,"% Exp/Ins":58.2,"% Exp/Vot":95.67,"resultats":[{"N.Pan.":null,"Code Nuance":"LNC","Sexe":"M","Nom":"ARRAGON","Prénom":"Jean-Pierre","Liste":"AGIR AVEC VOUS POUR MEILLONNAS","Sièges / Elu":"13","Sièges Secteur":0,"Sièges CC":1,"Voix":369,"% Voix/Ins":37.35,"% Voix/Exp":64.17},{"N.Pan.":2,"Code Nuance":"LNC","Sexe":"M","Nom":"NEVEU","Prénom":"Jean-Paul","Liste":"MEILLONNAS TOUS ENSEMBLE","Sièges / Elu":"2","Sièges Secteur":0,"Sièges CC":0,"Voix":206,"% Voix/Ins":20.85,"% Voix/Exp":35.83}]},"population":{"F0-2":24.1510662849059,"F3-5":18.0151549059294,"F6-10":50.0531942488174,"F11-17":59.8820031488217,"F18-24":26.367223021053,"F25-39":112.157833537964,"F40-54":148.171569857907,"F55-64":101.729061064403,"F65-79":114.529226592246,"F80+":41.5041688569058,"H0-2":16.1380797771849,"H3-5":18.9884881357828,"H6-10":40.9969048514431,"H11-17":73.3038218777974,"H18-24":23.3498543806603,"H25-39":113.672748846782,"H40-54":160.50260583211,"H55-64":100.457606948557,"H65-79":112.311785932412,"H80+":22.7176018983168},"Analyse":{"Votes décisifs":164,"tour décisif":1,"majeurs":1077.471286769317,"Non votants de 18-24":21.98551379965984}}