{"id":8401,"slug":"78-442-neauphle-le-chateau","nom_standard":"Neauphle-le-Château","code_postal":"78","code_departement":"78","libelle_departement":"Yvelines","code_commune":"442","Tour 1":{"Inscrits":2241,"Abstentions":1295,"% Abs/Ins":57.79,"Votants":946,"% Vot/Ins":42.21,"Blancs":7,"% Blancs/Ins":0.31,"% Blancs/Vot":0.74,"Nuls":13,"% Nuls/Ins":0.58,"% Nuls/Vot":1.37,"Exprimés":926,"% Exp/Ins":41.32,"% Exp/Vot":97.89,"resultats":[{"N.Pan.":null,"Code Nuance":"LNC","Sexe":"F","Nom":"CORDONNIER","Prénom":"Agnès","Liste":"NEAUPHLE ET VOUS","Sièges / Elu":"4","Sièges Secteur":0,"Sièges CC":1,"Voix":359,"% Voix/Ins":16.02,"% Voix/Exp":38.77},{"N.Pan.":2,"Code Nuance":"LNC","Sexe":"F","Nom":"SANDJIVY","Prénom":"Elisabeth","Liste":"NEAUPHLE DURABLEMENT","Sièges / Elu":"19","Sièges Secteur":0,"Sièges CC":3,"Voix":567,"% Voix/Ins":25.3,"% Voix/Exp":61.23}]},"population":{"F0-2":75.6850261913421,"F3-5":70.9858008632966,"F6-10":105.13024492783,"F11-17":154.497312213887,"F18-24":111.88253175193,"F25-39":382.881218445518,"F40-54":348.122475617332,"F55-64":190.637729020428,"F65-79":213.145423494882,"F80+":68.0206803104463,"H0-2":54.7687030139585,"H3-5":56.5091110976291,"H6-10":127.481510306905,"H11-17":175.877302884734,"H18-24":127.793987490067,"H25-39":341.530341538226,"H40-54":335.43167576726,"H55-64":192.553960036147,"H65-79":191.049848254729,"H80+":60.0151167734541},"Analyse":{"Votes décisifs":209,"tour décisif":1,"majeurs":2563.0649885004195,"Non votants de 18-24":151.21446766694694}}