{"id":8404,"slug":"78-460-oinville-sur-montcient","nom_standard":"Oinville-sur-Montcient","code_postal":"78","code_departement":"78","libelle_departement":"Yvelines","code_commune":"460","Tour 1":{"Inscrits":899,"Abstentions":379,"% Abs/Ins":42.16,"Votants":520,"% Vot/Ins":57.84,"Blancs":0,"% Blancs/Ins":0,"% Blancs/Vot":0,"Nuls":10,"% Nuls/Ins":1.11,"% Nuls/Vot":1.92,"Exprimés":510,"% Exp/Ins":56.73,"% Exp/Vot":98.08,"resultats":[{"N.Pan.":null,"Code Nuance":"LNC","Sexe":"M","Nom":"SAQUET","Prénom":"David","Liste":"OINVILLE A VENIR","Sièges / Elu":"2","Sièges Secteur":0,"Sièges CC":0,"Voix":166,"% Voix/Ins":18.46,"% Voix/Exp":32.55},{"N.Pan.":2,"Code Nuance":"LNC","Sexe":"M","Nom":"JEANNE","Prénom":"Stéphane","Liste":"ENSEMBLE, BIEN VIVRE À OINVILLE","Sièges / Elu":"13","Sièges Secteur":0,"Sièges CC":1,"Voix":344,"% Voix/Ins":38.26,"% Voix/Exp":67.45}]},"population":{"F0-2":17.1719273168387,"F3-5":12.4589643216211,"F6-10":32.3618677075455,"F11-17":33.9709010744831,"F18-24":33.1966819314018,"F25-39":72.6792585839551,"F40-54":112.856696153534,"F55-64":98.9254822110141,"F65-79":95.7528764342187,"F80+":31.7620755777775,"H0-2":10.4633919825956,"H3-5":11.1864866885601,"H6-10":36.4204234103749,"H11-17":55.4052517909907,"H18-24":34.0269160593071,"H25-39":65.5360076118976,"H40-54":107.005173693365,"H55-64":101.978388942236,"H65-79":90.7165930815652,"H80+":24.1246354267172},"Analyse":{"Votes décisifs":179,"tour décisif":1,"majeurs":868.5607857069893,"Non votants de 18-24":26.97739815022797}}