{"id":8450,"slug":"79-12-ardin","nom_standard":"Ardin","code_postal":"79","code_departement":"79","libelle_departement":"Deux-Sèvres","code_commune":"12","Tour 1":{"Inscrits":959,"Abstentions":593,"% Abs/Ins":61.84,"Votants":366,"% Vot/Ins":38.16,"Blancs":5,"% Blancs/Ins":0.52,"% Blancs/Vot":1.37,"Nuls":16,"% Nuls/Ins":1.67,"% Nuls/Vot":4.37,"Exprimés":345,"% Exp/Ins":35.97,"% Exp/Vot":94.26,"resultats":[{"N.Pan.":null,"Code Nuance":"LNC","Sexe":"M","Nom":"RIMBEAU","Prénom":"Jean-Pierre","Liste":"BIEN VIVRE ENSEMBLE À ARDIN","Sièges / Elu":"15","Sièges Secteur":0,"Sièges CC":3,"Voix":345,"% Voix/Ins":35.97,"% Voix/Exp":100}]},"population":{"F0-2":12.9442146337893,"F3-5":28.7541902785504,"F6-10":46.4363511793414,"F11-17":57.4222863832099,"F18-24":29.1356977213449,"F25-39":98.0326710190526,"F40-54":125.424894271192,"F55-64":101.866122279316,"F65-79":86.7854102672292,"F80+":41.0679544645511,"H0-2":21.9170616770483,"H3-5":19.8938707393124,"H6-10":32.7765310205477,"H11-17":63.4667078169772,"H18-24":23.0505653619462,"H25-39":109.514759271503,"H40-54":134.580526724223,"H55-64":96.7237418789032,"H65-79":77.41402414219,"H80+":37.7924188697727},"Analyse":{"Votes décisifs":346,"tour décisif":1,"majeurs":961.3887862712239,"Non votants de 18-24":32.31899131848807}}