{"id":8473,"slug":"79-96-combrand","nom_standard":"Combrand","code_postal":"79","code_departement":"79","libelle_departement":"Deux-Sèvres","code_commune":"96","Tour 1":{"Inscrits":921,"Abstentions":554,"% Abs/Ins":60.15,"Votants":367,"% Vot/Ins":39.85,"Blancs":23,"% Blancs/Ins":2.5,"% Blancs/Vot":6.27,"Nuls":46,"% Nuls/Ins":4.99,"% Nuls/Vot":12.53,"Exprimés":298,"% Exp/Ins":32.36,"% Exp/Vot":81.2,"resultats":[{"N.Pan.":null,"Code Nuance":"LNC","Sexe":"F","Nom":"REVEAU","Prénom":"Anne-Marie","Liste":"VIVRE ENSEMBLE A COMBRAND","Sièges / Elu":"15","Sièges Secteur":0,"Sièges CC":1,"Voix":298,"% Voix/Ins":32.36,"% Voix/Exp":100}]},"population":{"F0-2":24.4449852540677,"F3-5":18.2154247945619,"F6-10":26.1575921396178,"F11-17":53.3188844179593,"F18-24":33.9384071021191,"F25-39":85.9573055136357,"F40-54":131.548977686127,"F55-64":78.87720060197,"F65-79":74.6794733482032,"F80+":37.2471867953265,"H0-2":14.0873298917333,"H3-5":23.9946423321383,"H6-10":39.735095166713,"H11-17":59.599367089432,"H18-24":33.0772654031854,"H25-39":88.737106421595,"H40-54":129.416344579947,"H55-64":91.6721407304495,"H65-79":69.5007493823513,"H80+":24.7945213488675},"Analyse":{"Votes décisifs":299,"tour décisif":1,"majeurs":879.4466789137772,"Non votants de 18-24":39.04950650667427}}