{"id":8475,"slug":"79-101-coulonges-sur-l-autize","nom_standard":"Coulonges-sur-l'Autize","code_postal":"79","code_departement":"79","libelle_departement":"Deux-Sèvres","code_commune":"101","Tour 1":{"Inscrits":1631,"Abstentions":1006,"% Abs/Ins":61.68,"Votants":625,"% Vot/Ins":38.32,"Blancs":18,"% Blancs/Ins":1.1,"% Blancs/Vot":2.88,"Nuls":45,"% Nuls/Ins":2.76,"% Nuls/Vot":7.2,"Exprimés":562,"% Exp/Ins":34.46,"% Exp/Vot":89.92,"resultats":[{"N.Pan.":null,"Code Nuance":"LNC","Sexe":"F","Nom":"TAVERNEAU","Prénom":"Danielle","Liste":"ENSEMBLE, AGISSONS POUR COULONGES","Sièges / Elu":"19","Sièges Secteur":0,"Sièges CC":5,"Voix":562,"% Voix/Ins":34.46,"% Voix/Exp":100}]},"population":{"F0-2":34.8433815920043,"F3-5":30.9479603540711,"F6-10":57.8127666042068,"F11-17":102.631592478091,"F18-24":59.4931210007446,"F25-39":174.513627572431,"F40-54":199.285271262821,"F55-64":162.228396020672,"F65-79":214.42541513427,"F80+":183.933810748101,"H0-2":32.0961345347808,"H3-5":34.1567426687502,"H6-10":65.0117083222368,"H11-17":122.37784187398,"H18-24":63.7355205394847,"H25-39":165.006508098068,"H40-54":188.68381582599,"H55-64":175.880368220466,"H65-79":182.002350661075,"H80+":99.9336664877544},"Analyse":{"Votes décisifs":563,"tour décisif":1,"majeurs":1869.1218715718778,"Non votants de 18-24":82.02324871163141}}