{"id":8485,"slug":"79-148-lezay","nom_standard":"Lezay","code_postal":"79","code_departement":"79","libelle_departement":"Deux-Sèvres","code_commune":"148","Tour 1":{"Inscrits":1485,"Abstentions":1045,"% Abs/Ins":70.37,"Votants":440,"% Vot/Ins":29.63,"Blancs":16,"% Blancs/Ins":1.08,"% Blancs/Vot":3.64,"Nuls":65,"% Nuls/Ins":4.38,"% Nuls/Vot":14.77,"Exprimés":359,"% Exp/Ins":24.18,"% Exp/Vot":81.59,"resultats":[{"N.Pan.":null,"Code Nuance":"LNC","Sexe":"M","Nom":"GAYET","Prénom":"Olivier","Liste":"UNIS POUR L'AVENIR","Sièges / Elu":"19","Sièges Secteur":0,"Sièges CC":3,"Voix":359,"% Voix/Ins":24.18,"% Voix/Exp":100}]},"population":{"F0-2":20.1083349460761,"F3-5":31.5402294230912,"F6-10":33.2894229810238,"F11-17":63.2598301787825,"F18-24":25.1158044261823,"F25-39":115.182400155145,"F40-54":154.804393617072,"F55-64":139.946647328456,"F65-79":234.516943908846,"F80+":224.001263171319,"H0-2":16.4362900220589,"H3-5":23.8778113115315,"H6-10":37.1621721997528,"H11-17":81.6225301765671,"H18-24":36.8842636257938,"H25-39":105.505692347538,"H40-54":185.818382305051,"H55-64":141.253675451836,"H65-79":201.244491243959,"H80+":105.429421179919},"Analyse":{"Votes décisifs":360,"tour décisif":1,"majeurs":1669.703378761117,"Non votants de 18-24":45.66181882167829}}