{"id":8488,"slug":"79-170-mauze-sur-le-mignon","nom_standard":"Mauzé-sur-le-Mignon","code_postal":"79","code_departement":"79","libelle_departement":"Deux-Sèvres","code_commune":"170","Tour 1":{"Inscrits":2059,"Abstentions":1055,"% Abs/Ins":51.24,"Votants":1004,"% Vot/Ins":48.76,"Blancs":32,"% Blancs/Ins":1.55,"% Blancs/Vot":3.19,"Nuls":45,"% Nuls/Ins":2.19,"% Nuls/Vot":4.48,"Exprimés":927,"% Exp/Ins":45.02,"% Exp/Vot":92.33,"resultats":[{"N.Pan.":null,"Code Nuance":"LNC","Sexe":"M","Nom":"MAUFFREY","Prénom":"Philippe","Liste":"CONSTRUIRE ENSEMBLE NOTRE AVENIR","Sièges / Elu":"19","Sièges Secteur":0,"Sièges CC":1,"Voix":594,"% Voix/Ins":28.85,"% Voix/Exp":64.08},{"N.Pan.":2,"Code Nuance":"LNC","Sexe":"M","Nom":"DUSSARD","Prénom":"Didier","Liste":"MAUZÉ 2020 : AMÉLIORONS NOTRE QUOTIDIEN","Sièges / Elu":"4","Sièges Secteur":0,"Sièges CC":0,"Voix":333,"% Voix/Ins":16.17,"% Voix/Exp":35.92}]},"population":{"F0-2":36.239832371804,"F3-5":43.1678535837898,"F6-10":82.2693976433148,"F11-17":120.550671763757,"F18-24":94.4350385055078,"F25-39":227.970418817722,"F40-54":298.036011399729,"F55-64":185.710131245286,"F65-79":262.641031202108,"F80+":183.871946276991,"H0-2":46.3017964570175,"H3-5":49.1225477339625,"H6-10":78.371539943652,"H11-17":141.311669556187,"H18-24":65.8725509634152,"H25-39":217.157069756056,"H40-54":274.722987145693,"H55-64":170.006336402818,"H65-79":222.314131355575,"H80+":92.9270378756137},"Analyse":{"Votes décisifs":262,"tour décisif":1,"majeurs":2295.6646909465144,"Non votants de 18-24":90.19769037889576}}