{"id":8974,"slug":"85-16-beaulieu-sous-la-roche","nom_standard":"Beaulieu-sous-la-Roche","code_postal":"85","code_departement":"85","libelle_departement":"Vendée","code_commune":"16","Tour 1":{"Inscrits":1658,"Abstentions":917,"% Abs/Ins":55.31,"Votants":741,"% Vot/Ins":44.69,"Blancs":17,"% Blancs/Ins":1.03,"% Blancs/Vot":2.29,"Nuls":95,"% Nuls/Ins":5.73,"% Nuls/Vot":12.82,"Exprimés":629,"% Exp/Ins":37.94,"% Exp/Vot":84.89,"resultats":[{"N.Pan.":null,"Code Nuance":"LNC","Sexe":"M","Nom":"GAUVRIT","Prénom":"Bernard","Liste":"S'engager ensemble","Sièges / Elu":"19","Sièges Secteur":0,"Sièges CC":4,"Voix":629,"% Voix/Ins":37.94,"% Voix/Exp":100}]},"population":{"F0-2":36.2886885519088,"F3-5":38.3209818920712,"F6-10":83.4267266606897,"F11-17":87.5826141548526,"F18-24":65.5688393285603,"F25-39":191.209830531206,"F40-54":231.563937639453,"F55-64":158.824324514515,"F65-79":148.691510478574,"F80+":94.5568102334276,"H0-2":27.3141847619752,"H3-5":47.3323324190943,"H6-10":92.8195649049111,"H11-17":115.65208298793,"H18-24":61.2044054175401,"H25-39":192.049629735267,"H40-54":235.837381776414,"H55-64":153.373163997325,"H65-79":154.634206318898,"H80+":58.7487836953864},"Analyse":{"Votes décisifs":630,"tour décisif":1,"majeurs":1746.2628236665664,"Non votants de 18-24":72.97895153677695}}