{"id":8976,"slug":"85-18-beauvoir-sur-mer","nom_standard":"Beauvoir-sur-Mer","code_postal":"85","code_departement":"85","libelle_departement":"Vendée","code_commune":"18","Tour 1":{"Inscrits":3369,"Abstentions":1645,"% Abs/Ins":48.83,"Votants":1724,"% Vot/Ins":51.17,"Blancs":10,"% Blancs/Ins":0.3,"% Blancs/Vot":0.58,"Nuls":20,"% Nuls/Ins":0.59,"% Nuls/Vot":1.16,"Exprimés":1694,"% Exp/Ins":50.28,"% Exp/Vot":98.26,"resultats":[{"N.Pan.":null,"Code Nuance":"LDVD","Sexe":"M","Nom":"PILLET","Prénom":"Jean-François","Liste":"Agir pour Beauvoir Sur Mer","Sièges / Elu":"5","Sièges Secteur":0,"Sièges CC":1,"Voix":645,"% Voix/Ins":19.15,"% Voix/Exp":38.08},{"N.Pan.":2,"Code Nuance":"LDVD","Sexe":"M","Nom":"BILLON","Prénom":"Jean-Yves","Liste":"L'avenir ensemble","Sièges / Elu":"22","Sièges Secteur":0,"Sièges CC":2,"Voix":1049,"% Voix/Ins":31.14,"% Voix/Exp":61.92}]},"population":{"F0-2":32.0182288282719,"F3-5":46.8315709102413,"F6-10":71.3197821424082,"F11-17":107.798275735549,"F18-24":70.325405576831,"F25-39":179.252738684296,"F40-54":341.493910332735,"F55-64":386.404171216063,"F65-79":563.526989738184,"F80+":250.149572935197,"H0-2":30.2603119071697,"H3-5":31.8584091822305,"H6-10":56.4409361262712,"H11-17":128.955511192586,"H18-24":89.3161176382852,"H25-39":183.847585351489,"H40-54":318.056102934523,"H55-64":312.437199865389,"H65-79":532.136496100618,"H80+":154.570683601662},"Analyse":{"Votes décisifs":405,"tour décisif":1,"majeurs":3381.516973975273,"Non votants de 18-24":78.25142872763755}}