{"id":9071,"slug":"85-188-la-reorthe","nom_standard":"La Réorthe","code_postal":"85","code_departement":"85","libelle_departement":"Vendée","code_commune":"188","Tour 1":{"Inscrits":789,"Abstentions":310,"% Abs/Ins":39.29,"Votants":479,"% Vot/Ins":60.71,"Blancs":5,"% Blancs/Ins":0.63,"% Blancs/Vot":1.04,"Nuls":9,"% Nuls/Ins":1.14,"% Nuls/Vot":1.88,"Exprimés":465,"% Exp/Ins":58.94,"% Exp/Vot":97.08,"resultats":[{"N.Pan.":null,"Code Nuance":"LNC","Sexe":"M","Nom":"MERLET","Prénom":"Serge","Liste":"Vivons pleinement La Réorthe","Sièges / Elu":"3","Sièges Secteur":0,"Sièges CC":0,"Voix":182,"% Voix/Ins":23.07,"% Voix/Exp":39.14},{"N.Pan.":2,"Code Nuance":"LNC","Sexe":"F","Nom":"GROLLEAU","Prénom":"Magalie","Liste":"Ensemble, Engagés pour les Réorthais","Sièges / Elu":"12","Sièges Secteur":0,"Sièges CC":1,"Voix":283,"% Voix/Ins":35.87,"% Voix/Exp":60.86}]},"population":{"F0-2":23.8769218590268,"F3-5":21.0219631267037,"F6-10":38.0002170920115,"F11-17":57.6278123676235,"F18-24":28.0343615505044,"F25-39":103.509736939971,"F40-54":104.363415771989,"F55-64":56.9324106909613,"F65-79":83.0523506074464,"F80+":25.6479376726831,"H0-2":17.0057908134161,"H3-5":19.7655614667474,"H6-10":54.7245129821792,"H11-17":64.7043672216809,"H18-24":28.3838257179324,"H25-39":98.8566085385248,"H40-54":122.511907716672,"H55-64":69.4856373090229,"H65-79":76.1174357971364,"H80+":20.3772247577666},"Analyse":{"Votes décisifs":102,"tour décisif":1,"majeurs":817.2728530706103,"Non votants de 18-24":23.351737550882806}}