{"id":9061,"slug":"85-162-rives-d-autise","nom_standard":"Rives-d'Autise","code_postal":"85","code_departement":"85","libelle_departement":"Vendée","code_commune":"162","Tour 1":{"Inscrits":1525,"Abstentions":627,"% Abs/Ins":41.11,"Votants":898,"% Vot/Ins":58.89,"Blancs":14,"% Blancs/Ins":0.92,"% Blancs/Vot":1.56,"Nuls":22,"% Nuls/Ins":1.44,"% Nuls/Vot":2.45,"Exprimés":862,"% Exp/Ins":56.52,"% Exp/Vot":95.99,"resultats":[{"N.Pan.":null,"Code Nuance":"LNC","Sexe":"M","Nom":"POITIERS","Prénom":"Patrice","Liste":"Rivés vers l'avenir","Sièges / Elu":"4","Sièges Secteur":0,"Sièges CC":1,"Voix":347,"% Voix/Ins":22.75,"% Voix/Exp":40.26},{"N.Pan.":2,"Code Nuance":"LNC","Sexe":"M","Nom":"BOSSARD","Prénom":"Michel","Liste":"Ensemble pour une commune dynamique","Sièges / Elu":"19","Sièges Secteur":0,"Sièges CC":4,"Voix":515,"% Voix/Ins":33.77,"% Voix/Exp":59.74}]},"population":{"F0-2":28.9507378051524,"F3-5":31.1617229977116,"F6-10":79.1621136501586,"F11-17":105.886656232267,"F18-24":57.135268941598,"F25-39":167.654696142313,"F40-54":221.897775818835,"F55-64":127.824716697536,"F65-79":138.957602327672,"F80+":99.9679686282198,"H0-2":23.8784465405846,"H3-5":34.6611915981893,"H6-10":70.5461211069985,"H11-17":131.499274337656,"H18-24":70.361347427636,"H25-39":146.39344072363,"H40-54":226.56387944684,"H55-64":131.885572905619,"H65-79":137.910482462953,"H80+":49.7009842084298},"Analyse":{"Votes décisifs":169,"tour décisif":1,"majeurs":1576.2537357312817,"Non votants de 18-24":54.86112697801925}}