{"id":9065,"slug":"85-172-le-perrier","nom_standard":"Le Perrier","code_postal":"85","code_departement":"85","libelle_departement":"Vendée","code_commune":"172","Tour 1":{"Inscrits":1655,"Abstentions":986,"% Abs/Ins":59.58,"Votants":669,"% Vot/Ins":40.42,"Blancs":26,"% Blancs/Ins":1.57,"% Blancs/Vot":3.89,"Nuls":67,"% Nuls/Ins":4.05,"% Nuls/Vot":10.01,"Exprimés":576,"% Exp/Ins":34.8,"% Exp/Vot":86.1,"resultats":[{"N.Pan.":null,"Code Nuance":"LNC","Sexe":"F","Nom":"GODEFROY","Prénom":"Rosiane","Liste":"Le Perrier en action","Sièges / Elu":"19","Sièges Secteur":0,"Sièges CC":3,"Voix":576,"% Voix/Ins":34.8,"% Voix/Exp":100}]},"population":{"F0-2":28.0927253328657,"F3-5":30.7988606464405,"F6-10":52.6822164632067,"F11-17":92.9421241061092,"F18-24":52.0476909336485,"F25-39":162.563668097952,"F40-54":213.204494976362,"F55-64":168.931315350771,"F65-79":161.709467932743,"F80+":90.4788455989488,"H0-2":36.9602999245113,"H3-5":33.9277596910782,"H6-10":59.6774589850231,"H11-17":108.313887715094,"H18-24":60.7754652627278,"H25-39":147.448928681341,"H40-54":205.481532446448,"H55-64":137.329511797564,"H65-79":173.567085393832,"H80+":51.0666606633325},"Analyse":{"Votes décisifs":577,"tour décisif":1,"majeurs":1624.6046671356708,"Non votants de 18-24":66.36342785615695}}