{"id":9066,"slug":"85-176-pissotte","nom_standard":"Pissotte","code_postal":"85","code_departement":"85","libelle_departement":"Vendée","code_commune":"176","Tour 1":{"Inscrits":880,"Abstentions":504,"% Abs/Ins":57.27,"Votants":376,"% Vot/Ins":42.73,"Blancs":12,"% Blancs/Ins":1.36,"% Blancs/Vot":3.19,"Nuls":31,"% Nuls/Ins":3.52,"% Nuls/Vot":8.24,"Exprimés":333,"% Exp/Ins":37.84,"% Exp/Vot":88.56,"resultats":[{"N.Pan.":null,"Code Nuance":"LNC","Sexe":"M","Nom":"SAVINEAU","Prénom":"Michel","Liste":"Liste d'union pour le développement harmonieux de notre commune","Sièges / Elu":"15","Sièges Secteur":0,"Sièges CC":1,"Voix":333,"% Voix/Ins":37.84,"% Voix/Exp":100}]},"population":{"F0-2":15.1041572483994,"F3-5":17.1766277986699,"F6-10":36.4823129338205,"F11-17":61.6916890796578,"F18-24":15.066951404561,"F25-39":76.4582255381294,"F40-54":114.593274591506,"F55-64":79.8964867284018,"F65-79":118.723987066198,"F80+":97.7678070177897,"H0-2":11.1538871829197,"H3-5":15.1857304247766,"H6-10":34.3907720679756,"H11-17":47.522985529378,"H18-24":20.091305441111,"H25-39":58.3516693977063,"H40-54":112.5900767221,"H55-64":75.9708892772482,"H65-79":114.816064505641,"H80+":40.96510004401},"Analyse":{"Votes décisifs":334,"tour décisif":1,"majeurs":925.2918377344023,"Non votants de 18-24":20.871408053899533}}