{"id":8975,"slug":"85-17-beaurepaire","nom_standard":"Beaurepaire","code_postal":"85","code_departement":"85","libelle_departement":"Vendée","code_commune":"17","Tour 1":{"Inscrits":1697,"Abstentions":1041,"% Abs/Ins":61.34,"Votants":656,"% Vot/Ins":38.66,"Blancs":14,"% Blancs/Ins":0.82,"% Blancs/Vot":2.13,"Nuls":48,"% Nuls/Ins":2.83,"% Nuls/Vot":7.32,"Exprimés":594,"% Exp/Ins":35,"% Exp/Vot":90.55,"resultats":[{"N.Pan.":null,"Code Nuance":"LNC","Sexe":"M","Nom":"GAUTHIER","Prénom":"Franck","Liste":"Beaurepaire, une commmune à Bien Vivre","Sièges / Elu":"19","Sièges Secteur":0,"Sièges CC":3,"Voix":594,"% Voix/Ins":35,"% Voix/Exp":100}]},"population":{"F0-2":50.7939912280515,"F3-5":46.7195952422469,"F6-10":103.294186548976,"F11-17":155.052563024696,"F18-24":67.3037028605521,"F25-39":240.418246587589,"F40-54":262.907585270283,"F55-64":122.144853724093,"F65-79":97.6032746415132,"F80+":80.0535612123372,"H0-2":49.8306947643647,"H3-5":57.8004542009484,"H6-10":103.331002239498,"H11-17":156.146465979584,"H18-24":72.2201512927813,"H25-39":245.962993893002,"H40-54":277.042573043973,"H55-64":112.836937223388,"H65-79":107.783591226877,"H80+":36.7535757952464},"Analyse":{"Votes décisifs":595,"tour décisif":1,"majeurs":1723.0310467716351,"Non votants de 18-24":86.4037153745935}}