{"id":9044,"slug":"85-138-martinet","nom_standard":"Martinet","code_postal":"85","code_departement":"85","libelle_departement":"Vendée","code_commune":"138","Tour 1":{"Inscrits":813,"Abstentions":442,"% Abs/Ins":54.37,"Votants":371,"% Vot/Ins":45.63,"Blancs":12,"% Blancs/Ins":1.48,"% Blancs/Vot":3.23,"Nuls":3,"% Nuls/Ins":0.37,"% Nuls/Vot":0.81,"Exprimés":356,"% Exp/Ins":43.79,"% Exp/Vot":95.96,"resultats":[{"N.Pan.":null,"Code Nuance":"LNC","Sexe":"M","Nom":"PAILLUSSON","Prénom":"Michel","Liste":"Martinet 2026 avec vous et pour vous","Sièges / Elu":"15","Sièges Secteur":0,"Sièges CC":2,"Voix":356,"% Voix/Ins":43.79,"% Voix/Exp":100}]},"population":{"F0-2":19.1799234627803,"F3-5":20.1810010507758,"F6-10":60.5230922235015,"F11-17":57.5069714476146,"F18-24":30.3160872555004,"F25-39":132.29958399483,"F40-54":111.131606979758,"F55-64":71.829335060049,"F65-79":57.6700262402863,"F80+":24.2932522807458,"H0-2":27.2553746649913,"H3-5":29.2610453733005,"H6-10":55.4895473661617,"H11-17":59.537244082905,"H18-24":31.315986645947,"H25-39":126.281444103149,"H40-54":119.207066383445,"H55-64":72.8327445225403,"H65-79":57.6617992551512,"H80+":19.2268676065673},"Analyse":{"Votes décisifs":357,"tour décisif":1,"majeurs":854.0658003279693,"Non votants de 18-24":34.85954723118801}}