{"id":9081,"slug":"85-204-saint-christophe-du-ligneron","nom_standard":"Saint-Christophe-du-Ligneron","code_postal":"85","code_departement":"85","libelle_departement":"Vendée","code_commune":"204","Tour 1":{"Inscrits":1983,"Abstentions":1289,"% Abs/Ins":65,"Votants":694,"% Vot/Ins":35,"Blancs":41,"% Blancs/Ins":2.07,"% Blancs/Vot":5.91,"Nuls":72,"% Nuls/Ins":3.63,"% Nuls/Vot":10.37,"Exprimés":581,"% Exp/Ins":29.3,"% Exp/Vot":83.72,"resultats":[{"N.Pan.":null,"Code Nuance":"LNC","Sexe":"M","Nom":"RICHARDEAU","Prénom":"Thierry","Liste":"Avec vous, agissons pour Saint Christophe du Ligneron","Sièges / Elu":"23","Sièges Secteur":0,"Sièges CC":2,"Voix":581,"% Voix/Ins":29.3,"% Voix/Exp":100}]},"population":{"F0-2":46.4661090988004,"F3-5":56.3961086725125,"F6-10":94.5334522824643,"F11-17":133.801134111047,"F18-24":74.1027977783057,"F25-39":255.85522916982,"F40-54":257.383090420085,"F55-64":161.246453809454,"F65-79":176.751102131652,"F80+":124.250833191395,"H0-2":38.3119329558343,"H3-5":52.3736790715894,"H6-10":90.434965925422,"H11-17":121.800225934265,"H18-24":87.1764864229808,"H25-39":231.943052493041,"H40-54":257.34593147541,"H55-64":137.535015042393,"H65-79":172.447001919375,"H80+":49.845398094154},"Analyse":{"Votes décisifs":582,"tour décisif":1,"majeurs":1985.8823919480656,"Non votants de 18-24":104.91752597757997}}