{"id":8978,"slug":"85-20-benet","nom_standard":"Benet","code_postal":"85","code_departement":"85","libelle_departement":"Vendée","code_commune":"20","Tour 1":{"Inscrits":3044,"Abstentions":1850,"% Abs/Ins":60.78,"Votants":1194,"% Vot/Ins":39.22,"Blancs":54,"% Blancs/Ins":1.77,"% Blancs/Vot":4.52,"Nuls":76,"% Nuls/Ins":2.5,"% Nuls/Vot":6.37,"Exprimés":1064,"% Exp/Ins":34.95,"% Exp/Vot":89.11,"resultats":[{"N.Pan.":null,"Code Nuance":"LDVG","Sexe":"M","Nom":"DAVID","Prénom":"Daniel","Liste":"Benet dynamique pour tous","Sièges / Elu":"27","Sièges Secteur":0,"Sièges CC":8,"Voix":1064,"% Voix/Ins":34.95,"% Voix/Exp":100}]},"population":{"F0-2":59.4925511851472,"F3-5":71.5905515736892,"F6-10":142.900098686818,"F11-17":187.187603122121,"F18-24":78.9990773192834,"F25-39":341.933378158595,"F40-54":430.312055591184,"F55-64":288.585830667491,"F65-79":308.373059978947,"F80+":177.823363838176,"H0-2":56.0415784964708,"H3-5":69.533497208557,"H6-10":140.907816917354,"H11-17":207.628927838428,"H18-24":101.168094385373,"H25-39":283.591014864578,"H40-54":405.547495616732,"H55-64":254.814752619845,"H65-79":320.405141398681,"H80+":120.16411053253},"Analyse":{"Votes décisifs":1065,"tour décisif":1,"majeurs":3111.7173749714148,"Non votants de 18-24":111.03505683277287}}