{"id":8988,"slug":"85-38-les-brouzils","nom_standard":"Les Brouzils","code_postal":"85","code_departement":"85","libelle_departement":"Vendée","code_commune":"38","Tour 1":{"Inscrits":2110,"Abstentions":1294,"% Abs/Ins":61.33,"Votants":816,"% Vot/Ins":38.67,"Blancs":35,"% Blancs/Ins":1.66,"% Blancs/Vot":4.29,"Nuls":73,"% Nuls/Ins":3.46,"% Nuls/Vot":8.95,"Exprimés":708,"% Exp/Ins":33.55,"% Exp/Vot":86.76,"resultats":[{"N.Pan.":null,"Code Nuance":"LNC","Sexe":"F","Nom":"DUPREY","Prénom":"Emilie","Liste":"Avec vous pour les Brouzils","Sièges / Elu":"23","Sièges Secteur":0,"Sièges CC":3,"Voix":708,"% Voix/Ins":33.55,"% Voix/Exp":100}]},"population":{"F0-2":58.191352938493,"F3-5":55.1316080201844,"F6-10":106.083443175001,"F11-17":139.848967178659,"F18-24":72.7162240388983,"F25-39":262.000419023733,"F40-54":283.71082284535,"F55-64":177.023048615873,"F65-79":141.951741617488,"F80+":163.134135740234,"H0-2":41.9306992545639,"H3-5":61.3041496187692,"H6-10":115.340099479661,"H11-17":163.290656105635,"H18-24":82.8908158651419,"H25-39":267.563397798908,"H40-54":325.729983639297,"H55-64":194.448675358201,"H65-79":113.235004366144,"H80+":57.474755319763},"Analyse":{"Votes décisifs":709,"tour décisif":1,"majeurs":2141.879024229031,"Non votants de 18-24":96.32481942130237}}