{"id":8990,"slug":"85-40-la-caillere-saint-hilaire","nom_standard":"La Caillère-Saint-Hilaire","code_postal":"85","code_departement":"85","libelle_departement":"Vendée","code_commune":"40","Tour 1":{"Inscrits":801,"Abstentions":288,"% Abs/Ins":35.96,"Votants":513,"% Vot/Ins":64.04,"Blancs":9,"% Blancs/Ins":1.12,"% Blancs/Vot":1.75,"Nuls":9,"% Nuls/Ins":1.12,"% Nuls/Vot":1.75,"Exprimés":495,"% Exp/Ins":61.8,"% Exp/Vot":96.49,"resultats":[{"N.Pan.":null,"Code Nuance":"LNC","Sexe":"M","Nom":"PUAUD","Prénom":"Maurice","Liste":"Agir pour les Caillerots et les Hilairois","Sièges / Elu":"12","Sièges Secteur":0,"Sièges CC":1,"Voix":264,"% Voix/Ins":32.96,"% Voix/Exp":53.33},{"N.Pan.":2,"Code Nuance":"LNC","Sexe":"F","Nom":"TRIGATTI","Prénom":"Danielle","Liste":"Faire ensemble pour mieux vivre à la Caillere Saint Hilaire","Sièges / Elu":"3","Sièges Secteur":0,"Sièges CC":0,"Voix":231,"% Voix/Ins":28.84,"% Voix/Exp":46.67}]},"population":{"F0-2":10.6490646033127,"F3-5":21.6987420456868,"F6-10":25.3695038892943,"F11-17":39.6044091986558,"F18-24":20.5818323057018,"F25-39":76.6697550725874,"F40-54":84.4916792117115,"F55-64":86.098392410312,"F65-79":106.407578538557,"F80+":106.556844382226,"H0-2":13.1825702176409,"H3-5":12.8944971515283,"H6-10":28.0577310645568,"H11-17":54.5806954390423,"H18-24":26.6820084744817,"H25-39":77.1528086995033,"H40-54":89.0791834483601,"H55-64":83.8448201636506,"H65-79":103.002767261512,"H80+":46.3951164216786},"Analyse":{"Votes décisifs":34,"tour décisif":1,"majeurs":906.9627863902821,"Non votants de 18-24":20.53027388629277}}