{"id":9002,"slug":"85-65-chavagnes-en-paillers","nom_standard":"Chavagnes-en-Paillers","code_postal":"85","code_departement":"85","libelle_departement":"Vendée","code_commune":"65","Tour 1":{"Inscrits":2644,"Abstentions":1584,"% Abs/Ins":59.91,"Votants":1060,"% Vot/Ins":40.09,"Blancs":33,"% Blancs/Ins":1.25,"% Blancs/Vot":3.11,"Nuls":79,"% Nuls/Ins":2.99,"% Nuls/Vot":7.45,"Exprimés":948,"% Exp/Ins":35.85,"% Exp/Vot":89.43,"resultats":[{"N.Pan.":null,"Code Nuance":"LDVD","Sexe":"M","Nom":"SALAÜN","Prénom":"Eric","Liste":"Ensemble, dessinons Chavagnes","Sièges / Elu":"27","Sièges Secteur":0,"Sièges CC":4,"Voix":948,"% Voix/Ins":35.85,"% Voix/Exp":100}]},"population":{"F0-2":51.6779792481658,"F3-5":58.2104983336977,"F6-10":114.575084381302,"F11-17":140.512000278205,"F18-24":76.0593972471848,"F25-39":285.17843034041,"F40-54":372.919850188791,"F55-64":192.561627445237,"F65-79":249.71733742604,"F80+":231.521674145176,"H0-2":60.456669967301,"H3-5":59.1145173584061,"H6-10":134.618408137173,"H11-17":178.419573301831,"H18-24":114.206206216538,"H25-39":322.017165678301,"H40-54":387.689506186082,"H55-64":251.17225232874,"H65-79":186.461659142532,"H80+":104.910162648884},"Analyse":{"Votes décisifs":949,"tour décisif":1,"majeurs":2774.4152689939156,"Non votants de 18-24":117.57225365214907}}