{"id":9014,"slug":"85-89-la-ferriere","nom_standard":"La Ferrière","code_postal":"85","code_departement":"85","libelle_departement":"Vendée","code_commune":"89","Tour 1":{"Inscrits":3979,"Abstentions":1978,"% Abs/Ins":49.71,"Votants":2001,"% Vot/Ins":50.29,"Blancs":21,"% Blancs/Ins":0.53,"% Blancs/Vot":1.05,"Nuls":51,"% Nuls/Ins":1.28,"% Nuls/Vot":2.55,"Exprimés":1929,"% Exp/Ins":48.48,"% Exp/Vot":96.4,"resultats":[{"N.Pan.":null,"Code Nuance":"LDVG","Sexe":"F","Nom":"MOREAU","Prénom":"Marie-Claude","Liste":"Avec Vous la Ferrière de demain","Sièges / Elu":"6","Sièges Secteur":0,"Sièges CC":1,"Voix":898,"% Voix/Ins":22.57,"% Voix/Exp":46.55},{"N.Pan.":2,"Code Nuance":"LDVD","Sexe":"M","Nom":"BELY","Prénom":"David","Liste":"Vivre ensemble La Ferrière","Sièges / Elu":"23","Sièges Secteur":0,"Sièges CC":2,"Voix":1031,"% Voix/Ins":25.91,"% Voix/Exp":53.45}]},"population":{"F0-2":93.2499183083713,"F3-5":109.972786636321,"F6-10":206.85793807855,"F11-17":244.051054160442,"F18-24":139.143415489833,"F25-39":473.3302943936,"F40-54":546.33105749967,"F55-64":326.668290457609,"F65-79":420.872377132463,"F80+":152.968750599305,"H0-2":93.2255651059045,"H3-5":96.0803878362193,"H6-10":229.930052707185,"H11-17":262.053845377631,"H18-24":161.151747948781,"H25-39":448.949242667456,"H40-54":564.764374183148,"H55-64":323.227561274662,"H65-79":375.702377385377,"H80+":94.4689627574716},"Analyse":{"Votes décisifs":134,"tour décisif":1,"majeurs":4027.578451789376,"Non votants de 18-24":151.10114295374862}}