{"id":9015,"slug":"85-90-sevremont","nom_standard":"Sèvremont","code_postal":"85","code_departement":"85","libelle_departement":"Vendée","code_commune":"90","Tour 1":{"Inscrits":4650,"Abstentions":3014,"% Abs/Ins":64.82,"Votants":1636,"% Vot/Ins":35.18,"Blancs":42,"% Blancs/Ins":0.9,"% Blancs/Vot":2.57,"Nuls":284,"% Nuls/Ins":6.11,"% Nuls/Vot":17.36,"Exprimés":1310,"% Exp/Ins":28.17,"% Exp/Vot":80.07,"resultats":[{"N.Pan.":null,"Code Nuance":"LDVD","Sexe":"M","Nom":"ROY","Prénom":"Jean-Louis","Liste":"Sèvremont pour tous","Sièges / Elu":"33","Sièges Secteur":0,"Sièges CC":9,"Voix":1310,"% Voix/Ins":28.17,"% Voix/Exp":100}]},"population":{"F0-2":88.1110345802238,"F3-5":111.654678343332,"F6-10":240.470415812375,"F11-17":339.100023157884,"F18-24":200.246144590548,"F25-39":557.690142978828,"F40-54":616.301912947536,"F55-64":368.192921512556,"F65-79":427.517705837102,"F80+":233.363077828876,"H0-2":103.158103357276,"H3-5":117.709296896089,"H6-10":239.009498510835,"H11-17":330.121190397452,"H18-24":255.748393243377,"H25-39":591.976923675913,"H40-54":651.431640553493,"H55-64":402.017022924026,"H65-79":400.858292856847,"H80+":142.321579995431},"Analyse":{"Votes décisifs":1311,"tour décisif":1,"majeurs":4847.665758944533,"Non votants de 18-24":302.1045831645406}}