{"id":9017,"slug":"85-93-fougere","nom_standard":"Fougeré","code_postal":"85","code_departement":"85","libelle_departement":"Vendée","code_commune":"93","Tour 1":{"Inscrits":874,"Abstentions":318,"% Abs/Ins":36.38,"Votants":556,"% Vot/Ins":63.62,"Blancs":8,"% Blancs/Ins":0.92,"% Blancs/Vot":1.44,"Nuls":9,"% Nuls/Ins":1.03,"% Nuls/Vot":1.62,"Exprimés":539,"% Exp/Ins":61.67,"% Exp/Vot":96.94,"resultats":[{"N.Pan.":null,"Code Nuance":"LNC","Sexe":"M","Nom":"GUIBERT","Prénom":"Manuel","Liste":"Unis pour une commune dynamique et solidaire","Sièges / Elu":"14","Sièges Secteur":0,"Sièges CC":1,"Voix":422,"% Voix/Ins":48.28,"% Voix/Exp":78.29},{"N.Pan.":2,"Code Nuance":"LNC","Sexe":"M","Nom":"GUILLOT","Prénom":"Sébastien","Liste":"Vivre demain à Fougeré","Sièges / Elu":"1","Sièges Secteur":0,"Sièges CC":0,"Voix":117,"% Voix/Ins":13.39,"% Voix/Exp":21.71}]},"population":{"F0-2":21.4437359741652,"F3-5":30.2914270966118,"F6-10":48.2673306739619,"F11-17":72.474455065058,"F18-24":43.8948515198016,"F25-39":130.463744863953,"F40-54":119.646320703326,"F55-64":64.591405207189,"F65-79":63.8730575738783,"F80+":22.2062379648911,"H0-2":20.3428744563323,"H3-5":29.8523361143912,"H6-10":55.0616059362894,"H11-17":61.4761832263321,"H18-24":31.6151052315675,"H25-39":131.289090454543,"H40-54":130.208600427107,"H55-64":72.9097973429558,"H65-79":68.7998504650138,"H80+":11.2919897026331},"Analyse":{"Votes décisifs":306,"tour décisif":1,"majeurs":890.7900514568593,"Non votants de 18-24":28.37928226179834}}