{"id":8510,"slug":"79-259-saint-jean-de-thouars","nom_standard":"Saint-Jean-de-Thouars","code_postal":"79","code_departement":"79","libelle_departement":"Deux-Sèvres","code_commune":"259","Tour 1":{"Inscrits":1033,"Abstentions":590,"% Abs/Ins":57.12,"Votants":443,"% Vot/Ins":42.88,"Blancs":17,"% Blancs/Ins":1.65,"% Blancs/Vot":3.84,"Nuls":45,"% Nuls/Ins":4.36,"% Nuls/Vot":10.16,"Exprimés":381,"% Exp/Ins":36.88,"% Exp/Vot":86,"resultats":[{"N.Pan.":null,"Code Nuance":"LNC","Sexe":"M","Nom":"BEVILLE","Prénom":"André","Liste":"ENSEMBLE POUR SAINT JEAN DE THOUARS","Sièges / Elu":"15","Sièges Secteur":0,"Sièges CC":2,"Voix":381,"% Voix/Ins":36.88,"% Voix/Exp":100}]},"population":{"F0-2":13.1333939866047,"F3-5":18.7293873780065,"F6-10":41.2685411209611,"F11-17":67.0265533349894,"F18-24":35.344183444928,"F25-39":93.9183173185949,"F40-54":140.644648118779,"F55-64":99.5928984841705,"F65-79":142.497239350244,"F80+":45.7973345834164,"H0-2":13.9522310222169,"H3-5":18.9464134708956,"H6-10":31.3035300281401,"H11-17":58.7277691128283,"H18-24":36.2267862351191,"H25-39":85.2999576952178,"H40-54":137.692288199328,"H55-64":84.0606084301077,"H65-79":142.575974461085,"H80+":48.2619442243657},"Analyse":{"Votes décisifs":382,"tour décisif":1,"majeurs":1091.912180545356,"Non votants de 18-24":42.53389130216389}}