{"id":8532,"slug":"79-351-villiers-en-plaine","nom_standard":"Villiers-en-Plaine","code_postal":"79","code_departement":"79","libelle_departement":"Deux-Sèvres","code_commune":"351","Tour 1":{"Inscrits":1208,"Abstentions":736,"% Abs/Ins":60.93,"Votants":472,"% Vot/Ins":39.07,"Blancs":23,"% Blancs/Ins":1.9,"% Blancs/Vot":4.87,"Nuls":93,"% Nuls/Ins":7.7,"% Nuls/Vot":19.7,"Exprimés":356,"% Exp/Ins":29.47,"% Exp/Vot":75.42,"resultats":[{"N.Pan.":null,"Code Nuance":"LNC","Sexe":"F","Nom":"MOREAU","Prénom":"Lucy","Liste":"ENSEMBLE, UN NOUVEL ELAN","Sièges / Elu":"19","Sièges Secteur":0,"Sièges CC":1,"Voix":356,"% Voix/Ins":29.47,"% Voix/Exp":100}]},"population":{"F0-2":40.1754682879915,"F3-5":38.0331564469458,"F6-10":77.0964843095183,"F11-17":75.1899363448686,"F18-24":46.6397719897787,"F25-39":180.359424732588,"F40-54":184.050886143201,"F55-64":104.09425019807,"F65-79":87.9666281492871,"F80+":71.0463371604334,"H0-2":34.1657695255413,"H3-5":40.0573785768089,"H6-10":82.0660302665827,"H11-17":90.1904518331402,"H18-24":47.5964839625268,"H25-39":185.776532805914,"H40-54":179.903511850686,"H55-64":102.02490726569,"H65-79":85.7917178148031,"H80+":45.7748723356235},"Analyse":{"Votes décisifs":357,"tour décisif":1,"majeurs":1321.0253244086016,"Non votants de 18-24":60.56580922608483}}