{"id":8547,"slug":"80-136-bray-sur-somme","nom_standard":"Bray-sur-Somme","code_postal":"80","code_departement":"80","libelle_departement":"Somme","code_commune":"136","Tour 1":{"Inscrits":907,"Abstentions":530,"% Abs/Ins":58.43,"Votants":377,"% Vot/Ins":41.57,"Blancs":19,"% Blancs/Ins":2.09,"% Blancs/Vot":5.04,"Nuls":62,"% Nuls/Ins":6.84,"% Nuls/Vot":16.45,"Exprimés":296,"% Exp/Ins":32.64,"% Exp/Vot":78.51,"resultats":[{"N.Pan.":null,"Code Nuance":"LNC","Sexe":"F","Nom":"VAQUETTE","Prénom":"Monique","Liste":"Bien vivre à Bray sur Somme.","Sièges / Elu":"15","Sièges Secteur":0,"Sièges CC":3,"Voix":296,"% Voix/Ins":32.64,"% Voix/Exp":100}]},"population":{"F0-2":10.8509721298251,"F3-5":12.6279432539616,"F6-10":42.289590366568,"F11-17":42.0406667884015,"F18-24":38.4690650398006,"F25-39":111.532399488235,"F40-54":89.6317250700107,"F55-64":94.2293059665596,"F65-79":122.559708059716,"F80+":82.2459605185189,"H0-2":13.1022159085364,"H3-5":20.2078386588131,"H6-10":44.4611176022766,"H11-17":45.9858401468042,"H18-24":27.8912799838534,"H25-39":117.691455418171,"H40-54":80.8348905422155,"H55-64":91.6433584671375,"H65-79":118.347169809136,"H80+":40.3574967814605},"Analyse":{"Votes décisifs":297,"tour décisif":1,"majeurs":1015.4338151448146,"Non votants de 18-24":41.72274708198049}}