{"id":8551,"slug":"80-182-cayeux-sur-mer","nom_standard":"Cayeux-sur-Mer","code_postal":"80","code_departement":"80","libelle_departement":"Somme","code_commune":"182","Tour 1":{"Inscrits":2148,"Abstentions":905,"% Abs/Ins":42.13,"Votants":1243,"% Vot/Ins":57.87,"Blancs":20,"% Blancs/Ins":0.93,"% Blancs/Vot":1.61,"Nuls":23,"% Nuls/Ins":1.07,"% Nuls/Vot":1.85,"Exprimés":1200,"% Exp/Ins":55.87,"% Exp/Vot":96.54,"resultats":[{"N.Pan.":null,"Code Nuance":"LNC","Sexe":"M","Nom":"LECOMTE","Prénom":"Jean-Paul","Liste":"POUR CAYEUX ... ENSEMBLE 2020#2026","Sièges / Elu":"16","Sièges Secteur":0,"Sièges CC":3,"Voix":811,"% Voix/Ins":37.76,"% Voix/Exp":67.58},{"N.Pan.":2,"Code Nuance":"LNC","Sexe":"M","Nom":"NOIRET","Prénom":"Emmanuel","Liste":"OSONS ENSEMBLE POUR CAYEUX","Sièges / Elu":"3","Sièges Secteur":0,"Sièges CC":0,"Voix":389,"% Voix/Ins":18.11,"% Voix/Exp":32.42}]},"population":{"F0-2":18.3083219439307,"F3-5":22.7292461322809,"F6-10":44.1057461915014,"F11-17":70.5632390940432,"F18-24":61.1743220649159,"F25-39":113.310045884121,"F40-54":211.049935535011,"F55-64":236.06706533477,"F65-79":332.471942599786,"F80+":165.207081675484,"H0-2":15.8121844247331,"H3-5":9.82519717178322,"H6-10":36.2781419517714,"H11-17":87.077076660813,"H18-24":64.523856393972,"H25-39":139.927668691005,"H40-54":203.578604637781,"H55-64":236.781346891108,"H65-79":276.859259990496,"H80+":65.349716730693},"Analyse":{"Votes décisifs":423,"tour décisif":1,"majeurs":2106.300846429143,"Non votants de 18-24":51.519394317353935}}