{"id":8562,"slug":"80-256-dreuil-les-amiens","nom_standard":"Dreuil-lès-Amiens","code_postal":"80","code_departement":"80","libelle_departement":"Somme","code_commune":"256","Tour 1":{"Inscrits":1314,"Abstentions":645,"% Abs/Ins":49.09,"Votants":669,"% Vot/Ins":50.91,"Blancs":6,"% Blancs/Ins":0.46,"% Blancs/Vot":0.9,"Nuls":15,"% Nuls/Ins":1.14,"% Nuls/Vot":2.24,"Exprimés":648,"% Exp/Ins":49.32,"% Exp/Vot":96.86,"resultats":[{"N.Pan.":null,"Code Nuance":"LNC","Sexe":"F","Nom":"TREFCON","Prénom":"Maria","Liste":"POURSUIVONS AVEC VOUS, POUR VOUS","Sièges / Elu":"15","Sièges Secteur":0,"Sièges CC":1,"Voix":407,"% Voix/Ins":30.97,"% Voix/Exp":62.81},{"N.Pan.":2,"Code Nuance":"LNC","Sexe":"M","Nom":"THIEFAINE","Prénom":"Michel","Liste":"AGIR POUR DREUIL","Sièges / Elu":"4","Sièges Secteur":0,"Sièges CC":0,"Voix":241,"% Voix/Ins":18.34,"% Voix/Exp":37.19}]},"population":{"F0-2":21.6787454576389,"F3-5":23.921376680011,"F6-10":44.7165814513883,"F11-17":65.2889134928739,"F18-24":57.4194721679487,"F25-39":139.332917771117,"F40-54":148.144438165537,"F55-64":111.70695959413,"F65-79":175.570085051274,"F80+":58.6395877604609,"H0-2":16.5629267293486,"H3-5":21.749119364015,"H6-10":41.5192465971905,"H11-17":58.1426709304995,"H18-24":57.7317773182836,"H25-39":122.857845242273,"H40-54":155.282567857072,"H55-64":83.5611951225986,"H65-79":161.456208543358,"H80+":54.717364702981},"Analyse":{"Votes décisifs":167,"tour décisif":1,"majeurs":1326.420419297034,"Non votants de 18-24":57.072992558374956}}