{"id":8596,"slug":"80-622-picquigny","nom_standard":"Picquigny","code_postal":"80","code_departement":"80","libelle_departement":"Somme","code_commune":"622","Tour 1":{"Inscrits":901,"Abstentions":250,"% Abs/Ins":27.75,"Votants":651,"% Vot/Ins":72.25,"Blancs":3,"% Blancs/Ins":0.33,"% Blancs/Vot":0.46,"Nuls":6,"% Nuls/Ins":0.67,"% Nuls/Vot":0.92,"Exprimés":642,"% Exp/Ins":71.25,"% Exp/Vot":98.62,"resultats":[{"N.Pan.":null,"Code Nuance":"LNC","Sexe":"M","Nom":"NIEWIADOMSKI","Prénom":"Miguel","Liste":"Le Renouveau de Picquigny","Sièges / Elu":"1","Sièges Secteur":0,"Sièges CC":0,"Voix":96,"% Voix/Ins":10.65,"% Voix/Exp":14.95},{"N.Pan.":2,"Code Nuance":"LNC","Sexe":"M","Nom":"DELVILLE","Prénom":"Antony","Liste":"PICQUIGNY AVANT TOUT","Sièges / Elu":"14","Sièges Secteur":0,"Sièges CC":2,"Voix":546,"% Voix/Ins":60.6,"% Voix/Exp":85.05}]},"population":{"F0-2":16.0352579781162,"F3-5":22.8360719273681,"F6-10":42.4310888286936,"F11-17":53.3768211020328,"F18-24":50.9751555738146,"F25-39":111.929114986879,"F40-54":129.239139868547,"F55-64":88.4253727002699,"F65-79":93.1953122311587,"F80+":75.274058831068,"H0-2":21.7737848494163,"H3-5":17.8213367451906,"H6-10":31.0875781869428,"H11-17":51.5563614754182,"H18-24":44.4000647157757,"H25-39":116.471769601752,"H40-54":128.746047231015,"H55-64":83.2549400745144,"H65-79":80.5864646329797,"H80+":37.5842584590486},"Analyse":{"Votes décisifs":451,"tour décisif":1,"majeurs":1040.0816989068228,"Non votants de 18-24":35.67869022490194}}