{"id":9176,"slug":"86-123-boivre-la-vallee","nom_standard":"Boivre-la-Vallée","code_postal":"86","code_departement":"86","libelle_departement":"Vienne","code_commune":"123","Tour 1":{"Inscrits":2278,"Abstentions":1499,"% Abs/Ins":65.8,"Votants":779,"% Vot/Ins":34.2,"Blancs":66,"% Blancs/Ins":2.9,"% Blancs/Vot":8.47,"Nuls":251,"% Nuls/Ins":11.02,"% Nuls/Vot":32.22,"Exprimés":462,"% Exp/Ins":20.28,"% Exp/Vot":59.31,"resultats":[{"N.Pan.":null,"Code Nuance":"LNC","Sexe":"F","Nom":"DUBERNARD","Prénom":"Dany","Liste":"ensemble pour l'avenir de Boivre la Vallée","Sièges / Elu":"27","Sièges Secteur":0,"Sièges CC":3,"Voix":462,"% Voix/Ins":20.28,"% Voix/Exp":100}]},"population":{"F0-2":46.6453456199126,"F3-5":68.7146085992238,"F6-10":140.400049134898,"F11-17":158.634389727391,"F18-24":72.0428054450838,"F25-39":291.482205418867,"F40-54":313.605025904304,"F55-64":205.726019968158,"F65-79":162.112382179264,"F80+":99.5676157516409,"H0-2":49.8130821280539,"H3-5":55.6249651128041,"H6-10":110.980115612501,"H11-17":148.608671944568,"H18-24":73.1362528184372,"H25-39":287.404004498701,"H40-54":345.957788116638,"H55-64":203.383320430949,"H65-79":172.224871864805,"H80+":72.9364797237998},"Analyse":{"Votes décisifs":463,"tour décisif":1,"majeurs":2299.578772120648,"Non votants de 18-24":95.99853539628812}}