{"id":9167,"slug":"86-100-fontaine-le-comte","nom_standard":"Fontaine-le-Comte","code_postal":"86","code_departement":"86","libelle_departement":"Vienne","code_commune":"100","Tour 1":{"Inscrits":3094,"Abstentions":1618,"% Abs/Ins":52.29,"Votants":1476,"% Vot/Ins":47.71,"Blancs":28,"% Blancs/Ins":0.9,"% Blancs/Vot":1.9,"Nuls":22,"% Nuls/Ins":0.71,"% Nuls/Vot":1.49,"Exprimés":1426,"% Exp/Ins":46.09,"% Exp/Vot":96.61,"resultats":[{"N.Pan.":null,"Code Nuance":"LDVG","Sexe":"M","Nom":"BALLAGE","Prénom":"Jean-Claude","Liste":"Ensemble pour Fontaine","Sièges / Elu":"4","Sièges Secteur":0,"Sièges CC":0,"Voix":494,"% Voix/Ins":15.97,"% Voix/Exp":34.64},{"N.Pan.":2,"Code Nuance":"LDVG","Sexe":"F","Nom":"AUBERT","Prénom":"Sylvie","Liste":"L'ECOUTE, L'ACTION, POUR TOUS !","Sièges / Elu":"23","Sièges Secteur":0,"Sièges CC":1,"Voix":932,"% Voix/Ins":30.12,"% Voix/Exp":65.36}]},"population":{"F0-2":48.0208918720484,"F3-5":60.7437906447296,"F6-10":123.269556358492,"F11-17":167.798419258748,"F18-24":102.13523083384,"F25-39":312.544694770043,"F40-54":406.356834155121,"F55-64":347.502384283419,"F65-79":353.852436784455,"F80+":157.272705769454,"H0-2":67.185157674082,"H3-5":73.7923654138472,"H6-10":128.035013790539,"H11-17":160.650691874625,"H18-24":86.3699201684824,"H25-39":278.394009734493,"H40-54":354.572400207254,"H55-64":303.274797929299,"H65-79":353.5955736477,"H80+":85.6331248293284},"Analyse":{"Votes décisifs":439,"tour décisif":1,"majeurs":3141.504113112889,"Non votants de 18-24":99.93814842605373}}