{"id":9173,"slug":"86-115-jaunay-marigny","nom_standard":"Jaunay-Marigny","code_postal":"86","code_departement":"86","libelle_departement":"Vienne","code_commune":"115","Tour 1":{"Inscrits":5421,"Abstentions":2871,"% Abs/Ins":52.96,"Votants":2550,"% Vot/Ins":47.04,"Blancs":21,"% Blancs/Ins":0.39,"% Blancs/Vot":0.82,"Nuls":45,"% Nuls/Ins":0.83,"% Nuls/Vot":1.76,"Exprimés":2484,"% Exp/Ins":45.82,"% Exp/Vot":97.41,"resultats":[{"N.Pan.":null,"Code Nuance":"LDVC","Sexe":"F","Nom":"PINSON","Prénom":"Carole","Liste":"Ensemble plus fort pour Jaunay Marigny","Sièges / Elu":"4","Sièges Secteur":0,"Sièges CC":0,"Voix":621,"% Voix/Ins":11.46,"% Voix/Exp":25},{"N.Pan.":2,"Code Nuance":"LDVG","Sexe":"F","Nom":"LAGRANDMAISON","Prénom":"Dany","Liste":"NOUVEL ELAN JAUNAY- MARIGNY","Sièges / Elu":"2","Sièges Secteur":0,"Sièges CC":0,"Voix":294,"% Voix/Ins":5.42,"% Voix/Exp":11.84},{"N.Pan.":3,"Code Nuance":"LDVD","Sexe":"M","Nom":"NEVEUX","Prénom":"Jérôme","Liste":"Unis pour Jaunay Marigny","Sièges / Elu":27,"Sièges CC":3,"Voix":1569,"% Voix/Ins":28.94,"% Voix/Exp":63.16}]},"population":{"F0-2":128.4128882775,"F3-5":138.310232808135,"F6-10":253.355986651994,"F11-17":364.87938855816,"F18-24":251.931377797958,"F25-39":763.82353028415,"F40-54":760.850762280834,"F55-64":461.612840550935,"F65-79":469.226427336942,"F80+":267.151488913392,"H0-2":117.322778572966,"H3-5":149.480477442872,"H6-10":261.385146631984,"H11-17":369.924737070209,"H18-24":414.797451885448,"H25-39":692.138996977931,"H40-54":785.24776409309,"H55-64":411.261936300006,"H65-79":463.734773066232,"H80+":139.151014499261},"Analyse":{"Votes décisifs":655,"tour décisif":1,"majeurs":5880.928363986179,"Non votants de 18-24":377.63186905654794}}