{"id":9169,"slug":"86-111-ingrandes","nom_standard":"Ingrandes","code_postal":"86","code_departement":"86","libelle_departement":"Vienne","code_commune":"111","Tour 1":{"Inscrits":1371,"Abstentions":530,"% Abs/Ins":38.66,"Votants":841,"% Vot/Ins":61.34,"Blancs":2,"% Blancs/Ins":0.15,"% Blancs/Vot":0.24,"Nuls":14,"% Nuls/Ins":1.02,"% Nuls/Vot":1.66,"Exprimés":825,"% Exp/Ins":60.18,"% Exp/Vot":98.1,"resultats":[{"N.Pan.":null,"Code Nuance":"LNC","Sexe":"M","Nom":"MICHAUD","Prénom":"Pierre","Liste":"PROCHE DE VOUS","Sièges / Elu":"3","Sièges Secteur":0,"Sièges CC":0,"Voix":268,"% Voix/Ins":19.55,"% Voix/Exp":32.48},{"N.Pan.":2,"Code Nuance":"LNC","Sexe":"F","Nom":"DE COURREGES","Prénom":"Bénédicte","Liste":"Continuons ensemble la dynamique","Sièges / Elu":"16","Sièges Secteur":0,"Sièges CC":1,"Voix":557,"% Voix/Ins":40.63,"% Voix/Exp":67.52}]},"population":{"F0-2":7.53567553084521,"F3-5":18.030825792356,"F6-10":57.2536793145462,"F11-17":97.5476612267769,"F18-24":44.5833249212408,"F25-39":122.054392785856,"F40-54":189.620519034856,"F55-64":127.41575234287,"F65-79":170.586308507395,"F80+":58.8190375414146,"H0-2":17.8626329965297,"H3-5":31.2056965570806,"H6-10":47.407305131763,"H11-17":87.7370001124191,"H18-24":49.4347347850725,"H25-39":113.930549686541,"H40-54":163.168138868136,"H55-64":127.404845505654,"H65-79":150.0381554879,"H80+":42.3637638707468},"Analyse":{"Votes décisifs":290,"tour décisif":1,"majeurs":1359.4195233376827,"Non votants de 18-24":35.85412513306491}}