{"id":9138,"slug":"86-17-ayron","nom_standard":"Ayron","code_postal":"86","code_departement":"86","libelle_departement":"Vienne","code_commune":"17","Tour 1":{"Inscrits":857,"Abstentions":484,"% Abs/Ins":56.48,"Votants":373,"% Vot/Ins":43.52,"Blancs":27,"% Blancs/Ins":3.15,"% Blancs/Vot":7.24,"Nuls":52,"% Nuls/Ins":6.07,"% Nuls/Vot":13.94,"Exprimés":294,"% Exp/Ins":34.31,"% Exp/Vot":78.82,"resultats":[{"N.Pan.":null,"Code Nuance":"LNC","Sexe":"F","Nom":"GUÉRIN","Prénom":"Fabienne","Liste":"BIEN VIVRE A AYRON","Sièges / Elu":"15","Sièges Secteur":0,"Sièges CC":1,"Voix":294,"% Voix/Ins":34.31,"% Voix/Exp":100}]},"population":{"F0-2":14.8241969224722,"F3-5":19.5932801209062,"F6-10":23.5045183829977,"F11-17":42.048905065444,"F18-24":36.7546106175856,"F25-39":90.845038532514,"F40-54":103.103494186376,"F55-64":76.2021909953218,"F65-79":75.3933559234408,"F80+":58.5648828492065,"H0-2":12.783370350944,"H3-5":21.6221211214677,"H6-10":41.8610597404733,"H11-17":57.711734399634,"H18-24":31.6006955062542,"H25-39":86.0781744863281,"H40-54":122.890575554508,"H55-64":77.1480745499567,"H65-79":65.2425220297841,"H80+":38.2271986643849},"Analyse":{"Votes décisifs":295,"tour décisif":1,"majeurs":862.0508138956608,"Non votants de 18-24":38.77870950887709}}