{"id":9141,"slug":"86-27-biard","nom_standard":"Biard","code_postal":"86","code_departement":"86","libelle_departement":"Vienne","code_commune":"27","Tour 1":{"Inscrits":1251,"Abstentions":561,"% Abs/Ins":44.84,"Votants":690,"% Vot/Ins":55.16,"Blancs":7,"% Blancs/Ins":0.56,"% Blancs/Vot":1.01,"Nuls":6,"% Nuls/Ins":0.48,"% Nuls/Vot":0.87,"Exprimés":677,"% Exp/Ins":54.12,"% Exp/Vot":98.12,"resultats":[{"N.Pan.":null,"Code Nuance":"LNC","Sexe":"M","Nom":"MORISSEAU","Prénom":"Gilles","Liste":"Vivre à Biard","Sièges / Elu":"16","Sièges Secteur":0,"Sièges CC":1,"Voix":463,"% Voix/Ins":37.01,"% Voix/Exp":68.39},{"N.Pan.":2,"Code Nuance":"LNC","Sexe":"M","Nom":"DURAND","Prénom":"Dominique","Liste":"BIARD ENSEMBLE","Sièges / Elu":"3","Sièges Secteur":0,"Sièges CC":0,"Voix":214,"% Voix/Ins":17.11,"% Voix/Exp":31.61}]},"population":{"F0-2":22.4456327660389,"F3-5":29.5417368051023,"F6-10":61.1571900068464,"F11-17":92.0008072586098,"F18-24":61.8635458244347,"F25-39":173.525358441258,"F40-54":202.117356220202,"F55-64":128.748420484613,"F65-79":152.935463219692,"F80+":59.7246898595595,"H0-2":27.4980319481289,"H3-5":17.7926057387804,"H6-10":59.3312962683503,"H11-17":105.298701526893,"H18-24":67.0153262094321,"H25-39":139.970120772236,"H40-54":178.71581029951,"H55-64":117.97727996991,"H65-79":140.24340917511,"H80+":22.0972172052932},"Analyse":{"Votes décisifs":250,"tour décisif":1,"majeurs":1444.9339976812503,"Non votants de 18-24":67.33528468242218}}