{"id":9197,"slug":"86-207-la-roche-posay","nom_standard":"La Roche-Posay","code_postal":"86","code_departement":"86","libelle_departement":"Vienne","code_commune":"207","Tour 1":{"Inscrits":1308,"Abstentions":452,"% Abs/Ins":34.56,"Votants":856,"% Vot/Ins":65.44,"Blancs":8,"% Blancs/Ins":0.61,"% Blancs/Vot":0.93,"Nuls":11,"% Nuls/Ins":0.84,"% Nuls/Vot":1.29,"Exprimés":837,"% Exp/Ins":63.99,"% Exp/Vot":97.78,"resultats":[{"N.Pan.":null,"Code Nuance":"LNC","Sexe":"F","Nom":"MOREAU","Prénom":"Pascale","Liste":"La Roche Posay : Agir près pour voir loin","Sièges / Elu":"3","Sièges Secteur":0,"Sièges CC":0,"Voix":320,"% Voix/Ins":24.46,"% Voix/Exp":38.23},{"N.Pan.":2,"Code Nuance":"LNC","Sexe":"M","Nom":"TARTARIN","Prénom":"Yannick","Liste":"DEMAIN LA ROCHE-POSAY","Sièges / Elu":"16","Sièges Secteur":0,"Sièges CC":1,"Voix":517,"% Voix/Ins":39.53,"% Voix/Exp":61.77}]},"population":{"F0-2":23.4145930107042,"F3-5":25.2367783605299,"F6-10":45.777315743955,"F11-17":56.6485384077877,"F18-24":37.9697362118476,"F25-39":92.6872650271376,"F40-54":136.250489577988,"F55-64":120.637384249436,"F65-79":219.040055563436,"F80+":113.033906561319,"H0-2":17.0668134257027,"H3-5":12.9939978548605,"H6-10":32.090825312507,"H11-17":68.8155286497397,"H18-24":25.7141561193244,"H25-39":103.918970443334,"H40-54":104.983337658916,"H55-64":103.459909385794,"H65-79":165.95437216286,"H80+":63.3060262728199},"Analyse":{"Votes décisifs":198,"tour décisif":1,"majeurs":1286.9556092342125,"Non votants de 18-24":21.325467965687643}}