{"id":9217,"slug":"86-272-thure","nom_standard":"Thuré","code_postal":"86","code_departement":"86","libelle_departement":"Vienne","code_commune":"272","Tour 1":{"Inscrits":2310,"Abstentions":1510,"% Abs/Ins":65.37,"Votants":800,"% Vot/Ins":34.63,"Blancs":29,"% Blancs/Ins":1.26,"% Blancs/Vot":3.63,"Nuls":60,"% Nuls/Ins":2.6,"% Nuls/Vot":7.5,"Exprimés":711,"% Exp/Ins":30.78,"% Exp/Vot":88.88,"resultats":[{"N.Pan.":null,"Code Nuance":"LNC","Sexe":"M","Nom":"CHAINE","Prénom":"Dominique","Liste":"BIEN VIVRE A THURE","Sièges / Elu":"23","Sièges Secteur":0,"Sièges CC":2,"Voix":711,"% Voix/Ins":30.78,"% Voix/Exp":100}]},"population":{"F0-2":36.8356999543163,"F3-5":43.5509623178343,"F6-10":95.9105199075545,"F11-17":128.473889042752,"F18-24":59.8557540736205,"F25-39":183.712016288561,"F40-54":304.311619819107,"F55-64":232.799078338322,"F65-79":245.160487168729,"F80+":105.256163258179,"H0-2":33.5165635176775,"H3-5":41.4671738479372,"H6-10":76.0104631237766,"H11-17":138.086062459031,"H18-24":91.3169526661455,"H25-39":191.058082139374,"H40-54":300.427511076421,"H55-64":233.528858590108,"H65-79":221.069691929819,"H80+":80.6524504807336},"Analyse":{"Votes décisifs":712,"tour décisif":1,"majeurs":2249.148665829119,"Non votants de 18-24":97.40206577271792}}