{"id":9201,"slug":"86-221-saint-genest-d-ambiere","nom_standard":"Saint-Genest-d'Ambière","code_postal":"86","code_departement":"86","libelle_departement":"Vienne","code_commune":"221","Tour 1":{"Inscrits":925,"Abstentions":557,"% Abs/Ins":60.22,"Votants":368,"% Vot/Ins":39.78,"Blancs":6,"% Blancs/Ins":0.65,"% Blancs/Vot":1.63,"Nuls":35,"% Nuls/Ins":3.78,"% Nuls/Vot":9.51,"Exprimés":327,"% Exp/Ins":35.35,"% Exp/Vot":88.86,"resultats":[{"N.Pan.":null,"Code Nuance":"LNC","Sexe":"M","Nom":"LECLERC","Prénom":"Pascal","Liste":"BIEN VIVRE ENSEMBLE A SAINT GENEST D'AMBIERE","Sièges / Elu":"15","Sièges Secteur":0,"Sièges CC":1,"Voix":327,"% Voix/Ins":35.35,"% Voix/Exp":100}]},"population":{"F0-2":17.661469104359,"F3-5":19.6834264216822,"F6-10":41.4494498132696,"F11-17":49.3507241473197,"F18-24":27.7037289429041,"F25-39":95.9821378943835,"F40-54":122.049640415486,"F55-64":91.9380863821364,"F65-79":87.1377304851524,"F80+":36.1737975243242,"H0-2":16.7938549407205,"H3-5":27.5838011467832,"H6-10":45.3263773616223,"H11-17":52.2684743815209,"H18-24":34.6554918875576,"H25-39":113.126996812112,"H40-54":131.154326071661,"H55-64":83.8502970648331,"H65-79":77.0486480444462,"H80+":26.0615411577258},"Analyse":{"Votes décisifs":328,"tour décisif":1,"majeurs":926.8824226827223,"Non votants de 18-24":37.60074801447087}}