{"id":9155,"slug":"86-68-chaunay","nom_standard":"Chaunay","code_postal":"86","code_departement":"86","libelle_departement":"Vienne","code_commune":"68","Tour 1":{"Inscrits":803,"Abstentions":480,"% Abs/Ins":59.78,"Votants":323,"% Vot/Ins":40.22,"Blancs":14,"% Blancs/Ins":1.74,"% Blancs/Vot":4.33,"Nuls":87,"% Nuls/Ins":10.83,"% Nuls/Vot":26.93,"Exprimés":222,"% Exp/Ins":27.65,"% Exp/Vot":68.73,"resultats":[{"N.Pan.":null,"Code Nuance":"LNC","Sexe":"M","Nom":"SAUVAITRE","Prénom":"Guy","Liste":"BIEN VIVRE A CHAUNAY","Sièges / Elu":"15","Sièges Secteur":0,"Sièges CC":2,"Voix":222,"% Voix/Ins":27.65,"% Voix/Exp":100}]},"population":{"F0-2":11.0100456767662,"F3-5":19.0238873290841,"F6-10":18.0272375700383,"F11-17":48.0580797726075,"F18-24":26.0620830980896,"F25-39":71.1496074466902,"F40-54":101.297393977836,"F55-64":91.4038745552017,"F65-79":114.508316791655,"F80+":105.423774241817,"H0-2":17.0227645141085,"H3-5":14.010935864741,"H6-10":27.0221067907049,"H11-17":41.0611718723315,"H18-24":35.116069683096,"H25-39":87.2640425729617,"H40-54":108.31497396403,"H55-64":100.415337245274,"H65-79":123.566330611824,"H80+":56.2419664211435},"Analyse":{"Votes décisifs":223,"tour décisif":1,"majeurs":1020.7637706096187,"Non votants de 18-24":41.81956667411639}}