{"id":861,"slug":"13-33-ensues-la-redonne","nom_standard":"Ensuès-la-Redonne","code_postal":"13","code_departement":"13","libelle_departement":"Bouches-du-Rhône","code_commune":"33","Tour 1":{"Inscrits":4910,"Abstentions":2363,"% Abs/Ins":48.13,"Votants":2547,"% Vot/Ins":51.87,"Blancs":37,"% Blancs/Ins":0.75,"% Blancs/Vot":1.45,"Nuls":31,"% Nuls/Ins":0.63,"% Nuls/Vot":1.22,"Exprimés":2479,"% Exp/Ins":50.49,"% Exp/Vot":97.33,"resultats":[{"N.Pan.":null,"Code Nuance":"LDVG","Sexe":"M","Nom":"ILLAC","Prénom":"Michel","Liste":"Michel ILLAC 2020-2026 POURSUIVONS ENSEMBLE","Sièges / Elu":"25","Sièges Secteur":0,"Sièges CC":1,"Voix":1697,"% Voix/Ins":34.56,"% Voix/Exp":68.46},{"N.Pan.":2,"Code Nuance":"LDVD","Sexe":"M","Nom":"LANNE","Prénom":"John","Liste":"PROVOQUONS L'AVENIR","Sièges / Elu":"4","Sièges Secteur":0,"Sièges CC":0,"Voix":782,"% Voix/Ins":15.93,"% Voix/Exp":31.54}]},"population":{"F0-2":90.7771438355875,"F3-5":94.5564359118892,"F6-10":179.098813625374,"F11-17":241.447322878993,"F18-24":134.900884585256,"F25-39":482.131277832282,"F40-54":686.154659878549,"F55-64":419.791827177139,"F65-79":465.177855846794,"F80+":133.069950440741,"H0-2":87.6612726960045,"H3-5":105.625064850116,"H6-10":161.777073841077,"H11-17":266.048614844723,"H18-24":162.048776752377,"H25-39":463.632024752729,"H40-54":600.078090260364,"H55-64":443.0337098961,"H65-79":408.413362830307,"H80+":113.575837263597},"Analyse":{"Votes décisifs":916,"tour décisif":1,"majeurs":4512.008257516236,"Non votants de 18-24":129.32346380862066}}