{"id":8612,"slug":"80-706-saint-leger-les-domart","nom_standard":"Saint-Léger-lès-Domart","code_postal":"80","code_departement":"80","libelle_departement":"Somme","code_commune":"706","Tour 1":{"Inscrits":1159,"Abstentions":713,"% Abs/Ins":61.52,"Votants":446,"% Vot/Ins":38.48,"Blancs":32,"% Blancs/Ins":2.76,"% Blancs/Vot":7.17,"Nuls":14,"% Nuls/Ins":1.21,"% Nuls/Vot":3.14,"Exprimés":400,"% Exp/Ins":34.51,"% Exp/Vot":89.69,"resultats":[{"N.Pan.":null,"Code Nuance":"LNC","Sexe":"M","Nom":"HENRY","Prénom":"Michel","Liste":"EXPERIENCE ET JEUNESSE, ENSEMBLE POUR SAINT LÉGER","Sièges / Elu":"19","Sièges Secteur":0,"Sièges CC":3,"Voix":400,"% Voix/Ins":34.51,"% Voix/Exp":100}]},"population":{"F0-2":28.9960702441152,"F3-5":25.4773144017462,"F6-10":59.9724010930324,"F11-17":96.8952899089139,"F18-24":73.3207499846488,"F25-39":166.619553797555,"F40-54":178.120948670952,"F55-64":117.347970191202,"F65-79":135.75809021983,"F80+":39.3859048400986,"H0-2":38.5528427628567,"H3-5":34.6909258649558,"H6-10":70.7150230218034,"H11-17":100.419449605371,"H18-24":69.2664919269569,"H25-39":181.579333131001,"H40-54":173.738262447884,"H55-64":103.786913385471,"H65-79":126.559286935784,"H80+":18.7971775658225},"Analyse":{"Votes décisifs":401,"tour décisif":1,"majeurs":1384.2806830972058,"Non votants de 18-24":96.64720195504836}}