{"id":8618,"slug":"80-724-saleux","nom_standard":"Saleux","code_postal":"80","code_departement":"80","libelle_departement":"Somme","code_commune":"724","Tour 1":{"Inscrits":2077,"Abstentions":1183,"% Abs/Ins":56.96,"Votants":894,"% Vot/Ins":43.04,"Blancs":12,"% Blancs/Ins":0.58,"% Blancs/Vot":1.34,"Nuls":23,"% Nuls/Ins":1.11,"% Nuls/Vot":2.57,"Exprimés":859,"% Exp/Ins":41.36,"% Exp/Vot":96.09,"resultats":[{"N.Pan.":null,"Code Nuance":"LNC","Sexe":"M","Nom":"DEMARQUET","Prénom":"Alain","Liste":"AGIR ENSEMBLE","Sièges / Elu":"3","Sièges Secteur":0,"Sièges CC":0,"Voix":233,"% Voix/Ins":11.22,"% Voix/Exp":27.12},{"N.Pan.":2,"Code Nuance":"LNC","Sexe":"F","Nom":"RAMBOUR","Prénom":"Isabelle","Liste":"TOUS UNIS POUR UN VILLAGE SEREIN","Sièges / Elu":"20","Sièges Secteur":0,"Sièges CC":2,"Voix":626,"% Voix/Ins":30.14,"% Voix/Exp":72.88}]},"population":{"F0-2":38.3719772157397,"F3-5":43.3600199365273,"F6-10":87.3767035752722,"F11-17":129.502349643535,"F18-24":123.506096024514,"F25-39":234.854091241373,"F40-54":303.400214874765,"F55-64":184.507749830209,"F65-79":239.333819034804,"F80+":78.7634145052211,"H0-2":45.2837128960835,"H3-5":46.2039499639399,"H6-10":88.2157665125962,"H11-17":119.933646633774,"H18-24":100.953435145471,"H25-39":248.94703842413,"H40-54":262.705001378802,"H55-64":166.883201147419,"H65-79":200.664330379142,"H80+":44.2334816366836},"Analyse":{"Votes décisifs":394,"tour décisif":1,"majeurs":2188.751873622534,"Non votants de 18-24":132.77859497786682}}