{"id":8628,"slug":"81-21-aussillon","nom_standard":"Aussillon","code_postal":"81","code_departement":"81","libelle_departement":"Tarn","code_commune":"21","Tour 1":{"Inscrits":4310,"Abstentions":2397,"% Abs/Ins":55.61,"Votants":1913,"% Vot/Ins":44.39,"Blancs":12,"% Blancs/Ins":0.28,"% Blancs/Vot":0.63,"Nuls":35,"% Nuls/Ins":0.81,"% Nuls/Vot":1.83,"Exprimés":1866,"% Exp/Ins":43.29,"% Exp/Vot":97.54,"resultats":[{"N.Pan.":null,"Code Nuance":"LDVG","Sexe":"M","Nom":"CABRAL","Prénom":"Fabrice","Liste":"AUSSILLON ENSEMBLE","Sièges / Elu":"25","Sièges Secteur":0,"Sièges CC":4,"Voix":1313,"% Voix/Ins":30.46,"% Voix/Exp":70.36},{"N.Pan.":2,"Code Nuance":"LDVD","Sexe":"M","Nom":"PETIT","Prénom":"Dominique","Liste":"AUSSILLON AUTREMENT","Sièges / Elu":"4","Sièges Secteur":0,"Sièges CC":0,"Voix":553,"% Voix/Ins":12.83,"% Voix/Exp":29.64}]},"population":{"F0-2":68.2841150531938,"F3-5":83.9634285658033,"F6-10":134.374893258071,"F11-17":216.295328757749,"F18-24":148.317232697685,"F25-39":330.178455914384,"F40-54":491.539770795921,"F55-64":467.784239321082,"F65-79":685.653588473955,"F80+":439.552784606133,"H0-2":65.29578157109,"H3-5":89.9945048910956,"H6-10":154.805035605912,"H11-17":211.444566730491,"H18-24":169.194547610091,"H25-39":327.089644428612,"H40-54":444.593662133318,"H55-64":408.676332020996,"H65-79":562.166109178591,"H80+":295.795978385826},"Analyse":{"Votes décisifs":761,"tour décisif":1,"majeurs":4770.542345566594,"Non votants de 18-24":190.18872315196853}}