{"id":864,"slug":"13-36-eyragues","nom_standard":"Eyragues","code_postal":"13","code_departement":"13","libelle_departement":"Bouches-du-Rhône","code_commune":"36","Tour 1":{"Inscrits":3511,"Abstentions":1427,"% Abs/Ins":40.64,"Votants":2084,"% Vot/Ins":59.36,"Blancs":30,"% Blancs/Ins":0.85,"% Blancs/Vot":1.44,"Nuls":30,"% Nuls/Ins":0.85,"% Nuls/Vot":1.44,"Exprimés":2024,"% Exp/Ins":57.65,"% Exp/Vot":97.12,"resultats":[{"N.Pan.":null,"Code Nuance":"LDVD","Sexe":"M","Nom":"GILLES","Prénom":"Max","Liste":"LISTE RÉPUBLICAINE D'UNION POUR LE PROGRÈS ET LA DÉFENSE DES INTÉRÊTS EYRAGUAIS","Sièges / Elu":"22","Sièges Secteur":0,"Sièges CC":2,"Voix":1292,"% Voix/Ins":36.8,"% Voix/Exp":63.83},{"N.Pan.":2,"Code Nuance":"LDVD","Sexe":"M","Nom":"DELABRE","Prénom":"Eric","Liste":"EYRAGUES ENSEMBLE","Sièges / Elu":"5","Sièges Secteur":0,"Sièges CC":1,"Voix":732,"% Voix/Ins":20.85,"% Voix/Exp":36.17}]},"population":{"F0-2":53.7476120450416,"F3-5":55.9123294826548,"F6-10":99.4886240434966,"F11-17":178.259773486642,"F18-24":133.737954610932,"F25-39":315.987793415705,"F40-54":467.155651560786,"F55-64":327.20125631933,"F65-79":438.384426279993,"F80+":219.323664706276,"H0-2":69.6932928441698,"H3-5":57.2719581557928,"H6-10":119.86872558136,"H11-17":216.725923000322,"H18-24":134.322646327247,"H25-39":299.203676909405,"H40-54":433.158645901757,"H55-64":302.851811850476,"H65-79":386.33617689978,"H80+":112.368056578834},"Analyse":{"Votes décisifs":561,"tour décisif":1,"majeurs":3570.0317613605216,"Non votants de 18-24":111.58067871410594}}