{"id":8645,"slug":"81-74-cunac","nom_standard":"Cunac","code_postal":"81","code_departement":"81","libelle_departement":"Tarn","code_commune":"74","Tour 1":{"Inscrits":1305,"Abstentions":508,"% Abs/Ins":38.93,"Votants":797,"% Vot/Ins":61.07,"Blancs":12,"% Blancs/Ins":0.92,"% Blancs/Vot":1.51,"Nuls":18,"% Nuls/Ins":1.38,"% Nuls/Vot":2.26,"Exprimés":767,"% Exp/Ins":58.77,"% Exp/Vot":96.24,"resultats":[{"N.Pan.":null,"Code Nuance":"LNC","Sexe":"F","Nom":"DESHAIES-GALINIÉ","Prénom":"Delphine","Liste":"ENSEMBLE, POURSUIVONS POUR CUNAC","Sièges / Elu":"4","Sièges Secteur":0,"Sièges CC":0,"Voix":365,"% Voix/Ins":27.97,"% Voix/Exp":47.59},{"N.Pan.":2,"Code Nuance":"LNC","Sexe":"M","Nom":"VENZAL","Prénom":"Marc","Liste":"AGIR POUR LE RENOUVEAU DE CUNAC","Sièges / Elu":"15","Sièges Secteur":0,"Sièges CC":1,"Voix":402,"% Voix/Ins":30.8,"% Voix/Exp":52.41}]},"population":{"F0-2":23.6418327912959,"F3-5":16.3915496937531,"F6-10":36.5534110687492,"F11-17":77.78657563907,"F18-24":33.7968895022164,"F25-39":115.620284268697,"F40-54":186.533414175645,"F55-64":129.331104037755,"F65-79":132.525678910226,"F80+":43.5174277144858,"H0-2":20.7503889561966,"H3-5":21.6040097888943,"H6-10":64.8592951780014,"H11-17":85.7452020626268,"H18-24":68.0581190247493,"H25-39":112.40549908553,"H40-54":148.366505575585,"H55-64":118.486532285341,"H65-79":144.772688309446,"H80+":33.2535919317369},"Analyse":{"Votes décisifs":38,"tour décisif":1,"majeurs":1266.6677348214134,"Non votants de 18-24":37.76681904810687}}