{"id":8647,"slug":"81-81-dourgne","nom_standard":"Dourgne","code_postal":"81","code_departement":"81","libelle_departement":"Tarn","code_commune":"81","Tour 1":{"Inscrits":944,"Abstentions":465,"% Abs/Ins":49.26,"Votants":479,"% Vot/Ins":50.74,"Blancs":37,"% Blancs/Ins":3.92,"% Blancs/Vot":7.72,"Nuls":105,"% Nuls/Ins":11.12,"% Nuls/Vot":21.92,"Exprimés":337,"% Exp/Ins":35.7,"% Exp/Vot":70.35,"resultats":[{"N.Pan.":null,"Code Nuance":"LNC","Sexe":"F","Nom":"COUGNAUD","Prénom":"Dominique","Liste":"ENSEMBLE OSONS POUR DOURGNE","Sièges / Elu":"15","Sièges Secteur":0,"Sièges CC":2,"Voix":337,"% Voix/Ins":35.7,"% Voix/Exp":100}]},"population":{"F0-2":8.62410125012355,"F3-5":14.3750835590338,"F6-10":29.6029740751291,"F11-17":49.4978559989552,"F18-24":41.1812685991832,"F25-39":80.7114023742072,"F40-54":134.343987722165,"F55-64":82.8606762562142,"F65-79":141.12713503922,"F80+":115.462037740861,"H0-2":17.2203639884087,"H3-5":15.4264901122868,"H6-10":26.7925461324244,"H11-17":45.8358996042139,"H18-24":41.2930143154017,"H25-39":81.9969466470352,"H40-54":125.32368795637,"H55-64":95.0251336390817,"H65-79":91.7942864022411,"H80+":68.5051085874444},"Analyse":{"Votes décisifs":338,"tour décisif":1,"majeurs":1099.6246852794247,"Non votants de 18-24":46.54822373735978}}