{"id":8669,"slug":"81-171-montans","nom_standard":"Montans","code_postal":"81","code_departement":"81","libelle_departement":"Tarn","code_commune":"171","Tour 1":{"Inscrits":1187,"Abstentions":621,"% Abs/Ins":52.32,"Votants":566,"% Vot/Ins":47.68,"Blancs":11,"% Blancs/Ins":0.93,"% Blancs/Vot":1.94,"Nuls":37,"% Nuls/Ins":3.12,"% Nuls/Vot":6.54,"Exprimés":518,"% Exp/Ins":43.64,"% Exp/Vot":91.52,"resultats":[{"N.Pan.":null,"Code Nuance":"LNC","Sexe":"M","Nom":"CROUZET","Prénom":"Gilles","Liste":"Montans, avenir et traditions","Sièges / Elu":"15","Sièges Secteur":0,"Sièges CC":1,"Voix":518,"% Voix/Ins":43.64,"% Voix/Exp":100}]},"population":{"F0-2":29.4215092547932,"F3-5":21.3219995600482,"F6-10":42.6343751643835,"F11-17":80.1960179266858,"F18-24":40.5670474879773,"F25-39":147.071295486288,"F40-54":167.327001459097,"F55-64":91.1813891753049,"F65-79":73.9299880707826,"F80+":48.6079041270034,"H0-2":20.2963301699669,"H3-5":33.4910262744252,"H6-10":63.9467530303241,"H11-17":91.3607635544169,"H18-24":47.6225285826093,"H25-39":139.873246835246,"H40-54":162.210251986968,"H55-64":103.307530146295,"H65-79":91.1450210267594,"H80+":38.4880206806245},"Analyse":{"Votes décisifs":519,"tour décisif":1,"majeurs":1151.3312250649553,"Non votants de 18-24":44.83515384240816}}