{"id":8672,"slug":"81-209-pont-de-larn","nom_standard":"Pont-de-Larn","code_postal":"81","code_departement":"81","libelle_departement":"Tarn","code_commune":"209","Tour 1":{"Inscrits":2293,"Abstentions":1401,"% Abs/Ins":61.1,"Votants":892,"% Vot/Ins":38.9,"Blancs":22,"% Blancs/Ins":0.96,"% Blancs/Vot":2.47,"Nuls":57,"% Nuls/Ins":2.49,"% Nuls/Vot":6.39,"Exprimés":813,"% Exp/Ins":35.46,"% Exp/Vot":91.14,"resultats":[{"N.Pan.":null,"Code Nuance":"LNC","Sexe":"M","Nom":"CARAYOL","Prénom":"Christian","Liste":"Notre Commune : Un Avenir Commun","Sièges / Elu":"23","Sièges Secteur":0,"Sièges CC":2,"Voix":813,"% Voix/Ins":35.46,"% Voix/Exp":100}]},"population":{"F0-2":45.1392209092577,"F3-5":38.2472750584662,"F6-10":63.6803783851311,"F11-17":109.921508168776,"F18-24":50.0219008195155,"F25-39":196.239164853472,"F40-54":311.98198064867,"F55-64":252.481220910121,"F65-79":241.350627923163,"F80+":139.809120172288,"H0-2":29.6754691262745,"H3-5":40.8714597020221,"H6-10":68.3421844492035,"H11-17":110.326988829965,"H18-24":63.2232960915387,"H25-39":179.505883424098,"H40-54":275.221303018019,"H55-64":241.790319537275,"H65-79":220.650487830745,"H80+":102.520210142001},"Analyse":{"Votes décisifs":814,"tour décisif":1,"majeurs":2274.795515370906,"Non votants de 18-24":68.83913273425284}}