{"id":8678,"slug":"81-227-roquecourbe","nom_standard":"Roquecourbe","code_postal":"81","code_departement":"81","libelle_departement":"Tarn","code_commune":"227","Tour 1":{"Inscrits":1773,"Abstentions":771,"% Abs/Ins":43.49,"Votants":1002,"% Vot/Ins":56.51,"Blancs":19,"% Blancs/Ins":1.07,"% Blancs/Vot":1.9,"Nuls":30,"% Nuls/Ins":1.69,"% Nuls/Vot":2.99,"Exprimés":953,"% Exp/Ins":53.75,"% Exp/Vot":95.11,"resultats":[{"N.Pan.":null,"Code Nuance":"LNC","Sexe":"M","Nom":"MEUNIER","Prénom":"Roger","Liste":"ROQUECOURBE AUTREMENT \"AGISSONS ENSEMBLE\"","Sièges / Elu":"3","Sièges Secteur":0,"Sièges CC":1,"Voix":364,"% Voix/Ins":20.53,"% Voix/Exp":38.2},{"N.Pan.":2,"Code Nuance":"LNC","Sexe":"M","Nom":"PETIT","Prénom":"Michel","Liste":"le bon sens pour l'avenir de roquecourbe","Sièges / Elu":"16","Sièges Secteur":0,"Sièges CC":4,"Voix":589,"% Voix/Ins":33.22,"% Voix/Exp":61.8}]},"population":{"F0-2":23.6883924110526,"F3-5":25.7327410717513,"F6-10":43.2915902797753,"F11-17":82.5028638423517,"F18-24":45.4267960438025,"F25-39":148.623295261907,"F40-54":214.445603800487,"F55-64":182.705168460229,"F65-79":212.835456592982,"F80+":127.549716686408,"H0-2":30.7574049688393,"H3-5":25.7844896217641,"H6-10":54.6699336992045,"H11-17":92.6646190436217,"H18-24":68.4196506089224,"H25-39":134.224143410752,"H40-54":218.00977592311,"H55-64":179.82054623903,"H65-79":193.801209256539,"H80+":80.0466027774714},"Analyse":{"Votes décisifs":226,"tour décisif":1,"majeurs":1805.9079650616404,"Non votants de 18-24":50.67925222588338}}