{"id":8697,"slug":"81-325-viviers-les-montagnes","nom_standard":"Viviers-lès-Montagnes","code_postal":"81","code_departement":"81","libelle_departement":"Tarn","code_commune":"325","Tour 1":{"Inscrits":1514,"Abstentions":668,"% Abs/Ins":44.12,"Votants":846,"% Vot/Ins":55.88,"Blancs":16,"% Blancs/Ins":1.06,"% Blancs/Vot":1.89,"Nuls":16,"% Nuls/Ins":1.06,"% Nuls/Vot":1.89,"Exprimés":814,"% Exp/Ins":53.76,"% Exp/Vot":96.22,"resultats":[{"N.Pan.":null,"Code Nuance":"LNC","Sexe":"M","Nom":"HOULÈS","Prénom":"Didier","Liste":"ENVIE DE VIVIERS AUTREMENT","Sièges / Elu":"0","Sièges Secteur":0,"Sièges CC":0,"Voix":168,"% Voix/Ins":11.1,"% Voix/Exp":20.64},{"N.Pan.":2,"Code Nuance":"LNC","Sexe":"M","Nom":"VEUILLET","Prénom":"Alain","Liste":"VIVIERS AU COEUR","Sièges / Elu":"0","Sièges Secteur":0,"Sièges CC":0,"Voix":344,"% Voix/Ins":22.72,"% Voix/Exp":42.26},{"N.Pan.":3,"Code Nuance":"LNC","Sexe":"F","Nom":"BARBERI","Prénom":"Françoise","Liste":"VIVIERS, ENSEMBLE","Sièges / Elu":0,"Sièges CC":0,"Voix":302,"% Voix/Ins":19.95,"% Voix/Exp":37.1}]},"Tour 2":{"Inscrits":1510,"Abstentions":653,"% Abs/Ins":43.25,"Votants":857,"% Vot/Ins":56.75,"Blancs":19,"% Blancs/Ins":1.26,"% Blancs/Vot":2.22,"Nuls":26,"% Nuls/Ins":1.72,"% Nuls/Vot":3.03,"Exprimés":812,"% Exp/Ins":53.77,"% Exp/Vot":94.75,"resultats":[{"N.Pan.":2,"Code Nuance":"LNC","Sexe":"M","Nom":"VEUILLET","Prénom":"Alain","Liste":"VIVIERS AU COEUR","Sièges / Elu":15,"Sièges Secteur":0,"Sièges CC":2,"Voix":423,"% Voix/Ins":28.01,"% Voix/Exp":52.09},{"N.Pan.":3,"Code Nuance":"LNC","Sexe":"F","Nom":"BARBERI","Prénom":"Françoise","Liste":"VIVIERS, ENSEMBLE","Sièges / Elu":4,"Sièges Secteur":0,"Sièges CC":1,"Voix":389,"% Voix/Ins":25.76,"% Voix/Exp":47.91}]},"population":{"F0-2":33.7140917599956,"F3-5":40.4376677547467,"F6-10":47.1865501148529,"F11-17":106.938536078536,"F18-24":41.8359514465005,"F25-39":169.670053378942,"F40-54":202.35932871727,"F55-64":126.1563790539,"F65-79":176.479835222779,"F80+":39.6591142575805,"H0-2":36.2202819905075,"H3-5":46.7983855887215,"H6-10":85.2939309743833,"H11-17":77.3719604081169,"H18-24":42.621636260852,"H25-39":160.084421400304,"H40-54":209.254487624421,"H55-64":140.662337049793,"H65-79":157.952394326687,"H80+":35.3026565911114},"Analyse":{"Votes décisifs":34,"tour décisif":2,"majeurs":1502.0385953301404,"Non votants de 18-24":36.26964307648081}}