{"id":8699,"slug":"82-5-aucamville","nom_standard":"Aucamville","code_postal":"82","code_departement":"82","libelle_departement":"Tarn-et-Garonne","code_commune":"5","Tour 1":{"Inscrits":1009,"Abstentions":304,"% Abs/Ins":30.13,"Votants":705,"% Vot/Ins":69.87,"Blancs":15,"% Blancs/Ins":1.49,"% Blancs/Vot":2.13,"Nuls":12,"% Nuls/Ins":1.19,"% Nuls/Vot":1.7,"Exprimés":678,"% Exp/Ins":67.2,"% Exp/Vot":96.17,"resultats":[{"N.Pan.":null,"Code Nuance":"LNC","Sexe":"M","Nom":"FRAYSSE","Prénom":"Eric","Liste":"VIVRE et AVANCER ENSEMBLE à AUCAMVILLE","Sièges / Elu":"13","Sièges Secteur":0,"Sièges CC":2,"Voix":425,"% Voix/Ins":42.12,"% Voix/Exp":62.68},{"N.Pan.":2,"Code Nuance":"LNC","Sexe":"F","Nom":"DARGASSIES","Prénom":"Monique","Liste":"A L'ECOUTE DE NOTRE VILLAGE","Sièges / Elu":"2","Sièges Secteur":0,"Sièges CC":0,"Voix":253,"% Voix/Ins":25.07,"% Voix/Exp":37.32}]},"population":{"F0-2":43.0341034400493,"F3-5":46.2799527575238,"F6-10":55.8028067988246,"F11-17":68.5158380055407,"F18-24":32.8727485486688,"F25-39":190.361616253403,"F40-54":148.065391885697,"F55-64":72.6023153251839,"F65-79":68.322755816499,"F80+":33.9739133680591,"H0-2":40.9241691918139,"H3-5":56.7998005282512,"H6-10":67.7465758946613,"H11-17":70.9015437591424,"H18-24":40.4199933820177,"H25-39":172.761184213565,"H40-54":171.958374006665,"H55-64":69.7601342427625,"H65-79":59.158557283848,"H80+":20.7382252978245},"Analyse":{"Votes décisifs":173,"tour décisif":1,"majeurs":1080.9952096241934,"Non votants de 18-24":25.492915806482422}}