{"id":9269,"slug":"87-117-peyrat-le-chateau","nom_standard":"Peyrat-le-Château","code_postal":"87","code_departement":"87","libelle_departement":"Haute-Vienne","code_commune":"117","Tour 1":{"Inscrits":739,"Abstentions":202,"% Abs/Ins":27.33,"Votants":537,"% Vot/Ins":72.67,"Blancs":6,"% Blancs/Ins":0.81,"% Blancs/Vot":1.12,"Nuls":24,"% Nuls/Ins":3.25,"% Nuls/Vot":4.47,"Exprimés":507,"% Exp/Ins":68.61,"% Exp/Vot":94.41,"resultats":[{"N.Pan.":null,"Code Nuance":"LNC","Sexe":"M","Nom":"BAUDEMONT","Prénom":"Dominique","Liste":"PEYRAT LE CHATEAU 20.26","Sièges / Elu":"12","Sièges Secteur":0,"Sièges CC":5,"Voix":315,"% Voix/Ins":42.63,"% Voix/Exp":62.13},{"N.Pan.":2,"Code Nuance":"LNC","Sexe":"M","Nom":"CAMBOU","Prénom":"Stéphane","Liste":"PEYRAT LE CHATEAU, NATURE ET SOLIDARITE","Sièges / Elu":"3","Sièges Secteur":0,"Sièges CC":1,"Voix":192,"% Voix/Ins":25.98,"% Voix/Exp":37.87}]},"population":{"F0-2":16.8692154689574,"F3-5":8.56815527283719,"F6-10":29.0372419020551,"F11-17":35.999851827793,"F18-24":18.0962541507776,"F25-39":55.4930039339111,"F40-54":100.512830800009,"F55-64":85.6157307247307,"F65-79":101.810257649451,"F80+":49.1137536722901,"H0-2":9.49581504981505,"H3-5":8.46822164445465,"H6-10":21.3978133633062,"H11-17":29.7899561055955,"H18-24":30.9778162528827,"H25-39":105.575907787095,"H40-54":100.781064923956,"H55-64":79.8624015936732,"H65-79":104.125311995188,"H80+":37.4093958812212},"Analyse":{"Votes décisifs":124,"tour décisif":1,"majeurs":869.3737293651857,"Non votants de 18-24":18.761703102191106}}