{"id":9281,"slug":"87-156-saint-just-le-martel","nom_standard":"Saint-Just-le-Martel","code_postal":"87","code_departement":"87","libelle_departement":"Haute-Vienne","code_commune":"156","Tour 1":{"Inscrits":1978,"Abstentions":953,"% Abs/Ins":48.18,"Votants":1025,"% Vot/Ins":51.82,"Blancs":13,"% Blancs/Ins":0.66,"% Blancs/Vot":1.27,"Nuls":43,"% Nuls/Ins":2.17,"% Nuls/Vot":4.2,"Exprimés":969,"% Exp/Ins":48.99,"% Exp/Vot":94.54,"resultats":[{"N.Pan.":null,"Code Nuance":"LNC","Sexe":"M","Nom":"GAILLARD","Prénom":"André","Liste":"SAINT JUST ALTERNANCE","Sièges / Elu":"3","Sièges Secteur":0,"Sièges CC":0,"Voix":296,"% Voix/Ins":14.96,"% Voix/Exp":30.55},{"N.Pan.":2,"Code Nuance":"LNC","Sexe":"M","Nom":"GARESTIER","Prénom":"Joel","Liste":"MARTELLOIS-ES, PARTAGEONS DEMAIN","Sièges / Elu":"20","Sièges Secteur":0,"Sièges CC":1,"Voix":673,"% Voix/Ins":34.02,"% Voix/Exp":69.45}]},"population":{"F0-2":41.0123546916229,"F3-5":60.0972321740125,"F6-10":87.9631033172854,"F11-17":156.065605471196,"F18-24":62.1847845714066,"F25-39":218.333657591144,"F40-54":342.540175562834,"F55-64":161.979976630711,"F65-79":169.405687027607,"F80+":56.2768887970809,"H0-2":41.004727161435,"H3-5":49.0706424857401,"H6-10":88.8029964408615,"H11-17":171.000742085537,"H18-24":58.3045363550414,"H25-39":183.425071101873,"H40-54":354.517525856551,"H55-64":163.693913041497,"H65-79":185.542277820494,"H80+":41.7781018160696},"Analyse":{"Votes décisifs":378,"tour décisif":1,"majeurs":1997.98259617231,"Non votants de 18-24":58.67619293113378}}