{"id":9284,"slug":"87-168-saint-mathieu","nom_standard":"Saint-Mathieu","code_postal":"87","code_departement":"87","libelle_departement":"Haute-Vienne","code_commune":"168","Tour 1":{"Inscrits":765,"Abstentions":216,"% Abs/Ins":28.24,"Votants":549,"% Vot/Ins":71.76,"Blancs":15,"% Blancs/Ins":1.96,"% Blancs/Vot":2.73,"Nuls":32,"% Nuls/Ins":4.18,"% Nuls/Vot":5.83,"Exprimés":502,"% Exp/Ins":65.62,"% Exp/Vot":91.44,"resultats":[{"N.Pan.":null,"Code Nuance":"LNC","Sexe":"F","Nom":"VARACHAUD","Prénom":"Agnès","Liste":"AVENIR MATHUSEEN","Sièges / Elu":"12","Sièges Secteur":0,"Sièges CC":2,"Voix":279,"% Voix/Ins":36.47,"% Voix/Exp":55.58},{"N.Pan.":2,"Code Nuance":"LNC","Sexe":"M","Nom":"VIROULET","Prénom":"Albert","Liste":"SAINT-MATHIEU... AUTREMENT","Sièges / Elu":"3","Sièges Secteur":0,"Sièges CC":1,"Voix":223,"% Voix/Ins":29.15,"% Voix/Exp":44.42}]},"population":{"F0-2":10.7788879007549,"F3-5":17.6613037501769,"F6-10":16.6107530386083,"F11-17":24.4664114600339,"F18-24":20.9020989232586,"F25-39":60.1246593747877,"F40-54":102.348712558709,"F55-64":108.577847966613,"F65-79":119.953284650284,"F80+":67.7835777521247,"H0-2":8.8002132155126,"H3-5":8.75599551251393,"H6-10":25.2019375245057,"H11-17":33.3876790148835,"H18-24":16.8544841575682,"H25-39":66.5178390380498,"H40-54":87.3574415724131,"H55-64":101.52972383593,"H65-79":134.976974083436,"H80+":44.410174669835},"Analyse":{"Votes décisifs":57,"tour décisif":1,"majeurs":931.3368185830091,"Non votants de 18-24":15.50001199099136}}