{"id":9263,"slug":"87-107-nieul","nom_standard":"Nieul","code_postal":"87","code_departement":"87","libelle_departement":"Haute-Vienne","code_commune":"107","Tour 1":{"Inscrits":1211,"Abstentions":763,"% Abs/Ins":63.01,"Votants":448,"% Vot/Ins":36.99,"Blancs":21,"% Blancs/Ins":1.73,"% Blancs/Vot":4.69,"Nuls":60,"% Nuls/Ins":4.95,"% Nuls/Vot":13.39,"Exprimés":367,"% Exp/Ins":30.31,"% Exp/Vot":81.92,"resultats":[{"N.Pan.":null,"Code Nuance":"LNC","Sexe":"F","Nom":"TRICARD","Prénom":"Béatrice","Liste":"ENSEMBLE POUR NIEUL","Sièges / Elu":"19","Sièges Secteur":0,"Sièges CC":2,"Voix":367,"% Voix/Ins":30.31,"% Voix/Exp":100}]},"population":{"F0-2":14.9548124965259,"F3-5":24.2623432620216,"F6-10":51.3062739302381,"F11-17":59.2577179674478,"F18-24":38.3678051026418,"F25-39":127.345732266236,"F40-54":181.13951006814,"F55-64":99.5501284649371,"F65-79":157.862024375729,"F80+":96.9618358929507,"H0-2":16.2027667610166,"H3-5":31.2263329612849,"H6-10":61.0807446410164,"H11-17":57.3652967636515,"H18-24":51.9277042783063,"H25-39":123.297592820255,"H40-54":170.592607779078,"H55-64":99.2296342289046,"H65-79":122.950847062292,"H80+":44.1182888773254},"Analyse":{"Votes décisifs":368,"tour décisif":1,"majeurs":1313.343711216796,"Non votants de 18-24":59.49444195497617}}