{"id":9275,"slug":"87-128-saint-pardoux-le-lac","nom_standard":"Saint-Pardoux-le-Lac","code_postal":"87","code_departement":"87","libelle_departement":"Haute-Vienne","code_commune":"128","Tour 1":{"Inscrits":1049,"Abstentions":288,"% Abs/Ins":27.45,"Votants":761,"% Vot/Ins":72.55,"Blancs":17,"% Blancs/Ins":1.62,"% Blancs/Vot":2.23,"Nuls":28,"% Nuls/Ins":2.67,"% Nuls/Vot":3.68,"Exprimés":716,"% Exp/Ins":68.26,"% Exp/Vot":94.09,"resultats":[{"N.Pan.":null,"Code Nuance":"LNC","Sexe":"M","Nom":"PEYRESBLANQUES","Prénom":"Vincent","Liste":"GENERATIONS SAINT PARDOUX LE LAC CHABATZ D'ENTRAR","Sièges / Elu":"15","Sièges Secteur":0,"Sièges CC":6,"Voix":369,"% Voix/Ins":35.18,"% Voix/Exp":51.54},{"N.Pan.":2,"Code Nuance":"LNC","Sexe":"M","Nom":"GRAPY","Prénom":"Michel","Liste":"AGIR ENSEMBLE A SAINT-PARDOUX-LE-LAC","Sièges / Elu":"4","Sièges Secteur":0,"Sièges CC":1,"Voix":347,"% Voix/Ins":33.08,"% Voix/Exp":48.46}]},"population":{"F0-2":17.8741007167454,"F3-5":17.2215597578688,"F6-10":41.735626765794,"F11-17":54.2047248256796,"F18-24":29.0712178069139,"F25-39":111.101843070131,"F40-54":140.378190641005,"F55-64":90.4031816478924,"F65-79":97.9544287152439,"F80+":50.3017348526442,"H0-2":26.302016890359,"H3-5":27.7137301896266,"H6-10":35.6048205513515,"H11-17":52.686573952101,"H18-24":20.7762717160244,"H25-39":117.581447843763,"H40-54":150.66049507106,"H55-64":106.471851915982,"H65-79":107.368462202654,"H80+":34.5877208671589},"Analyse":{"Votes décisifs":23,"tour décisif":1,"majeurs":1056.6568463504727,"Non votants de 18-24":13.947528567805199}}