{"id":9289,"slug":"87-182-saint-sulpice-les-feuilles","nom_standard":"Saint-Sulpice-les-Feuilles","code_postal":"87","code_departement":"87","libelle_departement":"Haute-Vienne","code_commune":"182","Tour 1":{"Inscrits":1008,"Abstentions":384,"% Abs/Ins":38.1,"Votants":624,"% Vot/Ins":61.9,"Blancs":7,"% Blancs/Ins":0.69,"% Blancs/Vot":1.12,"Nuls":25,"% Nuls/Ins":2.48,"% Nuls/Vot":4.01,"Exprimés":592,"% Exp/Ins":58.73,"% Exp/Vot":94.87,"resultats":[{"N.Pan.":null,"Code Nuance":"LNC","Sexe":"F","Nom":"PEYRAT","Prénom":"Marie-Christine","Liste":"SAINT SULPICE C'EST VOUS !","Sièges / Elu":"2","Sièges Secteur":0,"Sièges CC":0,"Voix":202,"% Voix/Ins":20.04,"% Voix/Exp":34.12},{"N.Pan.":2,"Code Nuance":"LNC","Sexe":"M","Nom":"JOUANNY","Prénom":"Alain","Liste":"SAINT SULPICE TERRE D'AVENIR","Sièges / Elu":"13","Sièges Secteur":0,"Sièges CC":2,"Voix":390,"% Voix/Ins":38.69,"% Voix/Exp":65.88}]},"population":{"F0-2":12.8224259527471,"F3-5":15.7900318196193,"F6-10":33.5047693632894,"F11-17":36.6324733016929,"F18-24":15.9525813386206,"F25-39":68.6482911300926,"F40-54":99.9991463992694,"F55-64":91.7785656427712,"F65-79":168.607866072211,"F80+":99.9671220499974,"H0-2":9.95611687859285,"H3-5":14.8365535715591,"H6-10":21.7062634020442,"H11-17":37.5775621697948,"H18-24":19.9361264041802,"H25-39":74.02049355703,"H40-54":103.07783914253,"H55-64":85.5460779220978,"H65-79":137.151955291389,"H80+":58.4877385904712},"Analyse":{"Votes décisifs":189,"tour décisif":1,"majeurs":1023.1738035406604,"Non votants de 18-24":14.001367044659334}}