{"id":9229,"slug":"87-5-aureil","nom_standard":"Aureil","code_postal":"87","code_departement":"87","libelle_departement":"Haute-Vienne","code_commune":"5","Tour 1":{"Inscrits":819,"Abstentions":451,"% Abs/Ins":55.07,"Votants":368,"% Vot/Ins":44.93,"Blancs":14,"% Blancs/Ins":1.71,"% Blancs/Vot":3.8,"Nuls":50,"% Nuls/Ins":6.11,"% Nuls/Vot":13.59,"Exprimés":304,"% Exp/Ins":37.12,"% Exp/Vot":82.61,"resultats":[{"N.Pan.":null,"Code Nuance":"LNC","Sexe":"M","Nom":"THALAMY","Prénom":"Bernard","Liste":"AUREIL RESPONSABLES & SOLIDAIRES","Sièges / Elu":"15","Sièges Secteur":0,"Sièges CC":1,"Voix":304,"% Voix/Ins":37.12,"% Voix/Exp":100}]},"population":{"F0-2":11.8179170558114,"F3-5":10.8184978692945,"F6-10":38.5990883475394,"F11-17":34.600774144101,"F18-24":17.946212217556,"F25-39":93.7481429560083,"F40-54":127.968869707913,"F55-64":65.7982073028525,"F65-79":77.1923969286244,"F80+":24.5089927447204,"H0-2":13.903965046133,"H3-5":17.9466445085095,"H6-10":37.3222894854964,"H11-17":55.1517752057299,"H18-24":16.802067363975,"H25-39":75.787505361468,"H40-54":122.975754010984,"H55-64":74.7332674744182,"H65-79":76.1330916917914,"H80+":15.2445405770735},"Analyse":{"Votes décisifs":305,"tour décisif":1,"majeurs":788.8390483373847,"Non votants de 18-24":18.53791713439428}}