{"id":8721,"slug":"82-87-lafrancaise","nom_standard":"Lafrançaise","code_postal":"82","code_departement":"82","libelle_departement":"Tarn-et-Garonne","code_commune":"87","Tour 1":{"Inscrits":2255,"Abstentions":796,"% Abs/Ins":35.3,"Votants":1459,"% Vot/Ins":64.7,"Blancs":16,"% Blancs/Ins":0.71,"% Blancs/Vot":1.1,"Nuls":27,"% Nuls/Ins":1.2,"% Nuls/Vot":1.85,"Exprimés":1416,"% Exp/Ins":62.79,"% Exp/Vot":97.05,"resultats":[{"N.Pan.":null,"Code Nuance":"LNC","Sexe":"M","Nom":"SOULHAC","Prénom":"Patrick","Liste":"AGIR POUR LAFRANÇAISE","Sièges / Elu":"3","Sièges Secteur":0,"Sièges CC":1,"Voix":451,"% Voix/Ins":20,"% Voix/Exp":31.85},{"N.Pan.":2,"Code Nuance":"LNC","Sexe":"M","Nom":"DELBREIL","Prénom":"Thierry","Liste":"Unis pour Lafrançaise","Sièges / Elu":"20","Sièges Secteur":0,"Sièges CC":6,"Voix":965,"% Voix/Ins":42.79,"% Voix/Exp":68.15}]},"population":{"F0-2":40.8901548013236,"F3-5":48.6545502004264,"F6-10":81.55941909448,"F11-17":148.44128391224,"F18-24":83.0659293530869,"F25-39":202.880779422525,"F40-54":308.738503467838,"F55-64":207.642955928231,"F65-79":199.806611509471,"F80+":165.55492761108,"H0-2":31.8169286549162,"H3-5":40.7529910483296,"H6-10":94.5535649223032,"H11-17":111.508281590776,"H18-24":80.04282844901,"H25-39":210.274528119108,"H40-54":263.509745382328,"H55-64":222.655511491948,"H65-79":218.872652190796,"H80+":81.7778528497807},"Analyse":{"Votes décisifs":515,"tour décisif":1,"majeurs":2244.8228257752025,"Non votants de 18-24":57.09786246514332}}