{"id":8722,"slug":"82-89-lamagistere","nom_standard":"Lamagistère","code_postal":"82","code_departement":"82","libelle_departement":"Tarn-et-Garonne","code_commune":"89","Tour 1":{"Inscrits":770,"Abstentions":371,"% Abs/Ins":48.18,"Votants":399,"% Vot/Ins":51.82,"Blancs":10,"% Blancs/Ins":1.3,"% Blancs/Vot":2.51,"Nuls":12,"% Nuls/Ins":1.56,"% Nuls/Vot":3.01,"Exprimés":377,"% Exp/Ins":48.96,"% Exp/Vot":94.49,"resultats":[{"N.Pan.":null,"Code Nuance":"LNC","Sexe":"M","Nom":"DOUSSON","Prénom":"Bruno","Liste":"Dynamisme et Ecoute pour avancer","Sièges / Elu":"15","Sièges Secteur":0,"Sièges CC":2,"Voix":377,"% Voix/Ins":48.96,"% Voix/Exp":100}]},"population":{"F0-2":15.5573338164436,"F3-5":25.3616647036507,"F6-10":43.7814318518358,"F11-17":55.9901362680056,"F18-24":32.9654858735211,"F25-39":86.1949111268725,"F40-54":117.476903467527,"F55-64":75.4916044109507,"F65-79":99.4377075915505,"F80+":83.4440543606429,"H0-2":17.3983398182396,"H3-5":11.9556847060594,"H6-10":34.8325494963489,"H11-17":55.8223902789847,"H18-24":30.8618295806074,"H25-39":78.2830156150825,"H40-54":123.03023981594,"H55-64":66.4481201986286,"H65-79":91.5673448129764,"H80+":36.0992522061321},"Analyse":{"Votes décisifs":378,"tour décisif":1,"majeurs":921.3004690604317,"Non votants de 18-24":36.1847604772822}}