{"id":8723,"slug":"82-90-lamothe-capdeville","nom_standard":"Lamothe-Capdeville","code_postal":"82","code_departement":"82","libelle_departement":"Tarn-et-Garonne","code_commune":"90","Tour 1":{"Inscrits":881,"Abstentions":363,"% Abs/Ins":41.2,"Votants":518,"% Vot/Ins":58.8,"Blancs":8,"% Blancs/Ins":0.91,"% Blancs/Vot":1.54,"Nuls":10,"% Nuls/Ins":1.14,"% Nuls/Vot":1.93,"Exprimés":500,"% Exp/Ins":56.75,"% Exp/Vot":96.53,"resultats":[{"N.Pan.":null,"Code Nuance":"LNC","Sexe":"M","Nom":"GABACH","Prénom":"Alain","Liste":"LAMOTHE-CAPDEVILLE CAP...DEVANT !","Sièges / Elu":"12","Sièges Secteur":0,"Sièges CC":1,"Voix":280,"% Voix/Ins":31.78,"% Voix/Exp":56},{"N.Pan.":2,"Code Nuance":"LNC","Sexe":"F","Nom":"MC BRIDE VERGARA","Prénom":"Leslie","Liste":"ENSEMBLE DANS L'ACTION","Sièges / Elu":"3","Sièges Secteur":0,"Sièges CC":0,"Voix":220,"% Voix/Ins":24.97,"% Voix/Exp":44}]},"population":{"F0-2":14.9424055058358,"F3-5":13.9437900227659,"F6-10":18.9602981700355,"F11-17":61.7807961914529,"F18-24":17.027137492485,"F25-39":73.031380679235,"F40-54":102.171507396427,"F55-64":86.427219492098,"F65-79":98.5634544392968,"F80+":27.2037374208755,"H0-2":17.0035869678274,"H3-5":18.9907052256875,"H6-10":38.8725437781544,"H11-17":47.9141031209674,"H18-24":32.9616640453919,"H25-39":86.0709321586745,"H40-54":105.172004468862,"H55-64":76.3293417400598,"H65-79":91.4880893446687,"H80+":25.1453023391995},"Analyse":{"Votes décisifs":61,"tour décisif":1,"majeurs":821.5917710172737,"Non votants de 18-24":18.471690351918078}}