{"id":8737,"slug":"82-123-montbartier","nom_standard":"Montbartier","code_postal":"82","code_departement":"82","libelle_departement":"Tarn-et-Garonne","code_commune":"123","Tour 1":{"Inscrits":981,"Abstentions":551,"% Abs/Ins":56.17,"Votants":430,"% Vot/Ins":43.83,"Blancs":33,"% Blancs/Ins":3.36,"% Blancs/Vot":7.67,"Nuls":50,"% Nuls/Ins":5.1,"% Nuls/Vot":11.63,"Exprimés":347,"% Exp/Ins":35.37,"% Exp/Vot":80.7,"resultats":[{"N.Pan.":null,"Code Nuance":"LNC","Sexe":"M","Nom":"RAYNAL","Prénom":"Jean-Claude","Liste":"VIVONS MONTBARTIER ENSEMBLE","Sièges / Elu":"15","Sièges Secteur":0,"Sièges CC":2,"Voix":347,"% Voix/Ins":35.37,"% Voix/Exp":100}]},"population":{"F0-2":40.6016743482749,"F3-5":39.0169663810575,"F6-10":72.1363783718524,"F11-17":72.328618924904,"F18-24":45.6138750054829,"F25-39":178.377071459624,"F40-54":155.087418501988,"F55-64":81.6775820152716,"F65-79":91.7279933404226,"F80+":18.2545956897402,"H0-2":32.1879797427959,"H3-5":38.0697536413797,"H6-10":50.0547847550308,"H11-17":73.0116293781108,"H18-24":51.0566829848385,"H25-39":172.59783498374,"H40-54":165.791873856337,"H55-64":74.4061962495208,"H65-79":93.6866412456784,"H80+":12.3144491239505},"Analyse":{"Votes décisifs":348,"tour décisif":1,"majeurs":1140.5922144565943,"Non votants de 18-24":60.22603433938419}}