{"id":8786,"slug":"83-46-cotignac","nom_standard":"Cotignac","code_postal":"83","code_departement":"83","libelle_departement":"Var","code_commune":"46","Tour 1":{"Inscrits":1928,"Abstentions":1260,"% Abs/Ins":65.35,"Votants":668,"% Vot/Ins":34.65,"Blancs":91,"% Blancs/Ins":4.72,"% Blancs/Vot":13.62,"Nuls":107,"% Nuls/Ins":5.55,"% Nuls/Vot":16.02,"Exprimés":470,"% Exp/Ins":24.38,"% Exp/Vot":70.36,"resultats":[{"N.Pan.":null,"Code Nuance":"LNC","Sexe":"M","Nom":"VERAN","Prénom":"Jean-Pierre","Liste":"COTIGNAC ENSEMBLE","Sièges / Elu":"19","Sièges Secteur":0,"Sièges CC":1,"Voix":470,"% Voix/Ins":24.38,"% Voix/Exp":100}]},"population":{"F0-2":11.3270491689793,"F3-5":12.7674470359707,"F6-10":38.800270170779,"F11-17":56.3639955199004,"F18-24":42.5875269962383,"F25-39":97.4149307392252,"F40-54":189.345266832478,"F55-64":181.867718133492,"F65-79":331.121743797768,"F80+":138.415257515502,"H0-2":10.6018325832044,"H3-5":18.2673431633259,"H6-10":35.1339247212094,"H11-17":52.2779571584493,"H18-24":44.7433795499878,"H25-39":110.522570009635,"H40-54":183.657379977548,"H55-64":152.743607450212,"H65-79":314.497751638313,"H80+":82.5430478377832},"Analyse":{"Votes décisifs":471,"tour décisif":1,"majeurs":1869.4601804781828,"Non votants de 18-24":56.12561734987787}}