{"id":8791,"slug":"83-51-entrecasteaux","nom_standard":"Entrecasteaux","code_postal":"83","code_departement":"83","libelle_departement":"Var","code_commune":"51","Tour 1":{"Inscrits":960,"Abstentions":505,"% Abs/Ins":52.6,"Votants":455,"% Vot/Ins":47.4,"Blancs":14,"% Blancs/Ins":1.46,"% Blancs/Vot":3.08,"Nuls":26,"% Nuls/Ins":2.71,"% Nuls/Vot":5.71,"Exprimés":415,"% Exp/Ins":43.23,"% Exp/Vot":91.21,"resultats":[{"N.Pan.":null,"Code Nuance":"LNC","Sexe":"M","Nom":"DEBRAY","Prénom":"Romain","Liste":"ENTRECASTEAUX DURABLEMENT","Sièges / Elu":"15","Sièges Secteur":0,"Sièges CC":1,"Voix":415,"% Voix/Ins":43.23,"% Voix/Exp":100}]},"population":{"F0-2":9.13751336965558,"F3-5":13.5540205426079,"F6-10":17.6062242436302,"F11-17":42.0797956243325,"F18-24":20.4431071421397,"F25-39":60.0256565050377,"F40-54":100.527892361376,"F55-64":100.328303994662,"F65-79":158.999928763398,"F80+":39.5708997201791,"H0-2":13.5931046717062,"H3-5":10.683446040099,"H6-10":20.6657677321142,"H11-17":52.1053349573021,"H18-24":31.5671143041645,"H25-39":63.2399925275735,"H40-54":87.7004425136869,"H55-64":101.441377437422,"H65-79":142.901666059765,"H80+":35.8284114891488},"Analyse":{"Votes décisifs":416,"tour décisif":1,"majeurs":942.5747928185533,"Non votants de 18-24":26.9038310162093}}