{"id":8793,"slug":"83-54-la-farlede","nom_standard":"La Farlède","code_postal":"83","code_departement":"83","libelle_departement":"Var","code_commune":"54","Tour 1":{"Inscrits":6695,"Abstentions":4972,"% Abs/Ins":74.26,"Votants":1723,"% Vot/Ins":25.74,"Blancs":177,"% Blancs/Ins":2.64,"% Blancs/Vot":10.27,"Nuls":125,"% Nuls/Ins":1.87,"% Nuls/Vot":7.25,"Exprimés":1421,"% Exp/Ins":21.22,"% Exp/Vot":82.47,"resultats":[{"N.Pan.":null,"Code Nuance":"LDVD","Sexe":"M","Nom":"ABRINES","Prénom":"Raymond","Liste":"TOUJOURS ENSEMBLE POUR LA FARLÈDE","Sièges / Elu":"29","Sièges Secteur":0,"Sièges CC":8,"Voix":1421,"% Voix/Ins":21.22,"% Voix/Exp":100}]},"population":{"F0-2":136.240387818695,"F3-5":119.2052413111,"F6-10":218.668941802756,"F11-17":364.13035634086,"F18-24":275.661226214194,"F25-39":832.486643591429,"F40-54":858.442440340017,"F55-64":604.542139298995,"F65-79":846.175422362332,"F80+":402.731772942923,"H0-2":156.834156980153,"H3-5":158.777899373221,"H6-10":225.846496785219,"H11-17":319.610887738698,"H18-24":456.281579505014,"H25-39":1142.61835643727,"H40-54":946.855540227822,"H55-64":595.672572192529,"H65-79":705.936237460791,"H80+":238.281701275982},"Analyse":{"Votes décisifs":1422,"tour décisif":1,"majeurs":7905.685631849298,"Non votants de 18-24":572.4199619100001}}