{"id":9315,"slug":"88-115-corcieux","nom_standard":"Corcieux","code_postal":"88","code_departement":"88","libelle_departement":"Vosges","code_commune":"115","Tour 1":{"Inscrits":1124,"Abstentions":339,"% Abs/Ins":30.16,"Votants":785,"% Vot/Ins":69.84,"Blancs":8,"% Blancs/Ins":0.71,"% Blancs/Vot":1.02,"Nuls":15,"% Nuls/Ins":1.33,"% Nuls/Vot":1.91,"Exprimés":762,"% Exp/Ins":67.79,"% Exp/Vot":97.07,"resultats":[{"N.Pan.":null,"Code Nuance":"LNC","Sexe":"M","Nom":"BRABANT","Prénom":"Frédéric","Liste":"UNISSONS NOUS POUR CORCIEUX","Sièges / Elu":"2","Sièges Secteur":0,"Sièges CC":0,"Voix":220,"% Voix/Ins":19.57,"% Voix/Exp":28.87},{"N.Pan.":2,"Code Nuance":"LNC","Sexe":"M","Nom":"CAËL","Prénom":"Christian","Liste":"VIVRE CORCIEUX","Sièges / Elu":"17","Sièges Secteur":0,"Sièges CC":1,"Voix":542,"% Voix/Ins":48.22,"% Voix/Exp":71.13}]},"population":{"F0-2":14.8629876496964,"F3-5":19.2669349175458,"F6-10":35.0046876779632,"F11-17":55.5746984368946,"F18-24":39.9078457658793,"F25-39":106.762174029949,"F40-54":148.692951170273,"F55-64":102.431362540072,"F65-79":154.763547747883,"F80+":92.4655938986108,"H0-2":13.6452992449459,"H3-5":20.4017894976393,"H6-10":46.7305695295105,"H11-17":67.3994726222127,"H18-24":42.7370867405922,"H25-39":103.472744459893,"H40-54":139.982270752146,"H55-64":108.327070824123,"H65-79":135.85012109021,"H80+":51.7207914039597},"Analyse":{"Votes décisifs":323,"tour décisif":1,"majeurs":1227.113560423591,"Non votants de 18-24":29.775928275774795}}