{"id":9339,"slug":"88-321-neufchateau","nom_standard":"Neufchâteau","code_postal":"88","code_departement":"88","libelle_departement":"Vosges","code_commune":"321","Tour 1":{"Inscrits":4812,"Abstentions":2639,"% Abs/Ins":54.84,"Votants":2173,"% Vot/Ins":45.16,"Blancs":19,"% Blancs/Ins":0.39,"% Blancs/Vot":0.87,"Nuls":36,"% Nuls/Ins":0.75,"% Nuls/Vot":1.66,"Exprimés":2118,"% Exp/Ins":44.01,"% Exp/Vot":97.47,"resultats":[{"N.Pan.":null,"Code Nuance":"LDVC","Sexe":"M","Nom":"CIPRESSO","Prénom":"Steve","Liste":"UN NOUVEAU SOUFFLE POUR NEUFCHATEAU","Sièges / Elu":"4","Sièges Secteur":0,"Sièges CC":3,"Voix":627,"% Voix/Ins":13.03,"% Voix/Exp":29.6},{"N.Pan.":2,"Code Nuance":"LDVD","Sexe":"M","Nom":"LECLERC","Prénom":"Simon","Liste":"Ensemble, continuons pour Neufchâteau!","Sièges / Elu":"25","Sièges Secteur":0,"Sièges CC":17,"Voix":1491,"% Voix/Ins":30.99,"% Voix/Exp":70.4}]},"population":{"F0-2":83.8519955762515,"F3-5":78.9568753918334,"F6-10":159.557301400096,"F11-17":267.955210336353,"F18-24":289.967167902367,"F25-39":492.917640293623,"F40-54":679.909193097765,"F55-64":509.298126146508,"F65-79":604.66429422419,"F80+":456.303794126307,"H0-2":74.4564075630994,"H3-5":84.6631465588002,"H6-10":157.564958260406,"H11-17":240.176063034751,"H18-24":284.790405260478,"H25-39":482.50618899551,"H40-54":606.817741695238,"H55-64":429.514618920826,"H65-79":479.768821881389,"H80+":180.360049334208},"Analyse":{"Votes décisifs":865,"tour décisif":1,"majeurs":5496.8180418784095,"Non votants de 18-24":347.544629789507}}