{"id":9373,"slug":"88-513-vincey","nom_standard":"Vincey","code_postal":"88","code_departement":"88","libelle_departement":"Vosges","code_commune":"513","Tour 1":{"Inscrits":1674,"Abstentions":909,"% Abs/Ins":54.3,"Votants":765,"% Vot/Ins":45.7,"Blancs":5,"% Blancs/Ins":0.3,"% Blancs/Vot":0.65,"Nuls":20,"% Nuls/Ins":1.19,"% Nuls/Vot":2.61,"Exprimés":740,"% Exp/Ins":44.21,"% Exp/Vot":96.73,"resultats":[{"N.Pan.":null,"Code Nuance":"LNC","Sexe":"M","Nom":"GAILLOT","Prénom":"Thierry","Liste":"ENSEMBLE POUR VINCEY","Sièges / Elu":"18","Sièges Secteur":0,"Sièges CC":1,"Voix":624,"% Voix/Ins":37.28,"% Voix/Exp":84.32},{"N.Pan.":2,"Code Nuance":"LNC","Sexe":"M","Nom":"BALLAND","Prénom":"Gérald","Liste":"VINCEY, C'EST VOUS !","Sièges / Elu":"1","Sièges Secteur":0,"Sièges CC":0,"Voix":116,"% Voix/Ins":6.93,"% Voix/Exp":15.68}]},"population":{"F0-2":49.4235357633482,"F3-5":36.5628854893411,"F6-10":78.1368397605654,"F11-17":88.2152889232756,"F18-24":70.098972214795,"F25-39":205.017249864108,"F40-54":213.44870807477,"F55-64":136.923328728372,"F65-79":195.974740799495,"F80+":56.2373390913054,"H0-2":36.1567790282598,"H3-5":36.9387359631219,"H6-10":60.8488177165227,"H11-17":84.0563304924528,"H18-24":59.807582685669,"H25-39":181.854839325922,"H40-54":225.200659719486,"H55-64":150.959279446957,"H65-79":153.333416500497,"H80+":31.8046704117361},"Analyse":{"Votes décisifs":509,"tour décisif":1,"majeurs":1680.6607868631124,"Non votants de 18-24":70.77593480410233}}