{"id":9375,"slug":"88-530-xertigny","nom_standard":"Xertigny","code_postal":"88","code_departement":"88","libelle_departement":"Vosges","code_commune":"530","Tour 1":{"Inscrits":2051,"Abstentions":910,"% Abs/Ins":44.37,"Votants":1141,"% Vot/Ins":55.63,"Blancs":21,"% Blancs/Ins":1.02,"% Blancs/Vot":1.84,"Nuls":43,"% Nuls/Ins":2.1,"% Nuls/Vot":3.77,"Exprimés":1077,"% Exp/Ins":52.51,"% Exp/Vot":94.39,"resultats":[{"N.Pan.":null,"Code Nuance":"LNC","Sexe":"M","Nom":"VUILLEMIN","Prénom":"Sébastien","Liste":"CONSTRUISONS ENSEMBLE LE FUTUR DE XERTIGNY","Sièges / Elu":"3","Sièges Secteur":0,"Sièges CC":0,"Voix":275,"% Voix/Ins":13.41,"% Voix/Exp":25.53},{"N.Pan.":2,"Code Nuance":"LNC","Sexe":"F","Nom":"MARCOT","Prénom":"Véronique","Liste":"Un avenir durable et partagé pour Xertigny","Sièges / Elu":"20","Sièges Secteur":0,"Sièges CC":2,"Voix":802,"% Voix/Ins":39.1,"% Voix/Exp":74.47}]},"population":{"F0-2":39.5662039679222,"F3-5":28.6606855015368,"F6-10":59.1422525448175,"F11-17":133.337198529929,"F18-24":46.7770470742471,"F25-39":201.048431137026,"F40-54":235.240954225982,"F55-64":191.07949706873,"F65-79":242.72282192044,"F80+":151.013947518936,"H0-2":21.8049644086012,"H3-5":48.4621285443144,"H6-10":79.9804293721698,"H11-17":112.794927431896,"H18-24":56.7803216548209,"H25-39":199.47495865866,"H40-54":253.383542969499,"H55-64":191.974425109212,"H65-79":226.440459663168,"H80+":63.314802698092},"Analyse":{"Votes décisifs":528,"tour décisif":1,"majeurs":2059.251209698813,"Non votants de 18-24":46.17779446277508}}