{"id":880,"slug":"13-52-maillane","nom_standard":"Maillane","code_postal":"13","code_departement":"13","libelle_departement":"Bouches-du-Rhône","code_commune":"52","Tour 1":{"Inscrits":1966,"Abstentions":785,"% Abs/Ins":39.93,"Votants":1181,"% Vot/Ins":60.07,"Blancs":16,"% Blancs/Ins":0.81,"% Blancs/Vot":1.35,"Nuls":23,"% Nuls/Ins":1.17,"% Nuls/Vot":1.95,"Exprimés":1142,"% Exp/Ins":58.09,"% Exp/Vot":96.7,"resultats":[{"N.Pan.":null,"Code Nuance":"LNC","Sexe":"M","Nom":"LECOFFRE","Prénom":"Eric","Liste":"L'EXPERIENCE D'UNE EQUIPE AU SERVICE DE MAILLANE","Sièges / Elu":"19","Sièges Secteur":0,"Sièges CC":2,"Voix":672,"% Voix/Ins":34.18,"% Voix/Exp":58.84},{"N.Pan.":2,"Code Nuance":"LNC","Sexe":"M","Nom":"MORALES","Prénom":"Gerald","Liste":"DEMAIN ENSEMBLE POUR MAILLANE","Sièges / Elu":"4","Sièges Secteur":0,"Sièges CC":0,"Voix":470,"% Voix/Ins":23.91,"% Voix/Exp":41.16}]},"population":{"F0-2":46.738345537496,"F3-5":64.0682576184104,"F6-10":95.631194677444,"F11-17":115.945172000284,"F18-24":63.9034870540743,"F25-39":277.194198994974,"F40-54":261.801862489076,"F55-64":193.38786383569,"F65-79":192.15732745753,"F80+":105.753782989355,"H0-2":42.7046338240897,"H3-5":53.8662049039454,"H6-10":100.734648912432,"H11-17":103.794002978281,"H18-24":75.1174621935957,"H25-39":249.590373695715,"H40-54":258.800452030446,"H55-64":172.228760401045,"H65-79":168.961092761396,"H80+":62.6208756447188},"Analyse":{"Votes décisifs":203,"tour décisif":1,"majeurs":2081.517539547616,"Non votants de 18-24":60.14400589163133}}