{"id":8804,"slug":"83-66-ginasservis","nom_standard":"Ginasservis","code_postal":"83","code_departement":"83","libelle_departement":"Var","code_commune":"66","Tour 1":{"Inscrits":1229,"Abstentions":736,"% Abs/Ins":59.89,"Votants":493,"% Vot/Ins":40.11,"Blancs":9,"% Blancs/Ins":0.73,"% Blancs/Vot":1.83,"Nuls":46,"% Nuls/Ins":3.74,"% Nuls/Vot":9.33,"Exprimés":438,"% Exp/Ins":35.64,"% Exp/Vot":88.84,"resultats":[{"N.Pan.":null,"Code Nuance":"LNC","Sexe":"M","Nom":"PHILIBERT","Prénom":"Hervé","Liste":"ENSEMBLE POUR GINASSERVIS","Sièges / Elu":"19","Sièges Secteur":0,"Sièges CC":3,"Voix":438,"% Voix/Ins":35.64,"% Voix/Exp":100}]},"population":{"F0-2":32.3410515144823,"F3-5":40.8600089395517,"F6-10":62.8260654432555,"F11-17":85.5950233869541,"F18-24":50.4674843099639,"F25-39":160.64281542748,"F40-54":200.081547710352,"F55-64":111.482256155628,"F65-79":149.81153268354,"F80+":52.6821920512499,"H0-2":29.4756559512908,"H3-5":28.5331110348828,"H6-10":59.9499128918453,"H11-17":97.9020642049518,"H18-24":56.1629120317197,"H25-39":175.314223061097,"H40-54":226.585753111907,"H55-64":131.159463582106,"H65-79":131.0061473846,"H80+":47.1207791231421},"Analyse":{"Votes décisifs":439,"tour décisif":1,"majeurs":1492.5171066327855,"Non votants de 18-24":71.40883327695694}}