{"id":8821,"slug":"83-90-ollioules","nom_standard":"Ollioules","code_postal":"83","code_departement":"83","libelle_departement":"Var","code_commune":"90","Tour 1":{"Inscrits":10688,"Abstentions":6813,"% Abs/Ins":63.74,"Votants":3875,"% Vot/Ins":36.26,"Blancs":40,"% Blancs/Ins":0.37,"% Blancs/Vot":1.03,"Nuls":92,"% Nuls/Ins":0.86,"% Nuls/Vot":2.37,"Exprimés":3743,"% Exp/Ins":35.02,"% Exp/Vot":96.59,"resultats":[{"N.Pan.":null,"Code Nuance":"LDVD","Sexe":"M","Nom":"BENEVENTI","Prénom":"Robert","Liste":"OLLIOULES POUR TOUS 2020","Sièges / Elu":"31","Sièges Secteur":0,"Sièges CC":2,"Voix":3169,"% Voix/Ins":29.65,"% Voix/Exp":84.66},{"N.Pan.":2,"Code Nuance":"LDVG","Sexe":"F","Nom":"ZUNINO-CARTEREAU","Prénom":"Claudie","Liste":"ALTERNATIVE DE LA GAUCHE ET DES ECOLOGISTES","Sièges / Elu":"2","Sièges Secteur":0,"Sièges CC":0,"Voix":574,"% Voix/Ins":5.37,"% Voix/Exp":15.34}]},"population":{"F0-2":159.05172637896,"F3-5":172.71460257862,"F6-10":340.698841656852,"F11-17":492.665124671907,"F18-24":423.88014615659,"F25-39":1024.04468448905,"F40-54":1505.73364443075,"F55-64":998.835568454782,"F65-79":1361.60076629485,"F80+":673.38799135458,"H0-2":148.857209797336,"H3-5":223.685018278579,"H6-10":372.45917309922,"H11-17":621.355410047514,"H18-24":441.187643211019,"H25-39":1153.064102626,"H40-54":1365.12122078104,"H55-64":957.794424534076,"H65-79":1214.83809599062,"H80+":340.02460516765},"Analyse":{"Votes décisifs":2596,"tour décisif":1,"majeurs":11459.512893491008,"Non votants de 18-24":572.5477045301902}}