{"id":8851,"slug":"83-125-seillons-source-d-argens","nom_standard":"Seillons-Source-d'Argens","code_postal":"83","code_departement":"83","libelle_departement":"Var","code_commune":"125","Tour 1":{"Inscrits":1959,"Abstentions":1081,"% Abs/Ins":55.18,"Votants":878,"% Vot/Ins":44.82,"Blancs":47,"% Blancs/Ins":2.4,"% Blancs/Vot":5.35,"Nuls":24,"% Nuls/Ins":1.23,"% Nuls/Vot":2.73,"Exprimés":807,"% Exp/Ins":41.19,"% Exp/Vot":91.91,"resultats":[{"N.Pan.":null,"Code Nuance":"LNC","Sexe":"M","Nom":"ARNAUD","Prénom":"Stéphane","Liste":"VIVRE A SEILLONS 2020","Sièges / Elu":"19","Sièges Secteur":0,"Sièges CC":4,"Voix":807,"% Voix/Ins":41.19,"% Voix/Exp":100}]},"population":{"F0-2":28.7528384416729,"F3-5":32.5675390329295,"F6-10":93.3722484272236,"F11-17":127.238038941671,"F18-24":80.8013487072658,"F25-39":201.18303913069,"F40-54":301.221625717813,"F55-64":153.378162335764,"F65-79":170.954242792062,"F80+":88.6096544923345,"H0-2":32.6263262656623,"H3-5":51.039050367818,"H6-10":93.6643264425747,"H11-17":154.506631580748,"H18-24":95.9832690549949,"H25-39":183.656569209577,"H40-54":275.063187436456,"H55-64":174.324287630298,"H65-79":137.067128883158,"H80+":49.9904851092856},"Analyse":{"Votes décisifs":808,"tour décisif":1,"majeurs":1912.2330004996986,"Non votants de 18-24":95.61412527797448}}