{"id":8865,"slug":"83-141-trans-en-provence","nom_standard":"Trans-en-Provence","code_postal":"83","code_departement":"83","libelle_departement":"Var","code_commune":"141","Tour 1":{"Inscrits":4754,"Abstentions":2528,"% Abs/Ins":53.18,"Votants":2226,"% Vot/Ins":46.82,"Blancs":54,"% Blancs/Ins":1.14,"% Blancs/Vot":2.43,"Nuls":50,"% Nuls/Ins":1.05,"% Nuls/Vot":2.25,"Exprimés":2122,"% Exp/Ins":44.64,"% Exp/Vot":95.33,"resultats":[{"N.Pan.":null,"Code Nuance":"LLR","Sexe":"M","Nom":"CAYMARIS","Prénom":"Alain","Liste":"Unis pour Trans en Provence","Sièges / Elu":"23","Sièges Secteur":0,"Sièges CC":2,"Voix":1110,"% Voix/Ins":23.35,"% Voix/Exp":52.31},{"N.Pan.":2,"Code Nuance":"LDVD","Sexe":"M","Nom":"MONDARY","Prénom":"Guy","Liste":"ENSEMBLE POUR TRANS EN PROVENCE","Sièges / Elu":"2","Sièges Secteur":0,"Sièges CC":0,"Voix":373,"% Voix/Ins":7.85,"% Voix/Exp":17.58},{"N.Pan.":3,"Code Nuance":"LDVC","Sexe":"M","Nom":"FOURISCOT","Prénom":"Jean","Liste":"Pour que vive Trans","Sièges / Elu":4,"Sièges CC":1,"Voix":639,"% Voix/Ins":13.44,"% Voix/Exp":30.11}]},"population":{"F0-2":79.0257168290798,"F3-5":93.198554284668,"F6-10":158.207296548893,"F11-17":247.788778251305,"F18-24":168.392039998021,"F25-39":471.659508330016,"F40-54":627.756979614937,"F55-64":460.729946663837,"F65-79":524.212211093724,"F80+":205.677458518608,"H0-2":79.1714048178357,"H3-5":77.7098002005884,"H6-10":170.330742323779,"H11-17":277.112459414844,"H18-24":210.279881298063,"H25-39":424.760783807058,"H40-54":655.313304006361,"H55-64":432.66748292906,"H65-79":477.481599831295,"H80+":141.524051238026},"Analyse":{"Votes décisifs":99,"tour décisif":1,"majeurs":4800.455247329006,"Non votants de 18-24":203.07947154372158}}