{"id":8867,"slug":"83-144-la-valette-du-var","nom_standard":"La Valette-du-Var","code_postal":"83","code_departement":"83","libelle_departement":"Var","code_commune":"144","Tour 1":{"Inscrits":16936,"Abstentions":10434,"% Abs/Ins":61.61,"Votants":6502,"% Vot/Ins":38.39,"Blancs":86,"% Blancs/Ins":0.51,"% Blancs/Vot":1.32,"Nuls":74,"% Nuls/Ins":0.44,"% Nuls/Vot":1.14,"Exprimés":6342,"% Exp/Ins":37.45,"% Exp/Vot":97.54,"resultats":[{"N.Pan.":null,"Code Nuance":"LDVD","Sexe":"M","Nom":"ALBERTINI","Prénom":"Thierry","Liste":"ENSEMBLE, LA VALETTE!","Sièges / Elu":"29","Sièges Secteur":0,"Sièges CC":4,"Voix":4081,"% Voix/Ins":24.1,"% Voix/Exp":64.35},{"N.Pan.":2,"Code Nuance":"LRN","Sexe":"F","Nom":"BERTRAND","Prénom":"Aline","Liste":"CONCORDE VALETTOISE","Sièges / Elu":"3","Sièges Secteur":0,"Sièges CC":0,"Voix":1038,"% Voix/Ins":6.13,"% Voix/Exp":16.37},{"N.Pan.":3,"Code Nuance":"LREM","Sexe":"M","Nom":"LUTERSZTEJN","Prénom":"Olivier","Liste":"LA VALETTE EN ACTION","Sièges / Elu":3,"Sièges CC":0,"Voix":1223,"% Voix/Ins":7.22,"% Voix/Exp":19.28}]},"population":{"F0-2":344.636258561468,"F3-5":386.545119090593,"F6-10":652.670974119495,"F11-17":838.890784071731,"F18-24":838.775534790948,"F25-39":2236.50342289504,"F40-54":2181.47833125398,"F55-64":1752.53889409859,"F65-79":2135.56749263057,"F80+":1437.60043991498,"H0-2":299.958839534363,"H3-5":329.204224790182,"H6-10":683.639937354559,"H11-17":853.440363824353,"H18-24":954.915236690887,"H25-39":2257.00620021919,"H40-54":2017.94489198702,"H55-64":1401.48328596074,"H65-79":1748.17311723883,"H80+":763.026650972481},"Analyse":{"Votes décisifs":1821,"tour décisif":1,"majeurs":19725.013498653258,"Non votants de 18-24":1202.4324994927606}}