{"id":8872,"slug":"83-150-vinon-sur-verdon","nom_standard":"Vinon-sur-Verdon","code_postal":"83","code_departement":"83","libelle_departement":"Var","code_commune":"150","Tour 1":{"Inscrits":3162,"Abstentions":2062,"% Abs/Ins":65.21,"Votants":1100,"% Vot/Ins":34.79,"Blancs":84,"% Blancs/Ins":2.66,"% Blancs/Vot":7.64,"Nuls":86,"% Nuls/Ins":2.72,"% Nuls/Vot":7.82,"Exprimés":930,"% Exp/Ins":29.41,"% Exp/Vot":84.55,"resultats":[{"N.Pan.":null,"Code Nuance":"LDIV","Sexe":"M","Nom":"CHEILAN","Prénom":"Claude","Liste":"A TOUT COEUR POUR VINON","Sièges / Elu":"27","Sièges Secteur":0,"Sièges CC":3,"Voix":930,"% Voix/Ins":29.41,"% Voix/Exp":100}]},"population":{"F0-2":63.990208675549,"F3-5":80.8421584167636,"F6-10":137.743201058948,"F11-17":203.928000613228,"F18-24":112.207021114895,"F25-39":369.086500777432,"F40-54":500.912338714546,"F55-64":279.215245349947,"F65-79":293.319904294625,"F80+":148.461587004031,"H0-2":68.1533638055371,"H3-5":77.817196286954,"H6-10":154.563651030891,"H11-17":206.300844829836,"H18-24":132.391122670877,"H25-39":354.339894656553,"H40-54":481.735735031983,"H55-64":276.562889512734,"H65-79":235.427994379617,"H80+":103.001141775052},"Analyse":{"Votes décisifs":931,"tour décisif":1,"majeurs":3286.661375282292,"Non votants de 18-24":162.73453587415992}}