{"id":8892,"slug":"84-30-caromb","nom_standard":"Caromb","code_postal":"84","code_departement":"84","libelle_departement":"Vaucluse","code_commune":"30","Tour 1":{"Inscrits":2782,"Abstentions":1211,"% Abs/Ins":43.53,"Votants":1571,"% Vot/Ins":56.47,"Blancs":31,"% Blancs/Ins":1.11,"% Blancs/Vot":1.97,"Nuls":29,"% Nuls/Ins":1.04,"% Nuls/Vot":1.85,"Exprimés":1511,"% Exp/Ins":54.31,"% Exp/Vot":96.18,"resultats":[{"N.Pan.":null,"Code Nuance":"LNC","Sexe":"F","Nom":"MICHELIER","Prénom":"Valérie","Liste":"CAROMB D'ABORD","Sièges / Elu":"0","Sièges Secteur":0,"Sièges CC":0,"Voix":697,"% Voix/Ins":25.05,"% Voix/Exp":46.13},{"N.Pan.":2,"Code Nuance":"LNC","Sexe":"M","Nom":"MORARD","Prénom":"Christian","Liste":"CAROMB L'ESPRIT VILLAGE","Sièges / Elu":"0","Sièges Secteur":0,"Sièges CC":0,"Voix":553,"% Voix/Ins":19.88,"% Voix/Exp":36.6},{"N.Pan.":3,"Code Nuance":"LNC","Sexe":"M","Nom":"BRUNET","Prénom":"Joaquim","Liste":"AGIR ENSEMBLE POUR CAROMB","Sièges / Elu":0,"Sièges CC":0,"Voix":261,"% Voix/Ins":9.38,"% Voix/Exp":17.27}]},"Tour 2":{"Inscrits":2786,"Abstentions":1200,"% Abs/Ins":43.07,"Votants":1586,"% Vot/Ins":56.93,"Blancs":25,"% Blancs/Ins":0.9,"% Blancs/Vot":1.58,"Nuls":36,"% Nuls/Ins":1.29,"% Nuls/Vot":2.27,"Exprimés":1525,"% Exp/Ins":54.74,"% Exp/Vot":96.15,"resultats":[{"N.Pan.":1,"Code Nuance":"LNC","Sexe":"F","Nom":"MICHELIER","Prénom":"Valérie","Liste":"CAROMB D'ABORD","Sièges / Elu":18,"Sièges Secteur":0,"Sièges CC":2,"Voix":814,"% Voix/Ins":29.22,"% Voix/Exp":53.38},{"N.Pan.":2,"Code Nuance":"LNC","Sexe":"M","Nom":"MORARD","Prénom":"Christian","Liste":"CAROMB L'ESPRIT VILLAGE","Sièges / Elu":5,"Sièges Secteur":0,"Sièges CC":0,"Voix":711,"% Voix/Ins":25.52,"% Voix/Exp":46.62}]},"population":{"F0-2":40.8424300612943,"F3-5":48.8981960213156,"F6-10":96.7326117290474,"F11-17":136.392463074463,"F18-24":72.8160926648659,"F25-39":269.42496868053,"F40-54":366.390372759692,"F55-64":253.244272343438,"F65-79":300.5778998054,"F80+":148.013993033029,"H0-2":74.4933470791558,"H3-5":67.2254521249494,"H6-10":108.748667068753,"H11-17":133.57134786609,"H18-24":104.48189257518,"H25-39":257.681420942318,"H40-54":340.868249836883,"H55-64":252.50640119413,"H65-79":288.779568431534,"H80+":86.3103527079309},"Analyse":{"Votes décisifs":103,"tour décisif":2,"majeurs":2741.0954849749305,"Non votants de 18-24":74.71323176025804}}