{"id":9412,"slug":"89-257-migennes","nom_standard":"Migennes","code_postal":"89","code_departement":"89","libelle_departement":"Yonne","code_commune":"257","Tour 1":{"Inscrits":4372,"Abstentions":2312,"% Abs/Ins":52.88,"Votants":2060,"% Vot/Ins":47.12,"Blancs":22,"% Blancs/Ins":0.5,"% Blancs/Vot":1.07,"Nuls":36,"% Nuls/Ins":0.82,"% Nuls/Vot":1.75,"Exprimés":2002,"% Exp/Ins":45.79,"% Exp/Vot":97.18,"resultats":[{"N.Pan.":null,"Code Nuance":"LDVG","Sexe":"M","Nom":"MEYROUNE","Prénom":"François","Liste":"MIGENNES EN COMMUN, LA VOIX DES CITOYENS. AVEC VOUS, POUR VOUS","Sièges / Elu":"5","Sièges Secteur":0,"Sièges CC":2,"Voix":748,"% Voix/Ins":17.11,"% Voix/Exp":37.36},{"N.Pan.":2,"Code Nuance":"LLR","Sexe":"M","Nom":"BOUCHER","Prénom":"François","Liste":"AVENIR DE MIGENNES","Sièges / Elu":"23","Sièges Secteur":0,"Sièges CC":11,"Voix":1021,"% Voix/Ins":23.35,"% Voix/Exp":51},{"N.Pan.":3,"Code Nuance":"LDIV","Sexe":"M","Nom":"TEKIN","Prénom":"Burhan","Liste":"MIGENNOIS-ES, C'EST Á VOUS DE DÉCIDER !","Sièges / Elu":1,"Sièges CC":0,"Voix":233,"% Voix/Ins":5.33,"% Voix/Exp":11.64}]},"population":{"F0-2":113.497819476252,"F3-5":124.513349318729,"F6-10":269.886180873167,"F11-17":338.781390114952,"F18-24":240.820338444003,"F25-39":578.440037136393,"F40-54":699.213911972432,"F55-64":458.169682776113,"F65-79":555.171260103387,"F80+":395.052637280547,"H0-2":142.596863309623,"H3-5":158.798352472026,"H6-10":255.645845329229,"H11-17":357.708393863027,"H18-24":269.055002464551,"H25-39":541.833408767321,"H40-54":636.830383485539,"H55-64":428.846170410331,"H65-79":520.72470456432,"H80+":188.414267838059},"Analyse":{"Votes décisifs":41,"tour décisif":1,"majeurs":5512.571805242997,"Non votants de 18-24":319.3393734182726}}