{"id":9421,"slug":"89-338-saint-clement","nom_standard":"Saint-Clément","code_postal":"89","code_departement":"89","libelle_departement":"Yonne","code_commune":"338","Tour 1":{"Inscrits":1962,"Abstentions":1327,"% Abs/Ins":67.64,"Votants":635,"% Vot/Ins":32.36,"Blancs":35,"% Blancs/Ins":1.78,"% Blancs/Vot":5.51,"Nuls":55,"% Nuls/Ins":2.8,"% Nuls/Vot":8.66,"Exprimés":545,"% Exp/Ins":27.78,"% Exp/Vot":85.83,"resultats":[{"N.Pan.":null,"Code Nuance":"LNC","Sexe":"M","Nom":"PIRMAN","Prénom":"Gilles","Liste":"SAINT-CLÉMENT À VENIR","Sièges / Elu":"23","Sièges Secteur":0,"Sièges CC":2,"Voix":545,"% Voix/Ins":27.78,"% Voix/Exp":100}]},"population":{"F0-2":37.5456739647926,"F3-5":48.6858539348075,"F6-10":74.0741412323808,"F11-17":100.617657188802,"F18-24":58.3415247424053,"F25-39":197.334828726046,"F40-54":260.326940676328,"F55-64":198.226262963173,"F65-79":302.426344266638,"F80+":175.916241821459,"H0-2":43.6402346525894,"H3-5":38.6054359685268,"H6-10":85.0543442477019,"H11-17":101.584296951636,"H18-24":60.3299854498065,"H25-39":220.464916950815,"H40-54":249.132392969155,"H55-64":176.377162790152,"H65-79":284.492141598328,"H80+":98.8236189044564},"Analyse":{"Votes décisifs":546,"tour décisif":1,"majeurs":2282.192361858762,"Non votants de 18-24":85.6522037430922}}