{"id":8911,"slug":"84-62-lagnes","nom_standard":"Lagnes","code_postal":"84","code_departement":"84","libelle_departement":"Vaucluse","code_commune":"62","Tour 1":{"Inscrits":1317,"Abstentions":505,"% Abs/Ins":38.34,"Votants":812,"% Vot/Ins":61.66,"Blancs":10,"% Blancs/Ins":0.76,"% Blancs/Vot":1.23,"Nuls":15,"% Nuls/Ins":1.14,"% Nuls/Vot":1.85,"Exprimés":787,"% Exp/Ins":59.76,"% Exp/Vot":96.92,"resultats":[{"N.Pan.":null,"Code Nuance":"LNC","Sexe":"M","Nom":"SILVESTRE","Prénom":"Claude","Liste":"GENERATIONS LAGNES","Sièges / Elu":"15","Sièges Secteur":0,"Sièges CC":2,"Voix":398,"% Voix/Ins":30.22,"% Voix/Exp":50.57},{"N.Pan.":2,"Code Nuance":"LNC","Sexe":"M","Nom":"DINGLI","Prénom":"Jean-Pierre","Liste":"LAGNES AUTREMENT","Sièges / Elu":"4","Sièges Secteur":0,"Sièges CC":0,"Voix":389,"% Voix/Ins":29.54,"% Voix/Exp":49.43}]},"population":{"F0-2":17.5194699792605,"F3-5":18.476269327056,"F6-10":42.5484007649161,"F11-17":61.771331377801,"F18-24":30.2685729973386,"F25-39":125.27731285249,"F40-54":178.310582937316,"F55-64":166.759985957643,"F65-79":153.657212038525,"F80+":54.0314984814744,"H0-2":12.5601942894289,"H3-5":16.4612954025795,"H6-10":46.4487277654165,"H11-17":73.4854528367244,"H18-24":27.9032054115174,"H25-39":116.13312625897,"H40-54":161.737546173637,"H55-64":127.510565877681,"H65-79":162.704900195018,"H80+":44.4343490752061},"Analyse":{"Votes décisifs":10,"tour décisif":1,"majeurs":1348.7288582568165,"Non votants de 18-24":23.14955449867643}}