{"id":8923,"slug":"84-80-monteux","nom_standard":"Monteux","code_postal":"84","code_departement":"84","libelle_departement":"Vaucluse","code_commune":"80","Tour 1":{"Inscrits":9413,"Abstentions":4855,"% Abs/Ins":51.58,"Votants":4558,"% Vot/Ins":48.42,"Blancs":38,"% Blancs/Ins":0.4,"% Blancs/Vot":0.83,"Nuls":72,"% Nuls/Ins":0.76,"% Nuls/Vot":1.58,"Exprimés":4448,"% Exp/Ins":47.25,"% Exp/Vot":97.59,"resultats":[{"N.Pan.":null,"Code Nuance":"LDVC","Sexe":"M","Nom":"GROS","Prénom":"Christian","Liste":"ENSEMBLE POUR MONTEUX","Sièges / Elu":"26","Sièges Secteur":0,"Sièges CC":11,"Voix":2410,"% Voix/Ins":25.6,"% Voix/Exp":54.18},{"N.Pan.":2,"Code Nuance":"LDVG","Sexe":"M","Nom":"BERTHE","Prénom":"Simon","Liste":"MONTEUX CITOYEN","Sièges / Elu":"1","Sièges Secteur":0,"Sièges CC":0,"Voix":371,"% Voix/Ins":3.94,"% Voix/Exp":8.34},{"N.Pan.":3,"Code Nuance":"LEXD","Sexe":"M","Nom":"DE CAMARET","Prénom":"Patrice","Liste":"UNE NOUVELLE MAJORITÉ POUR MONTEUX","Sièges / Elu":6,"Sièges CC":2,"Voix":1667,"% Voix/Ins":17.71,"% Voix/Exp":37.48}]},"population":{"F0-2":203.108934717667,"F3-5":203.79897680146,"F6-10":409.58435791268,"F11-17":653.704356732277,"F18-24":434.959287805657,"F25-39":1222.46368107786,"F40-54":1331.08942179985,"F55-64":923.104788187335,"F65-79":967.740545910938,"F80+":446.646605029081,"H0-2":247.407254105,"H3-5":264.697819555639,"H6-10":464.072829304188,"H11-17":578.694973739348,"H18-24":472.827514492966,"H25-39":1026.54559043626,"H40-54":1269.99839207862,"H55-64":768.028887247604,"H65-79":807.500377413744,"H80+":283.025405651829},"Analyse":{"Votes décisifs":373,"tour décisif":1,"majeurs":9953.930497131745,"Non votants de 18-24":492.1025410844813}}