{"id":8928,"slug":"84-86-oppede","nom_standard":"Oppède","code_postal":"84","code_departement":"84","libelle_departement":"Vaucluse","code_commune":"86","Tour 1":{"Inscrits":1154,"Abstentions":501,"% Abs/Ins":43.41,"Votants":653,"% Vot/Ins":56.59,"Blancs":11,"% Blancs/Ins":0.95,"% Blancs/Vot":1.68,"Nuls":6,"% Nuls/Ins":0.52,"% Nuls/Vot":0.92,"Exprimés":636,"% Exp/Ins":55.11,"% Exp/Vot":97.4,"resultats":[{"N.Pan.":null,"Code Nuance":"LNC","Sexe":"M","Nom":"GERAULT","Prénom":"Jean Pierre","Liste":"CONSTRUISONS L'AVENIR D'OPPÈDE","Sièges / Elu":"12","Sièges Secteur":0,"Sièges CC":2,"Voix":320,"% Voix/Ins":27.73,"% Voix/Exp":50.31},{"N.Pan.":2,"Code Nuance":"LNC","Sexe":"M","Nom":"GRÉGOIRE","Prénom":"Jean","Liste":"Oppède notre village","Sièges / Elu":"3","Sièges Secteur":0,"Sièges CC":0,"Voix":316,"% Voix/Ins":27.38,"% Voix/Exp":49.69}]},"population":{"F0-2":13.2942348332768,"F3-5":9.19057384865649,"F6-10":22.9639001867201,"F11-17":51.8658552555942,"F18-24":28.1159855921431,"F25-39":90.7915838791007,"F40-54":141.315201593706,"F55-64":129.88232405699,"F65-79":131.58872512162,"F80+":58.3800676114099,"H0-2":16.5710067401267,"H3-5":20.6432007202016,"H6-10":24.4230941478787,"H11-17":54.7317941896774,"H18-24":29.7853973960973,"H25-39":71.6568081544384,"H40-54":117.176693412212,"H55-64":121.270105509126,"H65-79":122.419852823132,"H80+":35.9335949278925},"Analyse":{"Votes décisifs":5,"tour décisif":1,"majeurs":1078.3163400778678,"Non votants de 18-24":22.83782910701974}}