{"id":8933,"slug":"84-92-le-pontet","nom_standard":"Le Pontet","code_postal":"84","code_departement":"84","libelle_departement":"Vaucluse","code_commune":"92","Tour 1":{"Inscrits":11124,"Abstentions":6711,"% Abs/Ins":60.33,"Votants":4413,"% Vot/Ins":39.67,"Blancs":69,"% Blancs/Ins":0.62,"% Blancs/Vot":1.56,"Nuls":84,"% Nuls/Ins":0.76,"% Nuls/Vot":1.9,"Exprimés":4260,"% Exp/Ins":38.3,"% Exp/Vot":96.53,"resultats":[{"N.Pan.":null,"Code Nuance":"LDIV","Sexe":"M","Nom":"ROUX","Prénom":"Christophe","Liste":"LE PONTET EN COULEUR","Sièges / Elu":"0","Sièges Secteur":0,"Sièges CC":0,"Voix":221,"% Voix/Ins":1.99,"% Voix/Exp":5.19},{"N.Pan.":2,"Code Nuance":"LDIV","Sexe":"M","Nom":"BARDISA","Prénom":"Jean-Firmin","Liste":"Unis et engagés pour Le Pontet","Sièges / Elu":"4","Sièges Secteur":0,"Sièges CC":1,"Voix":982,"% Voix/Ins":8.83,"% Voix/Exp":23.05},{"N.Pan.":3,"Code Nuance":"LDVD","Sexe":"F","Nom":"GRELET-JOLY","Prénom":"Caroline","Liste":"NOTRE PARTI LE PONTET","Sièges / Elu":2,"Sièges CC":0,"Voix":620,"% Voix/Ins":5.57,"% Voix/Exp":14.55},{"N.Pan.":4,"Code Nuance":"LRN","Sexe":"M","Nom":"HEBRARD","Prénom":"Joris","Liste":"LE PONTET GAGNANT","Sièges / Elu":27,"Sièges CC":5,"Voix":2437,"% Voix/Ins":21.91,"% Voix/Exp":57.21}]},"population":{"F0-2":289.091328445343,"F3-5":347.443579166214,"F6-10":575.035965407935,"F11-17":657.082813462252,"F18-24":562.543058188132,"F25-39":1576.86931176585,"F40-54":1473.16507269454,"F55-64":1081.3233050472,"F65-79":1262.85550094499,"F80+":661.055198083586,"H0-2":342.545152067808,"H3-5":360.850653361322,"H6-10":525.009554422925,"H11-17":651.760911428494,"H18-24":856.117363346611,"H25-39":1708.4386843402,"H40-54":1554.02217946425,"H55-64":1006.98823992695,"H65-79":1158.22018345147,"H80+":367.581944983916},"Analyse":{"Votes décisifs":615,"tour décisif":1,"majeurs":13269.180042237696,"Non votants de 18-24":946.8491701759851}}