{"id":8960,"slug":"85-1-l-aiguillon-sur-mer","nom_standard":"L'Aiguillon-sur-Mer","code_postal":"85","code_departement":"85","libelle_departement":"Vendée","code_commune":"1","Tour 1":{"Inscrits":1864,"Abstentions":722,"% Abs/Ins":38.73,"Votants":1142,"% Vot/Ins":61.27,"Blancs":8,"% Blancs/Ins":0.43,"% Blancs/Vot":0.7,"Nuls":17,"% Nuls/Ins":0.91,"% Nuls/Vot":1.49,"Exprimés":1117,"% Exp/Ins":59.92,"% Exp/Vot":97.81,"resultats":[{"N.Pan.":null,"Code Nuance":"LNC","Sexe":"M","Nom":"PIEDALLU","Prénom":"Jean-Michel","Liste":"L'Aiguillon avec vous","Sièges / Elu":"15","Sièges Secteur":0,"Sièges CC":2,"Voix":623,"% Voix/Ins":33.42,"% Voix/Exp":55.77},{"N.Pan.":2,"Code Nuance":"LNC","Sexe":"M","Nom":"BARRAUD","Prénom":"Alain","Liste":"Vivons L'Aiguillon","Sièges / Elu":"4","Sièges Secteur":0,"Sièges CC":0,"Voix":494,"% Voix/Ins":26.5,"% Voix/Exp":44.23}]},"population":{"F0-2":11.2342910089838,"F3-5":19.7409335725571,"F6-10":35.7912522317931,"F11-17":55.5797710495335,"F18-24":34.6281051808863,"F25-39":91.3698404040609,"F40-54":198.112056608058,"F55-64":250.292815365944,"F65-79":521.019857757319,"F80+":268.961025647741,"H0-2":14.3036475054414,"H3-5":18.0962526439403,"H6-10":35.5313020182573,"H11-17":48.8182790933551,"H18-24":47.5714945913526,"H25-39":96.29253549803,"H40-54":158.550635837272,"H55-64":232.320570903106,"H65-79":437.615552477359,"H80+":169.16978060501},"Analyse":{"Votes décisifs":130,"tour décisif":1,"majeurs":2505.904270876139,"Non votants de 18-24":44.73929291579367}}