{"id":8961,"slug":"85-2-l-aiguillon-sur-vie","nom_standard":"L'Aiguillon-sur-Vie","code_postal":"85","code_departement":"85","libelle_departement":"Vendée","code_commune":"2","Tour 1":{"Inscrits":1585,"Abstentions":946,"% Abs/Ins":59.68,"Votants":639,"% Vot/Ins":40.32,"Blancs":38,"% Blancs/Ins":2.4,"% Blancs/Vot":5.95,"Nuls":82,"% Nuls/Ins":5.17,"% Nuls/Vot":12.83,"Exprimés":519,"% Exp/Ins":32.74,"% Exp/Vot":81.22,"resultats":[{"N.Pan.":null,"Code Nuance":"LNC","Sexe":"M","Nom":"COQUELIN","Prénom":"André","Liste":"Partageons l'avenir","Sièges / Elu":"19","Sièges Secteur":0,"Sièges CC":2,"Voix":519,"% Voix/Ins":32.74,"% Voix/Exp":100}]},"population":{"F0-2":26.5076740579806,"F3-5":32.3443688509836,"F6-10":81.8803948107021,"F11-17":70.7748385539836,"F18-24":38.0449961725169,"F25-39":162.911481777536,"F40-54":210.610721011937,"F55-64":123.920075401144,"F65-79":219.290364306844,"F80+":91.6522222254781,"H0-2":27.4747897426175,"H3-5":27.6128213058235,"H6-10":51.6830699742051,"H11-17":94.7103289790036,"H18-24":49.6985605840649,"H25-39":167.467058702981,"H40-54":211.328078778309,"H55-64":120.900902655637,"H65-79":189.408969454471,"H80+":68.7782826537815},"Analyse":{"Votes décisifs":520,"tour décisif":1,"majeurs":1654.0117137247003,"Non votants de 18-24":53.84528850236558}}