{"id":8973,"slug":"85-15-beaufou","nom_standard":"Beaufou","code_postal":"85","code_departement":"85","libelle_departement":"Vendée","code_commune":"15","Tour 1":{"Inscrits":1108,"Abstentions":665,"% Abs/Ins":60.02,"Votants":443,"% Vot/Ins":39.98,"Blancs":5,"% Blancs/Ins":0.45,"% Blancs/Vot":1.13,"Nuls":27,"% Nuls/Ins":2.44,"% Nuls/Vot":6.09,"Exprimés":411,"% Exp/Ins":37.09,"% Exp/Vot":92.78,"resultats":[{"N.Pan.":null,"Code Nuance":"LNC","Sexe":"F","Nom":"HERMOUET","Prénom":"Delphine","Liste":"Du coeur et du dynamisme à Beaufou","Sièges / Elu":"19","Sièges Secteur":0,"Sièges CC":2,"Voix":411,"% Voix/Ins":37.09,"% Voix/Exp":100}]},"population":{"F0-2":35.027876063388,"F3-5":43.2554017691677,"F6-10":82.3751576618483,"F11-17":84.5206527765295,"F18-24":31.0196839320209,"F25-39":188.979837594931,"F40-54":131.255627586246,"F55-64":85.1828576437679,"F65-79":65.4996341735167,"F80+":22.9002290173011,"H0-2":38.1246722797396,"H3-5":41.1816712787718,"H6-10":88.5765502902878,"H11-17":69.0247947002819,"H18-24":46.5634160663174,"H25-39":194.374089724499,"H40-54":149.908663989873,"H55-64":79.9324284102064,"H65-79":73.790894035227,"H80+":13.5058610060797},"Analyse":{"Votes décisifs":412,"tour décisif":1,"majeurs":1082.913223179986,"Non votants de 18-24":45.84527229101931}}