{"id":8977,"slug":"85-19-bellevigny","nom_standard":"Bellevigny","code_postal":"85","code_departement":"85","libelle_departement":"Vendée","code_commune":"19","Tour 1":{"Inscrits":4544,"Abstentions":3185,"% Abs/Ins":70.09,"Votants":1359,"% Vot/Ins":29.91,"Blancs":66,"% Blancs/Ins":1.45,"% Blancs/Vot":4.86,"Nuls":155,"% Nuls/Ins":3.41,"% Nuls/Vot":11.41,"Exprimés":1138,"% Exp/Ins":25.04,"% Exp/Vot":83.74,"resultats":[{"N.Pan.":null,"Code Nuance":"LDIV","Sexe":"M","Nom":"PLISSON","Prénom":"Régis","Liste":"Ensemble pour Bellevigny","Sièges / Elu":"33","Sièges Secteur":0,"Sièges CC":6,"Voix":1138,"% Voix/Ins":25.04,"% Voix/Exp":100}]},"population":{"F0-2":117.190132733255,"F3-5":95.5122730786965,"F6-10":245.020808430463,"F11-17":347.713728778344,"F18-24":176.031014401213,"F25-39":590.500876577848,"F40-54":689.582776893464,"F55-64":386.766108744354,"F65-79":352.66918440495,"F80+":150.485324632523,"H0-2":104.013312203511,"H3-5":119.83288548412,"H6-10":237.0012049483,"H11-17":352.194711084081,"H18-24":194.114927506101,"H25-39":545.750723996811,"H40-54":700.49910948484,"H55-64":379.892474646895,"H65-79":333.008574650659,"H80+":75.2198473195725},"Analyse":{"Votes décisifs":1139,"tour décisif":1,"majeurs":4574.52094325923,"Non votants de 18-24":260.18287882564306}}