{"id":8986,"slug":"85-34-bournezeau","nom_standard":"Bournezeau","code_postal":"85","code_departement":"85","libelle_departement":"Vendée","code_commune":"34","Tour 1":{"Inscrits":2377,"Abstentions":1377,"% Abs/Ins":57.93,"Votants":1000,"% Vot/Ins":42.07,"Blancs":19,"% Blancs/Ins":0.8,"% Blancs/Vot":1.9,"Nuls":109,"% Nuls/Ins":4.59,"% Nuls/Vot":10.9,"Exprimés":872,"% Exp/Ins":36.68,"% Exp/Vot":87.2,"resultats":[{"N.Pan.":null,"Code Nuance":"LNC","Sexe":"F","Nom":"BILLAUDEAU","Prénom":"Louisette","Liste":"Bournezeau-Saint Vincent Puymaufrais, avec vous, allons plus loin","Sièges / Elu":"23","Sièges Secteur":0,"Sièges CC":5,"Voix":872,"% Voix/Ins":36.68,"% Voix/Exp":100}]},"population":{"F0-2":62.0471469982004,"F3-5":65.7499599579485,"F6-10":115.494201131637,"F11-17":177.970801522585,"F18-24":119.999835989569,"F25-39":349.342350143729,"F40-54":322.651632072435,"F55-64":191.574180180608,"F65-79":193.766738802085,"F80+":118.930154118583,"H0-2":71.9073498156947,"H3-5":59.8195451134936,"H6-10":139.132451547537,"H11-17":202.352870357877,"H18-24":103.361932712235,"H25-39":319.106421735483,"H40-54":352.188411195976,"H55-64":181.545731881679,"H65-79":224.700968658724,"H80+":59.3573160639211},"Analyse":{"Votes décisifs":873,"tour décisif":1,"majeurs":2536.5256735550274,"Non votants de 18-24":135.30361457764138}}