{"id":644,"slug":"9-306-tarascon-sur-ariege","nom_standard":"Tarascon-sur-Ariège","code_postal":"9","code_departement":"9","libelle_departement":"Ariège","code_commune":"306","Tour 1":{"Inscrits":2048,"Abstentions":893,"% Abs/Ins":43.6,"Votants":1155,"% Vot/Ins":56.4,"Blancs":39,"% Blancs/Ins":1.9,"% Blancs/Vot":3.38,"Nuls":56,"% Nuls/Ins":2.73,"% Nuls/Vot":4.85,"Exprimés":1060,"% Exp/Ins":51.76,"% Exp/Vot":91.77,"resultats":[{"N.Pan.":null,"Code Nuance":"LNC","Sexe":"M","Nom":"SUTRA","Prénom":"Alain","Liste":"Ensemble pour Tarascon","Sièges / Elu":"20","Sièges Secteur":0,"Sièges CC":12,"Voix":763,"% Voix/Ins":37.26,"% Voix/Exp":71.98},{"N.Pan.":2,"Code Nuance":"LNC","Sexe":"F","Nom":"CORTÈS","Prénom":"Florence","Liste":"Des couleurs pour Tarascon","Sièges / Elu":"3","Sièges Secteur":0,"Sièges CC":1,"Voix":297,"% Voix/Ins":14.5,"% Voix/Exp":28.02}]},"population":{"F0-2":33.7479754697063,"F3-5":39.0410785842887,"F6-10":71.9555512282298,"F11-17":105.926852989373,"F18-24":83.9188992510366,"F25-39":201.674589252689,"F40-54":278.430132251819,"F55-64":209.697749925728,"F65-79":289.94231927596,"F80+":268.558559320052,"H0-2":29.2610465934243,"H3-5":47.1375616324928,"H6-10":67.4016794634424,"H11-17":122.503056105196,"H18-24":103.369299396837,"H25-39":228.433243381273,"H40-54":261.147866568386,"H55-64":199.237810442985,"H65-79":262.880168226682,"H80+":108.7345606404},"Analyse":{"Votes décisifs":467,"tour décisif":1,"majeurs":2496.025197933848,"Non votants de 18-24":100.62326048244286}}