{"id":9458,"slug":"90-39-essert","nom_standard":"Essert","code_postal":"90","code_departement":"90","libelle_departement":"Territoire de Belfort","code_commune":"39","Tour 1":{"Inscrits":2430,"Abstentions":1251,"% Abs/Ins":51.48,"Votants":1179,"% Vot/Ins":48.52,"Blancs":21,"% Blancs/Ins":0.86,"% Blancs/Vot":1.78,"Nuls":10,"% Nuls/Ins":0.41,"% Nuls/Vot":0.85,"Exprimés":1148,"% Exp/Ins":47.24,"% Exp/Vot":97.37,"resultats":[{"N.Pan.":null,"Code Nuance":"LNC","Sexe":"M","Nom":"VADOT","Prénom":"Frédéric","Liste":"DICE FIERS D'ESSERT","Sièges / Elu":"19","Sièges Secteur":0,"Sièges CC":2,"Voix":679,"% Voix/Ins":27.94,"% Voix/Exp":59.15},{"N.Pan.":2,"Code Nuance":"LNC","Sexe":"M","Nom":"GAUME","Prénom":"Yves","Liste":"ESSERT TOUJOURS AVEC VOUS","Sièges / Elu":"4","Sièges Secteur":0,"Sièges CC":0,"Voix":469,"% Voix/Ins":19.3,"% Voix/Exp":40.85}]},"population":{"F0-2":47.05451378376,"F3-5":61.7214665234415,"F6-10":113.062784869804,"F11-17":106.630872313744,"F18-24":96.0832269063865,"F25-39":280.883029887013,"F40-54":326.124135520306,"F55-64":245.793923305788,"F65-79":296.437467412466,"F80+":132.644591105298,"H0-2":67.7817951240212,"H3-5":58.4228890752941,"H6-10":79.724650059591,"H11-17":156.265846717676,"H18-24":98.7854776290548,"H25-39":261.773940719113,"H40-54":296.048617837169,"H55-64":214.787307316324,"H65-79":281.565580447971,"H80+":94.4078834457781},"Analyse":{"Votes décisifs":211,"tour décisif":1,"majeurs":2625.335181532668,"Non votants de 18-24":107.3559921536427}}