{"id":90,"slug":"1-250-miserieux","nom_standard":"Misérieux","code_postal":"1","code_departement":"1","libelle_departement":"Ain","code_commune":"250","Tour 1":{"Inscrits":1241,"Abstentions":840,"% Abs/Ins":67.69,"Votants":401,"% Vot/Ins":32.31,"Blancs":21,"% Blancs/Ins":1.69,"% Blancs/Vot":5.24,"Nuls":18,"% Nuls/Ins":1.45,"% Nuls/Vot":4.49,"Exprimés":362,"% Exp/Ins":29.17,"% Exp/Vot":90.27,"resultats":[{"N.Pan.":null,"Code Nuance":"LNC","Sexe":"M","Nom":"AUMONIER","Prénom":"Gabriel","Liste":"MISERIEUX DEMAIN","Sièges / Elu":"19","Sièges Secteur":0,"Sièges CC":2,"Voix":362,"% Voix/Ins":29.17,"% Voix/Exp":100}]},"population":{"F0-2":20.0500972916774,"F3-5":37.2012924608652,"F6-10":76.5442824265402,"F11-17":98.3980976644062,"F18-24":112.948844583406,"F25-39":164.370677795326,"F40-54":212.203409659506,"F55-64":112.672909521901,"F65-79":124.403847709277,"F80+":34.1856859800246,"H0-2":33.1099829193961,"H3-5":47.1994125921186,"H6-10":81.2205645762715,"H11-17":104.318433997514,"H18-24":104.946724014219,"H25-39":141.178995040694,"H40-54":205.859703665579,"H55-64":122.537007939014,"H65-79":118.893737260837,"H80+":26.7562929014275},"Analyse":{"Votes décisifs":363,"tour décisif":1,"majeurs":1480.9578360712112,"Non votants de 18-24":158.8958314819181}}