{"id":9011,"slug":"85-84-essarts-en-bocage","nom_standard":"Essarts en Bocage","code_postal":"85","code_departement":"85","libelle_departement":"Vendée","code_commune":"84","Tour 1":{"Inscrits":6380,"Abstentions":3655,"% Abs/Ins":57.29,"Votants":2725,"% Vot/Ins":42.71,"Blancs":1038,"% Blancs/Ins":16.27,"% Blancs/Vot":38.09,"Nuls":185,"% Nuls/Ins":2.9,"% Nuls/Vot":6.79,"Exprimés":1502,"% Exp/Ins":23.54,"% Exp/Vot":55.12,"resultats":[{"N.Pan.":null,"Code Nuance":"LDVD","Sexe":"M","Nom":"RIFFAUD","Prénom":"Freddy","Liste":"Ensemble pour demain","Sièges / Elu":"33","Sièges Secteur":0,"Sièges CC":10,"Voix":1502,"% Voix/Ins":23.54,"% Voix/Exp":100}]},"population":{"F0-2":171.943593589357,"F3-5":185.941901877742,"F6-10":371.735220279117,"F11-17":497.226663074093,"F18-24":246.737593836295,"F25-39":928.926508677763,"F40-54":919.342847969789,"F55-64":532.050138529578,"F65-79":505.902124128617,"F80+":265.345237027143,"H0-2":158.848190454018,"H3-5":210.230943652872,"H6-10":387.985431586334,"H11-17":503.245828509158,"H18-24":284.994145468913,"H25-39":938.152933595114,"H40-54":1033.85161410303,"H55-64":546.218257034944,"H65-79":470.128980187007,"H80+":141.191846419119},"Analyse":{"Votes décisifs":1503,"tour décisif":1,"majeurs":6812.842226977312,"Non votants de 18-24":319.0497276964403}}