{"id":9013,"slug":"85-88-le-fenouiller","nom_standard":"Le Fenouiller","code_postal":"85","code_departement":"85","libelle_departement":"Vendée","code_commune":"88","Tour 1":{"Inscrits":4267,"Abstentions":2318,"% Abs/Ins":54.32,"Votants":1949,"% Vot/Ins":45.68,"Blancs":28,"% Blancs/Ins":0.66,"% Blancs/Vot":1.44,"Nuls":78,"% Nuls/Ins":1.83,"% Nuls/Vot":4,"Exprimés":1843,"% Exp/Ins":43.19,"% Exp/Vot":94.56,"resultats":[{"N.Pan.":null,"Code Nuance":"LDVD","Sexe":"F","Nom":"TESSIER","Prénom":"Isabelle","Liste":"Ensemble pour l'avenir","Sièges / Elu":"21","Sièges Secteur":0,"Sièges CC":3,"Voix":1036,"% Voix/Ins":24.28,"% Voix/Exp":56.21},{"N.Pan.":2,"Code Nuance":"LDIV","Sexe":"M","Nom":"REIGNIEZ","Prénom":"Laurent","Liste":"Le Fenouiller demain","Sièges / Elu":"6","Sièges Secteur":0,"Sièges CC":1,"Voix":807,"% Voix/Ins":18.91,"% Voix/Exp":43.79}]},"population":{"F0-2":47.6565899130575,"F3-5":60.6928866576905,"F6-10":117.269481491045,"F11-17":216.076863680952,"F18-24":69.0246158090355,"F25-39":263.428688528169,"F40-54":471.682212106235,"F55-64":444.631211634623,"F65-79":655.688349130685,"F80+":189.676410512917,"H0-2":47.8834567258635,"H3-5":51.3850525585285,"H6-10":122.259243444222,"H11-17":212.526786468322,"H18-24":96.2216767527348,"H25-39":238.645124585322,"H40-54":454.314870453563,"H55-64":369.011341188482,"H65-79":638.934662136177,"H80+":129.990476222375},"Analyse":{"Votes décisifs":230,"tour décisif":1,"majeurs":4021.249639060318,"Non votants de 18-24":85.15551155814423}}