{"id":9018,"slug":"85-94-foussais-payre","nom_standard":"Foussais-Payré","code_postal":"85","code_departement":"85","libelle_departement":"Vendée","code_commune":"94","Tour 1":{"Inscrits":972,"Abstentions":300,"% Abs/Ins":30.86,"Votants":672,"% Vot/Ins":69.14,"Blancs":11,"% Blancs/Ins":1.13,"% Blancs/Vot":1.64,"Nuls":13,"% Nuls/Ins":1.34,"% Nuls/Vot":1.93,"Exprimés":648,"% Exp/Ins":66.67,"% Exp/Vot":96.43,"resultats":[{"N.Pan.":null,"Code Nuance":"LNC","Sexe":"M","Nom":"ARNAUDEAU","Prénom":"Jean-Marie","Liste":"Bien vivre ensemble à Foussais-Payré","Sièges / Elu":"12","Sièges Secteur":0,"Sièges CC":1,"Voix":364,"% Voix/Ins":37.45,"% Voix/Exp":56.17},{"N.Pan.":2,"Code Nuance":"LNC","Sexe":"M","Nom":"HENRY","Prénom":"Jean-Michel","Liste":"Demain, agir avec vous","Sièges / Elu":"3","Sièges Secteur":0,"Sièges CC":0,"Voix":284,"% Voix/Ins":29.22,"% Voix/Exp":43.83}]},"population":{"F0-2":16.6621840878232,"F3-5":20.9903264022306,"F6-10":32.7535202963898,"F11-17":52.494352156797,"F18-24":22.7765688418089,"F25-39":78.0294459310468,"F40-54":121.954032619786,"F55-64":96.2799506760717,"F65-79":105.910405126211,"F80+":57.6144587283993,"H0-2":20.901192986274,"H3-5":18.9434850401898,"H6-10":30.6783853626712,"H11-17":59.2915336051097,"H18-24":21.7755247057289,"H25-39":76.4118495932126,"H40-54":102.745754098828,"H55-64":101.784655295158,"H65-79":91.0184165338828,"H80+":43.98395791238},"Analyse":{"Votes décisifs":81,"tour décisif":1,"majeurs":920.2850200625141,"Non votants de 18-24":12.019773438804886}}