{"id":9025,"slug":"85-103-grosbreuil","nom_standard":"Grosbreuil","code_postal":"85","code_departement":"85","libelle_departement":"Vendée","code_commune":"103","Tour 1":{"Inscrits":1594,"Abstentions":791,"% Abs/Ins":49.62,"Votants":803,"% Vot/Ins":50.38,"Blancs":20,"% Blancs/Ins":1.25,"% Blancs/Vot":2.49,"Nuls":15,"% Nuls/Ins":0.94,"% Nuls/Vot":1.87,"Exprimés":768,"% Exp/Ins":48.18,"% Exp/Vot":95.64,"resultats":[{"N.Pan.":null,"Code Nuance":"LNC","Sexe":"M","Nom":"ALINCANT","Prénom":"Bernard","Liste":"Demain : Grosbreuil autrement","Sièges / Elu":"3","Sièges Secteur":0,"Sièges CC":0,"Voix":302,"% Voix/Ins":18.95,"% Voix/Exp":39.32},{"N.Pan.":2,"Code Nuance":"LNC","Sexe":"M","Nom":"HILLAIRET","Prénom":"Marc","Liste":"Agissons ensemble pour GROSBREUIL","Sièges / Elu":"16","Sièges Secteur":0,"Sièges CC":2,"Voix":466,"% Voix/Ins":29.23,"% Voix/Exp":60.68}]},"population":{"F0-2":31.6574975848505,"F3-5":42.5393780869986,"F6-10":59.631020601733,"F11-17":132.501549842163,"F18-24":47.9316270936358,"F25-39":194.85605820364,"F40-54":257.514921836621,"F55-64":123.590058283031,"F65-79":156.773019322413,"F80+":46.6118699670917,"H0-2":32.2699232267401,"H3-5":30.5711823747947,"H6-10":80.6054692498922,"H11-17":121.317988711858,"H18-24":76.5908977681258,"H25-39":194.061625934526,"H40-54":262.230933715381,"H55-64":120.469510249908,"H65-79":160.523076454654,"H80+":52.7523914919428},"Analyse":{"Votes décisifs":165,"tour décisif":1,"majeurs":1693.9059903209702,"Non votants de 18-24":65.492337805721}}