{"id":9027,"slug":"85-108-l-herbergement","nom_standard":"L'Herbergement","code_postal":"85","code_departement":"85","libelle_departement":"Vendée","code_commune":"108","Tour 1":{"Inscrits":2220,"Abstentions":1306,"% Abs/Ins":58.83,"Votants":914,"% Vot/Ins":41.17,"Blancs":26,"% Blancs/Ins":1.17,"% Blancs/Vot":2.84,"Nuls":73,"% Nuls/Ins":3.29,"% Nuls/Vot":7.99,"Exprimés":815,"% Exp/Ins":36.71,"% Exp/Vot":89.17,"resultats":[{"N.Pan.":null,"Code Nuance":"LNC","Sexe":"F","Nom":"BOISTEAU-PAYEN","Prénom":"Anne","Liste":"L'Herbergement  le bien vivre ensemble durablement","Sièges / Elu":"23","Sièges Secteur":0,"Sièges CC":3,"Voix":815,"% Voix/Ins":36.71,"% Voix/Exp":100}]},"population":{"F0-2":71.8664129000813,"F3-5":86.2758077822123,"F6-10":139.104796473306,"F11-17":195.333253189526,"F18-24":76.3781280099136,"F25-39":377.572932212965,"F40-54":321.731913390554,"F55-64":172.493007461513,"F65-79":157.725431804743,"F80+":102.049955568297,"H0-2":70.7672886119774,"H3-5":85.2476550553688,"H6-10":145.367467808229,"H11-17":176.740849249717,"H18-24":73.1280350577292,"H25-39":348.085730074825,"H40-54":386.388362643979,"H55-64":178.650624662938,"H65-79":135.567905252797,"H80+":43.5244427893286},"Analyse":{"Votes décisifs":816,"tour décisif":1,"majeurs":2373.2964689295823,"Non votants de 18-24":91.92859750312756}}