{"id":9036,"slug":"85-121-le-langon","nom_standard":"Le Langon","code_postal":"85","code_departement":"85","libelle_departement":"Vendée","code_commune":"121","Tour 1":{"Inscrits":844,"Abstentions":325,"% Abs/Ins":38.51,"Votants":519,"% Vot/Ins":61.49,"Blancs":17,"% Blancs/Ins":2.01,"% Blancs/Vot":3.28,"Nuls":20,"% Nuls/Ins":2.37,"% Nuls/Vot":3.85,"Exprimés":482,"% Exp/Ins":57.11,"% Exp/Vot":92.87,"resultats":[{"N.Pan.":null,"Code Nuance":"LNC","Sexe":"M","Nom":"VERDON","Prénom":"Gérard","Liste":"Ensemble pour le Langon","Sièges / Elu":"2","Sièges Secteur":0,"Sièges CC":0,"Voix":175,"% Voix/Ins":20.73,"% Voix/Exp":36.31},{"N.Pan.":2,"Code Nuance":"LNC","Sexe":"M","Nom":"BIENVENU","Prénom":"Alain","Liste":"Bien vivre au Langon","Sièges / Elu":"13","Sièges Secteur":0,"Sièges CC":1,"Voix":307,"% Voix/Ins":36.37,"% Voix/Exp":63.69}]},"population":{"F0-2":9.58296022312275,"F3-5":13.3891854490063,"F6-10":30.5593196924331,"F11-17":51.5608718122127,"F18-24":19.262353906212,"F25-39":72.9348262941749,"F40-54":94.4372917641664,"F55-64":94.8687121408168,"F65-79":87.3600234167484,"F80+":33.0444837831994,"H0-2":7.61895035346202,"H3-5":14.3389457466763,"H6-10":22.8254160782382,"H11-17":50.604993435244,"H18-24":28.7496032903499,"H25-39":54.8730490897542,"H40-54":118.553236094883,"H55-64":87.0832783281617,"H65-79":92.1866559033454,"H80+":28.1658431977926},"Analyse":{"Votes décisifs":133,"tour décisif":1,"majeurs":811.5193572096046,"Non votants de 18-24":17.306336235533376}}