{"id":9047,"slug":"85-143-mervent","nom_standard":"Mervent","code_postal":"85","code_departement":"85","libelle_departement":"Vendée","code_commune":"143","Tour 1":{"Inscrits":864,"Abstentions":525,"% Abs/Ins":60.76,"Votants":339,"% Vot/Ins":39.24,"Blancs":4,"% Blancs/Ins":0.46,"% Blancs/Vot":1.18,"Nuls":52,"% Nuls/Ins":6.02,"% Nuls/Vot":15.34,"Exprimés":283,"% Exp/Ins":32.75,"% Exp/Vot":83.48,"resultats":[{"N.Pan.":null,"Code Nuance":"LNC","Sexe":"M","Nom":"BOBINEAU","Prénom":"Joël","Liste":"Bien vivre à Mervent","Sièges / Elu":"15","Sièges Secteur":0,"Sièges CC":1,"Voix":283,"% Voix/Ins":32.75,"% Voix/Exp":100}]},"population":{"F0-2":11.5087283634817,"F3-5":12.9933277215391,"F6-10":32.4478719722667,"F11-17":46.4374036969275,"F18-24":18.8862550040333,"F25-39":66.8449052656982,"F40-54":97.6468689002153,"F55-64":98.075701656488,"F65-79":112.337716834758,"F80+":35.5744342601482,"H0-2":14.2384086187243,"H3-5":15.7109838619135,"H6-10":25.7154141820246,"H11-17":41.4033293155891,"H18-24":29.814737806342,"H25-39":72.0880914375691,"H40-54":102.068763075186,"H55-64":95.423956604103,"H65-79":99.8183564165073,"H80+":27.9647450064847},"Analyse":{"Votes décisifs":284,"tour décisif":1,"majeurs":856.544532267533,"Non votants de 18-24":29.426295534553322}}