{"id":9060,"slug":"85-161-nieul-le-dolent","nom_standard":"Nieul-le-Dolent","code_postal":"85","code_departement":"85","libelle_departement":"Vendée","code_commune":"161","Tour 1":{"Inscrits":1783,"Abstentions":1017,"% Abs/Ins":57.04,"Votants":766,"% Vot/Ins":42.96,"Blancs":26,"% Blancs/Ins":1.46,"% Blancs/Vot":3.39,"Nuls":195,"% Nuls/Ins":10.94,"% Nuls/Vot":25.46,"Exprimés":545,"% Exp/Ins":30.57,"% Exp/Vot":71.15,"resultats":[{"N.Pan.":null,"Code Nuance":"LNC","Sexe":"M","Nom":"DURAND","Prénom":"Dominique","Liste":"Construire un avenir durable","Sièges / Elu":"19","Sièges Secteur":0,"Sièges CC":4,"Voix":545,"% Voix/Ins":30.57,"% Voix/Exp":100}]},"population":{"F0-2":38.0140656929005,"F3-5":40.8139051741314,"F6-10":74.3778366946259,"F11-17":146.991644847595,"F18-24":65.4791510577065,"F25-39":207.030895561546,"F40-54":268.682189457797,"F55-64":146.622770423989,"F65-79":195.355683524074,"F80+":96.9805189898812,"H0-2":35.8334099291353,"H3-5":34.47930687288,"H6-10":80.8033449523708,"H11-17":124.459008049841,"H18-24":85.9731237136823,"H25-39":205.628616792728,"H40-54":284.781758513508,"H55-64":142.893050211659,"H65-79":184.007376681644,"H80+":65.7923428583041},"Analyse":{"Votes décisifs":546,"tour décisif":1,"majeurs":1949.227477786519,"Non votants de 18-24":91.935135906394}}