{"id":9505,"slug":"91-161-chilly-mazarin","nom_standard":"Chilly-Mazarin","code_postal":"91","code_departement":"91","libelle_departement":"Essonne","code_commune":"161","Tour 1":{"Inscrits":10436,"Abstentions":5605,"% Abs/Ins":53.71,"Votants":4831,"% Vot/Ins":46.29,"Blancs":53,"% Blancs/Ins":0.51,"% Blancs/Vot":1.1,"Nuls":83,"% Nuls/Ins":0.8,"% Nuls/Vot":1.72,"Exprimés":4695,"% Exp/Ins":44.99,"% Exp/Vot":97.18,"resultats":[{"N.Pan.":null,"Code Nuance":"LSOC","Sexe":"F","Nom":"REZGUI","Prénom":"Rafika","Liste":"RÉUSSIR ENSEMBLE CHILLY-MAZARIN","Sièges / Elu":"27","Sièges Secteur":0,"Sièges CC":4,"Voix":2588,"% Voix/Ins":24.8,"% Voix/Exp":55.12},{"N.Pan.":2,"Code Nuance":"LLR","Sexe":"M","Nom":"BENEYTOU","Prénom":"Jean-Paul","Liste":"NOTRE PARTI C'EST CHILLY","Sièges / Elu":"8","Sièges Secteur":0,"Sièges CC":1,"Voix":2107,"% Voix/Ins":20.19,"% Voix/Exp":44.88}]},"population":{"F0-2":470.466254762779,"F3-5":470.262518349629,"F6-10":769.703546330251,"F11-17":901.229093018546,"F18-24":764.030383389472,"F25-39":2386.09665485755,"F40-54":2045.94023870343,"F55-64":1072.23862266519,"F65-79":1067.36865701929,"F80+":514.156597528691,"H0-2":455.587607236569,"H3-5":492.807050987824,"H6-10":698.776085666251,"H11-17":885.855038036249,"H18-24":787.14354287526,"H25-39":2147.64474036417,"H40-54":1936.65572791261,"H55-64":1073.92617820763,"H65-79":721.686334382183,"H80+":281.425127706426},"Analyse":{"Votes décisifs":482,"tour décisif":1,"majeurs":14798.312805611902,"Non votants de 18-24":1044.7836819023405}}