{"id":9541,"slug":"91-347-longpont-sur-orge","nom_standard":"Longpont-sur-Orge","code_postal":"91","code_departement":"91","libelle_departement":"Essonne","code_commune":"347","Tour 1":{"Inscrits":4639,"Abstentions":2588,"% Abs/Ins":55.79,"Votants":2051,"% Vot/Ins":44.21,"Blancs":17,"% Blancs/Ins":0.37,"% Blancs/Vot":0.83,"Nuls":18,"% Nuls/Ins":0.39,"% Nuls/Vot":0.88,"Exprimés":2016,"% Exp/Ins":43.46,"% Exp/Vot":98.29,"resultats":[{"N.Pan.":null,"Code Nuance":"LREM","Sexe":"F","Nom":"POULIQUEN","Prénom":"Christelle","Liste":"LONGPONT EN MOUVEMENT !","Sièges / Elu":"3","Sièges Secteur":0,"Sièges CC":0,"Voix":430,"% Voix/Ins":9.27,"% Voix/Exp":21.33},{"N.Pan.":2,"Code Nuance":"LDVG","Sexe":"M","Nom":"LAMOUR","Prénom":"Alain","Liste":"ENSEMBLE POUR LONGPONT","Sièges / Elu":"26","Sièges Secteur":0,"Sièges CC":2,"Voix":1586,"% Voix/Ins":34.19,"% Voix/Exp":78.67}]},"population":{"F0-2":114.35937564858,"F3-5":137.230128873409,"F6-10":205.9368849151,"F11-17":310.420374936878,"F18-24":237.65577356674,"F25-39":629.989109926915,"F40-54":676.19193816571,"F55-64":435.606117600311,"F65-79":399.234766633557,"F80+":205.967687968359,"H0-2":115.503218282778,"H3-5":122.458028397734,"H6-10":193.087136000061,"H11-17":293.808686952295,"H18-24":242.097817093537,"H25-39":555.149990031763,"H40-54":641.837275041503,"H55-64":420.338271044819,"H65-79":323.82468772507,"H80+":117.30273119488},"Analyse":{"Votes décisifs":1157,"tour décisif":1,"majeurs":4885.196165993164,"Non votants de 18-24":278.3339176297703}}