{"id":9540,"slug":"91-345-longjumeau","nom_standard":"Longjumeau","code_postal":"91","code_departement":"91","libelle_departement":"Essonne","code_commune":"345","Tour 1":{"Inscrits":12701,"Abstentions":8613,"% Abs/Ins":67.81,"Votants":4088,"% Vot/Ins":32.19,"Blancs":108,"% Blancs/Ins":0.85,"% Blancs/Vot":2.64,"Nuls":95,"% Nuls/Ins":0.75,"% Nuls/Vot":2.32,"Exprimés":3885,"% Exp/Ins":30.59,"% Exp/Vot":95.03,"resultats":[{"N.Pan.":null,"Code Nuance":"LREM","Sexe":"F","Nom":"MARO","Prénom":"Sandrine","Liste":"Maintenant Longjumeau","Sièges / Elu":"2","Sièges Secteur":0,"Sièges CC":0,"Voix":508,"% Voix/Ins":4,"% Voix/Exp":13.08},{"N.Pan.":2,"Code Nuance":"LDIV","Sexe":"M","Nom":"VEYSSET","Prénom":"Alain","Liste":"LONGJUMEAU INITIATIVES CITOYENNES","Sièges / Elu":"2","Sièges Secteur":0,"Sièges CC":0,"Voix":552,"% Voix/Ins":4.35,"% Voix/Exp":14.21},{"N.Pan.":3,"Code Nuance":"LDVD","Sexe":"F","Nom":"GELOT","Prénom":"Sandrine","Liste":"ENSEMBLE POUR LONGJUMEAU","Sièges / Elu":31,"Sièges CC":5,"Voix":2825,"% Voix/Ins":22.24,"% Voix/Exp":72.72}]},"population":{"F0-2":428.70462704647,"F3-5":482.163603002672,"F6-10":763.536068340934,"F11-17":983.139571593769,"F18-24":860.160340462746,"F25-39":2128.27935783409,"F40-54":2193.25668127654,"F55-64":1278.28597548355,"F65-79":1339.66345867547,"F80+":630.798354356573,"H0-2":424.729708015235,"H3-5":390.16434943769,"H6-10":752.874872597855,"H11-17":1015.10822172344,"H18-24":892.191453103092,"H25-39":1907.87207287326,"H40-54":2112.4874439245,"H55-64":1209.94298881617,"H65-79":973.511535441212,"H80+":338.129315994721},"Analyse":{"Votes décisifs":1766,"tour décisif":1,"majeurs":15864.578978241925,"Non votants de 18-24":1300.8040946371773}}