{"id":9535,"slug":"91-332-leudeville","nom_standard":"Leudeville","code_postal":"91","code_departement":"91","libelle_departement":"Essonne","code_commune":"332","Tour 1":{"Inscrits":1006,"Abstentions":657,"% Abs/Ins":65.31,"Votants":349,"% Vot/Ins":34.69,"Blancs":23,"% Blancs/Ins":2.29,"% Blancs/Vot":6.59,"Nuls":23,"% Nuls/Ins":2.29,"% Nuls/Vot":6.59,"Exprimés":303,"% Exp/Ins":30.12,"% Exp/Vot":86.82,"resultats":[{"N.Pan.":null,"Code Nuance":"LNC","Sexe":"M","Nom":"LECOMTE","Prénom":"Jean-Pierre","Liste":"ENSEMBLE POUR NOTRE VILLAGE","Sièges / Elu":"15","Sièges Secteur":0,"Sièges CC":2,"Voix":303,"% Voix/Ins":30.12,"% Voix/Exp":100}]},"population":{"F0-2":24.3116707419792,"F3-5":18.8192004355,"F6-10":55.585037204553,"F11-17":71.4970729403358,"F18-24":49.0335686910788,"F25-39":143.895731982337,"F40-54":160.827565667941,"F55-64":95.6589938948009,"F65-79":78.4209853262976,"F80+":77.1534466665047,"H0-2":28.4716171886315,"H3-5":31.3382792850046,"H6-10":62.5696638544355,"H11-17":75.5257705496802,"H18-24":61.6738012847713,"H25-39":131.294644475971,"H40-54":168.462672905278,"H55-64":100.959942189618,"H65-79":89.2681971247895,"H80+":32.2321375904922},"Analyse":{"Votes décisifs":304,"tour décisif":1,"majeurs":1188.8816877998802,"Non votants de 18-24":78.20886947907461}}