{"id":9550,"slug":"91-411-les-molieres","nom_standard":"Les Molières","code_postal":"91","code_departement":"91","libelle_departement":"Essonne","code_commune":"411","Tour 1":{"Inscrits":1464,"Abstentions":908,"% Abs/Ins":62.02,"Votants":556,"% Vot/Ins":37.98,"Blancs":25,"% Blancs/Ins":1.71,"% Blancs/Vot":4.5,"Nuls":25,"% Nuls/Ins":1.71,"% Nuls/Vot":4.5,"Exprimés":506,"% Exp/Ins":34.56,"% Exp/Vot":91.01,"resultats":[{"N.Pan.":null,"Code Nuance":"LNC","Sexe":"M","Nom":"LUBRANESKI","Prénom":"Yvan","Liste":"EN AVANT LES MOLIÈRES","Sièges / Elu":"19","Sièges Secteur":0,"Sièges CC":2,"Voix":506,"% Voix/Ins":34.56,"% Voix/Exp":100}]},"population":{"F0-2":16.4746782780981,"F3-5":20.0331434329361,"F6-10":72.0459857203541,"F11-17":104.861113807501,"F18-24":56.8286198217003,"F25-39":131.077698656117,"F40-54":212.732274863777,"F55-64":143.602621197243,"F65-79":138.228635055547,"F80+":41.7711995555415,"H0-2":26.6703028609534,"H3-5":24.8199717903674,"H6-10":58.7307067838147,"H11-17":89.7529618285114,"H18-24":74.4040633692902,"H25-39":136.333528719626,"H40-54":205.303151599783,"H55-64":141.250214755241,"H65-79":123.319183221202,"H80+":37.7599446823959},"Analyse":{"Votes décisifs":507,"tour décisif":1,"majeurs":1442.6111354974637,"Non votants de 18-24":80.65399981695037}}