{"id":9554,"slug":"91-433-morigny-champigny","nom_standard":"Morigny-Champigny","code_postal":"91","code_departement":"91","libelle_departement":"Essonne","code_commune":"433","Tour 1":{"Inscrits":3475,"Abstentions":1969,"% Abs/Ins":56.66,"Votants":1506,"% Vot/Ins":43.34,"Blancs":16,"% Blancs/Ins":0.46,"% Blancs/Vot":1.06,"Nuls":30,"% Nuls/Ins":0.86,"% Nuls/Vot":1.99,"Exprimés":1460,"% Exp/Ins":42.01,"% Exp/Vot":96.95,"resultats":[{"N.Pan.":null,"Code Nuance":"LDVG","Sexe":"M","Nom":"GUIMARD","Prénom":"Bertrand","Liste":"ENVIRONNEMENT, SOLIDARITÉ ET DÉMOCRATIE","Sièges / Elu":"3","Sièges Secteur":0,"Sièges CC":0,"Voix":377,"% Voix/Ins":10.85,"% Voix/Exp":25.82},{"N.Pan.":2,"Code Nuance":"LDVD","Sexe":"M","Nom":"DIONNET","Prénom":"Bernard","Liste":"AGIR POUR L'AVENIR DE MORIGNY-CHAMPIGNY","Sièges / Elu":"24","Sièges Secteur":0,"Sièges CC":5,"Voix":1083,"% Voix/Ins":31.17,"% Voix/Exp":74.18}]},"population":{"F0-2":55.8850238708449,"F3-5":70.781304608328,"F6-10":130.764124402505,"F11-17":194.476391616873,"F18-24":164.975132484712,"F25-39":344.364335695982,"F40-54":450.689827257339,"F55-64":300.491027282368,"F65-79":411.442355252918,"F80+":158.438692333057,"H0-2":65.4609118453442,"H3-5":71.8058299023558,"H6-10":161.793420973358,"H11-17":196.536935254767,"H18-24":135.529928593292,"H25-39":316.290301124148,"H40-54":437.684958236146,"H55-64":286.394926119931,"H65-79":323.498093709239,"H80+":98.6964794364924},"Analyse":{"Votes décisifs":707,"tour décisif":1,"majeurs":3428.4960575256246,"Non votants de 18-24":168.50531121972622}}