{"id":9556,"slug":"91-457-la-norville","nom_standard":"La Norville","code_postal":"91","code_departement":"91","libelle_departement":"Essonne","code_commune":"457","Tour 1":{"Inscrits":3203,"Abstentions":2341,"% Abs/Ins":73.09,"Votants":862,"% Vot/Ins":26.91,"Blancs":73,"% Blancs/Ins":2.28,"% Blancs/Vot":8.47,"Nuls":31,"% Nuls/Ins":0.97,"% Nuls/Vot":3.6,"Exprimés":758,"% Exp/Ins":23.67,"% Exp/Vot":87.94,"resultats":[{"N.Pan.":null,"Code Nuance":"LDVG","Sexe":"F","Nom":"LEGUICHER","Prénom":"Fabienne","Liste":"AVEC VOUS POUR UN NOUVEL ÉLAN Á LA NORVILLE","Sièges / Elu":"27","Sièges Secteur":0,"Sièges CC":1,"Voix":758,"% Voix/Ins":23.67,"% Voix/Exp":100}]},"population":{"F0-2":65.9743651658804,"F3-5":66.3817782448342,"F6-10":147.880561971236,"F11-17":227.345483716297,"F18-24":139.628509445597,"F25-39":325.817100774476,"F40-54":477.765548032841,"F55-64":308.747774387502,"F65-79":330.070722040442,"F80+":96.7017235579115,"H0-2":73.6055303017555,"H3-5":75.8317689821338,"H6-10":177.450942611855,"H11-17":233.542756391427,"H18-24":170.275780567044,"H25-39":298.986449273056,"H40-54":442.689343840847,"H55-64":272.4293165411,"H65-79":313.027181829884,"H80+":71.8473623238804},"Analyse":{"Votes décisifs":759,"tour décisif":1,"majeurs":3247.9868126145807,"Non votants de 18-24":227.65718945380135}}