{"id":9572,"slug":"91-549-sainte-genevieve-des-bois","nom_standard":"Sainte-Geneviève-des-Bois","code_postal":"91","code_departement":"91","libelle_departement":"Essonne","code_commune":"549","Tour 1":{"Inscrits":20659,"Abstentions":12834,"% Abs/Ins":62.12,"Votants":7825,"% Vot/Ins":37.88,"Blancs":97,"% Blancs/Ins":0.47,"% Blancs/Vot":1.24,"Nuls":150,"% Nuls/Ins":0.73,"% Nuls/Vot":1.92,"Exprimés":7578,"% Exp/Ins":36.68,"% Exp/Vot":96.84,"resultats":[{"N.Pan.":null,"Code Nuance":"LREM","Sexe":"M","Nom":"LAMAOUI","Prénom":"Yassin","Liste":"GÉNOVÉFAINS EN MARCHE","Sièges / Elu":"3","Sièges Secteur":0,"Sièges CC":1,"Voix":1425,"% Voix/Ins":6.9,"% Voix/Exp":18.8},{"N.Pan.":2,"Code Nuance":"LEXG","Sexe":"F","Nom":"LECLERC","Prénom":"Monique","Liste":"LUTTE OUVRIÈRE-FAIRE ENTENDRE LE CAMP DES TRAVAILLEURS","Sièges / Elu":"0","Sièges Secteur":0,"Sièges CC":0,"Voix":359,"% Voix/Ins":1.74,"% Voix/Exp":4.74},{"N.Pan.":3,"Code Nuance":"LDVG","Sexe":"M","Nom":"PETITTA","Prénom":"Frédéric","Liste":"Faire Ensemble Sainte Geneviève","Sièges / Elu":32,"Sièges CC":10,"Voix":4316,"% Voix/Ins":20.89,"% Voix/Exp":56.95},{"N.Pan.":4,"Code Nuance":"LDVD","Sexe":"M","Nom":"ZLOWODZKI","Prénom":"Thomas","Liste":"TOUS ENSEMBLE POUR SAINTE-GENEVIEVE-DES-BOIS","Sièges / Elu":4,"Sièges CC":1,"Voix":1478,"% Voix/Ins":7.15,"% Voix/Exp":19.5}]},"population":{"F0-2":651.496205140282,"F3-5":736.881300867332,"F6-10":1180.24269242104,"F11-17":1454.78771823493,"F18-24":1357.11619069194,"F25-39":3603.18505489589,"F40-54":3549.15677637762,"F55-64":2268.64684435905,"F65-79":2242.27067007431,"F80+":1330.70078796985,"H0-2":779.545497137345,"H3-5":765.959364596911,"H6-10":1269.68238522618,"H11-17":1619.32210203934,"H18-24":1429.51086512614,"H25-39":3318.60304170234,"H40-54":3508.7732810222,"H55-64":2176.43978753818,"H65-79":1963.84115011953,"H80+":672.838284459598},"Analyse":{"Votes décisifs":1055,"tour décisif":1,"majeurs":27421.082734336647,"Non votants de 18-24":1991.4229815284884}}