{"id":9571,"slug":"91-540-saint-cheron","nom_standard":"Saint-Chéron","code_postal":"91","code_departement":"91","libelle_departement":"Essonne","code_commune":"540","Tour 1":{"Inscrits":3701,"Abstentions":2250,"% Abs/Ins":60.79,"Votants":1451,"% Vot/Ins":39.21,"Blancs":27,"% Blancs/Ins":0.73,"% Blancs/Vot":1.86,"Nuls":21,"% Nuls/Ins":0.57,"% Nuls/Vot":1.45,"Exprimés":1403,"% Exp/Ins":37.91,"% Exp/Vot":96.69,"resultats":[{"N.Pan.":null,"Code Nuance":"LDVG","Sexe":"F","Nom":"BILO","Prénom":"Chribelle","Liste":"ENSEMBLE POUR SAINT-CHÉRON","Sièges / Elu":"4","Sièges Secteur":0,"Sièges CC":1,"Voix":370,"% Voix/Ins":10,"% Voix/Exp":26.37},{"N.Pan.":2,"Code Nuance":"LDIV","Sexe":"M","Nom":"LEVER","Prénom":"André","Liste":"SAINT-CHERON EN AVANT","Sièges / Elu":"2","Sièges Secteur":0,"Sièges CC":0,"Voix":231,"% Voix/Ins":6.24,"% Voix/Exp":16.46},{"N.Pan.":3,"Code Nuance":"LDVD","Sexe":"M","Nom":"GELE","Prénom":"Jean-Marie","Liste":"SAINT-CHERON AVENIR ET PROGRES","Sièges / Elu":23,"Sièges CC":5,"Voix":802,"% Voix/Ins":21.67,"% Voix/Exp":57.16}]},"population":{"F0-2":84.6719080097233,"F3-5":109.247867978415,"F6-10":182.38220449151,"F11-17":255.833381312103,"F18-24":223.817861814433,"F25-39":446.100516180903,"F40-54":577.51772161787,"F55-64":344.380381529718,"F65-79":345.004422227053,"F80+":156.137899622546,"H0-2":97.1059976749393,"H3-5":89.9113731284144,"H6-10":166.971065462072,"H11-17":255.683075259388,"H18-24":226.536613368062,"H25-39":425.612221077025,"H40-54":565.307874083425,"H55-64":319.933448759174,"H65-79":299.837166413525,"H80+":92.0069999896995},"Analyse":{"Votes décisifs":202,"tour décisif":1,"majeurs":4022.1931266834335,"Non votants de 18-24":287.8897891497223}}