{"id":9573,"slug":"91-552-saint-germain-les-arpajon","nom_standard":"Saint-Germain-lès-Arpajon","code_postal":"91","code_departement":"91","libelle_departement":"Essonne","code_commune":"552","Tour 1":{"Inscrits":5998,"Abstentions":3704,"% Abs/Ins":61.75,"Votants":2294,"% Vot/Ins":38.25,"Blancs":27,"% Blancs/Ins":0.45,"% Blancs/Vot":1.18,"Nuls":41,"% Nuls/Ins":0.68,"% Nuls/Vot":1.79,"Exprimés":2226,"% Exp/Ins":37.11,"% Exp/Vot":97.04,"resultats":[{"N.Pan.":null,"Code Nuance":"LDVD","Sexe":"M","Nom":"SANTIN","Prénom":"Norbert","Liste":"Ensemble pour Saint-Germain-lès-Arpajon","Sièges / Elu":"28","Sièges Secteur":0,"Sièges CC":3,"Voix":1434,"% Voix/Ins":23.91,"% Voix/Exp":64.42},{"N.Pan.":2,"Code Nuance":"LDVG","Sexe":"F","Nom":"CRUZILLAC","Prénom":"Sylvie","Liste":"LISTE SOLIDAIRE ET CITOYENNE DE GAUCHE","Sièges / Elu":"1","Sièges Secteur":0,"Sièges CC":0,"Voix":190,"% Voix/Ins":3.17,"% Voix/Exp":8.54},{"N.Pan.":3,"Code Nuance":"LDVG","Sexe":"M","Nom":"GRIMAULT","Prénom":"Michel","Liste":"SAINT GERMAIN SOLIDAIRE","Sièges / Elu":4,"Sièges CC":0,"Voix":602,"% Voix/Ins":10.04,"% Voix/Exp":27.04}]},"population":{"F0-2":281.455088700156,"F3-5":247.37699917761,"F6-10":448.182675454868,"F11-17":593.301755445304,"F18-24":427.524770867178,"F25-39":1186.46235156128,"F40-54":1206.72888885794,"F55-64":514.375153411848,"F65-79":491.562235698452,"F80+":208.795286364172,"H0-2":284.147765127528,"H3-5":247.981537233153,"H6-10":480.068637232567,"H11-17":602.530066001455,"H18-24":531.393164061487,"H25-39":1100.37454174628,"H40-54":1169.53222352993,"H55-64":512.191407380066,"H65-79":410.891442618536,"H80+":123.124009530192},"Analyse":{"Votes décisifs":643,"tour décisif":1,"majeurs":7882.955475627362,"Non votants de 18-24":679.8655224765587}}