{"id":9483,"slug":"91-64-bievres","nom_standard":"Bièvres","code_postal":"91","code_departement":"91","libelle_departement":"Essonne","code_commune":"64","Tour 1":{"Inscrits":3437,"Abstentions":1493,"% Abs/Ins":43.44,"Votants":1944,"% Vot/Ins":56.56,"Blancs":16,"% Blancs/Ins":0.47,"% Blancs/Vot":0.82,"Nuls":22,"% Nuls/Ins":0.64,"% Nuls/Vot":1.13,"Exprimés":1906,"% Exp/Ins":55.46,"% Exp/Vot":98.05,"resultats":[{"N.Pan.":null,"Code Nuance":"LDIV","Sexe":"F","Nom":"CURVALE","Prénom":"Florence","Liste":"AIMER BIÈVRES, C'EST AGIR","Sièges / Elu":"3","Sièges Secteur":0,"Sièges CC":0,"Voix":509,"% Voix/Ins":14.81,"% Voix/Exp":26.71},{"N.Pan.":2,"Code Nuance":"LDVD","Sexe":"F","Nom":"PELLETIER-LE BARBIER","Prénom":"Anne","Liste":"CHOISIR BIÈVRES","Sièges / Elu":"24","Sièges Secteur":0,"Sièges CC":1,"Voix":1397,"% Voix/Ins":40.65,"% Voix/Exp":73.29}]},"population":{"F0-2":78.0006947548355,"F3-5":84.7197901107616,"F6-10":156.694837381946,"F11-17":243.450575857591,"F18-24":199.950014830788,"F25-39":416.206834719763,"F40-54":514.892050144376,"F55-64":312.303672874742,"F65-79":254.856748587639,"F80+":138.178813338979,"H0-2":79.1929212174247,"H3-5":75.4020954509335,"H6-10":172.49815601255,"H11-17":259.693790869993,"H18-24":208.132130332603,"H25-39":431.577133964929,"H40-54":505.752655372143,"H55-64":325.296731354367,"H65-79":235.327887808234,"H80+":103.872465015402},"Analyse":{"Votes décisifs":889,"tour décisif":1,"majeurs":3646.3471383439655,"Non votants de 18-24":190.5187426405241}}