{"id":9598,"slug":"91-667-villemoisson-sur-orge","nom_standard":"Villemoisson-sur-Orge","code_postal":"91","code_departement":"91","libelle_departement":"Essonne","code_commune":"667","Tour 1":{"Inscrits":5066,"Abstentions":3109,"% Abs/Ins":61.37,"Votants":1957,"% Vot/Ins":38.63,"Blancs":26,"% Blancs/Ins":0.51,"% Blancs/Vot":1.33,"Nuls":39,"% Nuls/Ins":0.77,"% Nuls/Vot":1.99,"Exprimés":1892,"% Exp/Ins":37.35,"% Exp/Vot":96.68,"resultats":[{"N.Pan.":null,"Code Nuance":"LDVD","Sexe":"M","Nom":"CHOLLEY","Prénom":"François","Liste":"VILLEMOISSON AUDACIEUSE ET TRANQUILLE","Sièges / Elu":"26","Sièges Secteur":0,"Sièges CC":2,"Voix":1413,"% Voix/Ins":27.89,"% Voix/Exp":74.68},{"N.Pan.":2,"Code Nuance":"LDVG","Sexe":"M","Nom":"NOVEL","Prénom":"Jean-David","Liste":"VILLEMOISSON Á L'UNISSON","Sièges / Elu":"3","Sièges Secteur":0,"Sièges CC":0,"Voix":479,"% Voix/Ins":9.46,"% Voix/Exp":25.32}]},"population":{"F0-2":93.4947664219122,"F3-5":120.930333488391,"F6-10":195.890752129712,"F11-17":282.517868242367,"F18-24":244.893517447417,"F25-39":581.623545510209,"F40-54":789.43591398471,"F55-64":527.750653507935,"F65-79":461.994719564695,"F80+":261.216825820011,"H0-2":105.805602801339,"H3-5":101.626346328916,"H6-10":219.440806856977,"H11-17":322.66160083135,"H18-24":296.571356697341,"H25-39":575.392064359939,"H40-54":725.364521509737,"H55-64":535.037095188425,"H65-79":433.964240360942,"H80+":138.387468947676},"Analyse":{"Votes décisifs":935,"tour décisif":1,"majeurs":5571.631922899038,"Non votants de 18-24":351.2788077705215}}