{"id":9104,"slug":"85-247-saint-martin-des-tilleuls","nom_standard":"Saint-Martin-des-Tilleuls","code_postal":"85","code_departement":"85","libelle_departement":"Vendée","code_commune":"247","Tour 1":{"Inscrits":756,"Abstentions":378,"% Abs/Ins":50,"Votants":378,"% Vot/Ins":50,"Blancs":1,"% Blancs/Ins":0.13,"% Blancs/Vot":0.26,"Nuls":25,"% Nuls/Ins":3.31,"% Nuls/Vot":6.61,"Exprimés":352,"% Exp/Ins":46.56,"% Exp/Vot":93.12,"resultats":[{"N.Pan.":null,"Code Nuance":"LNC","Sexe":"M","Nom":"LANDREAU","Prénom":"Alain","Liste":"Agissons ensemble pour notre avenir","Sièges / Elu":"15","Sièges Secteur":0,"Sièges CC":2,"Voix":352,"% Voix/Ins":46.56,"% Voix/Exp":100}]},"population":{"F0-2":26.2326407452807,"F3-5":30.20716060086,"F6-10":44.2089373529285,"F11-17":56.2640705163019,"F18-24":29.3258755631886,"F25-39":112.163095043872,"F40-54":89.8348949318538,"F55-64":66.30582429476,"F65-79":45.9170640785165,"F80+":20.4588795941264,"H0-2":25.2063129470976,"H3-5":26.1699270601093,"H6-10":41.2296627957158,"H11-17":61.3281793187862,"H18-24":33.3570823581987,"H25-39":136.785696439751,"H40-54":102.099202181021,"H55-64":75.4647217832246,"H65-79":58.1679751124119,"H80+":14.2727972819954},"Analyse":{"Votes décisifs":353,"tour décisif":1,"majeurs":784.1531086629199,"Non votants de 18-24":32.46671847462169}}