{"id":911,"slug":"13-78-port-saint-louis-du-rhone","nom_standard":"Port-Saint-Louis-du-Rhône","code_postal":"13","code_departement":"13","libelle_departement":"Bouches-du-Rhône","code_commune":"78","Tour 1":{"Inscrits":6403,"Abstentions":2108,"% Abs/Ins":32.92,"Votants":4295,"% Vot/Ins":67.08,"Blancs":40,"% Blancs/Ins":0.62,"% Blancs/Vot":0.93,"Nuls":95,"% Nuls/Ins":1.48,"% Nuls/Vot":2.21,"Exprimés":4160,"% Exp/Ins":64.97,"% Exp/Vot":96.86,"resultats":[{"N.Pan.":null,"Code Nuance":"LDVG","Sexe":"M","Nom":"ALVAREZ","Prénom":"Martial","Liste":"PORT SAINT LOUIS GAGNANT 2020","Sièges / Elu":"24","Sièges Secteur":0,"Sièges CC":1,"Voix":2615,"% Voix/Ins":40.84,"% Voix/Exp":62.86},{"N.Pan.":2,"Code Nuance":"LDVG","Sexe":"F","Nom":"RAOUX","Prénom":"Aurore","Liste":"ENSEMBLE CAP SUR L'AVENIR","Sièges / Elu":"5","Sièges Secteur":0,"Sièges CC":0,"Voix":1545,"% Voix/Ins":24.13,"% Voix/Exp":37.14}]},"population":{"F0-2":158.048064970329,"F3-5":137.354566257214,"F6-10":230.63628544715,"F11-17":366.925669056347,"F18-24":311.068396019838,"F25-39":710.14429144826,"F40-54":861.772199388463,"F55-64":612.424849491992,"F65-79":654.722807588494,"F80+":347.601263440345,"H0-2":141.345028617594,"H3-5":150.202265597853,"H6-10":241.280750094621,"H11-17":330.656067594662,"H18-24":267.207571736407,"H25-39":720.213303150854,"H40-54":800.474624876263,"H55-64":557.324518114582,"H65-79":571.656776567168,"H80+":198.940700541565},"Analyse":{"Votes décisifs":1071,"tour décisif":1,"majeurs":6613.551302364232,"Non votants de 18-24":202.7295830740556}}