{"id":9117,"slug":"85-280-sallertaine","nom_standard":"Sallertaine","code_postal":"85","code_departement":"85","libelle_departement":"Vendée","code_commune":"280","Tour 1":{"Inscrits":2513,"Abstentions":1573,"% Abs/Ins":62.59,"Votants":940,"% Vot/Ins":37.41,"Blancs":52,"% Blancs/Ins":2.07,"% Blancs/Vot":5.53,"Nuls":65,"% Nuls/Ins":2.59,"% Nuls/Vot":6.91,"Exprimés":823,"% Exp/Ins":32.75,"% Exp/Vot":87.55,"resultats":[{"N.Pan.":null,"Code Nuance":"LNC","Sexe":"M","Nom":"MENUET","Prénom":"Jean-Luc","Liste":"Vivre et agir ensemble","Sièges / Elu":"23","Sièges Secteur":0,"Sièges CC":2,"Voix":823,"% Voix/Ins":32.75,"% Voix/Exp":100}]},"population":{"F0-2":41.6118805693116,"F3-5":49.6728807368086,"F6-10":102.980817314943,"F11-17":133.159207285814,"F18-24":85.8775734032354,"F25-39":231.420351114482,"F40-54":345.891367656143,"F55-64":213.621595276615,"F65-79":293.004010035604,"F80+":111.061762071661,"H0-2":55.4409404062677,"H3-5":51.2261313576912,"H6-10":113.713762229757,"H11-17":150.465468614287,"H18-24":81.636932895117,"H25-39":236.691044616656,"H40-54":335.601837917007,"H55-64":227.505871497131,"H65-79":287.133568800981,"H80+":84.2829962004878},"Analyse":{"Votes décisifs":824,"tour décisif":1,"majeurs":2533.7289114851205,"Non votants de 18-24":105.36751211650225}}