{"id":9130,"slug":"85-302-chanverrie","nom_standard":"Chanverrie","code_postal":"85","code_departement":"85","libelle_departement":"Vendée","code_commune":"302","Tour 1":{"Inscrits":4260,"Abstentions":2600,"% Abs/Ins":61.03,"Votants":1660,"% Vot/Ins":38.97,"Blancs":41,"% Blancs/Ins":0.96,"% Blancs/Vot":2.47,"Nuls":142,"% Nuls/Ins":3.33,"% Nuls/Vot":8.55,"Exprimés":1477,"% Exp/Ins":34.67,"% Exp/Vot":88.98,"resultats":[{"N.Pan.":null,"Code Nuance":"LDVD","Sexe":"M","Nom":"FRUCHET","Prénom":"Jean-François","Liste":"Unir nos idées et nos projets pour Chanverrie","Sièges / Elu":"33","Sièges Secteur":0,"Sièges CC":7,"Voix":1477,"% Voix/Ins":34.67,"% Voix/Exp":100}]},"population":{"F0-2":72.234237782723,"F3-5":121.45144435322,"F6-10":187.209758271405,"F11-17":216.56630308442,"F18-24":118.581262993349,"F25-39":490.084904796787,"F40-54":488.663118817891,"F55-64":413.673465489281,"F65-79":405.320805520031,"F80+":216.557283891143,"H0-2":80.1911957294857,"H3-5":102.840129991407,"H6-10":199.192778484319,"H11-17":256.808145844408,"H18-24":153.521962499349,"H25-39":503.705506267728,"H40-54":521.465185615782,"H55-64":384.773095092379,"H65-79":405.371050282862,"H80+":129.788365192031},"Analyse":{"Votes décisifs":1478,"tour décisif":1,"majeurs":4231.506006458613,"Non votants de 18-24":165.35840376056407}}