{"id":9156,"slug":"86-70-chauvigny","nom_standard":"Chauvigny","code_postal":"86","code_departement":"86","libelle_departement":"Vienne","code_commune":"70","Tour 1":{"Inscrits":5269,"Abstentions":2884,"% Abs/Ins":54.74,"Votants":2385,"% Vot/Ins":45.26,"Blancs":26,"% Blancs/Ins":0.49,"% Blancs/Vot":1.09,"Nuls":46,"% Nuls/Ins":0.87,"% Nuls/Vot":1.93,"Exprimés":2313,"% Exp/Ins":43.9,"% Exp/Vot":96.98,"resultats":[{"N.Pan.":null,"Code Nuance":"LDVG","Sexe":"M","Nom":"MORISSET","Prénom":"Jean-Luc","Liste":"AGIR POUR CHAUVIGNY","Sièges / Elu":"3","Sièges Secteur":0,"Sièges CC":0,"Voix":583,"% Voix/Ins":11.06,"% Voix/Exp":25.21},{"N.Pan.":2,"Code Nuance":"LDVG","Sexe":"F","Nom":"LEMOINE","Prénom":"Sandrine","Liste":"LA LISTE CITOYENNE","Sièges / Elu":"2","Sièges Secteur":0,"Sièges CC":0,"Voix":416,"% Voix/Ins":7.9,"% Voix/Exp":17.99},{"N.Pan.":3,"Code Nuance":"LDVD","Sexe":"M","Nom":"HERBERT","Prénom":"Gérard","Liste":"VIVRE ET AGIR AVEC VOUS","Sièges / Elu":24,"Sièges CC":2,"Voix":1314,"% Voix/Ins":24.94,"% Voix/Exp":56.81}]},"population":{"F0-2":85.8667808972937,"F3-5":77.8236921489599,"F6-10":182.168660332869,"F11-17":289.094851633025,"F18-24":276.117724238267,"F25-39":493.550601877466,"F40-54":723.94706599457,"F55-64":490.664997282779,"F65-79":641.076506180432,"F80+":497.529555869521,"H0-2":89.7578349765902,"H3-5":92.6163425853168,"H6-10":201.115571953877,"H11-17":326.808331860339,"H18-24":232.747014315939,"H25-39":495.396352728645,"H40-54":654.4776750913,"H55-64":440.632164163836,"H65-79":537.061801159944,"H80+":255.546474709029},"Analyse":{"Votes décisifs":316,"tour décisif":1,"majeurs":5738.747933611728,"Non votants de 18-24":297.38264951811107}}