{"id":9160,"slug":"86-81-colombiers","nom_standard":"Colombiers","code_postal":"86","code_departement":"86","libelle_departement":"Vienne","code_commune":"81","Tour 1":{"Inscrits":1153,"Abstentions":732,"% Abs/Ins":63.49,"Votants":421,"% Vot/Ins":36.51,"Blancs":20,"% Blancs/Ins":1.73,"% Blancs/Vot":4.75,"Nuls":43,"% Nuls/Ins":3.73,"% Nuls/Vot":10.21,"Exprimés":358,"% Exp/Ins":31.05,"% Exp/Vot":85.04,"resultats":[{"N.Pan.":null,"Code Nuance":"LNC","Sexe":"M","Nom":"MATTARD","Prénom":"Hindeley","Liste":"Engageons nous ensemble pour Colombiers","Sièges / Elu":"19","Sièges Secteur":0,"Sièges CC":1,"Voix":358,"% Voix/Ins":31.05,"% Voix/Exp":100}]},"population":{"F0-2":12.8183361725002,"F3-5":28.4726545999354,"F6-10":48.1461963734754,"F11-17":84.1008853596428,"F18-24":23.6838610825789,"F25-39":92.8750587921681,"F40-54":152.129512103405,"F55-64":116.618549655645,"F65-79":97.8222975692238,"F80+":39.6912816776801,"H0-2":22.5527990798662,"H3-5":25.4395860606457,"H6-10":56.8526751062158,"H11-17":80.9855269670706,"H18-24":41.4586025887892,"H25-39":103.005769252542,"H40-54":147.531118519301,"H55-64":115.441562061472,"H65-79":112.048261057314,"H80+":26.3254659205284},"Analyse":{"Votes décisifs":359,"tour décisif":1,"majeurs":1068.6313402806475,"Non votants de 18-24":39.47881693755292}}