{"id":9179,"slug":"86-133-liguge","nom_standard":"Ligugé","code_postal":"86","code_departement":"86","libelle_departement":"Vienne","code_commune":"133","Tour 1":{"Inscrits":2521,"Abstentions":1737,"% Abs/Ins":68.9,"Votants":784,"% Vot/Ins":31.1,"Blancs":75,"% Blancs/Ins":2.98,"% Blancs/Vot":9.57,"Nuls":87,"% Nuls/Ins":3.45,"% Nuls/Vot":11.1,"Exprimés":622,"% Exp/Ins":24.67,"% Exp/Vot":79.34,"resultats":[{"N.Pan.":null,"Code Nuance":"LNC","Sexe":"M","Nom":"MAUZE","Prénom":"Bernard","Liste":"LIGUGE NATURELLEMENT","Sièges / Elu":"23","Sièges Secteur":0,"Sièges CC":1,"Voix":622,"% Voix/Ins":24.67,"% Voix/Exp":100}]},"population":{"F0-2":45.3293186787747,"F3-5":46.3224615619184,"F6-10":114.836369368809,"F11-17":137.993891616005,"F18-24":80.4994298878208,"F25-39":240.563029362554,"F40-54":342.165764809608,"F55-64":216.129781074902,"F65-79":322.623444975962,"F80+":161.495925991486,"H0-2":40.2831710157773,"H3-5":64.4665225901381,"H6-10":127.93055254445,"H11-17":164.166359146705,"H18-24":100.639133403724,"H25-39":230.410057264048,"H40-54":355.142222856848,"H55-64":207.108463138869,"H65-79":299.484160470201,"H80+":96.4099402414002},"Analyse":{"Votes décisifs":623,"tour décisif":1,"majeurs":2652.671353477423,"Non votants de 18-24":127.60285731937272}}