{"id":9184,"slug":"86-157-mignaloux-beauvoir","nom_standard":"Mignaloux-Beauvoir","code_postal":"86","code_departement":"86","libelle_departement":"Vienne","code_commune":"157","Tour 1":{"Inscrits":3403,"Abstentions":2401,"% Abs/Ins":70.56,"Votants":1002,"% Vot/Ins":29.44,"Blancs":44,"% Blancs/Ins":1.29,"% Blancs/Vot":4.39,"Nuls":78,"% Nuls/Ins":2.29,"% Nuls/Vot":7.78,"Exprimés":880,"% Exp/Ins":25.86,"% Exp/Vot":87.82,"resultats":[{"N.Pan.":null,"Code Nuance":"LDVG","Sexe":"F","Nom":"COINEAU","Prénom":"Dany","Liste":"Ensemble pour Mignaloux-Beauvoir","Sièges / Elu":"27","Sièges Secteur":0,"Sièges CC":1,"Voix":880,"% Voix/Ins":25.86,"% Voix/Exp":100}]},"population":{"F0-2":104.121853084462,"F3-5":86.1266850195855,"F6-10":150.534655943074,"F11-17":217.639095707805,"F18-24":292.911006460171,"F25-39":452.900797971313,"F40-54":483.559749453279,"F55-64":377.355288719339,"F65-79":338.308443477957,"F80+":153.224464921745,"H0-2":65.4684029537041,"H3-5":88.1351960158949,"H6-10":164.154099743193,"H11-17":223.841671344847,"H18-24":220.045009968524,"H25-39":420.675457677659,"H40-54":442.039112079615,"H55-64":334.466126672692,"H65-79":315.633429690812,"H80+":99.8594530943285},"Analyse":{"Votes décisifs":881,"tour décisif":1,"majeurs":3930.9783401874347,"Non votants de 18-24":382.2043602297842}}