{"id":9187,"slug":"86-163-montamise","nom_standard":"Montamisé","code_postal":"86","code_departement":"86","libelle_departement":"Vienne","code_commune":"163","Tour 1":{"Inscrits":2736,"Abstentions":1751,"% Abs/Ins":64,"Votants":985,"% Vot/Ins":36,"Blancs":62,"% Blancs/Ins":2.27,"% Blancs/Vot":6.29,"Nuls":72,"% Nuls/Ins":2.63,"% Nuls/Vot":7.31,"Exprimés":851,"% Exp/Ins":31.1,"% Exp/Vot":86.4,"resultats":[{"N.Pan.":null,"Code Nuance":"LDVG","Sexe":"F","Nom":"SAUVAGE","Prénom":"Corine","Liste":"Montamisé, avec vous, pour vous","Sièges / Elu":"27","Sièges Secteur":0,"Sièges CC":1,"Voix":851,"% Voix/Ins":31.1,"% Voix/Exp":100}]},"population":{"F0-2":43.049555822099,"F3-5":52.9574497202355,"F6-10":127.471915762107,"F11-17":196.757954046707,"F18-24":88.7053010487115,"F25-39":295.122508305286,"F40-54":408.874753328017,"F55-64":256.897285761108,"F65-79":298.118405254676,"F80+":102.671467618548,"H0-2":59.5074565059996,"H3-5":61.2565886302012,"H6-10":127.530406975646,"H11-17":209.022195472648,"H18-24":123.193892112441,"H25-39":258.061177222632,"H40-54":400.727436685891,"H55-64":225.774635568964,"H65-79":279.055538958045,"H80+":70.2440752000386},"Analyse":{"Votes décisifs":852,"tour décisif":1,"majeurs":2807.446477064358,"Non votants de 18-24":137.55380244083264}}