{"id":9193,"slug":"86-183-les-ormes","nom_standard":"Les Ormes","code_postal":"86","code_departement":"86","libelle_departement":"Vienne","code_commune":"183","Tour 1":{"Inscrits":1243,"Abstentions":789,"% Abs/Ins":63.48,"Votants":454,"% Vot/Ins":36.52,"Blancs":8,"% Blancs/Ins":0.64,"% Blancs/Vot":1.76,"Nuls":53,"% Nuls/Ins":4.26,"% Nuls/Vot":11.67,"Exprimés":393,"% Exp/Ins":31.62,"% Exp/Vot":86.56,"resultats":[{"N.Pan.":null,"Code Nuance":"LNC","Sexe":"F","Nom":"FONTAINE","Prénom":"Béatrice","Liste":"TOUS PROCHES - PROCHES DE VOUS","Sièges / Elu":"19","Sièges Secteur":0,"Sièges CC":1,"Voix":393,"% Voix/Ins":31.62,"% Voix/Exp":100}]},"population":{"F0-2":19.3931401144753,"F3-5":26.6956410448154,"F6-10":46.0236178852103,"F11-17":99.8338222751457,"F18-24":45.9466194557505,"F25-39":130.139846660535,"F40-54":156.243714797706,"F55-64":107.991903674799,"F65-79":139.289441407517,"F80+":42.1160410663223,"H0-2":20.3337141350507,"H3-5":19.2521532677623,"H6-10":44.478242060865,"H11-17":75.2242940002509,"H18-24":64.2753114380258,"H25-39":118.402933483716,"H40-54":173.161638685986,"H55-64":111.072695684053,"H65-79":128.689145051463,"H80+":42.4360838105499},"Analyse":{"Votes décisifs":394,"tour décisif":1,"majeurs":1259.7653752164233,"Non votants de 18-24":70.49964799075747}}