{"id":92,"slug":"1-258-montceaux","nom_standard":"Montceaux","code_postal":"1","code_departement":"1","libelle_departement":"Ain","code_commune":"258","Tour 1":{"Inscrits":902,"Abstentions":667,"% Abs/Ins":73.95,"Votants":235,"% Vot/Ins":26.05,"Blancs":13,"% Blancs/Ins":1.44,"% Blancs/Vot":5.53,"Nuls":37,"% Nuls/Ins":4.1,"% Nuls/Vot":15.74,"Exprimés":185,"% Exp/Ins":20.51,"% Exp/Vot":78.72,"resultats":[{"N.Pan.":null,"Code Nuance":"LNC","Sexe":"M","Nom":"DESCHIZEAUX","Prénom":"Jean Claude","Liste":"BIEN VIVRE A MONTCEAUX","Sièges / Elu":"15","Sièges Secteur":0,"Sièges CC":2,"Voix":185,"% Voix/Ins":20.51,"% Voix/Exp":100}]},"population":{"F0-2":15.3790381864594,"F3-5":19.6065741860129,"F6-10":40.0582307956242,"F11-17":67.381803931526,"F18-24":24.7435847586799,"F25-39":92.1683099041551,"F40-54":137.442155737271,"F55-64":89.0218242145595,"F65-79":78.2569978467519,"F80+":21.8702986264124,"H0-2":20.4595991198305,"H3-5":23.5591274541123,"H6-10":49.5072281419294,"H11-17":59.4287475351627,"H18-24":38.1830916716503,"H25-39":86.5019993942812,"H40-54":133.792939946653,"H55-64":92.3169128863109,"H65-79":89.8910760964518,"H80+":14.4304595661656},"Analyse":{"Votes décisifs":186,"tour décisif":1,"majeurs":898.6196506493426,"Non votants de 18-24":46.47058296471107}}