{"id":9208,"slug":"86-244-saint-sauvant","nom_standard":"Saint-Sauvant","code_postal":"86","code_departement":"86","libelle_departement":"Vienne","code_commune":"244","Tour 1":{"Inscrits":1030,"Abstentions":595,"% Abs/Ins":57.77,"Votants":435,"% Vot/Ins":42.23,"Blancs":11,"% Blancs/Ins":1.07,"% Blancs/Vot":2.53,"Nuls":47,"% Nuls/Ins":4.56,"% Nuls/Vot":10.8,"Exprimés":377,"% Exp/Ins":36.6,"% Exp/Vot":86.67,"resultats":[{"N.Pan.":null,"Code Nuance":"LNC","Sexe":"M","Nom":"CHAPPET","Prénom":"Christophe","Liste":"Continuons à agir, ensemble, pour Saint-Sauvant","Sièges / Elu":"15","Sièges Secteur":0,"Sièges CC":1,"Voix":377,"% Voix/Ins":36.6,"% Voix/Exp":100}]},"population":{"F0-2":20.0470376528309,"F3-5":23.9870964113934,"F6-10":43.2758401499212,"F11-17":51.4210119093461,"F18-24":27.4423989661983,"F25-39":98.0341824963005,"F40-54":120.519790066546,"F55-64":80.6807736962447,"F65-79":101.148204554033,"F80+":53.9303723946766,"H0-2":20.0222376909485,"H3-5":28.3720944012079,"H6-10":35.5724933868482,"H11-17":65.4111410595669,"H18-24":27.8471856576697,"H25-39":104.272671801437,"H40-54":122.072313250489,"H55-64":90.0041907355352,"H65-79":118.774282319949,"H80+":35.1646813988569},"Analyse":{"Votes décisifs":378,"tour décisif":1,"majeurs":979.8910473379358,"Non votants de 18-24":30.745050436397154}}