{"id":9210,"slug":"86-254-saulge","nom_standard":"Saulgé","code_postal":"86","code_departement":"86","libelle_departement":"Vienne","code_commune":"254","Tour 1":{"Inscrits":840,"Abstentions":413,"% Abs/Ins":49.17,"Votants":427,"% Vot/Ins":50.83,"Blancs":12,"% Blancs/Ins":1.43,"% Blancs/Vot":2.81,"Nuls":34,"% Nuls/Ins":4.05,"% Nuls/Vot":7.96,"Exprimés":381,"% Exp/Ins":45.36,"% Exp/Vot":89.23,"resultats":[{"N.Pan.":null,"Code Nuance":"LNC","Sexe":"M","Nom":"PUYDUPIN","Prénom":"Bruno","Liste":"SAULGÉ ENSEMBLE !","Sièges / Elu":"15","Sièges Secteur":0,"Sièges CC":1,"Voix":381,"% Voix/Ins":45.36,"% Voix/Exp":100}]},"population":{"F0-2":8.81348335464561,"F3-5":9.81161501920496,"F6-10":23.4356035544829,"F11-17":40.9121427685901,"F18-24":14.724659660333,"F25-39":63.1128624306905,"F40-54":103.741639158711,"F55-64":80.9033009317246,"F65-79":100.981940319385,"F80+":47.1887553579445,"H0-2":15.711705250313,"H3-5":9.77111354735903,"H6-10":32.1479385688816,"H11-17":34.2660218623147,"H18-24":29.6928720243756,"H25-39":68.3752871564095,"H40-54":102.752810673956,"H55-64":76.7243644833635,"H65-79":109.000860628132,"H80+":28.9310232491827},"Analyse":{"Votes décisifs":382,"tour décisif":1,"majeurs":826.130376074208,"Non votants de 18-24":21.459550016610603}}