{"id":9218,"slug":"86-274-les-trois-moutiers","nom_standard":"Les Trois-Moutiers","code_postal":"86","code_departement":"86","libelle_departement":"Vienne","code_commune":"274","Tour 1":{"Inscrits":740,"Abstentions":263,"% Abs/Ins":35.54,"Votants":477,"% Vot/Ins":64.46,"Blancs":6,"% Blancs/Ins":0.81,"% Blancs/Vot":1.26,"Nuls":13,"% Nuls/Ins":1.76,"% Nuls/Vot":2.73,"Exprimés":458,"% Exp/Ins":61.89,"% Exp/Vot":96.02,"resultats":[{"N.Pan.":null,"Code Nuance":"LNC","Sexe":"M","Nom":"LIDDELL","Prénom":"Cedric","Liste":"L'ALTERNATIVE","Sièges / Elu":"2","Sièges Secteur":0,"Sièges CC":0,"Voix":147,"% Voix/Ins":19.86,"% Voix/Exp":32.1},{"N.Pan.":2,"Code Nuance":"LNC","Sexe":"F","Nom":"BELLAMY","Prénom":"Marie-Jeanne","Liste":"CONTINUONS D'AGIR POUR LES TROIS MOUTIERS","Sièges / Elu":"13","Sièges Secteur":0,"Sièges CC":2,"Voix":311,"% Voix/Ins":42.03,"% Voix/Exp":67.9}]},"population":{"F0-2":20.6770060624396,"F3-5":15.6679241247843,"F6-10":31.881997732936,"F11-17":53.8626633998304,"F18-24":40.6299385424474,"F25-39":81.6024542599144,"F40-54":99.5222425778352,"F55-64":64.9266077238627,"F65-79":78.8784635448009,"F80+":95.0173791382186,"H0-2":15.6376562449343,"H3-5":13.6073543013146,"H6-10":39.1770590643985,"H11-17":47.6928407212226,"H18-24":31.5032878928868,"H25-39":74.3969469266138,"H40-54":111.753772114442,"H55-64":58.1864978741124,"H65-79":76.762752314164,"H80+":39.6151554388413},"Analyse":{"Votes décisifs":165,"tour décisif":1,"majeurs":852.7954983481394,"Non votants de 18-24":31.78645036029433}}