{"id":9238,"slug":"87-32-chalus","nom_standard":"Châlus","code_postal":"87","code_departement":"87","libelle_departement":"Haute-Vienne","code_commune":"32","Tour 1":{"Inscrits":1313,"Abstentions":704,"% Abs/Ins":53.62,"Votants":609,"% Vot/Ins":46.38,"Blancs":16,"% Blancs/Ins":1.22,"% Blancs/Vot":2.63,"Nuls":91,"% Nuls/Ins":6.93,"% Nuls/Vot":14.94,"Exprimés":502,"% Exp/Ins":38.23,"% Exp/Vot":82.43,"resultats":[{"N.Pan.":null,"Code Nuance":"LNC","Sexe":"M","Nom":"BRÉZAUDY","Prénom":"Alain","Liste":"CHÂLUS, PASSION COMMUNE","Sièges / Elu":"19","Sièges Secteur":0,"Sièges CC":4,"Voix":502,"% Voix/Ins":38.23,"% Voix/Exp":100}]},"population":{"F0-2":23.0880786930749,"F3-5":29.3706599577883,"F6-10":38.7572034026258,"F11-17":55.4988349541595,"F18-24":20.384542375737,"F25-39":90.6541270440816,"F40-54":141.534182825675,"F55-64":122.876056161637,"F65-79":190.641363557895,"F80+":201.815248548331,"H0-2":11.5312769496618,"H3-5":16.7690120103632,"H6-10":37.7048057692439,"H11-17":48.7937267108423,"H18-24":27.7285371147411,"H25-39":83.6159543572737,"H40-54":145.239468541861,"H55-64":108.935463786005,"H65-79":159.860636165718,"H80+":92.2008210732845},"Analyse":{"Votes décisifs":503,"tour décisif":1,"majeurs":1385.4864015522398,"Non votants de 18-24":26.964647158790306}}