{"id":9247,"slug":"87-54-cussac","nom_standard":"Cussac","code_postal":"87","code_departement":"87","libelle_departement":"Haute-Vienne","code_commune":"54","Tour 1":{"Inscrits":831,"Abstentions":274,"% Abs/Ins":32.97,"Votants":557,"% Vot/Ins":67.03,"Blancs":9,"% Blancs/Ins":1.08,"% Blancs/Vot":1.62,"Nuls":18,"% Nuls/Ins":2.17,"% Nuls/Vot":3.23,"Exprimés":530,"% Exp/Ins":63.78,"% Exp/Vot":95.15,"resultats":[{"N.Pan.":null,"Code Nuance":"LNC","Sexe":"M","Nom":"GABETTE","Prénom":"Luc","Liste":"CUSSAC DEMAIN","Sièges / Elu":"3","Sièges Secteur":0,"Sièges CC":1,"Voix":233,"% Voix/Ins":28.04,"% Voix/Exp":43.96},{"N.Pan.":2,"Code Nuance":"LNC","Sexe":"M","Nom":"CHAMBON","Prénom":"Dominique","Liste":"CUSSAC AVANT TOUT","Sièges / Elu":"12","Sièges Secteur":0,"Sièges CC":2,"Voix":297,"% Voix/Ins":35.74,"% Voix/Exp":56.04}]},"population":{"F0-2":7.83129262707866,"F3-5":7.70264792086004,"F6-10":23.9988900832695,"F11-17":23.0379980715509,"F18-24":42.3067436966575,"F25-39":57.0638730024392,"F40-54":88.6007594201967,"F55-64":97.2177802850009,"F65-79":152.685866318742,"F80+":147.85883384678,"H0-2":7.66817161519019,"H3-5":14.4583488729564,"H6-10":20.1999632949198,"H11-17":38.7889657357572,"H18-24":17.6111637312365,"H25-39":49.2001023236818,"H40-54":100.903754369132,"H55-64":77.0303723059513,"H65-79":142.475200634805,"H80+":67.3592718437945},"Analyse":{"Votes décisifs":65,"tour décisif":1,"majeurs":1040.3137217784174,"Non votants de 18-24":27.836936333632547}}