{"id":9291,"slug":"87-187-saint-yrieix-la-perche","nom_standard":"Saint-Yrieix-la-Perche","code_postal":"87","code_departement":"87","libelle_departement":"Haute-Vienne","code_commune":"187","Tour 1":{"Inscrits":5540,"Abstentions":3550,"% Abs/Ins":64.08,"Votants":1990,"% Vot/Ins":35.92,"Blancs":57,"% Blancs/Ins":1.03,"% Blancs/Vot":2.86,"Nuls":368,"% Nuls/Ins":6.64,"% Nuls/Vot":18.49,"Exprimés":1565,"% Exp/Ins":28.25,"% Exp/Vot":78.64,"resultats":[{"N.Pan.":null,"Code Nuance":"LDVC","Sexe":"M","Nom":"BOISSERIE","Prénom":"Daniel","Liste":"Tous pour SAINT YRIEIX","Sièges / Elu":"29","Sièges Secteur":0,"Sièges CC":14,"Voix":1565,"% Voix/Ins":28.25,"% Voix/Exp":100}]},"population":{"F0-2":59.9999225928544,"F3-5":59.4898219981488,"F6-10":130.081348371917,"F11-17":197.305814136827,"F18-24":171.408329058299,"F25-39":395.338191832614,"F40-54":608.680122982466,"F55-64":578.126980069453,"F65-79":861.385398028552,"F80+":482.384365873239,"H0-2":58.2899368665626,"H3-5":80.1042255661679,"H6-10":147.040050710089,"H11-17":247.416088632591,"H18-24":203.655659238027,"H25-39":368.081643619142,"H40-54":553.550643832437,"H55-64":528.45017840422,"H65-79":752.586307909352,"H80+":294.624970277042},"Analyse":{"Votes décisifs":1566,"tour décisif":1,"majeurs":5798.272791124844,"Non votants de 18-24":246.33990724720132}}