{"id":9301,"slug":"88-26-aydoilles","nom_standard":"Aydoilles","code_postal":"88","code_departement":"88","libelle_departement":"Vosges","code_commune":"26","Tour 1":{"Inscrits":872,"Abstentions":348,"% Abs/Ins":39.91,"Votants":524,"% Vot/Ins":60.09,"Blancs":6,"% Blancs/Ins":0.69,"% Blancs/Vot":1.15,"Nuls":20,"% Nuls/Ins":2.29,"% Nuls/Vot":3.82,"Exprimés":498,"% Exp/Ins":57.11,"% Exp/Vot":95.04,"resultats":[{"N.Pan.":null,"Code Nuance":"LNC","Sexe":"M","Nom":"FRANCOIS","Prénom":"Yann","Liste":"ENSEMBLE, VIVONS AYDOILLES","Sièges / Elu":"2","Sièges Secteur":0,"Sièges CC":0,"Voix":152,"% Voix/Ins":17.43,"% Voix/Exp":30.52},{"N.Pan.":2,"Code Nuance":"LNC","Sexe":"M","Nom":"CHRISMENT","Prénom":"Stéphane","Liste":"BIEN VIVRE A AYDOILLES","Sièges / Elu":"13","Sièges Secteur":0,"Sièges CC":1,"Voix":346,"% Voix/Ins":39.68,"% Voix/Exp":69.48}]},"population":{"F0-2":12.5872619305083,"F3-5":18.1725822461828,"F6-10":25.0025188328824,"F11-17":46.0405331571847,"F18-24":10.7834887046122,"F25-39":84.2965582077356,"F40-54":116.840847320778,"F55-64":76.748923806565,"F65-79":81.3159760712175,"F80+":25.1729659535002,"H0-2":16.3685837846752,"H3-5":21.00553272744,"H6-10":25.8147537334863,"H11-17":43.7876383430211,"H18-24":25.1696850703864,"H25-39":85.1449788780622,"H40-54":104.447341599473,"H55-64":79.246223321362,"H65-79":96.7363222026912,"H80+":11.3172841082355},"Analyse":{"Votes décisifs":195,"tour décisif":1,"majeurs":797.2205952446188,"Non votants de 18-24":12.321743314627}}