{"id":9310,"slug":"88-94-chatel-sur-moselle","nom_standard":"Châtel-sur-Moselle","code_postal":"88","code_departement":"88","libelle_departement":"Vosges","code_commune":"94","Tour 1":{"Inscrits":1041,"Abstentions":493,"% Abs/Ins":47.36,"Votants":548,"% Vot/Ins":52.64,"Blancs":5,"% Blancs/Ins":0.48,"% Blancs/Vot":0.91,"Nuls":11,"% Nuls/Ins":1.06,"% Nuls/Vot":2.01,"Exprimés":532,"% Exp/Ins":51.1,"% Exp/Vot":97.08,"resultats":[{"N.Pan.":null,"Code Nuance":"LNC","Sexe":"F","Nom":"THIERIOT","Prénom":"Jacqueline","Liste":"UNE EQUIPE, UNE VOLONTE, UN PROJET","Sièges / Elu":"4","Sièges Secteur":0,"Sièges CC":0,"Voix":265,"% Voix/Ins":25.46,"% Voix/Exp":49.81},{"N.Pan.":2,"Code Nuance":"LNC","Sexe":"F","Nom":"PIAGET","Prénom":"Françoise","Liste":"ENSEMBLE CHATEL SE RENOUVELLE","Sièges / Elu":"15","Sièges Secteur":0,"Sièges CC":1,"Voix":267,"% Voix/Ins":25.65,"% Voix/Exp":50.19}]},"population":{"F0-2":31.544311792548,"F3-5":14.2498283060036,"F6-10":66.146603410301,"F11-17":74.2538033746554,"F18-24":52.6486371134034,"F25-39":131.774829249174,"F40-54":167.111756485538,"F55-64":123.99438800911,"F65-79":128.742410019416,"F80+":124.391220061245,"H0-2":16.2543753828642,"H3-5":36.6513446072759,"H6-10":39.7136618909455,"H11-17":67.1778015492364,"H18-24":57.7292658107787,"H25-39":141.630372187723,"H40-54":153.906912247952,"H55-64":109.868883595542,"H65-79":116.900926613129,"H80+":63.3086682931581},"Analyse":{"Votes décisifs":3,"tour décisif":1,"majeurs":1372.0082696861691,"Non votants de 18-24":66.29136777794169}}