{"id":9311,"slug":"88-95-chatenois","nom_standard":"Châtenois","code_postal":"88","code_departement":"88","libelle_departement":"Vosges","code_commune":"95","Tour 1":{"Inscrits":1158,"Abstentions":674,"% Abs/Ins":58.2,"Votants":484,"% Vot/Ins":41.8,"Blancs":11,"% Blancs/Ins":0.95,"% Blancs/Vot":2.27,"Nuls":63,"% Nuls/Ins":5.44,"% Nuls/Vot":13.02,"Exprimés":410,"% Exp/Ins":35.41,"% Exp/Vot":84.71,"resultats":[{"N.Pan.":null,"Code Nuance":"LNC","Sexe":"M","Nom":"SAUVAGE","Prénom":"Guy","Liste":"UNISSONS NOS ENERGIES POUR BIEN VIVRE ENSEMBLE","Sièges / Elu":"19","Sièges Secteur":0,"Sièges CC":5,"Voix":410,"% Voix/Ins":35.41,"% Voix/Exp":100}]},"population":{"F0-2":30.0266479861795,"F3-5":27.7516526020797,"F6-10":51.2758230402004,"F11-17":68.8486823910608,"F18-24":59.1244074136642,"F25-39":160.249815480266,"F40-54":144.261999382004,"F55-64":130.186297188201,"F65-79":154.783513512694,"F80+":55.3004935315578,"H0-2":22.5468002998694,"H3-5":33.619761969754,"H6-10":71.096773090415,"H11-17":78.6301569605932,"H18-24":53.3603407585352,"H25-39":146.652979958659,"H40-54":153.797425715407,"H55-64":117.860388099671,"H65-79":121.501216987889,"H80+":38.1248236312991},"Analyse":{"Votes décisifs":411,"tour décisif":1,"majeurs":1335.203701659847,"Non votants de 18-24":71.70998245842507}}