{"id":9323,"slug":"88-158-eloyes","nom_standard":"Eloyes","code_postal":"88","code_departement":"88","libelle_departement":"Vosges","code_commune":"158","Tour 1":{"Inscrits":2202,"Abstentions":1526,"% Abs/Ins":69.3,"Votants":676,"% Vot/Ins":30.7,"Blancs":41,"% Blancs/Ins":1.86,"% Blancs/Vot":6.07,"Nuls":69,"% Nuls/Ins":3.13,"% Nuls/Vot":10.21,"Exprimés":566,"% Exp/Ins":25.7,"% Exp/Vot":83.73,"resultats":[{"N.Pan.":null,"Code Nuance":"LNC","Sexe":"M","Nom":"JACQUEMIN","Prénom":"André","Liste":"Ensemble Avançons pour l'Avenir d'Eloyes","Sièges / Elu":"23","Sièges Secteur":0,"Sièges CC":3,"Voix":566,"% Voix/Ins":25.7,"% Voix/Exp":100}]},"population":{"F0-2":38.4956174337807,"F3-5":36.6740506558844,"F6-10":99.6914870691024,"F11-17":117.139130265341,"F18-24":84.8371083108634,"F25-39":243.825685493524,"F40-54":328.070234073942,"F55-64":199.539527673145,"F65-79":246.413561951312,"F80+":190.045399591942,"H0-2":43.3661304465505,"H3-5":53.8673425494944,"H6-10":100.380477818095,"H11-17":149.149472009603,"H18-24":89.8136778682399,"H25-39":236.424379417079,"H40-54":336.195275727171,"H55-64":191.015552523196,"H65-79":228.887129477691,"H80+":96.1687596440443},"Analyse":{"Votes décisifs":567,"tour décisif":1,"majeurs":2471.2362917521496,"Non votants de 18-24":126.87553625617326}}