{"id":9341,"slug":"88-349-plainfaing","nom_standard":"Plainfaing","code_postal":"88","code_departement":"88","libelle_departement":"Vosges","code_commune":"349","Tour 1":{"Inscrits":1231,"Abstentions":552,"% Abs/Ins":44.84,"Votants":679,"% Vot/Ins":55.16,"Blancs":16,"% Blancs/Ins":1.3,"% Blancs/Vot":2.36,"Nuls":8,"% Nuls/Ins":0.65,"% Nuls/Vot":1.18,"Exprimés":655,"% Exp/Ins":53.21,"% Exp/Vot":96.47,"resultats":[{"N.Pan.":null,"Code Nuance":"LNC","Sexe":"F","Nom":"VALENTIN","Prénom":"Jacqueline","Liste":"PLAINFAING C'EST VOUS ET NOUS","Sièges / Elu":"3","Sièges Secteur":0,"Sièges CC":0,"Voix":244,"% Voix/Ins":19.82,"% Voix/Exp":37.25},{"N.Pan.":2,"Code Nuance":"LNC","Sexe":"M","Nom":"LALEVÉE","Prénom":"Patrick","Liste":"TOUS ENSEMBLE POUR PLAINFAING","Sièges / Elu":"16","Sièges Secteur":0,"Sièges CC":1,"Voix":411,"% Voix/Ins":33.39,"% Voix/Exp":62.75}]},"population":{"F0-2":17.3547741687717,"F3-5":20.6808433448512,"F6-10":42.143911225924,"F11-17":62.9068478538896,"F18-24":39.6553040143001,"F25-39":114.654114853794,"F40-54":164.942048108826,"F55-64":148.390735079748,"F65-79":126.954234073317,"F80+":81.8970756667404,"H0-2":12.3244390162256,"H3-5":28.4359180005489,"H6-10":43.3032009018406,"H11-17":54.7742603052697,"H18-24":45.0767760627447,"H25-39":151.479709710969,"H40-54":163.402388599029,"H55-64":146.33576810477,"H65-79":127.765818426143,"H80+":34.5218324822993},"Analyse":{"Votes décisifs":168,"tour décisif":1,"majeurs":1345.0758051826806,"Non votants de 18-24":41.95896487369788}}