{"id":9350,"slug":"88-383-remiremont","nom_standard":"Remiremont","code_postal":"88","code_departement":"88","libelle_departement":"Vosges","code_commune":"383","Tour 1":{"Inscrits":5717,"Abstentions":4250,"% Abs/Ins":74.34,"Votants":1467,"% Vot/Ins":25.66,"Blancs":140,"% Blancs/Ins":2.45,"% Blancs/Vot":9.54,"Nuls":88,"% Nuls/Ins":1.54,"% Nuls/Vot":6,"Exprimés":1239,"% Exp/Ins":21.67,"% Exp/Vot":84.46,"resultats":[{"N.Pan.":null,"Code Nuance":"LDVC","Sexe":"M","Nom":"HINGRAY","Prénom":"Jean","Liste":"REMIREMONT DEMAIN","Sièges / Elu":"29","Sièges Secteur":0,"Sièges CC":9,"Voix":1239,"% Voix/Ins":21.67,"% Voix/Exp":100}]},"population":{"F0-2":86.6923035709297,"F3-5":106.657102239502,"F6-10":174.907899784237,"F11-17":299.2559652932,"F18-24":329.045200628527,"F25-39":570.343959415423,"F40-54":714.633532082829,"F55-64":572.967837622251,"F65-79":761.726051858204,"F80+":626.70533163144,"H0-2":80.6949093993118,"H3-5":83.2351258090153,"H6-10":196.235090492713,"H11-17":285.638718465926,"H18-24":327.875076100149,"H25-39":604.718453990313,"H40-54":691.994346263415,"H55-64":422.970388551842,"H65-79":540.140671105533,"H80+":234.56203569524},"Analyse":{"Votes décisifs":1240,"tour décisif":1,"majeurs":6397.682884945166,"Non votants de 18-24":506.2872954928098}}