{"id":9388,"slug":"89-83-charbuy","nom_standard":"Charbuy","code_postal":"89","code_departement":"89","libelle_departement":"Yonne","code_commune":"83","Tour 1":{"Inscrits":1514,"Abstentions":670,"% Abs/Ins":44.25,"Votants":844,"% Vot/Ins":55.75,"Blancs":7,"% Blancs/Ins":0.46,"% Blancs/Vot":0.83,"Nuls":16,"% Nuls/Ins":1.06,"% Nuls/Vot":1.9,"Exprimés":821,"% Exp/Ins":54.23,"% Exp/Vot":97.27,"resultats":[{"N.Pan.":null,"Code Nuance":"LNC","Sexe":"M","Nom":"FROGER","Prénom":"Philippe","Liste":"CHARBUY PARTICIPATIF","Sièges / Elu":"4","Sièges Secteur":0,"Sièges CC":0,"Voix":365,"% Voix/Ins":24.11,"% Voix/Exp":44.46},{"N.Pan.":2,"Code Nuance":"LNC","Sexe":"M","Nom":"DELILLE","Prénom":"Gérard","Liste":"CHARBUY CAP 2026","Sièges / Elu":"15","Sièges Secteur":0,"Sièges CC":1,"Voix":456,"% Voix/Ins":30.12,"% Voix/Exp":55.54}]},"population":{"F0-2":22.8318833759569,"F3-5":28.6531532448911,"F6-10":52.4757606257514,"F11-17":79.1047006189429,"F18-24":45.9938074418428,"F25-39":140.94043665702,"F40-54":185.709485137473,"F55-64":167.394251212069,"F65-79":166.082411237714,"F80+":35.0538443151052,"H0-2":39.6519510805273,"H3-5":36.7100140320154,"H6-10":67.1896544499532,"H11-17":93.0415686250136,"H18-24":38.9740883133512,"H25-39":121.25353930231,"H40-54":189.604231934405,"H55-64":152.646994892116,"H65-79":174.982021138055,"H80+":28.7062023654872},"Analyse":{"Votes décisifs":92,"tour décisif":1,"majeurs":1447.3413139469485,"Non votants de 18-24":35.41987047163443}}