{"id":9716,"slug":"94-69-saint-maurice","nom_standard":"Saint-Maurice","code_postal":"94","code_departement":"94","libelle_departement":"Val-de-Marne","code_commune":"69","Tour 1":{"Inscrits":8144,"Abstentions":5318,"% Abs/Ins":65.3,"Votants":2826,"% Vot/Ins":34.7,"Blancs":21,"% Blancs/Ins":0.26,"% Blancs/Vot":0.74,"Nuls":47,"% Nuls/Ins":0.58,"% Nuls/Vot":1.66,"Exprimés":2758,"% Exp/Ins":33.87,"% Exp/Vot":97.59,"resultats":[{"N.Pan.":null,"Code Nuance":"LREM","Sexe":"M","Nom":"GRANGE","Prénom":"Patrick","Liste":"Mieux vivre Saint-Maurice !","Sièges / Elu":"3","Sièges Secteur":0,"Sièges CC":0,"Voix":561,"% Voix/Ins":6.89,"% Voix/Exp":20.34},{"N.Pan.":2,"Code Nuance":"LLR","Sexe":"M","Nom":"SEMO","Prénom":"Igor","Liste":"Union pour Saint-Maurice","Sièges / Elu":"27","Sièges Secteur":0,"Sièges CC":1,"Voix":1682,"% Voix/Ins":20.65,"% Voix/Exp":60.99},{"N.Pan.":3,"Code Nuance":"LCOM","Sexe":"M","Nom":"NICOLAS","Prénom":"Claude","Liste":"Saint-Maurice en commun","Sièges / Elu":3,"Sièges CC":0,"Voix":515,"% Voix/Ins":6.32,"% Voix/Exp":18.67}]},"population":{"F0-2":345.085528932674,"F3-5":257.615245451383,"F6-10":437.362104390435,"F11-17":526.634636516416,"F18-24":614.397828532792,"F25-39":1750.27411784129,"F40-54":1566.31876511339,"F55-64":791.673073436731,"F65-79":811.012003566056,"F80+":525.821993934002,"H0-2":286.308037286947,"H3-5":335.013578987003,"H6-10":426.705429941971,"H11-17":486.74549903948,"H18-24":473.444036308686,"H25-39":1596.65814054338,"H40-54":1604.80625998701,"H55-64":864.942084778399,"H65-79":651.08836450717,"H80+":208.093270904786},"Analyse":{"Votes décisifs":607,"tour décisif":1,"majeurs":11458.529939453692,"Non votants de 18-24":819.5490623366056}}