{"id":9718,"slug":"94-71-sucy-en-brie","nom_standard":"Sucy-en-Brie","code_postal":"94","code_departement":"94","libelle_departement":"Val-de-Marne","code_commune":"71","Tour 1":{"Inscrits":16714,"Abstentions":9660,"% Abs/Ins":57.8,"Votants":7054,"% Vot/Ins":42.2,"Blancs":77,"% Blancs/Ins":0.46,"% Blancs/Vot":1.09,"Nuls":175,"% Nuls/Ins":1.05,"% Nuls/Vot":2.48,"Exprimés":6802,"% Exp/Ins":40.7,"% Exp/Vot":96.43,"resultats":[{"N.Pan.":null,"Code Nuance":"LDVD","Sexe":"F","Nom":"CIUNTU","Prénom":"Marie-Carole","Liste":"Pour l'amour de sucy","Sièges / Elu":"28","Sièges Secteur":0,"Sièges CC":1,"Voix":3586,"% Voix/Ins":21.46,"% Voix/Exp":52.72},{"N.Pan.":2,"Code Nuance":"LUC","Sexe":"M","Nom":"GIACOBBI","Prénom":"Vincent","Liste":"vincent Giacobbi , la force du changement","Sièges / Elu":"3","Sièges Secteur":0,"Sièges CC":0,"Voix":1362,"% Voix/Ins":8.15,"% Voix/Exp":20.02},{"N.Pan.":3,"Code Nuance":"LDVC","Sexe":"M","Nom":"SPIDO","Prénom":"Georges","Liste":"SUCY 2020 ENSEMBLE","Sièges / Elu":1,"Sièges CC":0,"Voix":680,"% Voix/Ins":4.07,"% Voix/Exp":10},{"N.Pan.":4,"Code Nuance":"LVEC","Sexe":"M","Nom":"GRANGE","Prénom":"Jean-Paul","Liste":"SUCY ECOLOGISTE ET SOLIDAIRE","Sièges / Elu":3,"Sièges CC":0,"Voix":1174,"% Voix/Ins":7.02,"% Voix/Exp":17.26}]},"population":{"F0-2":420.226254723,"F3-5":509.947088756047,"F6-10":854.117643631963,"F11-17":1159.26136617598,"F18-24":1077.11698085904,"F25-39":2309.58552456721,"F40-54":2972.77176620518,"F55-64":1791.93898156835,"F65-79":2042.4159409427,"F80+":981.223729272586,"H0-2":469.789011819691,"H3-5":413.329759404147,"H6-10":824.869421143399,"H11-17":1299.06749416574,"H18-24":1197.89986566775,"H25-39":2054.31562998791,"H40-54":2558.51931316921,"H55-64":1766.78297076487,"H65-79":1734.06767740037,"H80+":602.753579774856},"Analyse":{"Votes décisifs":371,"tour décisif":1,"majeurs":21089.391960180033,"Non votants de 18-24":1514.0670350907383}}