{"id":9406,"slug":"89-218-laroche-saint-cydroine","nom_standard":"Laroche-Saint-Cydroine","code_postal":"89","code_departement":"89","libelle_departement":"Yonne","code_commune":"218","Tour 1":{"Inscrits":910,"Abstentions":468,"% Abs/Ins":51.43,"Votants":442,"% Vot/Ins":48.57,"Blancs":12,"% Blancs/Ins":1.32,"% Blancs/Vot":2.71,"Nuls":19,"% Nuls/Ins":2.09,"% Nuls/Vot":4.3,"Exprimés":411,"% Exp/Ins":45.16,"% Exp/Vot":92.99,"resultats":[{"N.Pan.":null,"Code Nuance":"LNC","Sexe":"M","Nom":"COLL","Prénom":"Rodolphe","Liste":"\"BIEN VIVRE Á LAROCHE SAINT CYDROINE\"","Sièges / Elu":"3","Sièges Secteur":0,"Sièges CC":0,"Voix":161,"% Voix/Ins":17.69,"% Voix/Exp":39.17},{"N.Pan.":2,"Code Nuance":"LNC","Sexe":"F","Nom":"BILLIET","Prénom":"Marie-Jeanne","Liste":"ENSEMBLE UNIS POUR LAROCHE SAINT CYDROINE","Sièges / Elu":"12","Sièges Secteur":0,"Sièges CC":2,"Voix":250,"% Voix/Ins":27.47,"% Voix/Exp":60.83}]},"population":{"F0-2":20.0836981932981,"F3-5":14.0572429295053,"F6-10":26.1021797949582,"F11-17":52.2128312044353,"F18-24":38.1780218383118,"F25-39":85.3815152769249,"F40-54":134.641691130861,"F55-64":111.57841775123,"F65-79":117.612355159157,"F80+":41.2214165045904,"H0-2":15.0619017345322,"H3-5":14.0617284547876,"H6-10":38.1550903230348,"H11-17":57.2386154843763,"H18-24":36.1647151707203,"H25-39":78.3708417274214,"H40-54":138.641381666697,"H55-64":96.4925829069744,"H65-79":105.547474735131,"H80+":37.1962980130532},"Analyse":{"Votes décisifs":90,"tour décisif":1,"majeurs":1021.0267118810725,"Non votants de 18-24":42.15994553489523}}