{"id":9418,"slug":"89-311-pourrain","nom_standard":"Pourrain","code_postal":"89","code_departement":"89","libelle_departement":"Yonne","code_commune":"311","Tour 1":{"Inscrits":1022,"Abstentions":458,"% Abs/Ins":44.81,"Votants":564,"% Vot/Ins":55.19,"Blancs":4,"% Blancs/Ins":0.39,"% Blancs/Vot":0.71,"Nuls":17,"% Nuls/Ins":1.66,"% Nuls/Vot":3.01,"Exprimés":543,"% Exp/Ins":53.13,"% Exp/Vot":96.28,"resultats":[{"N.Pan.":null,"Code Nuance":"LNC","Sexe":"M","Nom":"PRIGNOT","Prénom":"Roger","Liste":"POURRAIN POUR TOUS !","Sièges / Elu":"13","Sièges Secteur":0,"Sièges CC":3,"Voix":399,"% Voix/Ins":39.04,"% Voix/Exp":73.48},{"N.Pan.":2,"Code Nuance":"LNC","Sexe":"M","Nom":"VABRE","Prénom":"Christian","Liste":"CAP 2026 (COHÉSION DANS L'ACTION POUR POURRAIN JUSQU'EN 2026)","Sièges / Elu":"2","Sièges Secteur":0,"Sièges CC":0,"Voix":144,"% Voix/Ins":14.09,"% Voix/Exp":26.52}]},"population":{"F0-2":18.9675846558148,"F3-5":25.4828118422924,"F6-10":37.5983194227581,"F11-17":65.5024381462126,"F18-24":18.7677157154299,"F25-39":93.5398702728067,"F40-54":149.328448684186,"F55-64":90.5015049216584,"F65-79":129.080621954942,"F80+":68.3062232529188,"H0-2":12.7806103914228,"H3-5":16.6862141225126,"H6-10":45.7682680608111,"H11-17":67.1250987281729,"H18-24":34.1144493310074,"H25-39":95.1402852336151,"H40-54":133.077222284556,"H55-64":90.6255898114419,"H65-79":125.839970945428,"H80+":37.7667522220129},"Analyse":{"Votes décisifs":256,"tour décisif":1,"majeurs":1066.088654630003,"Non votants de 18-24":24.905560139651293}}