{"id":9432,"slug":"89-411-les-vallees-de-la-vanne","nom_standard":"Les Vallées de la Vanne","code_postal":"89","code_departement":"89","libelle_departement":"Yonne","code_commune":"411","Tour 1":{"Inscrits":792,"Abstentions":473,"% Abs/Ins":59.72,"Votants":319,"% Vot/Ins":40.28,"Blancs":22,"% Blancs/Ins":2.78,"% Blancs/Vot":6.9,"Nuls":58,"% Nuls/Ins":7.32,"% Nuls/Vot":18.18,"Exprimés":239,"% Exp/Ins":30.18,"% Exp/Vot":74.92,"resultats":[{"N.Pan.":null,"Code Nuance":"LNC","Sexe":"M","Nom":"MAUDET","Prénom":"Luc","Liste":"VIVRE ENSEMBLE AUX VALLEES DE LA VANNE","Sièges / Elu":"19","Sièges Secteur":0,"Sièges CC":4,"Voix":239,"% Voix/Ins":30.18,"% Voix/Exp":100}]},"population":{"F0-2":21.0782286405702,"F3-5":18.132283543194,"F6-10":36.247243087979,"F11-17":38.2807713430907,"F18-24":25.4148932420926,"F25-39":95.1172917635209,"F40-54":87.1477746667407,"F55-64":74.269150067481,"F65-79":92.6857054809902,"F80+":29.4432516207656,"H0-2":16.4733815554851,"H3-5":21.1431076494793,"H6-10":35.1285399980895,"H11-17":36.2232719933,"H18-24":15.7519450083496,"H25-39":103.533224589889,"H40-54":99.1861225525053,"H55-64":74.270329160641,"H65-79":84.3807415586863,"H80+":16.0927424771494},"Analyse":{"Votes décisifs":240,"tour décisif":1,"majeurs":797.2931721888115,"Non votants de 18-24":24.69583127337361}}