{"id":9492,"slug":"91-106-breux-jouy","nom_standard":"Breux-Jouy","code_postal":"91","code_departement":"91","libelle_departement":"Essonne","code_commune":"106","Tour 1":{"Inscrits":930,"Abstentions":432,"% Abs/Ins":46.45,"Votants":498,"% Vot/Ins":53.55,"Blancs":8,"% Blancs/Ins":0.86,"% Blancs/Vot":1.61,"Nuls":13,"% Nuls/Ins":1.4,"% Nuls/Vot":2.61,"Exprimés":477,"% Exp/Ins":51.29,"% Exp/Vot":95.78,"resultats":[{"N.Pan.":null,"Code Nuance":"LNC","Sexe":"M","Nom":"MATHIEU","Prénom":"Alain","Liste":"UNIR BREUX-JOUY","Sièges / Elu":"3","Sièges Secteur":0,"Sièges CC":0,"Voix":222,"% Voix/Ins":23.87,"% Voix/Exp":46.54},{"N.Pan.":2,"Code Nuance":"LNC","Sexe":"M","Nom":"RODRIGUES","Prénom":"Alberto","Liste":"BREUX-JOUY NOTRE COEUR DE VIE","Sièges / Elu":"12","Sièges Secteur":0,"Sièges CC":1,"Voix":255,"% Voix/Ins":27.42,"% Voix/Exp":53.46}]},"population":{"F0-2":22.8339657709042,"F3-5":21.9456177201003,"F6-10":33.0353740565535,"F11-17":58.6785632763661,"F18-24":35.4670025780128,"F25-39":97.5522328491082,"F40-54":138.541097355486,"F55-64":83.5569942599392,"F65-79":107.76687373196,"F80+":39.5332536948567,"H0-2":13.9255289257576,"H3-5":14.866508452391,"H6-10":42.3783883980256,"H11-17":55.5472780801913,"H18-24":44.7390733284144,"H25-39":99.4200134649303,"H40-54":164.908631209292,"H55-64":88.7163428780894,"H65-79":99.5478182428338,"H80+":17.0394417267874},"Analyse":{"Votes décisifs":34,"tour décisif":1,"majeurs":1016.7887753197102,"Non votants de 18-24":40.922965420828525}}