{"id":9495,"slug":"91-114-brunoy","nom_standard":"Brunoy","code_postal":"91","code_departement":"91","libelle_departement":"Essonne","code_commune":"114","Tour 1":{"Inscrits":16665,"Abstentions":11113,"% Abs/Ins":66.68,"Votants":5552,"% Vot/Ins":33.32,"Blancs":71,"% Blancs/Ins":0.43,"% Blancs/Vot":1.28,"Nuls":61,"% Nuls/Ins":0.37,"% Nuls/Vot":1.1,"Exprimés":5420,"% Exp/Ins":32.52,"% Exp/Vot":97.62,"resultats":[{"N.Pan.":null,"Code Nuance":"LDIV","Sexe":"M","Nom":"DEGEN","Prénom":"Arnaud","Liste":"BRUNOY J'Y CROIS","Sièges / Elu":"3","Sièges Secteur":0,"Sièges CC":1,"Voix":1022,"% Voix/Ins":6.13,"% Voix/Exp":18.86},{"N.Pan.":2,"Code Nuance":"LLR","Sexe":"M","Nom":"GALLIER","Prénom":"Bruno","Liste":"BRUNOY GAGNANT 2020","Sièges / Elu":"28","Sièges Secteur":0,"Sièges CC":6,"Voix":3035,"% Voix/Ins":18.21,"% Voix/Exp":56},{"N.Pan.":3,"Code Nuance":"LVEC","Sexe":"M","Nom":"SELLAMI","Prénom":"Karim","Liste":"Brunoy verte et solidaire","Sièges / Elu":4,"Sièges CC":1,"Voix":1363,"% Voix/Ins":8.18,"% Voix/Exp":25.15}]},"population":{"F0-2":402.122714334708,"F3-5":388.079439077632,"F6-10":856.793512968102,"F11-17":1111.60469311185,"F18-24":942.402655676797,"F25-39":2058.83278012075,"F40-54":2719.54928715009,"F55-64":1722.36552176644,"F65-79":1826.6114784762,"F80+":1012.02860092927,"H0-2":467.368222538469,"H3-5":439.135493259509,"H6-10":859.539430459315,"H11-17":1196.39100016353,"H18-24":1132.85623165459,"H25-39":2092.17094787412,"H40-54":2543.74919994599,"H55-64":1555.16970604215,"H65-79":1486.02314933746,"H80+":531.205935113038},"Analyse":{"Votes décisifs":651,"tour décisif":1,"majeurs":19622.965494086893,"Non votants de 18-24":1488.098024925763}}