{"id":9760,"slug":"95-218-eragny","nom_standard":"Eragny","code_postal":"95","code_departement":"95","libelle_departement":"Val-d'Oise","code_commune":"218","Tour 1":{"Inscrits":11196,"Abstentions":7410,"% Abs/Ins":66.18,"Votants":3786,"% Vot/Ins":33.82,"Blancs":78,"% Blancs/Ins":0.7,"% Blancs/Vot":2.06,"Nuls":63,"% Nuls/Ins":0.56,"% Nuls/Vot":1.66,"Exprimés":3645,"% Exp/Ins":32.56,"% Exp/Vot":96.28,"resultats":[{"N.Pan.":null,"Code Nuance":"LDVG","Sexe":"F","Nom":"MAURICE","Prénom":"Yannick","Liste":"ERAGNY PRINTEMPS 2020","Sièges / Elu":"3","Sièges Secteur":0,"Sièges CC":0,"Voix":760,"% Voix/Ins":6.79,"% Voix/Exp":20.85},{"N.Pan.":2,"Code Nuance":"LLR","Sexe":"M","Nom":"HUMBERT","Prénom":"Thibault","Liste":"POUR ERAGNY, CONTINUONS ENSEMBLE","Sièges / Elu":"30","Sièges Secteur":0,"Sièges CC":5,"Voix":2885,"% Voix/Ins":25.77,"% Voix/Exp":79.15}]},"population":{"F0-2":465.407277959998,"F3-5":408.785589014755,"F6-10":685.269580103314,"F11-17":772.222173569648,"F18-24":696.562933573016,"F25-39":2220.2823580881,"F40-54":1744.33588210644,"F55-64":1142.2891679627,"F65-79":996.050661119914,"F80+":372.530393846895,"H0-2":481.56025579588,"H3-5":408.846421708311,"H6-10":725.121777148946,"H11-17":987.682795224393,"H18-24":692.427642695301,"H25-39":1987.08643572929,"H40-54":1606.97513854104,"H55-64":941.243413734252,"H65-79":810.449734712473,"H80+":171.870367365323},"Analyse":{"Votes décisifs":2126,"tour décisif":1,"majeurs":13382.104129474745,"Non votants de 18-24":996.0240987343946}}