{"id":9734,"slug":"95-39-auvers-sur-oise","nom_standard":"Auvers-sur-Oise","code_postal":"95","code_departement":"95","libelle_departement":"Val-d'Oise","code_commune":"39","Tour 1":{"Inscrits":5247,"Abstentions":2473,"% Abs/Ins":47.13,"Votants":2774,"% Vot/Ins":52.87,"Blancs":36,"% Blancs/Ins":0.69,"% Blancs/Vot":1.3,"Nuls":40,"% Nuls/Ins":0.76,"% Nuls/Vot":1.44,"Exprimés":2698,"% Exp/Ins":51.42,"% Exp/Vot":97.26,"resultats":[{"N.Pan.":null,"Code Nuance":"LDVG","Sexe":"M","Nom":"ZIMMERMANN","Prénom":"Alain","Liste":"AUVERS AUTREMENT","Sièges / Elu":"4","Sièges Secteur":0,"Sièges CC":1,"Voix":724,"% Voix/Ins":13.8,"% Voix/Exp":26.83},{"N.Pan.":2,"Code Nuance":"LDIV","Sexe":"F","Nom":"MEZIERES","Prénom":"Isabelle","Liste":"TOUS UNIS POUR AUVERS","Sièges / Elu":"25","Sièges Secteur":0,"Sièges CC":10,"Voix":1974,"% Voix/Ins":37.62,"% Voix/Exp":73.17}]},"population":{"F0-2":90.7933824191964,"F3-5":116.730586624753,"F6-10":224.202363744409,"F11-17":280.820135853158,"F18-24":240.573604982217,"F25-39":572.035916079318,"F40-54":724.725357386517,"F55-64":576.921227513339,"F65-79":495.829004922804,"F80+":181.372849474546,"H0-2":96.0283004240138,"H3-5":110.676381388508,"H6-10":223.417321720374,"H11-17":303.902145698285,"H18-24":240.301479603218,"H25-39":524.2552004783,"H40-54":710.561061388431,"H55-64":490.152051080376,"H65-79":457.063869178505,"H80+":131.637760039731},"Analyse":{"Votes décisifs":1251,"tour décisif":1,"majeurs":5345.429382127301,"Non votants de 18-24":231.32591102416532}}