{"id":9772,"slug":"95-306-herblay-sur-seine","nom_standard":"Herblay-sur-Seine","code_postal":"95","code_departement":"95","libelle_departement":"Val-d'Oise","code_commune":"306","Tour 1":{"Inscrits":19423,"Abstentions":12250,"% Abs/Ins":63.07,"Votants":7173,"% Vot/Ins":36.93,"Blancs":90,"% Blancs/Ins":0.46,"% Blancs/Vot":1.25,"Nuls":115,"% Nuls/Ins":0.59,"% Nuls/Vot":1.6,"Exprimés":6968,"% Exp/Ins":35.87,"% Exp/Vot":97.14,"resultats":[{"N.Pan.":null,"Code Nuance":"LUG","Sexe":"M","Nom":"DUPLAND","Prénom":"Jean-François","Liste":"HERBLAY ECOLOGIQUE ET SOLIDAIRE","Sièges / Elu":"3","Sièges Secteur":0,"Sièges CC":1,"Voix":1338,"% Voix/Ins":6.89,"% Voix/Exp":19.2},{"N.Pan.":2,"Code Nuance":"LDVD","Sexe":"M","Nom":"ROULEAU","Prénom":"Philippe","Liste":"VIVONS HERBLAY","Sièges / Elu":"29","Sièges Secteur":0,"Sièges CC":8,"Voix":4256,"% Voix/Ins":21.91,"% Voix/Exp":61.08},{"N.Pan.":3,"Code Nuance":"LREM","Sexe":"F","Nom":"SELESKOVITCH","Prénom":"Christine","Liste":"ENGAGES POUR HERBLAY","Sièges / Elu":3,"Sièges CC":0,"Voix":1227,"% Voix/Ins":6.32,"% Voix/Exp":17.61},{"N.Pan.":4,"Code Nuance":"LEXG","Sexe":"M","Nom":"MUNOZ","Prénom":"Juan","Liste":"LUTTE OUVRIÈRE - FAIRE ENTENDRE LE CAMP DE TRAVAILLEURS","Sièges / Elu":0,"Sièges CC":0,"Voix":147,"% Voix/Ins":0.76,"% Voix/Exp":2.11}]},"population":{"F0-2":601.854926909187,"F3-5":667.443957444032,"F6-10":1339.2951383741,"F11-17":1661.4702360556,"F18-24":1499.73483853663,"F25-39":3280.01977514458,"F40-54":3458.54814313961,"F55-64":1829.80110165215,"F65-79":1547.10954217227,"F80+":724.941402171835,"H0-2":619.337513986633,"H3-5":672.967903402096,"H6-10":1203.8293041972,"H11-17":1688.41622414365,"H18-24":1317.3861166424,"H25-39":3037.06360829797,"H40-54":3159.68808594044,"H55-64":1693.41705960048,"H65-79":1398.77795298701,"H80+":345.897169202133},"Analyse":{"Votes décisifs":1545,"tour décisif":1,"majeurs":23292.38479548751,"Non votants de 18-24":1949.5752406065155}}