{"id":9820,"slug":"95-637-vaureal","nom_standard":"Vauréal","code_postal":"95","code_departement":"95","libelle_departement":"Val-d'Oise","code_commune":"637","Tour 1":{"Inscrits":11428,"Abstentions":7084,"% Abs/Ins":61.99,"Votants":4344,"% Vot/Ins":38.01,"Blancs":200,"% Blancs/Ins":1.75,"% Blancs/Vot":4.6,"Nuls":0,"% Nuls/Ins":0,"% Nuls/Vot":0,"Exprimés":4144,"% Exp/Ins":36.26,"% Exp/Vot":95.4,"resultats":[{"N.Pan.":null,"Code Nuance":"LDVG","Sexe":"F","Nom":"COUCHOT","Prénom":"Sylvie","Liste":"VAUREAL, PARTAGEONS L'AVENIR","Sièges / Elu":"26","Sièges Secteur":0,"Sièges CC":4,"Voix":2145,"% Voix/Ins":18.77,"% Voix/Exp":51.76},{"N.Pan.":2,"Code Nuance":"LDVC","Sexe":"M","Nom":"BOULTAME","Prénom":"Rida","Liste":"VAURÉAL 2020, AVEC VOUS (Rida BOULTAME)","Sièges / Elu":"6","Sièges Secteur":0,"Sièges CC":1,"Voix":1642,"% Voix/Ins":14.37,"% Voix/Exp":39.62},{"N.Pan.":3,"Code Nuance":"LDIV","Sexe":"M","Nom":"FLOTTES","Prénom":"Dominique","Liste":"L'AVENIR DE VAUREAL AVEC VOUS","Sièges / Elu":1,"Sièges CC":0,"Voix":357,"% Voix/Ins":3.12,"% Voix/Exp":8.61}]},"population":{"F0-2":273.887344321795,"F3-5":382.294958446669,"F6-10":592.9296000702,"F11-17":827.738769815506,"F18-24":637.208234029888,"F25-39":1746.42508647559,"F40-54":1704.48588868734,"F55-64":1144.48659746783,"F65-79":690.160424430404,"F80+":110.345771197422,"H0-2":379.625106720929,"H3-5":400.16555069009,"H6-10":694.13653278115,"H11-17":863.682628686302,"H18-24":651.576956762031,"H25-39":1547.98147350341,"H40-54":1546.909358361,"H55-64":1016.34570585153,"H65-79":753.088482275759,"H80+":56.5255294251583},"Analyse":{"Votes décisifs":147,"tour décisif":1,"majeurs":11605.539508467362,"Non votants de 18-24":806.3877232105574}}