{"id":9816,"slug":"95-607-taverny","nom_standard":"Taverny","code_postal":"95","code_departement":"95","libelle_departement":"Val-d'Oise","code_commune":"607","Tour 1":{"Inscrits":17832,"Abstentions":11003,"% Abs/Ins":61.7,"Votants":6829,"% Vot/Ins":38.3,"Blancs":74,"% Blancs/Ins":0.41,"% Blancs/Vot":1.08,"Nuls":122,"% Nuls/Ins":0.68,"% Nuls/Vot":1.79,"Exprimés":6633,"% Exp/Ins":37.2,"% Exp/Vot":97.13,"resultats":[{"N.Pan.":null,"Code Nuance":"LDVD","Sexe":"F","Nom":"PORTELLI","Prénom":"Florence","Liste":"POUR TAVERNY, ALLONS PLUS LOIN !","Sièges / Elu":"28","Sièges Secteur":0,"Sièges CC":7,"Voix":3869,"% Voix/Ins":21.7,"% Voix/Exp":58.33},{"N.Pan.":2,"Code Nuance":"LUG","Sexe":"M","Nom":"COTTINET","Prénom":"Thomas","Liste":"CHANGEONS D'ERE A TAVERNY AVEC THOMAS COTTINET","Sièges / Elu":"6","Sièges Secteur":0,"Sièges CC":1,"Voix":2389,"% Voix/Ins":13.4,"% Voix/Exp":36.02},{"N.Pan.":3,"Code Nuance":"LEXD","Sexe":"M","Nom":"SIMONNOT","Prénom":"Alexandre","Liste":"TAVERNY VILLE FRANCAISE","Sièges / Elu":1,"Sièges CC":0,"Voix":375,"% Voix/Ins":2.1,"% Voix/Exp":5.65}]},"population":{"F0-2":498.19296385033,"F3-5":554.436731207472,"F6-10":940.211378830835,"F11-17":1338.87999980125,"F18-24":1095.14801924183,"F25-39":2640.22421911259,"F40-54":2728.4164725321,"F55-64":1679.91074844445,"F65-79":1661.64091047145,"F80+":778.730402069639,"H0-2":508.001533501179,"H3-5":546.295460001221,"H6-10":967.090126801987,"H11-17":1282.18334890248,"H18-24":1094.80632528385,"H25-39":2308.1868437721,"H40-54":2636.83598497535,"H55-64":1563.69716277901,"H65-79":1300.41839914181,"H80+":483.692969279071},"Analyse":{"Votes décisifs":1106,"tour décisif":1,"majeurs":19971.708457103254,"Non votants de 18-24":1441.1351710990411}}