{"id":9500,"slug":"91-132-chamarande","nom_standard":"Chamarande","code_postal":"91","code_departement":"91","libelle_departement":"Essonne","code_commune":"132","Tour 1":{"Inscrits":831,"Abstentions":528,"% Abs/Ins":63.54,"Votants":303,"% Vot/Ins":36.46,"Blancs":23,"% Blancs/Ins":2.77,"% Blancs/Vot":7.59,"Nuls":29,"% Nuls/Ins":3.49,"% Nuls/Vot":9.57,"Exprimés":251,"% Exp/Ins":30.2,"% Exp/Vot":82.84,"resultats":[{"N.Pan.":null,"Code Nuance":"LNC","Sexe":"M","Nom":"LEJEUNE","Prénom":"Olivier","Liste":"CHAMARANDE 2026 : UNE EQUIPE, DES VALEURS","Sièges / Elu":"15","Sièges Secteur":0,"Sièges CC":2,"Voix":251,"% Voix/Ins":30.2,"% Voix/Exp":100}]},"population":{"F0-2":12.7933462814596,"F3-5":21.3526916430664,"F6-10":44.6168035665381,"F11-17":62.7155485913999,"F18-24":51.1901490480674,"F25-39":99.7353170692795,"F40-54":130.010969730566,"F55-64":78.6961289344565,"F65-79":56.9427236826538,"F80+":22.2664730408296,"H0-2":12.7238429751369,"H3-5":14.3798413783943,"H6-10":41.4009217121738,"H11-17":50.2109094195383,"H18-24":46.078858722945,"H25-39":103.488777210336,"H40-54":139.089208028038,"H55-64":71.1321585987565,"H65-79":47.7402084486606,"H80+":27.4351219177049},"Analyse":{"Votes décisifs":252,"tour décisif":1,"majeurs":873.8060944322939,"Non votants de 18-24":63.540118098109794}}