{"id":9523,"slug":"91-244-fontenay-le-vicomte","nom_standard":"Fontenay-le-Vicomte","code_postal":"91","code_departement":"91","libelle_departement":"Essonne","code_commune":"244","Tour 1":{"Inscrits":1002,"Abstentions":639,"% Abs/Ins":63.77,"Votants":363,"% Vot/Ins":36.23,"Blancs":32,"% Blancs/Ins":3.19,"% Blancs/Vot":8.82,"Nuls":33,"% Nuls/Ins":3.29,"% Nuls/Vot":9.09,"Exprimés":298,"% Exp/Ins":29.74,"% Exp/Vot":82.09,"resultats":[{"N.Pan.":null,"Code Nuance":"LNC","Sexe":"F","Nom":"MICK RIVES","Prénom":"Valérie","Liste":"MIEUX VIVRE ENSEMBLE","Sièges / Elu":"19","Sièges Secteur":0,"Sièges CC":1,"Voix":298,"% Voix/Ins":29.74,"% Voix/Exp":100}]},"population":{"F0-2":31.2521052060305,"F3-5":32.7764423861817,"F6-10":55.4115275656267,"F11-17":66.2457475367246,"F18-24":56.4256840796969,"F25-39":162.573078432452,"F40-54":164.925489370078,"F55-64":108.754583243321,"F65-79":76.346474207098,"F80+":18.0728270613664,"H0-2":25.3897045259753,"H3-5":38.5588344944937,"H6-10":78.748327511054,"H11-17":70.5021575460054,"H18-24":71.7350020529579,"H25-39":147.386206923972,"H40-54":168.467488361566,"H55-64":100.738892185233,"H65-79":73.227919957101,"H80+":17.4615073530653},"Analyse":{"Votes décisifs":299,"tour décisif":1,"majeurs":1166.1151532279075,"Non votants de 18-24":88.26554461307514}}