{"id":953,"slug":"14-11-aurseulles","nom_standard":"Aurseulles","code_postal":"14","code_departement":"14","libelle_departement":"Calvados","code_commune":"11","Tour 1":{"Inscrits":1402,"Abstentions":654,"% Abs/Ins":46.65,"Votants":748,"% Vot/Ins":53.35,"Blancs":4,"% Blancs/Ins":0.29,"% Blancs/Vot":0.53,"Nuls":8,"% Nuls/Ins":0.57,"% Nuls/Vot":1.07,"Exprimés":736,"% Exp/Ins":52.5,"% Exp/Vot":98.4,"resultats":[{"N.Pan.":null,"Code Nuance":"LNC","Sexe":"F","Nom":"TREVET","Prénom":"Ludivine","Liste":"ENSEMBLE POUR AURSEULLES","Sièges / Elu":"2","Sièges Secteur":0,"Sièges CC":0,"Voix":176,"% Voix/Ins":12.55,"% Voix/Exp":23.91},{"N.Pan.":2,"Code Nuance":"LNC","Sexe":"M","Nom":"FORTIN","Prénom":"Christian","Liste":"AURSEULLES POUR TOUS","Sièges / Elu":"2","Sièges Secteur":0,"Sièges CC":0,"Voix":121,"% Voix/Ins":8.63,"% Voix/Exp":16.44},{"N.Pan.":3,"Code Nuance":"LNC","Sexe":"M","Nom":"LEGUAY","Prénom":"Gérard","Liste":"Aurseulles avec vous, aujourd'hui et demain","Sièges / Elu":19,"Sièges CC":3,"Voix":439,"% Voix/Ins":31.31,"% Voix/Exp":59.65}]},"population":{"F0-2":35.9879329824048,"F3-5":44.4433900385272,"F6-10":54.7780300463877,"F11-17":118.742415776115,"F18-24":48.5954467250357,"F25-39":172.336142841282,"F40-54":194.140764489236,"F55-64":113.681685304602,"F65-79":117.99426379185,"F80+":39.4761864027743,"H0-2":36.2376814524146,"H3-5":34.5513231945124,"H6-10":67.8966140069157,"H11-17":102.317901659054,"H18-24":55.6543696639967,"H25-39":170.693496947249,"H40-54":219.378104475678,"H55-64":125.322051845697,"H65-79":118.855484169498,"H80+":27.9167141867698},"Analyse":{"Votes décisifs":143,"tour décisif":1,"majeurs":1404.044710843668,"Non votants de 18-24":48.71108456891822}}