{"id":9532,"slug":"91-318-janville-sur-juine","nom_standard":"Janville-sur-Juine","code_postal":"91","code_departement":"91","libelle_departement":"Essonne","code_commune":"318","Tour 1":{"Inscrits":1497,"Abstentions":780,"% Abs/Ins":52.1,"Votants":717,"% Vot/Ins":47.9,"Blancs":13,"% Blancs/Ins":0.87,"% Blancs/Vot":1.81,"Nuls":9,"% Nuls/Ins":0.6,"% Nuls/Vot":1.26,"Exprimés":695,"% Exp/Ins":46.43,"% Exp/Vot":96.93,"resultats":[{"N.Pan.":null,"Code Nuance":"LNC","Sexe":"M","Nom":"GARDAHAUT","Prénom":"Christophe","Liste":"AGIR AVEC LES JANVILLOIS","Sièges / Elu":"15","Sièges Secteur":0,"Sièges CC":2,"Voix":404,"% Voix/Ins":26.99,"% Voix/Exp":58.13},{"N.Pan.":2,"Code Nuance":"LNC","Sexe":"M","Nom":"EMERY","Prénom":"Claude","Liste":"AVEC VOUS UN NOUVEL ELAN POUR JANVILLE","Sièges / Elu":"4","Sièges Secteur":0,"Sièges CC":1,"Voix":291,"% Voix/Ins":19.44,"% Voix/Exp":41.87}]},"population":{"F0-2":30.6662760340594,"F3-5":38.2908251863894,"F6-10":46.1002874819586,"F11-17":81.5596651598801,"F18-24":66.456829143368,"F25-39":155.328333690303,"F40-54":224.076992200166,"F55-64":141.789444489464,"F65-79":130.504450761052,"F80+":54.5471744857812,"H0-2":27.6150221032877,"H3-5":35.2900772887711,"H6-10":63.0101132327568,"H11-17":97.1497410954735,"H18-24":92.2210891537415,"H25-39":154.972833753912,"H40-54":249.238844713973,"H55-64":118.520407866822,"H65-79":127.048158182089,"H80+":29.6134339767508},"Analyse":{"Votes décisifs":114,"tour décisif":1,"majeurs":1544.3179924174228,"Non votants de 18-24":85.00651902723983}}