{"id":954,"slug":"14-14-colomby-anguerny","nom_standard":"Colomby-Anguerny","code_postal":"14","code_departement":"14","libelle_departement":"Calvados","code_commune":"14","Tour 1":{"Inscrits":1038,"Abstentions":650,"% Abs/Ins":62.62,"Votants":388,"% Vot/Ins":37.38,"Blancs":15,"% Blancs/Ins":1.45,"% Blancs/Vot":3.87,"Nuls":36,"% Nuls/Ins":3.47,"% Nuls/Vot":9.28,"Exprimés":337,"% Exp/Ins":32.47,"% Exp/Vot":86.86,"resultats":[{"N.Pan.":null,"Code Nuance":"LNC","Sexe":"M","Nom":"GUILLOUARD","Prénom":"Jean-Luc","Liste":"Pour un village dynamique et attrayant","Sièges / Elu":"19","Sièges Secteur":0,"Sièges CC":1,"Voix":337,"% Voix/Ins":32.47,"% Voix/Exp":100}]},"population":{"F0-2":16.124068073195,"F3-5":30.4035171495081,"F6-10":40.1613397480836,"F11-17":52.3802105680459,"F18-24":29.7360453591147,"F25-39":115.103323570868,"F40-54":119.653277915186,"F55-64":105.492174790333,"F65-79":85.8718490385805,"F80+":18.5846588724455,"H0-2":29.2919353687135,"H3-5":31.3299395561297,"H6-10":40.8856457677349,"H11-17":56.4827316361205,"H18-24":44.2055776894691,"H25-39":98.8434493074058,"H40-54":135.393230655851,"H55-64":90.5053322847518,"H65-79":97.6354402269826,"H80+":17.91625242148},"Analyse":{"Votes décisifs":338,"tour décisif":1,"majeurs":958.940612132468,"Non votants de 18-24":44.02386862263259}}