{"id":9547,"slug":"91-390-le-merevillois","nom_standard":"Le Mérévillois","code_postal":"91","code_departement":"91","libelle_departement":"Essonne","code_commune":"390","Tour 1":{"Inscrits":2604,"Abstentions":1836,"% Abs/Ins":70.51,"Votants":768,"% Vot/Ins":29.49,"Blancs":27,"% Blancs/Ins":1.04,"% Blancs/Vot":3.52,"Nuls":73,"% Nuls/Ins":2.8,"% Nuls/Vot":9.51,"Exprimés":668,"% Exp/Ins":25.65,"% Exp/Vot":86.98,"resultats":[{"N.Pan.":null,"Code Nuance":"LNC","Sexe":"M","Nom":"DESMURS","Prénom":"Guy","Liste":"VIVRE LE MEREVILLOIS","Sièges / Elu":"27","Sièges Secteur":0,"Sièges CC":3,"Voix":668,"% Voix/Ins":25.65,"% Voix/Exp":100}]},"population":{"F0-2":46.1743098895217,"F3-5":45.146069406592,"F6-10":111.193129711149,"F11-17":156.458619109872,"F18-24":83.3365897912838,"F25-39":248.579482919326,"F40-54":357.027632373865,"F55-64":257.992927324491,"F65-79":239.984069198207,"F80+":129.498325855445,"H0-2":50.068150562257,"H3-5":60.5717564561887,"H6-10":107.063388248775,"H11-17":176.944464188228,"H18-24":88.0078370636416,"H25-39":232.287516581288,"H40-54":361.543322474111,"H55-64":242.58896375025,"H65-79":236.147203706485,"H80+":76.3862413890229},"Analyse":{"Votes décisifs":669,"tour décisif":1,"majeurs":2553.380112427416,"Non votants de 18-24":119.80783064501684}}