{"id":9561,"slug":"91-471-orsay","nom_standard":"Orsay","code_postal":"91","code_departement":"91","libelle_departement":"Essonne","code_commune":"471","Tour 1":{"Inscrits":11309,"Abstentions":6125,"% Abs/Ins":54.16,"Votants":5184,"% Vot/Ins":45.84,"Blancs":65,"% Blancs/Ins":0.57,"% Blancs/Vot":1.25,"Nuls":90,"% Nuls/Ins":0.8,"% Nuls/Vot":1.74,"Exprimés":5029,"% Exp/Ins":44.47,"% Exp/Vot":97.01,"resultats":[{"N.Pan.":null,"Code Nuance":"LSOC","Sexe":"M","Nom":"ROS","Prénom":"David","Liste":"ENSEMBLE, VIVONS ORSAY","Sièges / Elu":"26","Sièges Secteur":0,"Sièges CC":4,"Voix":2710,"% Voix/Ins":23.96,"% Voix/Exp":53.89},{"N.Pan.":2,"Code Nuance":"LDVD","Sexe":"M","Nom":"LEROY","Prénom":"Louis","Liste":"ORSAY, LA VILLE DEVANT SOI","Sièges / Elu":"3","Sièges Secteur":0,"Sièges CC":0,"Voix":976,"% Voix/Ins":8.63,"% Voix/Exp":19.41},{"N.Pan.":3,"Code Nuance":"LDVD","Sexe":"M","Nom":"LUCAS","Prénom":"Eric","Liste":"Mieux Vivre à Orsay","Sièges / Elu":1,"Sièges CC":0,"Voix":360,"% Voix/Ins":3.18,"% Voix/Exp":7.16},{"N.Pan.":4,"Code Nuance":"LDIV","Sexe":"M","Nom":"PÉRAL","Prénom":"Jean-Christophe","Liste":"ORSAY EN ACTION 2020","Sièges / Elu":3,"Sièges CC":0,"Voix":983,"% Voix/Ins":8.69,"% Voix/Exp":19.55}]},"population":{"F0-2":201.085357394987,"F3-5":214.025039459546,"F6-10":365.168204983672,"F11-17":485.996596408067,"F18-24":1160.08459789583,"F25-39":1460.39789375061,"F40-54":1324.7948288587,"F55-64":892.047902201124,"F65-79":984.476318440782,"F80+":679.866865887269,"H0-2":167.133256290677,"H3-5":192.66342270846,"H6-10":402.866994644009,"H11-17":717.764816369039,"H18-24":1402.39962596078,"H25-39":1560.69963454944,"H40-54":1425.49321007479,"H55-64":764.715047686551,"H65-79":748.805187839695,"H80+":403.515198595965},"Analyse":{"Votes décisifs":392,"tour décisif":1,"majeurs":12807.296311741538,"Non votants de 18-24":1525.2693509334179}}