{"id":9566,"slug":"91-514-quincy-sous-senart","nom_standard":"Quincy-sous-Sénart","code_postal":"91","code_departement":"91","libelle_departement":"Essonne","code_commune":"514","Tour 1":{"Inscrits":5360,"Abstentions":3397,"% Abs/Ins":63.38,"Votants":1963,"% Vot/Ins":36.62,"Blancs":57,"% Blancs/Ins":1.06,"% Blancs/Vot":2.9,"Nuls":60,"% Nuls/Ins":1.12,"% Nuls/Vot":3.06,"Exprimés":1846,"% Exp/Ins":34.44,"% Exp/Vot":94.04,"resultats":[{"N.Pan.":null,"Code Nuance":"LDVD","Sexe":"F","Nom":"GARNIER","Prénom":"Christine","Liste":"QUINCY TOUS ENSEMBLE","Sièges / Elu":"25","Sièges Secteur":0,"Sièges CC":3,"Voix":1340,"% Voix/Ins":25,"% Voix/Exp":72.59},{"N.Pan.":2,"Code Nuance":"LDIV","Sexe":"F","Nom":"BENRAMDANE","Prénom":"Najia","Liste":"QUINCY AUTREMENT","Sièges / Elu":"4","Sièges Secteur":0,"Sièges CC":0,"Voix":506,"% Voix/Ins":9.44,"% Voix/Exp":27.41}]},"population":{"F0-2":158.47592892589,"F3-5":157.404393112531,"F6-10":312.051733559972,"F11-17":419.843708155116,"F18-24":401.339856685645,"F25-39":990.288663690113,"F40-54":872.610635048778,"F55-64":612.16300617535,"F65-79":611.588725070178,"F80+":423.433474924909,"H0-2":180.279031860534,"H3-5":180.475367015233,"H6-10":317.336123735987,"H11-17":401.352455797563,"H18-24":396.84197998634,"H25-39":860.455970422757,"H40-54":860.699705171737,"H55-64":542.293661698482,"H65-79":568.2835853994,"H80+":195.781993563484},"Analyse":{"Votes décisifs":835,"tour décisif":1,"majeurs":7335.781257837173,"Non votants de 18-24":584.5943685733166}}