{"id":9589,"slug":"91-635-vauhallan","nom_standard":"Vauhallan","code_postal":"91","code_departement":"91","libelle_departement":"Essonne","code_commune":"635","Tour 1":{"Inscrits":1582,"Abstentions":690,"% Abs/Ins":43.62,"Votants":892,"% Vot/Ins":56.38,"Blancs":6,"% Blancs/Ins":0.38,"% Blancs/Vot":0.67,"Nuls":5,"% Nuls/Ins":0.32,"% Nuls/Vot":0.56,"Exprimés":881,"% Exp/Ins":55.69,"% Exp/Vot":98.77,"resultats":[{"N.Pan.":null,"Code Nuance":"LNC","Sexe":"M","Nom":"GLEIZE","Prénom":"Bernard","Liste":"VAUHALLAN DEMAIN","Sièges / Elu":"17","Sièges Secteur":0,"Sièges CC":1,"Voix":648,"% Voix/Ins":40.96,"% Voix/Exp":73.55},{"N.Pan.":2,"Code Nuance":"LNC","Sexe":"M","Nom":"HILLION","Prénom":"François","Liste":"VAUHALLAN ENSEMBLE","Sièges / Elu":"2","Sièges Secteur":0,"Sièges CC":0,"Voix":233,"% Voix/Ins":14.73,"% Voix/Exp":26.45}]},"population":{"F0-2":20.6209223370124,"F3-5":39.9862874626864,"F6-10":70.3350123491541,"F11-17":82.9045405769943,"F18-24":75.7582925789756,"F25-39":119.395801437445,"F40-54":248.93692778393,"F55-64":154.494596925827,"F65-79":153.451055901379,"F80+":98.118375626405,"H0-2":25.3088670503076,"H3-5":24.4000079987751,"H6-10":79.2026312853771,"H11-17":95.66626738724,"H18-24":83.4318342627893,"H25-39":130.894685667848,"H40-54":218.616013358756,"H55-64":150.206433900768,"H65-79":124.770209601881,"H80+":57.501236506449},"Analyse":{"Votes décisifs":416,"tour décisif":1,"majeurs":1615.575463552453,"Non votants de 18-24":71.29723892267076}}