{"id":966,"slug":"14-66-bernieres-sur-mer","nom_standard":"Bernières-sur-Mer","code_postal":"14","code_departement":"14","libelle_departement":"Calvados","code_commune":"66","Tour 1":{"Inscrits":1907,"Abstentions":916,"% Abs/Ins":48.03,"Votants":991,"% Vot/Ins":51.97,"Blancs":7,"% Blancs/Ins":0.37,"% Blancs/Vot":0.71,"Nuls":10,"% Nuls/Ins":0.52,"% Nuls/Vot":1.01,"Exprimés":974,"% Exp/Ins":51.07,"% Exp/Vot":98.28,"resultats":[{"N.Pan.":null,"Code Nuance":"LNC","Sexe":"M","Nom":"LEPORTIER","Prénom":"Denis","Liste":"CONTINUONS ENSEMBLE POUR L'AVENIR DE BERNIÈRE-SUR-MER","Sièges / Elu":"4","Sièges Secteur":0,"Sièges CC":1,"Voix":437,"% Voix/Ins":22.92,"% Voix/Exp":44.87},{"N.Pan.":2,"Code Nuance":"LNC","Sexe":"M","Nom":"DUPONT FEDERICI","Prénom":"Thomas","Liste":"BERNIÈRES-SUR-MER : HIER, AUJOURD'HUI, DEMAIN","Sièges / Elu":"15","Sièges Secteur":0,"Sièges CC":2,"Voix":537,"% Voix/Ins":28.16,"% Voix/Exp":55.13}]},"population":{"F0-2":24.6790525213541,"F3-5":31.3451732638141,"F6-10":60.7553486986525,"F11-17":92.112597370911,"F18-24":53.2931206258162,"F25-39":137.931450849314,"F40-54":255.133162399782,"F55-64":187.07204074387,"F65-79":266.45471067893,"F80+":75.4861024439857,"H0-2":34.1866774849705,"H3-5":37.0162150554508,"H6-10":68.3589913678886,"H11-17":102.591192868009,"H18-24":64.6470861517733,"H25-39":140.900114974974,"H40-54":222.723446925034,"H55-64":176.5018831314,"H65-79":238.662722807979,"H80+":60.1489096360922},"Analyse":{"Votes décisifs":101,"tour décisif":1,"majeurs":1878.9547513689506,"Non votants de 18-24":55.73607715103153}}