{"id":969,"slug":"14-76-blainville-sur-orne","nom_standard":"Blainville-sur-Orne","code_postal":"14","code_departement":"14","libelle_departement":"Calvados","code_commune":"76","Tour 1":{"Inscrits":4148,"Abstentions":2368,"% Abs/Ins":57.09,"Votants":1780,"% Vot/Ins":42.91,"Blancs":29,"% Blancs/Ins":0.7,"% Blancs/Vot":1.63,"Nuls":22,"% Nuls/Ins":0.53,"% Nuls/Vot":1.24,"Exprimés":1729,"% Exp/Ins":41.68,"% Exp/Vot":97.13,"resultats":[{"N.Pan.":null,"Code Nuance":"LDVG","Sexe":"M","Nom":"MARIE","Prénom":"Lionel","Liste":"ACTION CITOYENNE POUR BLAINVILLE SUR ORNE","Sièges / Elu":"22","Sièges Secteur":0,"Sièges CC":2,"Voix":874,"% Voix/Ins":21.07,"% Voix/Exp":50.55},{"N.Pan.":2,"Code Nuance":"LDVG","Sexe":"M","Nom":"FRANCOISE","Prénom":"Daniel","Liste":"VIVRE ENSEMBLE A BLAINVILLE","Sièges / Elu":"7","Sièges Secteur":0,"Sièges CC":0,"Voix":855,"% Voix/Ins":20.61,"% Voix/Exp":49.45}]},"population":{"F0-2":103.646299824518,"F3-5":98.0051158432775,"F6-10":145.311365205513,"F11-17":240.732482445454,"F18-24":225.936373373386,"F25-39":616.67780606524,"F40-54":614.531550402713,"F55-64":426.453290269115,"F65-79":434.112712738407,"F80+":166.62085962524,"H0-2":95.3189058976986,"H3-5":97.737473116983,"H6-10":179.929481405098,"H11-17":243.307656810068,"H18-24":233.03851923322,"H25-39":558.089703071621,"H40-54":544.039991951804,"H55-64":328.110808126553,"H65-79":335.714342348717,"H80+":73.6852622453732},"Analyse":{"Votes décisifs":20,"tour décisif":1,"majeurs":4557.0112194513895,"Non votants de 18-24":279.69613521567885}}