{"id":9691,"slug":"94-21-chevilly-larue","nom_standard":"Chevilly-Larue","code_postal":"94","code_departement":"94","libelle_departement":"Val-de-Marne","code_commune":"21","Tour 1":{"Inscrits":10933,"Abstentions":6541,"% Abs/Ins":59.83,"Votants":4392,"% Vot/Ins":40.17,"Blancs":56,"% Blancs/Ins":0.51,"% Blancs/Vot":1.28,"Nuls":55,"% Nuls/Ins":0.5,"% Nuls/Vot":1.25,"Exprimés":4281,"% Exp/Ins":39.16,"% Exp/Vot":97.47,"resultats":[{"N.Pan.":null,"Code Nuance":"LDVC","Sexe":"M","Nom":"LADJICI","Prénom":"Yacine","Liste":"UNISSONS-NOUS POUR CHEVILLY LARUE","Sièges / Elu":"4","Sièges Secteur":0,"Sièges CC":0,"Voix":1101,"% Voix/Ins":10.07,"% Voix/Exp":25.72},{"N.Pan.":2,"Code Nuance":"LDVD","Sexe":"F","Nom":"CANELAS-DREZET","Prénom":"Susan","Liste":"Unis pour Agir à Chevilly-Larue","Sièges / Elu":"2","Sièges Secteur":0,"Sièges CC":0,"Voix":662,"% Voix/Ins":6.06,"% Voix/Exp":15.46},{"N.Pan.":3,"Code Nuance":"LDVG","Sexe":"F","Nom":"DAUMIN","Prénom":"Stéphanie","Liste":"ENSEMBLE POUR CHEVILLY-LARUE","Sièges / Elu":27,"Sièges CC":1,"Voix":2518,"% Voix/Ins":23.03,"% Voix/Exp":58.82}]},"population":{"F0-2":385.495683606849,"F3-5":370.438815498891,"F6-10":689.715353580695,"F11-17":963.03531836369,"F18-24":816.812864300609,"F25-39":2101.79790770676,"F40-54":2039.49810526268,"F55-64":1300.60248825908,"F65-79":1080.48661826448,"F80+":691.059282161141,"H0-2":368.773643236756,"H3-5":461.893020280915,"H6-10":762.459884700257,"H11-17":912.488142285979,"H18-24":857.172189690748,"H25-39":1888.46585455863,"H40-54":2049.11100269654,"H55-64":1339.50361332641,"H65-79":983.901993915264,"H80+":309.288218303631},"Analyse":{"Votes décisifs":756,"tour décisif":1,"majeurs":15457.70013844597,"Non votants de 18-24":1198.3552842791091}}