{"id":9694,"slug":"94-33-fontenay-sous-bois","nom_standard":"Fontenay-sous-Bois","code_postal":"94","code_departement":"94","libelle_departement":"Val-de-Marne","code_commune":"33","Tour 1":{"Inscrits":33216,"Abstentions":20428,"% Abs/Ins":61.5,"Votants":12788,"% Vot/Ins":38.5,"Blancs":135,"% Blancs/Ins":0.41,"% Blancs/Vot":1.06,"Nuls":248,"% Nuls/Ins":0.75,"% Nuls/Vot":1.94,"Exprimés":12405,"% Exp/Ins":37.35,"% Exp/Vot":97.01,"resultats":[{"N.Pan.":null,"Code Nuance":"LEXG","Sexe":"F","Nom":"SAINTIER","Prénom":"Anne","Liste":"LUTTE OUVRIERE - FAIRE ENTENDRE LE CAMP DES TRAVAILLEURS","Sièges / Elu":"0","Sièges Secteur":0,"Sièges CC":0,"Voix":205,"% Voix/Ins":0.62,"% Voix/Exp":1.65},{"N.Pan.":2,"Code Nuance":"LREM","Sexe":"F","Nom":"CAZALS","Prénom":"Chantal","Liste":"ENSEMBLE, AUTREMENT!","Sièges / Elu":"2","Sièges Secteur":0,"Sièges CC":0,"Voix":1392,"% Voix/Ins":4.19,"% Voix/Exp":11.22},{"N.Pan.":3,"Code Nuance":"LUG","Sexe":"M","Nom":"GAUTRAIS","Prénom":"Jean-Philippe","Liste":"VIVRE FONTENAY","Sièges / Elu":36,"Sièges CC":1,"Voix":7089,"% Voix/Ins":21.34,"% Voix/Exp":57.15},{"N.Pan.":4,"Code Nuance":"LDVD","Sexe":"M","Nom":"LECOQ","Prénom":"Gildas","Liste":"GILDAS LECOQ AVEC VOUS POUR FONTENAY","Sièges / Elu":7,"Sièges CC":0,"Voix":3719,"% Voix/Ins":11.2,"% Voix/Exp":29.98}]},"population":{"F0-2":817.113741100797,"F3-5":1021.86142108453,"F6-10":1632.52820210211,"F11-17":2225.65799917899,"F18-24":1958.44149796285,"F25-39":5244.01566996239,"F40-54":5775.80086910732,"F55-64":3367.71119222383,"F65-79":3037.59460826086,"F80+":1531.63577559111,"H0-2":961.850676868998,"H3-5":997.858738824757,"H6-10":1937.02994336979,"H11-17":2440.24707189291,"H18-24":2122.92560699163,"H25-39":4721.85864086549,"H40-54":5386.11923715589,"H55-64":2808.91311619537,"H65-79":2635.91257085995,"H80+":760.923420400422},"Analyse":{"Votes décisifs":1774,"tour décisif":1,"majeurs":39351.85220557712,"Non votants de 18-24":2755.0630147302104}}