{"id":9697,"slug":"94-38-l-hay-les-roses","nom_standard":"L'Hay-les-Roses","code_postal":"94","code_departement":"94","libelle_departement":"Val-de-Marne","code_commune":"38","Tour 1":{"Inscrits":18756,"Abstentions":11262,"% Abs/Ins":60.04,"Votants":7494,"% Vot/Ins":39.96,"Blancs":88,"% Blancs/Ins":0.47,"% Blancs/Vot":1.17,"Nuls":131,"% Nuls/Ins":0.7,"% Nuls/Vot":1.75,"Exprimés":7275,"% Exp/Ins":38.79,"% Exp/Vot":97.08,"resultats":[{"N.Pan.":null,"Code Nuance":"LDVG","Sexe":"M","Nom":"MOUALHI","Prénom":"Sophian","Liste":"2020 L'Haÿ en commun","Sièges / Elu":"6","Sièges Secteur":0,"Sièges CC":0,"Voix":2223,"% Voix/Ins":11.85,"% Voix/Exp":30.56},{"N.Pan.":2,"Code Nuance":"LREM","Sexe":"M","Nom":"LAFAYE","Prénom":"Olivier","Liste":"Réveillons l'Hay","Sièges / Elu":"3","Sièges Secteur":0,"Sièges CC":0,"Voix":1104,"% Voix/Ins":5.89,"% Voix/Exp":15.18},{"N.Pan.":3,"Code Nuance":"LLR","Sexe":"M","Nom":"JEANBRUN","Prénom":"Vincent","Liste":"Plus Belle L'Haÿ avec Vincent Jeanbrun","Sièges / Elu":30,"Sièges CC":1,"Voix":3948,"% Voix/Ins":21.05,"% Voix/Exp":54.27}]},"population":{"F0-2":565.141569103843,"F3-5":632.971201691201,"F6-10":1087.88511984773,"F11-17":1383.53560837321,"F18-24":1371.1484156765,"F25-39":3201.81452760844,"F40-54":3120.25957949135,"F55-64":1899.01587730202,"F65-79":1968.22481639544,"F80+":1323.69347456129,"H0-2":627.476611407316,"H3-5":743.47583504926,"H6-10":1156.51184047069,"H11-17":1424.51895718227,"H18-24":1335.36484093599,"H25-39":2662.43239604542,"H40-54":3025.51222067317,"H55-64":1796.14499426773,"H65-79":1590.43905140756,"H80+":731.433062509569},"Analyse":{"Votes décisifs":622,"tour décisif":1,"majeurs":24025.48325687448,"Non votants de 18-24":1862.3008789384435}}