{"id":9733,"slug":"95-28-attainville","nom_standard":"Attainville","code_postal":"95","code_departement":"95","libelle_departement":"Val-d'Oise","code_commune":"28","Tour 1":{"Inscrits":1145,"Abstentions":798,"% Abs/Ins":69.69,"Votants":347,"% Vot/Ins":30.31,"Blancs":27,"% Blancs/Ins":2.36,"% Blancs/Vot":7.78,"Nuls":27,"% Nuls/Ins":2.36,"% Nuls/Vot":7.78,"Exprimés":293,"% Exp/Ins":25.59,"% Exp/Vot":84.44,"resultats":[{"N.Pan.":null,"Code Nuance":"LNC","Sexe":"M","Nom":"CITERNE","Prénom":"Yves","Liste":"ATTAINVILLE NOTRE VILLAGE","Sièges / Elu":"19","Sièges Secteur":0,"Sièges CC":1,"Voix":293,"% Voix/Ins":25.59,"% Voix/Exp":100}]},"population":{"F0-2":17.5528929437389,"F3-5":25.1011839794227,"F6-10":50.5023695851336,"F11-17":81.5877294944118,"F18-24":70.9684692701747,"F25-39":142.576099980509,"F40-54":206.22493513893,"F55-64":142.104574572971,"F65-79":84.8964434671782,"F80+":19.0349853222477,"H0-2":23.2826676476252,"H3-5":27.8614427259248,"H6-10":56.3819648203256,"H11-17":84.4312290986536,"H18-24":68.5049626655464,"H25-39":140.83016338149,"H40-54":215.376552008401,"H55-64":145.094793359686,"H65-79":80.1543463835456,"H80+":12.5321941540846},"Analyse":{"Votes décisifs":294,"tour décisif":1,"majeurs":1328.2985197047642,"Non votants de 18-24":103.03788663943311}}