{"id":9735,"slug":"95-42-baillet-en-france","nom_standard":"Baillet-en-France","code_postal":"95","code_departement":"95","libelle_departement":"Val-d'Oise","code_commune":"42","Tour 1":{"Inscrits":1482,"Abstentions":995,"% Abs/Ins":67.14,"Votants":487,"% Vot/Ins":32.86,"Blancs":13,"% Blancs/Ins":0.88,"% Blancs/Vot":2.67,"Nuls":11,"% Nuls/Ins":0.74,"% Nuls/Vot":2.26,"Exprimés":463,"% Exp/Ins":31.24,"% Exp/Vot":95.07,"resultats":[{"N.Pan.":null,"Code Nuance":"LNC","Sexe":"F","Nom":"AKNOUCHE","Prénom":"Christiane","Liste":"ENSEMBLE CONTINUONS","Sièges / Elu":"19","Sièges Secteur":0,"Sièges CC":2,"Voix":463,"% Voix/Ins":31.24,"% Voix/Exp":100}]},"population":{"F0-2":39.5095965809942,"F3-5":44.4273183766872,"F6-10":57.0700907882053,"F11-17":68.1650672643962,"F18-24":82.4031619935005,"F25-39":187.276040655092,"F40-54":200.063986129077,"F55-64":139.569546815123,"F65-79":120.981711453832,"F80+":49.4710067273372,"H0-2":25.7159231589572,"H3-5":27.7206998857744,"H6-10":64.1719549649216,"H11-17":74.2088125039067,"H18-24":75.4610809553586,"H25-39":175.353632224271,"H40-54":177.11701619044,"H55-64":137.263531449715,"H65-79":113.790088139836,"H80+":33.2597337425743},"Analyse":{"Votes décisifs":464,"tour décisif":1,"majeurs":1492.0105364761564,"Non votants de 18-24":106.3365328981848}}