{"id":9755,"slug":"95-199-domont","nom_standard":"Domont","code_postal":"95","code_departement":"95","libelle_departement":"Val-d'Oise","code_commune":"199","Tour 1":{"Inscrits":9828,"Abstentions":7564,"% Abs/Ins":76.96,"Votants":2264,"% Vot/Ins":23.04,"Blancs":175,"% Blancs/Ins":1.78,"% Blancs/Vot":7.73,"Nuls":103,"% Nuls/Ins":1.05,"% Nuls/Vot":4.55,"Exprimés":1986,"% Exp/Ins":20.21,"% Exp/Vot":87.72,"resultats":[{"N.Pan.":null,"Code Nuance":"LDVD","Sexe":"M","Nom":"BOURDIN","Prénom":"Frédéric","Liste":"DOMONT VILLE DYNAMIQUE, FIERE DE SON HISTOIRE","Sièges / Elu":"33","Sièges Secteur":0,"Sièges CC":5,"Voix":1986,"% Voix/Ins":20.21,"% Voix/Exp":100}]},"population":{"F0-2":372.662221614496,"F3-5":318.102523775955,"F6-10":554.916821575283,"F11-17":698.969223052033,"F18-24":668.650922698706,"F25-39":1637.16846144925,"F40-54":1648.52930217336,"F55-64":1075.53221258387,"F65-79":938.99000814378,"F80+":515.692710181997,"H0-2":306.776392795767,"H3-5":317.557395564695,"H6-10":547.197538974398,"H11-17":664.649300193931,"H18-24":580.009253102652,"H25-39":1490.86390676273,"H40-54":1475.88134276357,"H55-64":896.843194331474,"H65-79":725.967860028143,"H80+":250.039408233901},"Analyse":{"Votes décisifs":1987,"tour décisif":1,"majeurs":11904.16858245343,"Non votants de 18-24":1011.1831425727476}}