{"id":9773,"slug":"95-313-l-isle-adam","nom_standard":"L'Isle-Adam","code_postal":"95","code_departement":"95","libelle_departement":"Val-d'Oise","code_commune":"313","Tour 1":{"Inscrits":8156,"Abstentions":4368,"% Abs/Ins":53.56,"Votants":3788,"% Vot/Ins":46.44,"Blancs":42,"% Blancs/Ins":0.51,"% Blancs/Vot":1.11,"Nuls":39,"% Nuls/Ins":0.48,"% Nuls/Vot":1.03,"Exprimés":3707,"% Exp/Ins":45.45,"% Exp/Vot":97.86,"resultats":[{"N.Pan.":null,"Code Nuance":"LDVD","Sexe":"M","Nom":"PONIATOWSKI","Prénom":"Sébastien","Liste":"UNION POUR L'ISLE ADAM VILLE PARC","Sièges / Elu":"30","Sièges Secteur":0,"Sièges CC":11,"Voix":2919,"% Voix/Ins":35.79,"% Voix/Exp":78.74},{"N.Pan.":2,"Code Nuance":"LECO","Sexe":"F","Nom":"PELEGRIN","Prénom":"Carine","Liste":"DE L'OXYGENE POUR L'ISLE ADAM","Sièges / Elu":"3","Sièges Secteur":0,"Sièges CC":1,"Voix":788,"% Voix/Ins":9.66,"% Voix/Exp":21.26}]},"population":{"F0-2":151.943430243363,"F3-5":195.127096939253,"F6-10":337.041188677817,"F11-17":511.383647959572,"F18-24":382.971913324363,"F25-39":1012.69742373589,"F40-54":1212.22017168732,"F55-64":741.173419629155,"F65-79":1233.91812617861,"F80+":625.479224694244,"H0-2":146.626922862203,"H3-5":169.783340046182,"H6-10":312.323377151065,"H11-17":479.002069679215,"H18-24":401.93186329453,"H25-39":924.813470797112,"H40-54":1120.1276859357,"H55-64":655.92127332788,"H65-79":786.59217122769,"H80+":321.922182608834},"Analyse":{"Votes décisifs":2132,"tour décisif":1,"majeurs":9419.76892644133,"Non votants de 18-24":469.2680610243694}}