{"id":9777,"slug":"95-353-maffliers","nom_standard":"Maffliers","code_postal":"95","code_departement":"95","libelle_departement":"Val-d'Oise","code_commune":"353","Tour 1":{"Inscrits":1210,"Abstentions":643,"% Abs/Ins":53.14,"Votants":567,"% Vot/Ins":46.86,"Blancs":4,"% Blancs/Ins":0.33,"% Blancs/Vot":0.71,"Nuls":1,"% Nuls/Ins":0.08,"% Nuls/Vot":0.18,"Exprimés":562,"% Exp/Ins":46.45,"% Exp/Vot":99.12,"resultats":[{"N.Pan.":null,"Code Nuance":"LNC","Sexe":"F","Nom":"LUCHIER","Prénom":"Lisa","Liste":"UNE AMBITION POUR MAFFLIERS","Sièges / Elu":"4","Sièges Secteur":0,"Sièges CC":0,"Voix":230,"% Voix/Ins":19.01,"% Voix/Exp":40.93},{"N.Pan.":2,"Code Nuance":"LNC","Sexe":"M","Nom":"MAZURIER","Prénom":"Jean-Christophe","Liste":"MAFFLIERS NATURELLEMENT","Sièges / Elu":"15","Sièges Secteur":0,"Sièges CC":2,"Voix":332,"% Voix/Ins":27.44,"% Voix/Exp":59.07}]},"population":{"F0-2":44.297098077244,"F3-5":38.939704571896,"F6-10":60.8268538879728,"F11-17":86.4708502133591,"F18-24":64.0951085628712,"F25-39":201.865085166036,"F40-54":208.982259428229,"F55-64":108.570507333763,"F65-79":80.3992366211534,"F80+":18.98307941466,"H0-2":55.8199371117531,"H3-5":39.3823993994862,"H6-10":58.7160766191664,"H11-17":85.5895616238318,"H18-24":73.7698247794964,"H25-39":199.84949157741,"H40-54":214.635104105535,"H55-64":107.693156604473,"H65-79":69.6328618710626,"H80+":11.4818030306014},"Analyse":{"Votes décisifs":103,"tour décisif":1,"majeurs":1359.957518495291,"Non votants de 18-24":80.38562524485287}}