{"id":9781,"slug":"95-371-marly-la-ville","nom_standard":"Marly-la-Ville","code_postal":"95","code_departement":"95","libelle_departement":"Val-d'Oise","code_commune":"371","Tour 1":{"Inscrits":4082,"Abstentions":2749,"% Abs/Ins":67.34,"Votants":1333,"% Vot/Ins":32.66,"Blancs":30,"% Blancs/Ins":0.73,"% Blancs/Vot":2.25,"Nuls":43,"% Nuls/Ins":1.05,"% Nuls/Vot":3.23,"Exprimés":1260,"% Exp/Ins":30.87,"% Exp/Vot":94.52,"resultats":[{"N.Pan.":null,"Code Nuance":"LDVG","Sexe":"M","Nom":"SPECQ","Prénom":"André","Liste":"LISTE DE RASSEMBLEMENT DES FORCES DE GAUCHE & REPUBLICAINS DE PROGRES","Sièges / Elu":"29","Sièges Secteur":0,"Sièges CC":1,"Voix":1260,"% Voix/Ins":30.87,"% Voix/Exp":100}]},"population":{"F0-2":94.5854352785934,"F3-5":114.273420722017,"F6-10":196.591654836624,"F11-17":278.202590065918,"F18-24":229.545434799915,"F25-39":488.892176627929,"F40-54":651.093182390398,"F55-64":327.148592618489,"F65-79":370.055551038175,"F80+":128.377819045977,"H0-2":97.6336344340325,"H3-5":116.413833913345,"H6-10":206.587698748855,"H11-17":308.345899856414,"H18-24":236.227230840059,"H25-39":492.753723972415,"H40-54":585.544047997032,"H55-64":354.085049611903,"H65-79":312.01431065995,"H80+":72.6287125419584},"Analyse":{"Votes décisifs":1261,"tour décisif":1,"majeurs":4248.365832144201,"Non votants de 18-24":319.62824497817746}}