{"id":9782,"slug":"95-388-menucourt","nom_standard":"Menucourt","code_postal":"95","code_departement":"95","libelle_departement":"Val-d'Oise","code_commune":"388","Tour 1":{"Inscrits":3820,"Abstentions":2498,"% Abs/Ins":65.39,"Votants":1322,"% Vot/Ins":34.61,"Blancs":68,"% Blancs/Ins":1.78,"% Blancs/Vot":5.14,"Nuls":59,"% Nuls/Ins":1.54,"% Nuls/Vot":4.46,"Exprimés":1195,"% Exp/Ins":31.28,"% Exp/Vot":90.39,"resultats":[{"N.Pan.":null,"Code Nuance":"LDIV","Sexe":"M","Nom":"PROFFIT BRULFERT","Prénom":"Eric","Liste":"MENUCOURT A COEUR","Sièges / Elu":"29","Sièges Secteur":0,"Sièges CC":2,"Voix":1195,"% Voix/Ins":31.28,"% Voix/Exp":100}]},"population":{"F0-2":103.993439330536,"F3-5":121.511176120603,"F6-10":231.414867211947,"F11-17":345.138984981113,"F18-24":223.266697309579,"F25-39":590.098573914651,"F40-54":674.964124394904,"F55-64":346.183167269403,"F65-79":331.644116249966,"F80+":113.851698552212,"H0-2":111.792959293524,"H3-5":104.982650985752,"H6-10":281.989987763344,"H11-17":352.864483046675,"H18-24":221.365071225272,"H25-39":484.208790805202,"H40-54":650.482135528409,"H55-64":339.785887677371,"H65-79":280.375857973347,"H80+":88.0853303661901},"Analyse":{"Votes décisifs":1196,"tour décisif":1,"majeurs":4344.311451266506,"Non votants de 18-24":309.3276577230653}}