{"id":9787,"slug":"95-426-montlignon","nom_standard":"Montlignon","code_postal":"95","code_departement":"95","libelle_departement":"Val-d'Oise","code_commune":"426","Tour 1":{"Inscrits":2222,"Abstentions":1402,"% Abs/Ins":63.1,"Votants":820,"% Vot/Ins":36.9,"Blancs":50,"% Blancs/Ins":2.25,"% Blancs/Vot":6.1,"Nuls":41,"% Nuls/Ins":1.85,"% Nuls/Vot":5,"Exprimés":729,"% Exp/Ins":32.81,"% Exp/Vot":88.9,"resultats":[{"N.Pan.":null,"Code Nuance":"LNC","Sexe":"M","Nom":"GOUJON","Prénom":"Alain","Liste":"ENSEMBLE, PRÉSERVONS NOTRE VILLAGE","Sièges / Elu":"23","Sièges Secteur":0,"Sièges CC":1,"Voix":729,"% Voix/Ins":32.81,"% Voix/Exp":100}]},"population":{"F0-2":39.5387555421843,"F3-5":37.2250101402257,"F6-10":83.6933183589844,"F11-17":155.004627337307,"F18-24":111.790366724705,"F25-39":182.479293688478,"F40-54":363.680545887073,"F55-64":196.444417757222,"F65-79":212.098380081358,"F80+":100.66005912227,"H0-2":42.7362813524677,"H3-5":50.8761316224851,"H6-10":97.6461856561115,"H11-17":184.136523503233,"H18-24":127.385035896833,"H25-39":191.189083982336,"H40-54":312.155019874338,"H55-64":188.570206960985,"H65-79":168.884986804609,"H80+":70.8057697067958},"Analyse":{"Votes décisifs":730,"tour décisif":1,"majeurs":2226.1431664870024,"Non votants de 18-24":151.0751253787418}}