{"id":98,"slug":"1-267-nurieux-volognat","nom_standard":"Nurieux-Volognat","code_postal":"1","code_departement":"1","libelle_departement":"Ain","code_commune":"267","Tour 1":{"Inscrits":737,"Abstentions":253,"% Abs/Ins":34.33,"Votants":484,"% Vot/Ins":65.67,"Blancs":5,"% Blancs/Ins":0.68,"% Blancs/Vot":1.03,"Nuls":8,"% Nuls/Ins":1.09,"% Nuls/Vot":1.65,"Exprimés":471,"% Exp/Ins":63.91,"% Exp/Vot":97.31,"resultats":[{"N.Pan.":null,"Code Nuance":"LNC","Sexe":"F","Nom":"BERGER","Prénom":"Arlette","Liste":"POUR L'AVENIR DE NOTRE COMMUNE","Sièges / Elu":"14","Sièges Secteur":0,"Sièges CC":1,"Voix":363,"% Voix/Ins":49.25,"% Voix/Exp":77.07},{"N.Pan.":2,"Code Nuance":"LNC","Sexe":"M","Nom":"GENOUX","Prénom":"Michel","Liste":"NURIEUX-VOLOGNAT 2020","Sièges / Elu":"1","Sièges Secteur":0,"Sièges CC":0,"Voix":108,"% Voix/Ins":14.65,"% Voix/Exp":22.93}]},"population":{"F0-2":15.4093741762125,"F3-5":9.89387221648489,"F6-10":26.4771672002465,"F11-17":53.7109940936753,"F18-24":29.6338301420137,"F25-39":61.6440480329546,"F40-54":127.005964267432,"F55-64":58.997001289959,"F65-79":93.5682753021513,"F80+":18.8352534146048,"H0-2":9.07348682706614,"H3-5":17.2478774893651,"H6-10":26.8298338411036,"H11-17":60.6129631536508,"H18-24":43.3613806458924,"H25-39":70.4060763398615,"H40-54":110.691866950254,"H55-64":75.441236941661,"H65-79":80.6189952671825,"H80+":18.5405024082284},"Analyse":{"Votes décisifs":256,"tour décisif":1,"majeurs":788.7444310021953,"Non votants de 18-24":28.20290464578106}}