{"id":9814,"slug":"95-598-soisy-sous-montmorency","nom_standard":"Soisy-sous-Montmorency","code_postal":"95","code_departement":"95","libelle_departement":"Val-d'Oise","code_commune":"598","Tour 1":{"Inscrits":11959,"Abstentions":7677,"% Abs/Ins":64.19,"Votants":4282,"% Vot/Ins":35.81,"Blancs":33,"% Blancs/Ins":0.28,"% Blancs/Vot":0.77,"Nuls":101,"% Nuls/Ins":0.84,"% Nuls/Vot":2.36,"Exprimés":4148,"% Exp/Ins":34.69,"% Exp/Vot":96.87,"resultats":[{"N.Pan.":null,"Code Nuance":"LDVC","Sexe":"M","Nom":"CORCEIRO","Prénom":"David","Liste":"VIVRE SOISY","Sièges / Elu":"3","Sièges Secteur":0,"Sièges CC":1,"Voix":830,"% Voix/Ins":6.94,"% Voix/Exp":20.01},{"N.Pan.":2,"Code Nuance":"LDIV","Sexe":"M","Nom":"BEKARE","Prénom":"Omar","Liste":"SOISY ENSEMBLE","Sièges / Elu":"3","Sièges Secteur":0,"Sièges CC":0,"Voix":777,"% Voix/Ins":6.5,"% Voix/Exp":18.73},{"N.Pan.":3,"Code Nuance":"LDVD","Sexe":"M","Nom":"STREHAIANO","Prénom":"Luc","Liste":"SOISY AVENIR","Sièges / Elu":26,"Sièges CC":5,"Voix":2113,"% Voix/Ins":17.67,"% Voix/Exp":50.94},{"N.Pan.":4,"Code Nuance":"LVEC","Sexe":"F","Nom":"DAVID","Prénom":"Catherine","Liste":"SOISY RESPIRE","Sièges / Elu":1,"Sièges CC":0,"Voix":428,"% Voix/Ins":3.58,"% Voix/Exp":10.32}]},"population":{"F0-2":269.138080072863,"F3-5":306.659014639302,"F6-10":571.39426493227,"F11-17":798.869640596151,"F18-24":708.462835975471,"F25-39":1582.77725734031,"F40-54":2002.96348833179,"F55-64":1198.02987228059,"F65-79":1256.46725968479,"F80+":658.116460711626,"H0-2":329.989466135163,"H3-5":374.028041072653,"H6-10":685.03800775346,"H11-17":952.884947662998,"H18-24":789.876879832044,"H25-39":1456.84089543332,"H40-54":1642.43908172938,"H55-64":1129.77591542549,"H65-79":978.791658685516,"H80+":368.456931704813},"Analyse":{"Votes décisifs":79,"tour décisif":1,"majeurs":13772.99853713514,"Non votants de 18-24":1032.508644542309}}