{"id":9827,"slug":"ZA-102-anse-bertrand","nom_standard":"Anse-Bertrand","code_postal":"ZA","code_departement":"ZA","libelle_departement":"Guadeloupe","code_commune":"102","Tour 1":{"Inscrits":4790,"Abstentions":2008,"% Abs/Ins":41.92,"Votants":2782,"% Vot/Ins":58.08,"Blancs":47,"% Blancs/Ins":0.98,"% Blancs/Vot":1.69,"Nuls":104,"% Nuls/Ins":2.17,"% Nuls/Vot":3.74,"Exprimés":2631,"% Exp/Ins":54.93,"% Exp/Vot":94.57,"resultats":[{"N.Pan.":null,"Code Nuance":"LDVC","Sexe":"M","Nom":"MOUSTACHE","Prénom":"Daniel, Jean","Liste":"S'UNIR POUR REUSSIR ANSE-BERTRAND","Sièges / Elu":"0","Sièges Secteur":0,"Sièges CC":0,"Voix":935,"% Voix/Ins":19.52,"% Voix/Exp":35.54},{"N.Pan.":2,"Code Nuance":"LDVD","Sexe":"M","Nom":"DELTA","Prénom":"Edouard","Liste":"OSER UNIR INNOVER","Sièges / Elu":"0","Sièges Secteur":0,"Sièges CC":0,"Voix":1152,"% Voix/Ins":24.05,"% Voix/Exp":43.79},{"N.Pan.":3,"Code Nuance":"LDIV","Sexe":"M","Nom":"NIMIAS","Prénom":"Yves","Liste":"L'EXELLENCE POUR ANSE BERTRAND","Sièges / Elu":0,"Sièges CC":0,"Voix":544,"% Voix/Ins":11.36,"% Voix/Exp":20.68}]},"Tour 2":{"Inscrits":4792,"Abstentions":1671,"% Abs/Ins":34.87,"Votants":3121,"% Vot/Ins":65.13,"Blancs":61,"% Blancs/Ins":1.27,"% Blancs/Vot":1.95,"Nuls":100,"% Nuls/Ins":2.09,"% Nuls/Vot":3.2,"Exprimés":2960,"% Exp/Ins":61.77,"% Exp/Vot":94.84,"resultats":[{"N.Pan.":1,"Code Nuance":"LDVC","Sexe":"M","Nom":"MOUSTACHE","Prénom":"Daniel, Jean","Liste":"S'UNIR POUR REUSSIR ANSE-BERTRAND","Sièges / Elu":6,"Sièges Secteur":0,"Sièges CC":1,"Voix":1434,"% Voix/Ins":29.92,"% Voix/Exp":48.45},{"N.Pan.":2,"Code Nuance":"LDVD","Sexe":"M","Nom":"DELTA","Prénom":"Edouard","Liste":"OSER UNIR INNOVER","Sièges / Elu":21,"Sièges Secteur":0,"Sièges CC":2,"Voix":1526,"% Voix/Ins":31.84,"% Voix/Exp":51.55}]},"population":{"F0-2":32.9378799904924,"F3-5":47.4007315180754,"F6-10":111.416835632328,"F11-17":175.396510997127,"F18-24":133.240672416131,"F25-39":201.598550587956,"F40-54":499.121130181525,"F55-64":306.336559014323,"F65-79":376.922124082413,"F80+":165.269629151386,"H0-2":34.2120752333643,"H3-5":36.6761640551169,"H6-10":89.133220610907,"H11-17":200.916937784468,"H18-24":119.699861899882,"H25-39":180.20958026379,"H40-54":432.995910655156,"H55-64":323.764863011423,"H65-79":299.224192956182,"H80+":104.526569957955},"Analyse":{"Votes décisifs":92,"tour décisif":2,"majeurs":3142.909644178122,"Non votants de 18-24":1.7632823505930344}}