{"id":9861,"slug":"ZB-204-le-carbet","nom_standard":"Le Carbet","code_postal":"ZB","code_departement":"ZB","libelle_departement":"Martinique","code_commune":"204","Tour 1":{"Inscrits":3107,"Abstentions":1261,"% Abs/Ins":40.59,"Votants":1846,"% Vot/Ins":59.41,"Blancs":27,"% Blancs/Ins":0.87,"% Blancs/Vot":1.46,"Nuls":33,"% Nuls/Ins":1.06,"% Nuls/Vot":1.79,"Exprimés":1786,"% Exp/Ins":57.48,"% Exp/Vot":96.75,"resultats":[{"N.Pan.":null,"Code Nuance":"LECO","Sexe":"M","Nom":"BOUTRIN","Prénom":"Louis","Liste":"ALLIANCE CARBETIENNE","Sièges / Elu":"2","Sièges Secteur":0,"Sièges CC":0,"Voix":361,"% Voix/Ins":11.62,"% Voix/Exp":20.21},{"N.Pan.":2,"Code Nuance":"LDVG","Sexe":"M","Nom":"GRIFFIT","Prénom":"Louis Georges","Liste":"POUR UN CARBET SOLIDAIRE ET AMBITIEUX","Sièges / Elu":"4","Sièges Secteur":0,"Sièges CC":0,"Voix":477,"% Voix/Ins":15.35,"% Voix/Exp":26.71},{"N.Pan.":3,"Code Nuance":"LDVG","Sexe":"M","Nom":"ECANVIL","Prénom":"Bruno Jean-Claude","Liste":"REUNIR POUR REUSSIR LE CARBET","Sièges / Elu":21,"Sièges CC":2,"Voix":948,"% Voix/Ins":30.51,"% Voix/Exp":53.08}]},"population":{"F0-2":44.1593471159714,"F3-5":47.4793464211213,"F6-10":84.7837235026487,"F11-17":148.999145618567,"F18-24":87.9511291742657,"F25-39":219.904892173261,"F40-54":425.708567109296,"F55-64":303.459414942739,"F65-79":291.851393713858,"F80+":156.533622474623,"H0-2":31.7795335594458,"H3-5":41.073291696737,"H6-10":89.3950026692388,"H11-17":149.115861236843,"H18-24":97.7465389141266,"H25-39":181.174743637706,"H40-54":359.722573576986,"H55-64":260.727546978947,"H65-79":312.183374970352,"H80+":90.2509505132669},"Analyse":{"Votes décisifs":111,"tour décisif":1,"majeurs":2787.2147481794273,"Non votants de 18-24":62.70825885285228}}