{"id":9869,"slug":"ZB-214-le-lorrain","nom_standard":"Le Lorrain","code_postal":"ZB","code_departement":"ZB","libelle_departement":"Martinique","code_commune":"214","Tour 1":{"Inscrits":6631,"Abstentions":3157,"% Abs/Ins":47.61,"Votants":3474,"% Vot/Ins":52.39,"Blancs":64,"% Blancs/Ins":0.97,"% Blancs/Vot":1.84,"Nuls":68,"% Nuls/Ins":1.03,"% Nuls/Vot":1.96,"Exprimés":3342,"% Exp/Ins":50.4,"% Exp/Vot":96.2,"resultats":[{"N.Pan.":null,"Code Nuance":"LDVD","Sexe":"M","Nom":"ANNONAY","Prénom":"Guy","Liste":"YONN EPI LOT POU LOREN","Sièges / Elu":"1","Sièges Secteur":0,"Sièges CC":0,"Voix":336,"% Voix/Ins":5.07,"% Voix/Exp":10.05},{"N.Pan.":2,"Code Nuance":"LECO","Sexe":"F","Nom":"PAMPHILE OUDIANE","Prénom":"Véronique Joachim","Liste":"AGIR POUR LE LORRAIN","Sièges / Elu":"3","Sièges Secteur":0,"Sièges CC":0,"Voix":679,"% Voix/Ins":10.24,"% Voix/Exp":20.32},{"N.Pan.":3,"Code Nuance":"LDVG","Sexe":"M","Nom":"PAMPHILE","Prénom":"Justin","Liste":"ENSEMBLE CONTINUONS A CONSTRUIRE LE LORRAIN","Sièges / Elu":25,"Sièges CC":3,"Voix":2327,"% Voix/Ins":35.09,"% Voix/Exp":69.63}]},"population":{"F0-2":59.1009473434112,"F3-5":75.16624239786,"F6-10":172.28924497765,"F11-17":264.455305894799,"F18-24":184.886285341346,"F25-39":391.122739529722,"F40-54":826.326280090853,"F55-64":577.095238568691,"F65-79":617.80595425234,"F80+":335.95402062924,"H0-2":67.0813947907648,"H3-5":107.996973518403,"H6-10":156.765857611695,"H11-17":281.618833342509,"H18-24":235.365939755884,"H25-39":342.963071539281,"H40-54":605.837594230743,"H55-64":600.925405821566,"H65-79":573.618908775648,"H80+":236.623761587595},"Analyse":{"Votes décisifs":1313,"tour décisif":1,"majeurs":5528.525200122909,"Non votants de 18-24":156.17524667352313}}