{"id":987,"slug":"14-166-colleville-montgomery","nom_standard":"Colleville-Montgomery","code_postal":"14","code_departement":"14","libelle_departement":"Calvados","code_commune":"166","Tour 1":{"Inscrits":2145,"Abstentions":1534,"% Abs/Ins":71.52,"Votants":611,"% Vot/Ins":28.48,"Blancs":33,"% Blancs/Ins":1.54,"% Blancs/Vot":5.4,"Nuls":46,"% Nuls/Ins":2.14,"% Nuls/Vot":7.53,"Exprimés":532,"% Exp/Ins":24.8,"% Exp/Vot":87.07,"resultats":[{"N.Pan.":null,"Code Nuance":"LNC","Sexe":"M","Nom":"LOINARD","Prénom":"Frédéric","Liste":"ENSEMBLE, ECRIVONS DEMAIN","Sièges / Elu":"19","Sièges Secteur":0,"Sièges CC":1,"Voix":532,"% Voix/Ins":24.8,"% Voix/Exp":100}]},"population":{"F0-2":26.5539858265311,"F3-5":48.2177039760171,"F6-10":67.5875590888607,"F11-17":110.088491674799,"F18-24":58.2108339720852,"F25-39":183.093179406616,"F40-54":268.205006940564,"F55-64":197.711084870267,"F65-79":272.040538418322,"F80+":69.1210605270993,"H0-2":39.3757055109623,"H3-5":46.1326984955791,"H6-10":76.5132111989317,"H11-17":123.599154290621,"H18-24":81.1620636929506,"H25-39":172.921796984896,"H40-54":243.730190771185,"H55-64":161.846773820883,"H65-79":243.40300590538,"H80+":56.4859546274522},"Analyse":{"Votes décisifs":533,"tour décisif":1,"majeurs":2007.9314899377002,"Non votants de 18-24":96.96266559283545}}