{"id":9903,"slug":"ZC-356-camopi","nom_standard":"Camopi","code_postal":"ZC","code_departement":"ZC","libelle_departement":"Guyane","code_commune":"356","Tour 1":{"Inscrits":1058,"Abstentions":350,"% Abs/Ins":33.08,"Votants":708,"% Vot/Ins":66.92,"Blancs":1,"% Blancs/Ins":0.09,"% Blancs/Vot":0.14,"Nuls":2,"% Nuls/Ins":0.19,"% Nuls/Vot":0.28,"Exprimés":705,"% Exp/Ins":66.64,"% Exp/Vot":99.58,"resultats":[{"N.Pan.":null,"Code Nuance":"LNC","Sexe":"M","Nom":"CHANEL","Prénom":"Joseph","Liste":"RESTONS ENSEMBLE, POUR BATIR CAMOPI - TROIS SAUTS","Sièges / Elu":"3","Sièges Secteur":0,"Sièges CC":1,"Voix":237,"% Voix/Ins":22.4,"% Voix/Exp":33.62},{"N.Pan.":2,"Code Nuance":"LNC","Sexe":"M","Nom":"YAWALOU","Prénom":"Laurent","Liste":"TOUS AVEC WAYAPUKUWAN","Sièges / Elu":"16","Sièges Secteur":0,"Sièges CC":6,"Voix":468,"% Voix/Ins":44.23,"% Voix/Exp":66.38}]},"population":{"F0-2":82.5478858113309,"F3-5":61.6727086596089,"F6-10":136.422301945402,"F11-17":195.897648147926,"F18-24":111.799805751118,"F25-39":187.646470804048,"F40-54":109.112103644503,"F55-64":33.4195074453432,"F65-79":16.2654148319865,"F80+":1.02537456467961,"H0-2":81.4363443895401,"H3-5":92.2528710316039,"H6-10":142.537798073143,"H11-17":175.026249324719,"H18-24":109.849245184916,"H25-39":201.662490801039,"H40-54":102.247672958706,"H55-64":33.7839796046838,"H65-79":19.394127025703},"Analyse":{"Votes décisifs":232,"tour décisif":1,"majeurs":926.2061926167261,"Non votants de 18-24":52.21860519548134}}