{"id":9907,"slug":"ZC-362-papaichton","nom_standard":"Papaichton","code_postal":"ZC","code_departement":"ZC","libelle_departement":"Guyane","code_commune":"362","Tour 1":{"Inscrits":1110,"Abstentions":222,"% Abs/Ins":20,"Votants":888,"% Vot/Ins":80,"Blancs":3,"% Blancs/Ins":0.27,"% Blancs/Vot":0.34,"Nuls":5,"% Nuls/Ins":0.45,"% Nuls/Vot":0.56,"Exprimés":880,"% Exp/Ins":79.28,"% Exp/Vot":99.1,"resultats":[{"N.Pan.":null,"Code Nuance":"LDIV","Sexe":"M","Nom":"DEIE","Prénom":"Jules","Liste":"PAPAICHTON UNIS","Sièges / Elu":"0","Sièges Secteur":0,"Sièges CC":0,"Voix":365,"% Voix/Ins":32.88,"% Voix/Exp":41.48},{"N.Pan.":2,"Code Nuance":"LDIV","Sexe":"M","Nom":"FOSSE","Prénom":"Gilbert","Liste":"AGIR POUR PAPAÏCHTON","Sièges / Elu":"0","Sièges Secteur":0,"Sièges CC":0,"Voix":39,"% Voix/Ins":3.51,"% Voix/Exp":4.43},{"N.Pan.":3,"Code Nuance":"LDIV","Sexe":"M","Nom":"DJANI","Prénom":"Claude","Liste":"ENERGIE NOUVELLE","Sièges / Elu":0,"Sièges CC":0,"Voix":146,"% Voix/Ins":13.15,"% Voix/Exp":16.59},{"N.Pan.":4,"Code Nuance":"LDIV","Sexe":"M","Nom":"LOBI","Prénom":"Richard","Liste":"MAKANDI DENKI","Sièges / Elu":0,"Sièges CC":0,"Voix":330,"% Voix/Ins":29.73,"% Voix/Exp":37.5}]},"population":{"F0-2":140.463523137326,"F3-5":173.001129893553,"F6-10":258.129914648573,"F11-17":311.349652571867,"F18-24":230.116337979851,"F25-39":625.541403073091,"F40-54":332.036464376147,"F55-64":76.0127758742972,"F65-79":49.3298498606631,"F80+":13.3103576985288,"H0-2":166.094807495642,"H3-5":130.131756562195,"H6-10":267.796933283886,"H11-17":293.519052951983,"H18-24":246.620690971713,"H25-39":1112.35337410369,"H40-54":1014.01529629882,"H55-64":188.495594452545,"H65-79":46.4536764499602,"H80+":9.22740831566997},"Analyse":{"Votes décisifs":0,"tour décisif":1,"majeurs":3943.513229454976,"Non votants de 18-24":369.38542212875694}}