{"id":9836,"slug":"ZA-111-deshaies","nom_standard":"Deshaies","code_postal":"ZA","code_departement":"ZA","libelle_departement":"Guadeloupe","code_commune":"111","Tour 1":{"Inscrits":3875,"Abstentions":1511,"% Abs/Ins":38.99,"Votants":2364,"% Vot/Ins":61.01,"Blancs":38,"% Blancs/Ins":0.98,"% Blancs/Vot":1.61,"Nuls":51,"% Nuls/Ins":1.32,"% Nuls/Vot":2.16,"Exprimés":2275,"% Exp/Ins":58.71,"% Exp/Vot":96.24,"resultats":[{"N.Pan.":null,"Code Nuance":"LDVG","Sexe":"F","Nom":"MARC NÉE MATHIASIN","Prénom":"Jeanny","Liste":"DESHAIES RASSEMBLEE : LA FORCE D'UNE VILLE","Sièges / Elu":"0","Sièges Secteur":0,"Sièges CC":0,"Voix":1128,"% Voix/Ins":29.11,"% Voix/Exp":49.58},{"N.Pan.":2,"Code Nuance":"LDVG","Sexe":"M","Nom":"VALLUET","Prénom":"Engebert","Liste":"DESHAIES AVENIR","Sièges / Elu":"0","Sièges Secteur":0,"Sièges CC":0,"Voix":491,"% Voix/Ins":12.67,"% Voix/Exp":21.58},{"N.Pan.":3,"Code Nuance":"LDVG","Sexe":"M","Nom":"GOUBIN","Prénom":"Fred","Liste":"UNION POUR LE RENOUVEAU DE DESHAIES","Sièges / Elu":0,"Sièges CC":0,"Voix":656,"% Voix/Ins":16.93,"% Voix/Exp":28.84}]},"Tour 2":{"Inscrits":3881,"Abstentions":1371,"% Abs/Ins":35.33,"Votants":2510,"% Vot/Ins":64.67,"Blancs":47,"% Blancs/Ins":1.21,"% Blancs/Vot":1.87,"Nuls":68,"% Nuls/Ins":1.75,"% Nuls/Vot":2.71,"Exprimés":2395,"% Exp/Ins":61.71,"% Exp/Vot":95.42,"resultats":[{"N.Pan.":1,"Code Nuance":"LDVG","Sexe":"F","Nom":"MARC NÉE MATHIASIN","Prénom":"Jeanny","Liste":"DESHAIES RASSEMBLEE : LA FORCE D'UNE VILLE","Sièges / Elu":22,"Sièges Secteur":0,"Sièges CC":2,"Voix":1395,"% Voix/Ins":35.94,"% Voix/Exp":58.25},{"N.Pan.":3,"Code Nuance":"LDVG","Sexe":"M","Nom":"GOUBIN","Prénom":"Fred","Liste":"UNION POUR LE RENOUVEAU DE DESHAIES","Sièges / Elu":5,"Sièges Secteur":0,"Sièges CC":0,"Voix":1000,"% Voix/Ins":25.77,"% Voix/Exp":41.75}]},"population":{"F0-2":28.3287802742106,"F3-5":55.0847591028008,"F6-10":83.3560912977823,"F11-17":182.151138075319,"F18-24":102.620858812038,"F25-39":232.998168586739,"F40-54":515.343825419461,"F55-64":319.10135222398,"F65-79":367.281622385518,"F80+":124.593998165146,"H0-2":21.7300041733508,"H3-5":42.6119256682823,"H6-10":103.70437544349,"H11-17":173.260176777032,"H18-24":151.552547194395,"H25-39":191.829359314636,"H40-54":479.160613217079,"H55-64":342.223447397497,"H65-79":352.081174830017,"H80+":93.9857816412256},"Analyse":{"Votes décisifs":395,"tour décisif":2,"majeurs":3272.7727491877313,"Non votants de 18-24":59.239233068673805}}