{"id":9842,"slug":"ZA-117-le-moule","nom_standard":"Le Moule","code_postal":"ZA","code_departement":"ZA","libelle_departement":"Guadeloupe","code_commune":"117","Tour 1":{"Inscrits":18032,"Abstentions":8704,"% Abs/Ins":48.27,"Votants":9328,"% Vot/Ins":51.73,"Blancs":102,"% Blancs/Ins":0.57,"% Blancs/Vot":1.09,"Nuls":298,"% Nuls/Ins":1.65,"% Nuls/Vot":3.19,"Exprimés":8928,"% Exp/Ins":49.51,"% Exp/Vot":95.71,"resultats":[{"N.Pan.":null,"Code Nuance":"LDVG","Sexe":"F","Nom":"LOUIS-CARABIN","Prénom":"Gabrielle","Liste":"CONTINUONS A REUSSIR","Sièges / Elu":"29","Sièges Secteur":0,"Sièges CC":13,"Voix":5734,"% Voix/Ins":31.8,"% Voix/Exp":64.22},{"N.Pan.":2,"Code Nuance":"LDVG","Sexe":"F","Nom":"BENIN","Prénom":"Justine","Liste":"ENSEMBLE Disons Oui au changement","Sièges / Elu":"6","Sièges Secteur":0,"Sièges CC":3,"Voix":3194,"% Voix/Ins":17.71,"% Voix/Exp":35.78}]},"population":{"F0-2":323.986043056394,"F3-5":388.159346818686,"F6-10":684.960197916955,"F11-17":1029.4283697536,"F18-24":660.315261076652,"F25-39":1691.42486019583,"F40-54":2714.17779954193,"F55-64":1733.84016860614,"F65-79":1933.52013400928,"F80+":690.364122267088,"H0-2":321.094160282437,"H3-5":367.513820450033,"H6-10":647.887800744263,"H11-17":1147.04870140218,"H18-24":755.819910783781,"H25-39":1340.76138187364,"H40-54":2193.6454964491,"H55-64":1637.65272573361,"H65-79":1489.90371698078,"H80+":478.495982057609},"Analyse":{"Votes décisifs":2541,"tour décisif":1,"majeurs":17319.92155957544,"Non votants de 18-24":653.446447337253}}