{"id":9886,"slug":"ZB-231-les-trois-ilets","nom_standard":"Les Trois-Ilets","code_postal":"ZB","code_departement":"ZB","libelle_departement":"Martinique","code_commune":"231","Tour 1":{"Inscrits":5930,"Abstentions":3473,"% Abs/Ins":58.57,"Votants":2457,"% Vot/Ins":41.43,"Blancs":32,"% Blancs/Ins":0.54,"% Blancs/Vot":1.3,"Nuls":52,"% Nuls/Ins":0.88,"% Nuls/Vot":2.12,"Exprimés":2373,"% Exp/Ins":40.02,"% Exp/Vot":96.58,"resultats":[{"N.Pan.":null,"Code Nuance":"LDVG","Sexe":"M","Nom":"RENE-CORAIL","Prénom":"Arnaud","Liste":"TROIS-ILETS NOUVELLE DYNAMIQUE","Sièges / Elu":"25","Sièges Secteur":0,"Sièges CC":3,"Voix":1703,"% Voix/Ins":28.72,"% Voix/Exp":71.77},{"N.Pan.":2,"Code Nuance":"LDVG","Sexe":"M","Nom":"SAINTE-ROSE","Prénom":"Serge","Liste":"RDI ENSEMBLE CONSTRUISONS L'AVENIR","Sièges / Elu":"4","Sièges Secteur":0,"Sièges CC":0,"Voix":670,"% Voix/Ins":11.3,"% Voix/Exp":28.23}]},"population":{"F0-2":126.380412824848,"F3-5":92.9915254934638,"F6-10":232.338760930372,"F11-17":336.808302427295,"F18-24":209.60326987594,"F25-39":629.060373342531,"F40-54":992.292504319723,"F55-64":594.941590121865,"F65-79":483.542054393145,"F80+":156.770421324998,"H0-2":98.7341601510374,"H3-5":108.3770212178,"H6-10":225.283875681545,"H11-17":348.15238217139,"H18-24":192.84842045557,"H25-39":470.482150956042,"H40-54":874.783110418912,"H55-64":483.145618899973,"H65-79":424.397607207239,"H80+":113.06643778631},"Analyse":{"Votes décisifs":1034,"tour décisif":1,"majeurs":5624.933559102248,"Non votants de 18-24":226.65871557816223}}