{"id":9900,"slug":"ZC-312-sinnamary","nom_standard":"Sinnamary","code_postal":"ZC","code_departement":"ZC","libelle_departement":"Guyane","code_commune":"312","Tour 1":{"Inscrits":1744,"Abstentions":550,"% Abs/Ins":31.54,"Votants":1194,"% Vot/Ins":68.46,"Blancs":9,"% Blancs/Ins":0.52,"% Blancs/Vot":0.75,"Nuls":22,"% Nuls/Ins":1.26,"% Nuls/Vot":1.84,"Exprimés":1163,"% Exp/Ins":66.69,"% Exp/Vot":97.4,"resultats":[{"N.Pan.":null,"Code Nuance":"LNC","Sexe":"M","Nom":"MADELEINE","Prénom":"Jean-Claude","Liste":"\"VIVRE SINNAMARY ENSEMBLE\"","Sièges / Elu":"4","Sièges Secteur":0,"Sièges CC":2,"Voix":396,"% Voix/Ins":22.71,"% Voix/Exp":34.05},{"N.Pan.":2,"Code Nuance":"LNC","Sexe":"M","Nom":"JEREMIE","Prénom":"Michel-Ange","Liste":"kontre pou nou lévé Sinnamary","Sièges / Elu":"18","Sièges Secteur":0,"Sièges CC":9,"Voix":654,"% Voix/Ins":37.5,"% Voix/Exp":56.23},{"N.Pan.":3,"Code Nuance":"LNC","Sexe":"M","Nom":"ANDRE","Prénom":"Andrey","Liste":"CHANGER SINNAMARY ENSEMBLE AVEC NOS DIFFERENCES","Sièges / Elu":1,"Sièges CC":0,"Voix":113,"% Voix/Ins":6.48,"% Voix/Exp":9.72}]},"population":{"F0-2":91.2039258153808,"F3-5":86.6240568598691,"F6-10":152.412649171187,"F11-17":251.79950378799,"F18-24":91.5406025654775,"F25-39":240.957755630079,"F40-54":299.509200199099,"F55-64":121.87590983101,"F65-79":105.288378403122,"F80+":30.7736011838664,"H0-2":64.310074894555,"H3-5":72.3080615512077,"H6-10":137.607448850835,"H11-17":233.501437286818,"H18-24":118.395827854339,"H25-39":218.599910777789,"H40-54":257.226699957287,"H55-64":162.774601208615,"H65-79":92.6723278128714,"H80+":25.6180263586007},"Analyse":{"Votes décisifs":146,"tour décisif":1,"majeurs":1765.2328417821557,"Non votants de 18-24":67.93584444148532}}