{"id":9919,"slug":"ZD-412-saint-joseph","nom_standard":"Saint-Joseph","code_postal":"ZD","code_departement":"ZD","libelle_departement":"La Réunion","code_commune":"412","Tour 1":{"Inscrits":30718,"Abstentions":12353,"% Abs/Ins":40.21,"Votants":18365,"% Vot/Ins":59.79,"Blancs":251,"% Blancs/Ins":0.82,"% Blancs/Vot":1.37,"Nuls":470,"% Nuls/Ins":1.53,"% Nuls/Vot":2.56,"Exprimés":17644,"% Exp/Ins":57.44,"% Exp/Vot":96.07,"resultats":[{"N.Pan.":null,"Code Nuance":"LDVD","Sexe":"M","Nom":"GUEZELLO","Prénom":"Alin","Liste":"SAINT-JOSEPH NOTRE FIERTE","Sièges / Elu":"2","Sièges Secteur":0,"Sièges CC":1,"Voix":2551,"% Voix/Ins":8.3,"% Voix/Exp":14.46},{"N.Pan.":2,"Code Nuance":"LDIV","Sexe":"M","Nom":"LEBON","Prénom":"Louis Jeannot","Liste":"ENSEMBLE, AGISSONS POUR DEMAIN","Sièges / Elu":"4","Sièges Secteur":0,"Sièges CC":2,"Voix":3541,"% Voix/Ins":11.53,"% Voix/Exp":20.07},{"N.Pan.":3,"Code Nuance":"LDVG","Sexe":"M","Nom":"LEBRETON","Prénom":"Patrick","Liste":"SAINT-JOSEPH UNI","Sièges / Elu":33,"Sièges CC":16,"Voix":11552,"% Voix/Ins":37.61,"% Voix/Exp":65.47}]},"population":{"F0-2":742.122643676761,"F3-5":876.076021290464,"F6-10":1497.18011926788,"F11-17":2099.96021648667,"F18-24":1326.58944493737,"F25-39":3450.63774257532,"F40-54":4285.27224132319,"F55-64":2471.15229218555,"F65-79":2209.9855302857,"F80+":836.765477082784,"H0-2":651.372344901258,"H3-5":846.883414095848,"H6-10":1376.33347889094,"H11-17":2204.06472447336,"H18-24":1530.58014395653,"H25-39":2976.10762223351,"H40-54":4044.93701429786,"H55-64":2462.4420240126,"H65-79":2027.52586755975,"H80+":549.011636466661},"Analyse":{"Votes décisifs":5461,"tour décisif":1,"majeurs":28171.007036916824,"Non votants de 18-24":994.5482267510982}}